# Si_RTS_AI observability log — scene=Citadel startedAt=2026-07-03 22:19:32
# categories: [AI] commander Think summary, [ORDER] unit order (attack/move/stop), [SPAWN_S] structure, [SPAWN_U] unit, [PILOT] player controlled-unit change, [TEAM] player team change
# Phase 2 additions: AIConstructionHandler + AIUnitHandler observability rolled into the round-summary block at the end of this file.
[SPAWN_S] team=Team_Human_Sol structure=Headquarters at=(1125,870)
[SPAWN_S] team=Team_Human_Centauri structure=Headquarters at=(-1125,870)
[SPAWN_S] team=Team_Alien structure=Nest at=(-45,-735)
[SPAWN_U] team=Team_Alien unit=Crab
[SPAWN_U] team=Team_Alien unit=Queen
[TEAM] player=RTSA_HeadlessBot Team? -> Team_Human_Sol
[H1] team=Team_Human_Centauri fire=Refinery atBalterium=(-1242,1034) refCount=1
[H1] team=Team_Human_Centauri fire=Refinery atBalterium=(-930,709) refCount=2
[H1] team=Team_Human_Centauri fire=Refinery atBalterium=(-696,1235) refCount=3
[H2] team=Team_Human_Centauri fire=Headquarters argmaxCell=(24,58) val=30 atWorld=(-520,840) hqCount=2
[AI] [Team_Human_Centauri] tick=1 reqs=4 type={Construct:4} task={} prio(min/avg/max)=10/77.5/100 groups=0
[H1] team=Team_Human_Sol fire=Refinery atBalterium=(1294,1066) refCount=1
[H1] team=Team_Human_Sol fire=Refinery atBalterium=(715,897) refCount=2
[AI] [Team_Human_Sol] tick=1 reqs=4 type={Construct:4} task={} prio(min/avg/max)=10/77.5/100 groups=0
[ORDER] commander=ai team=Team_Alien unit=Crab kind=move dst=(171,30,-309)
[P32] team=Team_Alien fire=BC patchAt=(-119,-899) minDistToOwned=180m bcAttempts=1
[P32] team=Team_Alien fire=BC patchAt=(75,-922) minDistToOwned=222m bcAttempts=2
[AI] [Team_Alien] tick=1 reqs=3 type={Construct:3} task={} prio(min/avg/max)=10/70.0/100 groups=0
[P32] team=Team_Alien fire=Cyst phase=eager-at-BC atBcAt=(-115,-900)
[AI] [Team_Human_Centauri] tick=2 reqs=4 type={Construct:4} task={} prio(min/avg/max)=10/77.5/100 groups=0
[P32] team=Team_Alien fire=Cyst phase=eager-at-BC atBcAt=(45,-890)
[H1] team=Team_Human_Centauri constructed=Refinery atBalterium=(-696,1235) landedAt=(-810,1110) yaw=90 result=Success
[AI] [Team_Human_Sol] tick=2 reqs=4 type={Construct:4} task={} prio(min/avg/max)=10/77.5/100 groups=0
[H1] team=Team_Human_Centauri constructed=Refinery atBalterium=(-1242,1034) landedAt=(-1365,915) yaw=180 result=Success
[P32] team=Team_Alien constructed=Cyst atBcAt=(-115,-900) landedAt=(-80,-865) result=UnmetPrerequisite
[AI] [Team_Alien] tick=2 reqs=3 type={Construct:3} task={} prio(min/avg/max)=10/70.0/100 groups=0
[H1] team=Team_Human_Centauri constructed=Refinery atBalterium=(-930,709) landedAt=(-1065,570) yaw=180 result=Success
[H3] team=Team_Human_Centauri fire=Barracks nearHq=(-1125,870)
[H3] team=Team_Human_Centauri fire=Research Facility nearHq=(-1125,870)
[AI] [Team_Human_Centauri] tick=3 reqs=2 type={Construct:2} task={} prio(min/avg/max)=10/55.0/100 groups=0
[P32] team=Team_Alien constructed=Cyst atBcAt=(45,-890) landedAt=(10,-855) result=UnmetPrerequisite
[H1] team=Team_Human_Sol fire=Refinery atBalterium=(1294,1066) refCount=1
[H1] team=Team_Human_Sol fire=Refinery atBalterium=(715,897) refCount=2
[AI] [Team_Human_Sol] tick=3 reqs=4 type={Construct:4} task={} prio(min/avg/max)=10/77.5/100 groups=0
[AI] [Team_Alien] tick=3 reqs=3 type={Construct:3} task={} prio(min/avg/max)=10/70.0/100 groups=0
[AI] [Team_Human_Centauri] tick=4 reqs=2 type={Construct:2} task={} prio(min/avg/max)=10/55.0/100 groups=0
[AI] [Team_Human_Sol] tick=4 reqs=4 type={Construct:4} task={} prio(min/avg/max)=10/77.5/100 groups=0
[AI] [Team_Alien] tick=4 reqs=3 type={Construct:3} task={} prio(min/avg/max)=10/70.0/100 groups=0
[AI] [Team_Human_Centauri] tick=5 reqs=2 type={Construct:2} task={} prio(min/avg/max)=10/55.0/100 groups=0
[H1] team=Team_Human_Sol fire=Refinery atBalterium=(1294,1066) refCount=1
[H1] team=Team_Human_Sol fire=Refinery atBalterium=(715,897) refCount=2
[AI] [Team_Human_Sol] tick=5 reqs=4 type={Construct:4} task={} prio(min/avg/max)=10/77.5/100 groups=0
[AI] [Team_Alien] tick=5 reqs=3 type={Construct:3} task={} prio(min/avg/max)=10/70.0/100 groups=0
[SPAWN_U] team=Team_Human_Sol unit=Light Quad
[SPAWN_U] team=Team_Human_Sol unit=Light Quad
[SPAWN_U] team=Team_Human_Sol unit=Scout
[SPAWN_U] team=Team_Human_Sol unit=Scout
[SPAWN_U] team=Team_Human_Sol unit=Scout
[SPAWN_U] team=Team_Human_Sol unit=Scout
[SPAWN_U] team=Team_Human_Sol unit=Scout
[SPAWN_U] team=Team_Human_Sol unit=Scout
[SPAWN_U] team=Team_Human_Sol unit=Rifleman
[SPAWN_U] team=Team_Human_Sol unit=Rifleman
[SPAWN_U] team=Team_Human_Sol unit=Rifleman
[SPAWN_U] team=Team_Human_Sol unit=Heavy Quad
[SPAWN_U] team=Team_Human_Centauri unit=Light Raider
[SPAWN_U] team=Team_Human_Centauri unit=Light Raider
[SPAWN_U] team=Team_Human_Centauri unit=Militia
[SPAWN_U] team=Team_Human_Centauri unit=Militia
[SPAWN_U] team=Team_Human_Centauri unit=Militia
[SPAWN_U] team=Team_Human_Centauri unit=Militia
[SPAWN_U] team=Team_Human_Centauri unit=Militia
[SPAWN_U] team=Team_Human_Centauri unit=Militia
[SPAWN_U] team=Team_Human_Centauri unit=Trooper
[SPAWN_U] team=Team_Human_Centauri unit=Trooper
[SPAWN_U] team=Team_Human_Centauri unit=Trooper
[SPAWN_U] team=Team_Human_Centauri unit=Heavy Raider
[SPAWN_U] team=Team_Alien unit=Hunter
[SPAWN_U] team=Team_Alien unit=Horned Crab
[SPAWN_U] team=Team_Alien unit=Horned Crab
[SPAWN_U] team=Team_Alien unit=Shocker
[SPAWN_U] team=Team_Alien unit=Shocker
[SPAWN_U] team=Team_Alien unit=Shocker
[SPAWN_U] team=Team_Alien unit=Shocker
[SPAWN_U] team=Team_Alien unit=Crab
[SPAWN_U] team=Team_Alien unit=Crab
[SPAWN_U] team=Team_Alien unit=Crab
[SPAWN_U] team=Team_Alien unit=Crab
[SPAWN_U] team=Team_Alien unit=Crab
[SPAWN_U] team=Team_Alien unit=Crab
[SPAWN_U] team=Team_Alien unit=Shrimp
[SPAWN_U] team=Team_Alien unit=Shrimp
[SPAWN_U] team=Team_Alien unit=Shrimp
[ORDER] commander=ai team=Team_Human_Centauri unit=Militia kind=move dst=(-355,23,27)
[ORDER] commander=ai team=Team_Human_Centauri unit=Militia kind=move dst=(-355,23,27)
[ORDER] commander=ai team=Team_Human_Centauri unit=Militia kind=move dst=(-355,23,27)
[ORDER] commander=ai team=Team_Human_Centauri unit=Trooper kind=move dst=(-355,23,27)
[ORDER] commander=ai team=Team_Human_Centauri unit=Trooper kind=move dst=(-317,99,60)
[ORDER] commander=ai team=Team_Human_Centauri unit=Militia kind=move dst=(-1148,29,-337)
[ORDER] commander=ai team=Team_Human_Centauri unit=Militia kind=move dst=(-1148,29,-337)
[ORDER] commander=ai team=Team_Human_Centauri unit=Militia kind=move dst=(-1148,29,-337)
[ORDER] commander=ai team=Team_Human_Centauri unit=Trooper kind=move dst=(-1148,29,-337)
[ORDER] commander=ai team=Team_Human_Centauri unit=Light Raider kind=attack tgt=SpecialContainer_Long_01_Small(Clone) (Target)
[ORDER] commander=ai team=Team_Human_Centauri unit=Light Raider kind=attack tgt=SpecialContainer_Long_01_Small(Clone) (Target)
[ORDER] commander=ai team=Team_Human_Centauri unit=Heavy Raider kind=attack tgt=SpecialContainer_Long_01_Small(Clone) (Target)
[AI] [Team_Human_Centauri] tick=6 reqs=2 type={Construct:2} task={} prio(min/avg/max)=10/55.0/100 groups=0
[ORDER] commander=ai team=Team_Human_Centauri unit=Light Raider kind=move dst=(-1142,29,806)
[ORDER] commander=ai team=Team_Human_Centauri unit=Light Raider kind=move dst=(-1142,29,806)
[ORDER] commander=ai team=Team_Human_Sol unit=Scout kind=move dst=(1198,47,48)
[ORDER] commander=ai team=Team_Human_Sol unit=Scout kind=move dst=(1198,47,48)
[ORDER] commander=ai team=Team_Human_Sol unit=Scout kind=move dst=(1198,47,48)
[ORDER] commander=ai team=Team_Human_Sol unit=Rifleman kind=move dst=(1198,47,48)
[ORDER] commander=ai team=Team_Human_Sol unit=Light Quad kind=move dst=(489,29,137)
[ORDER] commander=ai team=Team_Human_Sol unit=Light Quad kind=move dst=(489,29,137)
[ORDER] commander=ai team=Team_Human_Sol unit=Heavy Quad kind=move dst=(489,29,137)
[ORDER] commander=ai team=Team_Human_Sol unit=Scout kind=move dst=(873,35,-299)
[ORDER] commander=ai team=Team_Human_Sol unit=Scout kind=move dst=(873,35,-299)
[ORDER] commander=ai team=Team_Human_Sol unit=Scout kind=move dst=(873,35,-299)
[ORDER] commander=ai team=Team_Human_Sol unit=Rifleman kind=move dst=(873,35,-299)
[ORDER] commander=ai team=Team_Human_Sol unit=Rifleman kind=move dst=(910,36,85)
[AI] [Team_Human_Sol] tick=6 reqs=4 type={Construct:4} task={} prio(min/avg/max)=10/77.5/100 groups=0
[ORDER] commander=ai team=Team_Alien unit=Shrimp kind=move dst=(-119,60,-899)
[ORDER] commander=ai team=Team_Alien unit=Shrimp kind=move dst=(-119,60,-899)
[ORDER] commander=ai team=Team_Alien unit=Shrimp kind=move dst=(-119,60,-899)
[ORDER] commander=ai team=Team_Alien unit=Crab kind=move dst=(-681,70,-540)
[ORDER] commander=ai team=Team_Alien unit=Hunter kind=move dst=(-728,117,-610)
[ORDER] commander=ai team=Team_Alien unit=Crab kind=move dst=(-214,109,-600)
[ORDER] commander=ai team=Team_Alien unit=Crab kind=move dst=(-214,109,-600)
[ORDER] commander=ai team=Team_Alien unit=Crab kind=move dst=(-214,109,-600)
[ORDER] commander=ai team=Team_Alien unit=Crab kind=move dst=(-214,109,-600)
[ORDER] commander=ai team=Team_Alien unit=Shocker kind=move dst=(109,112,-536)
[ORDER] commander=ai team=Team_Alien unit=Shocker kind=move dst=(109,112,-536)
[ORDER] commander=ai team=Team_Alien unit=Shocker kind=move dst=(109,112,-536)
[ORDER] commander=ai team=Team_Alien unit=Crab kind=move dst=(109,112,-536)
[AI] [Team_Alien] tick=6 reqs=3 type={Construct:3} task={} prio(min/avg/max)=10/70.0/100 groups=0
[ORDER] commander=ai team=Team_Alien unit=Horned Crab kind=move dst=(171,30,-309)
[ORDER] commander=ai team=Team_Alien unit=Horned Crab kind=move dst=(171,30,-309)
[ORDER] commander=ai team=Team_Alien unit=Shocker kind=move dst=(171,30,-309)
[ORDER] commander=ai team=Team_Human_Centauri unit=Heavy Raider kind=stop
[ORDER] commander=ai team=Team_Human_Centauri unit=Heavy Raider kind=move dst=(-1277,20,310)
[AI] [Team_Human_Centauri] tick=7 reqs=2 type={Construct:2} task={} prio(min/avg/max)=10/55.0/100 groups=0
[SPAWN_U] team=Team_Alien unit=Hunter
[SPAWN_U] team=Team_Alien unit=Hunter
[SPAWN_U] team=Team_Alien unit=Hunter
[SPAWN_U] team=Team_Alien unit=Squid
[SPAWN_U] team=Team_Alien unit=Squid
[SPAWN_U] team=Team_Alien unit=Shocker
[SPAWN_U] team=Team_Alien unit=Shocker
[SPAWN_U] team=Team_Alien unit=Shocker
[SPAWN_U] team=Team_Alien unit=Shocker
[SPAWN_U] team=Team_Alien unit=Wasp
[SPAWN_U] team=Team_Human_Centauri unit=Squad Transport
[SPAWN_U] team=Team_Human_Centauri unit=Squad Transport
[SPAWN_U] team=Team_Human_Centauri unit=Assault Car
[SPAWN_U] team=Team_Human_Centauri unit=Assault Car
[SPAWN_U] team=Team_Human_Centauri unit=Heavy Raider
[SPAWN_U] team=Team_Human_Centauri unit=Heavy Raider
[SPAWN_U] team=Team_Human_Sol unit=Platoon Hauler
[SPAWN_U] team=Team_Human_Sol unit=Platoon Hauler
[SPAWN_U] team=Team_Human_Sol unit=Light Striker
[SPAWN_U] team=Team_Human_Sol unit=Light Striker
[SPAWN_U] team=Team_Human_Sol unit=Heavy Quad
[SPAWN_U] team=Team_Human_Sol unit=Heavy Quad
[SPAWN_U] team=Team_Human_Sol unit=Platoon Hauler
[SPAWN_U] team=Team_Human_Sol unit=Platoon Hauler
[SPAWN_U] team=Team_Human_Sol unit=Platoon Hauler
[SPAWN_U] team=Team_Human_Centauri unit=Light Raider
[SPAWN_U] team=Team_Human_Centauri unit=Light Raider
[SPAWN_U] team=Team_Human_Sol unit=Heavy Quad
[SPAWN_U] team=Team_Human_Sol unit=Light Striker
[SPAWN_U] team=Team_Human_Sol unit=Light Striker
[SPAWN_U] team=Team_Human_Centauri unit=Squad Transport
[SPAWN_U] team=Team_Human_Centauri unit=Squad Transport
[SPAWN_U] team=Team_Human_Centauri unit=Squad Transport
[SPAWN_U] team=Team_Human_Centauri unit=Light Raider
[SPAWN_U] team=Team_Human_Centauri unit=Light Raider
[SPAWN_U] team=Team_Human_Centauri unit=Heavy Raider
[SPAWN_U] team=Team_Human_Centauri unit=Assault Car
[SPAWN_U] team=Team_Human_Centauri unit=Assault Car
[SPAWN_U] team=Team_Alien unit=Hunter
[SPAWN_U] team=Team_Alien unit=Hunter
[SPAWN_U] team=Team_Alien unit=Shocker
[SPAWN_U] team=Team_Alien unit=Shocker
[SPAWN_U] team=Team_Alien unit=Shocker
[SPAWN_U] team=Team_Alien unit=Squid
[SPAWN_U] team=Team_Alien unit=Squid
[SPAWN_U] team=Team_Alien unit=Squid
[SPAWN_U] team=Team_Alien unit=Squid
[SPAWN_U] team=Team_Alien unit=Squid
[SPAWN_U] team=Team_Alien unit=Shrimp
[SPAWN_U] team=Team_Alien unit=Shrimp
[SPAWN_U] team=Team_Alien unit=Shrimp
[SPAWN_U] team=Team_Alien unit=Shrimp
[SPAWN_U] team=Team_Alien unit=Shrimp
[SPAWN_U] team=Team_Alien unit=Shrimp
[ORDER] commander=ai team=Team_Human_Sol unit=Platoon Hauler kind=move dst=(254,35,1138)
[ORDER] commander=ai team=Team_Human_Sol unit=Platoon Hauler kind=move dst=(260,23,325)
[ORDER] commander=ai team=Team_Human_Sol unit=Platoon Hauler kind=attack tgt=SpecialContainer_Long_01_Small(Clone) (Target)
[ORDER] commander=ai team=Team_Human_Sol unit=Platoon Hauler kind=attack tgt=SpecialContainer_Long_01_Large(Clone) (Target)
[ORDER] commander=ai team=Team_Human_Sol unit=Heavy Quad kind=attack tgt=SpecialContainer_Long_01_Small(Clone) (Target)
[ORDER] commander=ai team=Team_Human_Sol unit=Light Raider kind=attack tgt=SpecialContainer_Long_01_Small(Clone) (Target)
[ORDER] commander=ai team=Team_Human_Sol unit=Light Raider kind=attack tgt=SpecialContainer_Long_01_Small(Clone) (Target)
[ORDER] commander=ai team=Team_Human_Sol unit=Light Striker kind=attack tgt=SpecialContainer_Long_01_Large(Clone) (Target)
[ORDER] commander=ai team=Team_Human_Sol unit=Light Striker kind=attack tgt=SpecialContainer_Long_01_Large(Clone) (Target)
[ORDER] commander=ai team=Team_Human_Sol unit=Heavy Quad kind=attack tgt=SpecialContainer_Long_01_Large(Clone) (Target)
[H1] team=Team_Human_Sol fire=Refinery atBalterium=(1294,1066) refCount=1
[H1] team=Team_Human_Sol fire=Refinery atBalterium=(715,897) refCount=2
[AI] [Team_Human_Sol] tick=7 reqs=4 type={Construct:4} task={} prio(min/avg/max)=10/77.5/100 groups=0
[ORDER] commander=ai team=Team_Human_Sol unit=Light Raider kind=move dst=(1229,28,810)
[ORDER] commander=ai team=Team_Human_Sol unit=Light Raider kind=move dst=(1229,28,810)
[ORDER] commander=ai team=Team_Human_Sol unit=Light Striker kind=stop
[ORDER] commander=ai team=Team_Human_Sol unit=Light Striker kind=move dst=(1021,26,930)
[ORDER] commander=ai team=Team_Human_Sol unit=Heavy Quad kind=move dst=(1021,26,930)
[ORDER] commander=ai team=Team_Alien unit=Shrimp kind=move dst=(75,134,-922)
[ORDER] commander=ai team=Team_Alien unit=Shrimp kind=move dst=(75,134,-922)
[ORDER] commander=ai team=Team_Alien unit=Shrimp kind=move dst=(75,134,-922)
[ORDER] commander=ai team=Team_Alien unit=Shrimp kind=move dst=(75,134,-922)
[ORDER] commander=ai team=Team_Alien unit=Shrimp kind=move dst=(97,100,-379)
[ORDER] commander=ai team=Team_Alien unit=Hunter kind=attack tgt=SpecialContainer_Short_01_Small(Clone) (Target)
[ORDER] commander=ai team=Team_Alien unit=Hunter kind=attack tgt=SpecialContainer_Short_01_Small(Clone) (Target)
[ORDER] commander=ai team=Team_Alien unit=Hunter kind=move dst=(242,125,-673)
[P32] team=Team_Alien fire=Node towardPatchAt=(97,-379) distToOwned=383m nodesOwned=1 anchorAt=(-45,-735)
[AI] [Team_Alien] tick=7 reqs=3 type={Construct:3} task={} prio(min/avg/max)=10/70.0/100 groups=0
[ORDER] commander=ai team=Team_Alien unit=Shocker kind=move dst=(-681,70,-540)
[ORDER] commander=ai team=Team_Alien unit=Shocker kind=move dst=(-681,70,-540)
[ORDER] commander=ai team=Team_Alien unit=Shocker kind=move dst=(-681,70,-540)
[ORDER] commander=ai team=Team_Human_Sol unit=Platoon Hauler kind=move dst=(1190,36,689)
[ORDER] commander=ai team=Team_Alien unit=Hunter kind=move dst=(-114,82,-537)
[ORDER] commander=ai team=Team_Alien unit=Hunter kind=move dst=(-114,82,-537)
[ORDER] commander=ai team=Team_Human_Sol unit=Heavy Quad kind=move dst=(1245,28,870)
[ORDER] commander=ai team=Team_Human_Sol unit=Light Striker kind=move dst=(1245,28,870)
[ORDER] commander=ai team=Team_Alien unit=Shocker kind=move dst=(-159,69,-698)
[ORDER] commander=ai team=Team_Alien unit=Shocker kind=move dst=(-159,69,-698)
[ORDER] commander=ai team=Team_Alien unit=Shocker kind=move dst=(-159,69,-698)
[ORDER] commander=ai team=Team_Alien unit=Hunter kind=move dst=(-728,117,-610)
[ORDER] commander=ai team=Team_Alien unit=Hunter kind=move dst=(-728,117,-610)
[ORDER] commander=ai team=Team_Alien unit=Squid kind=move dst=(-116,81,-638)
[ORDER] commander=ai team=Team_Alien unit=Squid kind=move dst=(-116,81,-638)
[ORDER] commander=ai team=Team_Alien unit=Squid kind=move dst=(-116,81,-638)
[ORDER] commander=ai team=Team_Human_Sol unit=Heavy Quad kind=stop
[ORDER] commander=ai team=Team_Alien unit=Shocker kind=move dst=(-159,69,-698)
[ORDER] commander=ai team=Team_Human_Centauri unit=Light Raider kind=move dst=(-1277,20,310)
[ORDER] commander=ai team=Team_Human_Centauri unit=Light Raider kind=move dst=(-1277,20,310)
[ORDER] commander=ai team=Team_Alien unit=Hunter kind=move dst=(-728,117,-610)
[ORDER] commander=ai team=Team_Human_Centauri unit=Assault Car kind=attack tgt=SpecialContainer_Long_01_Large(Clone) (Target)
[ORDER] commander=ai team=Team_Human_Centauri unit=Assault Car kind=attack tgt=SpecialContainer_Long_01_Large(Clone) (Target)
[ORDER] commander=ai team=Team_Human_Centauri unit=Squad Transport kind=move dst=(-1222,27,-20)
[ORDER] commander=ai team=Team_Human_Centauri unit=Heavy Raider kind=move dst=(-228,31,1229)
[ORDER] commander=ai team=Team_Human_Centauri unit=Heavy Raider kind=move dst=(-228,31,1229)
[ORDER] commander=ai team=Team_Human_Centauri unit=Light Raider kind=move dst=(-228,31,1229)
[ORDER] commander=ai team=Team_Human_Centauri unit=Squad Transport kind=move dst=(-696,49,-403)
[AI] [Team_Human_Centauri] tick=8 reqs=2 type={Construct:2} task={} prio(min/avg/max)=10/55.0/100 groups=0
[ORDER] commander=ai team=Team_Human_Centauri unit=Light Raider kind=move dst=(-1005,31,870)
[ORDER] commander=ai team=Team_Human_Centauri unit=Heavy Raider kind=move dst=(-1005,31,870)
[ORDER] commander=ai team=Team_Alien unit=Shocker kind=move dst=(-159,69,-698)
[ORDER] commander=ai team=Team_Alien unit=Hunter kind=stop
[ORDER] commander=ai team=Team_Alien unit=Hunter kind=move dst=(-52,65,-731)
[ORDER] commander=ai team=Team_Alien unit=Hunter kind=move dst=(-52,65,-731)
[ORDER] commander=ai team=Team_Human_Sol unit=Platoon Hauler kind=move dst=(890,38,1006)
[ORDER] commander=ai team=Team_Human_Sol unit=Heavy Quad kind=move dst=(621,23,814)
[ORDER] commander=ai team=Team_Human_Sol unit=Light Striker kind=move dst=(621,23,814)
[ORDER] commander=ai team=Team_Human_Sol unit=Light Striker kind=move dst=(621,23,814)
[AI] [Team_Human_Sol] tick=8 reqs=4 type={Construct:4} task={} prio(min/avg/max)=10/77.5/100 groups=0
[ORDER] commander=ai team=Team_Human_Centauri unit=Heavy Raider kind=stop
[ORDER] commander=ai team=Team_Human_Centauri unit=Heavy Raider kind=move dst=(-1021,32,930)
[ORDER] commander=ai team=Team_Human_Centauri unit=Light Raider kind=move dst=(-1021,32,930)
[ORDER] commander=ai team=Team_Alien unit=Squid kind=move dst=(983,39,-973)
[ORDER] commander=ai team=Team_Alien unit=Squid kind=move dst=(983,39,-973)
[ORDER] commander=ai team=Team_Alien unit=Squid kind=move dst=(983,39,-973)
[ORDER] commander=ai team=Team_Alien unit=Squid kind=move dst=(983,39,-973)
[ORDER] commander=ai team=Team_Alien unit=Shocker kind=move dst=(-520,97,-1129)
[ORDER] commander=ai team=Team_Alien unit=Shocker kind=move dst=(-520,97,-1129)
[ORDER] commander=ai team=Team_Alien unit=Shocker kind=move dst=(-520,97,-1129)
[ORDER] commander=ai team=Team_Alien unit=Shocker kind=move dst=(-520,97,-1129)
[ORDER] commander=ai team=Team_Alien unit=Wasp kind=move dst=(144,130,-646)
[ORDER] commander=ai team=Team_Alien unit=Squid kind=move dst=(144,130,-646)
[ORDER] commander=ai team=Team_Alien unit=Squid kind=move dst=(144,130,-646)
[ORDER] commander=ai team=Team_Alien unit=Squid kind=move dst=(144,130,-646)
[AI] [Team_Alien] tick=8 reqs=3 type={Construct:3} task={} prio(min/avg/max)=10/70.0/100 groups=0
[ORDER] commander=ai team=Team_Human_Sol unit=Heavy Quad kind=move dst=(1245,28,870)
[ORDER] commander=ai team=Team_Human_Sol unit=Light Striker kind=stop
[ORDER] commander=ai team=Team_Human_Sol unit=Light Striker kind=move dst=(1245,28,870)
[ORDER] commander=ai team=Team_Alien unit=Shocker kind=stop
[ORDER] commander=ai team=Team_Alien unit=Shocker kind=move dst=(-160,69,-698)
[ORDER] commander=ai team=Team_Alien unit=Shocker kind=move dst=(-160,69,-698)
[ORDER] commander=ai team=Team_Alien unit=Shocker kind=move dst=(-160,69,-698)
[ORDER] commander=ai team=Team_Alien unit=Hunter kind=move dst=(-728,117,-610)
[ORDER] commander=ai team=Team_Alien unit=Hunter kind=move dst=(-728,117,-610)
[ORDER] commander=ai team=Team_Alien unit=Hunter kind=move dst=(-728,117,-610)
[ORDER] commander=ai team=Team_Alien unit=Wasp kind=stop
[ORDER] commander=ai team=Team_Alien unit=Squid kind=move dst=(-113,83,-639)
[ORDER] commander=ai team=Team_Alien unit=Squid kind=move dst=(-113,83,-639)
[ORDER] commander=ai team=Team_Alien unit=Squid kind=move dst=(-113,83,-639)
[ORDER] commander=ai team=Team_Alien unit=Shocker kind=move dst=(-161,69,-698)
[ORDER] commander=ai team=Team_Alien unit=Hunter kind=move dst=(-728,117,-610)
[ORDER] commander=ai team=Team_Alien unit=Squid kind=move dst=(-111,85,-641)
[ORDER] commander=ai team=Team_Alien unit=Squid kind=move dst=(-111,85,-641)
[ORDER] commander=ai team=Team_Alien unit=Squid kind=move dst=(-111,85,-641)
[ORDER] commander=ai team=Team_Alien unit=Crab kind=stop
[ORDER] commander=ai team=Team_Alien unit=Crab kind=move dst=(-36,60,-719)
[ORDER] commander=ai team=Team_Alien unit=Crab kind=move dst=(-36,60,-719)
[ORDER] commander=ai team=Team_Alien unit=Crab kind=move dst=(-36,60,-719)
[ORDER] commander=ai team=Team_Human_Centauri unit=Squad Transport kind=move dst=(-1272,28,431)
[ORDER] commander=ai team=Team_Human_Centauri unit=Light Raider kind=move dst=(-616,36,1099)
[ORDER] commander=ai team=Team_Human_Centauri unit=Heavy Raider kind=move dst=(-616,36,1099)
[ORDER] commander=ai team=Team_Human_Centauri unit=Assault Car kind=move dst=(-616,36,1099)
[ORDER] commander=ai team=Team_Human_Centauri unit=Squad Transport kind=move dst=(-1400,22,492)
[ORDER] commander=ai team=Team_Human_Centauri unit=Squad Transport kind=move dst=(-1400,21,1110)
[ORDER] commander=ai team=Team_Human_Centauri unit=Assault Car kind=move dst=(-1372,43,700)
[AI] [Team_Human_Centauri] tick=9 reqs=2 type={Construct:2} task={} prio(min/avg/max)=10/55.0/100 groups=0
[ORDER] commander=ai team=Team_Human_Centauri unit=Light Raider kind=move dst=(-1005,31,870)
[ORDER] commander=ai team=Team_Human_Centauri unit=Heavy Raider kind=move dst=(-1005,31,870)
[ORDER] commander=ai team=Team_Human_Centauri unit=Assault Car kind=stop
[ORDER] commander=ai team=Team_Alien unit=Shocker kind=move dst=(-161,69,-698)
[ORDER] commander=ai team=Team_Alien unit=Hunter kind=stop
[ORDER] commander=ai team=Team_Alien unit=Hunter kind=move dst=(-55,64,-733)
[ORDER] commander=ai team=Team_Alien unit=Hunter kind=move dst=(-55,64,-733)
[H1] team=Team_Human_Sol fire=Refinery atBalterium=(1294,1066) refCount=1
[H1] team=Team_Human_Sol fire=Refinery atBalterium=(715,897) refCount=2
[AI] [Team_Human_Sol] tick=9 reqs=4 type={Construct:4} task={} prio(min/avg/max)=10/77.5/100 groups=0
[ORDER] commander=ai team=Team_Alien unit=Shrimp kind=move dst=(109,112,-536)
[ORDER] commander=ai team=Team_Alien unit=Hunter kind=move dst=(242,125,-673)
[ORDER] commander=ai team=Team_Alien unit=Shocker kind=move dst=(-277,127,-932)
[ORDER] commander=ai team=Team_Alien unit=Shocker kind=move dst=(-277,127,-932)
[ORDER] commander=ai team=Team_Alien unit=Shocker kind=move dst=(-277,127,-932)
[ORDER] commander=ai team=Team_Alien unit=Crab kind=move dst=(-277,127,-932)
[P32] team=Team_Alien fire=Node towardPatchAt=(109,-536) distToOwned=252m nodesOwned=1 anchorAt=(-45,-735)
[P32] team=Team_Alien fire=Node towardPatchAt=(242,-673) distToOwned=293m nodesOwned=2 anchorAt=(-45,-735)
[AI] [Team_Alien] tick=9 reqs=3 type={Construct:3} task={} prio(min/avg/max)=10/70.0/100 groups=0
[ORDER] commander=ai team=Team_Alien unit=Shocker kind=move dst=(-161,69,-698)
[ORDER] commander=ai team=Team_Alien unit=Hunter kind=move dst=(-728,117,-610)
[ORDER] commander=ai team=Team_Alien unit=Hunter kind=move dst=(-728,117,-610)
[ORDER] commander=ai team=Team_Alien unit=Hunter kind=move dst=(-728,117,-610)
[ORDER] commander=ai team=Team_Alien unit=Crab kind=move dst=(-214,109,-600)
[ORDER] commander=ai team=Team_Alien unit=Crab kind=move dst=(-214,109,-600)
[ORDER] commander=ai team=Team_Alien unit=Crab kind=move dst=(-214,109,-600)
[ORDER] commander=ai team=Team_Alien unit=Crab kind=move dst=(-214,109,-600)
[ORDER] commander=ai team=Team_Alien unit=Squid kind=stop
[ORDER] commander=ai team=Team_Alien unit=Squid kind=move dst=(95,130,-773)
[ORDER] commander=ai team=Team_Alien unit=Squid kind=move dst=(95,130,-773)
[ORDER] commander=ai team=Team_Alien unit=Squid kind=move dst=(95,130,-773)
[ORDER] commander=ai team=Team_Human_Sol unit=Scout kind=stop
[ORDER] commander=ai team=Team_Human_Sol unit=Scout kind=move dst=(1113,25,716)
[ORDER] commander=ai team=Team_Human_Sol unit=Scout kind=move dst=(1113,25,716)
[ORDER] commander=ai team=Team_Human_Sol unit=Rifleman kind=move dst=(1113,25,716)
[ORDER] commander=ai team=Team_Alien unit=Shocker kind=move dst=(-161,69,-698)
[ORDER] commander=ai team=Team_Alien unit=Hunter kind=move dst=(-728,117,-610)
[AI] [Team_Human_Centauri] tick=10 reqs=2 type={Construct:2} task={} prio(min/avg/max)=10/55.0/100 groups=0
[ORDER] commander=ai team=Team_Human_Sol unit=Heavy Quad kind=move dst=(621,23,814)
[ORDER] commander=ai team=Team_Human_Sol unit=Light Striker kind=move dst=(621,23,814)
[ORDER] commander=ai team=Team_Human_Sol unit=Light Striker kind=move dst=(621,23,814)
[ORDER] commander=ai team=Team_Human_Sol unit=Scout kind=move dst=(873,35,-299)
[ORDER] commander=ai team=Team_Human_Sol unit=Scout kind=move dst=(873,35,-299)
[ORDER] commander=ai team=Team_Alien unit=Shocker kind=move dst=(-161,69,-698)
[ORDER] commander=ai team=Team_Alien unit=Hunter kind=move dst=(-728,117,-610)
[AI] [Team_Human_Sol] tick=10 reqs=4 type={Construct:4} task={} prio(min/avg/max)=10/77.5/100 groups=0
[ORDER] commander=ai team=Team_Alien unit=Squid kind=move dst=(-111,85,-641)
[ORDER] commander=ai team=Team_Alien unit=Shrimp kind=move dst=(-214,109,-600)
[ORDER] commander=ai team=Team_Alien unit=Crab kind=attack tgt=ConstructionSite_Cent_Refinery(Clone) (Target)
[ORDER] commander=ai team=Team_Alien unit=Crab kind=attack tgt=ConstructionSite_Cent_Refinery(Clone) (Target)
[ORDER] commander=ai team=Team_Alien unit=Crab kind=attack tgt=ConstructionSite_Cent_Refinery(Clone) (Target)
[ORDER] commander=ai team=Team_Alien unit=Crab kind=attack tgt=ConstructionSite_Cent_Refinery(Clone) (Target)
[ORDER] commander=ai team=Team_Alien unit=Queen kind=attack tgt=SpecialContainer_Long_01_Large(Clone) (Target)
[ORDER] commander=ai team=Team_Alien unit=Hunter kind=move dst=(-214,109,-600)
[ORDER] commander=ai team=Team_Alien unit=Squid kind=move dst=(242,125,-673)
[ORDER] commander=ai team=Team_Alien unit=Squid kind=move dst=(242,125,-673)
[ORDER] commander=ai team=Team_Alien unit=Squid kind=move dst=(242,125,-673)
[ORDER] commander=ai team=Team_Alien unit=Squid kind=move dst=(242,125,-673)
[ORDER] commander=ai team=Team_Alien unit=Shocker kind=attack tgt=ConstructionSite_Cent_Refinery(Clone) (Target)
[ORDER] commander=ai team=Team_Alien unit=Shocker kind=attack tgt=ConstructionSite_Cent_Refinery(Clone) (Target)
[ORDER] commander=ai team=Team_Alien unit=Shocker kind=attack tgt=ConstructionSite_Cent_Refinery(Clone) (Target)
[ORDER] commander=ai team=Team_Alien unit=Crab kind=attack tgt=ConstructionSite_Cent_Refinery(Clone) (Target)
[P32] team=Team_Alien fire=BC patchAt=(109,-536) minDistToOwned=54m bcAttempts=3
[AI] [Team_Alien] tick=10 reqs=3 type={Construct:3} task={} prio(min/avg/max)=10/70.0/100 groups=0
[ORDER] commander=ai team=Team_Human_Sol unit=Platoon Hauler kind=move dst=(1190,36,689)
[ORDER] commander=ai team=Team_Alien unit=Squid kind=stop
[ORDER] commander=ai team=Team_Alien unit=Squid kind=move dst=(95,130,-773)
[ORDER] commander=ai team=Team_Alien unit=Squid kind=move dst=(95,130,-773)
[ORDER] commander=ai team=Team_Alien unit=Squid kind=move dst=(95,130,-773)
[ORDER] commander=ai team=Team_Alien unit=Shocker kind=move dst=(-161,69,-698)
[ORDER] commander=ai team=Team_Alien unit=Hunter kind=move dst=(-728,117,-610)
[ORDER] commander=ai team=Team_Alien unit=Queen kind=move dst=(-286,127,-743)
[ORDER] commander=ai team=Team_Alien unit=Squid kind=move dst=(-111,85,-641)
[ORDER] commander=ai team=Team_Alien unit=Shocker kind=move dst=(-520,97,-1129)
[ORDER] commander=ai team=Team_Alien unit=Shocker kind=move dst=(-520,97,-1129)
[ORDER] commander=ai team=Team_Alien unit=Hunter kind=move dst=(-728,117,-610)
[ORDER] commander=ai team=Team_Alien unit=Squid kind=move dst=(-111,85,-641)
[ORDER] commander=ai team=Team_Alien unit=Squid kind=move dst=(-111,85,-641)
[AI] [Team_Human_Centauri] tick=11 reqs=2 type={Construct:2} task={} prio(min/avg/max)=10/55.0/100 groups=0
[ORDER] commander=ai team=Team_Human_Centauri unit=Heavy Raider kind=move dst=(-616,36,1099)
[ORDER] commander=ai team=Team_Human_Centauri unit=Assault Car kind=move dst=(-616,36,1099)
[ORDER] commander=ai team=Team_Alien unit=Shocker kind=move dst=(-520,97,-1129)
[ORDER] commander=ai team=Team_Alien unit=Hunter kind=move dst=(-728,117,-610)
[H1] team=Team_Human_Sol fire=Refinery atBalterium=(1294,1066) refCount=1
[H1] team=Team_Human_Sol fire=Refinery atBalterium=(715,897) refCount=2
[AI] [Team_Human_Sol] tick=11 reqs=4 type={Construct:4} task={} prio(min/avg/max)=10/77.5/100 groups=0
[ORDER] commander=ai team=Team_Alien unit=Squid kind=move dst=(-111,85,-641)
[ORDER] commander=ai team=Team_Human_Sol unit=Light Striker kind=move dst=(891,18,1390)
[ORDER] commander=ai team=Team_Alien unit=Wasp kind=attack tgt=Sol_Headquarters(Clone) (Target)
[ORDER] commander=ai team=Team_Alien unit=Squid kind=attack tgt=Sol_Headquarters(Clone) (Target)
[ORDER] commander=ai team=Team_Alien unit=Squid kind=attack tgt=Sol_Headquarters(Clone) (Target)
[ORDER] commander=ai team=Team_Alien unit=Squid kind=attack tgt=Sol_Headquarters(Clone) (Target)
[ORDER] commander=ai team=Team_Alien unit=Shocker kind=attack tgt=ConstructionSite_Cent_Refinery(Clone) (Target)
[ORDER] commander=ai team=Team_Alien unit=Shocker kind=attack tgt=ConstructionSite_Cent_Refinery(Clone) (Target)
[ORDER] commander=ai team=Team_Alien unit=Shocker kind=attack tgt=ConstructionSite_Cent_Refinery(Clone) (Target)
[ORDER] commander=ai team=Team_Alien unit=Shocker kind=attack tgt=ConstructionSite_Cent_Refinery(Clone) (Target)
[ORDER] commander=ai team=Team_Alien unit=Hunter kind=move dst=(-214,109,-600)
[ORDER] commander=ai team=Team_Alien unit=Hunter kind=move dst=(-214,109,-600)
[ORDER] commander=ai team=Team_Alien unit=Squid kind=move dst=(242,125,-673)
[ORDER] commander=ai team=Team_Alien unit=Squid kind=move dst=(242,125,-673)
[ORDER] commander=ai team=Team_Alien unit=Squid kind=move dst=(242,125,-673)
[ORDER] commander=ai team=Team_Alien unit=Squid kind=move dst=(242,125,-673)
[ORDER] commander=ai team=Team_Alien unit=Hunter kind=move dst=(-277,127,-932)
[ORDER] commander=ai team=Team_Alien unit=Squid kind=attack tgt=ConstructionSite_Cent_Refinery(Clone) (Target)
[ORDER] commander=ai team=Team_Alien unit=Squid kind=attack tgt=ConstructionSite_Cent_Refinery(Clone) (Target)
[ORDER] commander=ai team=Team_Alien unit=Squid kind=attack tgt=ConstructionSite_Cent_Refinery(Clone) (Target)
[ORDER] commander=ai team=Team_Alien unit=Squid kind=attack tgt=ConstructionSite_Cent_Refinery(Clone) (Target)
[ORDER] commander=ai team=Team_Alien unit=Crab kind=attack tgt=Sol_Headquarters(Clone) (Target)
[ORDER] commander=ai team=Team_Alien unit=Shocker kind=attack tgt=Sol_Headquarters(Clone) (Target)
[ORDER] commander=ai team=Team_Alien unit=Shocker kind=attack tgt=Sol_Headquarters(Clone) (Target)
[ORDER] commander=ai team=Team_Alien unit=Shocker kind=attack tgt=Sol_Headquarters(Clone) (Target)
[P32] team=Team_Alien fire=BC patchAt=(97,-379) minDistToOwned=127m bcAttempts=4
[AI] [Team_Alien] tick=11 reqs=3 type={Construct:3} task={} prio(min/avg/max)=10/70.0/100 groups=0
[ORDER] commander=ai team=Team_Alien unit=Crab kind=move dst=(1125,29,870)
[ORDER] commander=ai team=Team_Alien unit=Shocker kind=move dst=(1125,29,870)
[ORDER] commander=ai team=Team_Alien unit=Shocker kind=move dst=(1125,29,870)
[ORDER] commander=ai team=Team_Alien unit=Shocker kind=move dst=(1125,29,870)
[SPAWN_S] team=Team_Alien structure=Bio Cache at=(-115,-900)
[ORDER] commander=ai team=Team_Alien unit=Squid kind=move dst=(95,130,-773)
[ORDER] commander=ai team=Team_Alien unit=Shocker kind=move dst=(-1365,38,915)
[ORDER] commander=ai team=Team_Alien unit=Hunter kind=move dst=(-728,117,-610)
[ORDER] commander=ai team=Team_Alien unit=Wasp kind=stop
[ORDER] commander=ai team=Team_Alien unit=Squid kind=move dst=(-112,85,-641)
[ORDER] commander=ai team=Team_Alien unit=Squid kind=move dst=(-112,85,-641)
[ORDER] commander=ai team=Team_Alien unit=Squid kind=move dst=(-112,85,-641)
[ORDER] commander=ai team=Team_Alien unit=Crab kind=stop
[ORDER] commander=ai team=Team_Alien unit=Crab kind=move dst=(-49,64,-680)
[ORDER] commander=ai team=Team_Alien unit=Crab kind=move dst=(-49,64,-680)
[ORDER] commander=ai team=Team_Alien unit=Crab kind=move dst=(-49,64,-680)
[ORDER] commander=ai team=Team_Alien unit=Shocker kind=move dst=(-1365,38,915)
[ORDER] commander=ai team=Team_Alien unit=Hunter kind=stop
[ORDER] commander=ai team=Team_Alien unit=Hunter kind=move dst=(-114,69,-722)
[ORDER] commander=ai team=Team_Alien unit=Hunter kind=move dst=(-114,69,-722)
[ORDER] commander=ai team=Team_Alien unit=Squid kind=move dst=(-112,86,-640)
[ORDER] commander=ai team=Team_Alien unit=Squid kind=move dst=(-112,86,-640)
[ORDER] commander=ai team=Team_Human_Centauri unit=Heavy Raider kind=move dst=(-228,31,1229)
[ORDER] commander=ai team=Team_Alien unit=Crab kind=move dst=(-50,65,-677)
[ORDER] commander=ai team=Team_Alien unit=Crab kind=move dst=(-50,65,-677)
[ORDER] commander=ai team=Team_Alien unit=Crab kind=move dst=(-50,65,-677)
[ORDER] commander=ai team=Team_Alien unit=Squid kind=move dst=(-1065,25,570)
[AI] [Team_Human_Centauri] tick=12 reqs=2 type={Construct:2} task={} prio(min/avg/max)=10/55.0/100 groups=0
[SPAWN_S] team=Team_Alien structure=Bio Cache at=(45,-890)
[ORDER] commander=ai team=Team_Alien unit=Shocker kind=move dst=(-1365,38,915)
[ORDER] commander=ai team=Team_Alien unit=Hunter kind=move dst=(-122,69,-721)
[ORDER] commander=ai team=Team_Alien unit=Hunter kind=move dst=(-122,69,-721)
[ORDER] commander=ai team=Team_Human_Sol unit=Platoon Hauler kind=move dst=(509,20,29)
[AI] [Team_Human_Sol] tick=12 reqs=4 type={Construct:4} task={} prio(min/avg/max)=10/77.5/100 groups=0
[ORDER] commander=ai team=Team_Alien unit=Squid kind=move dst=(-112,86,-640)
[ORDER] commander=ai team=Team_Alien unit=Squid kind=move dst=(-112,86,-640)
[ORDER] commander=ai team=Team_Alien unit=Squid kind=move dst=(-112,86,-640)
[ORDER] commander=ai team=Team_Alien unit=Crab kind=move dst=(-1065,25,570)
[ORDER] commander=ai team=Team_Alien unit=Crab kind=move dst=(-1065,25,570)
[ORDER] commander=ai team=Team_Alien unit=Crab kind=move dst=(-1065,25,570)
[ORDER] commander=ai team=Team_Alien unit=Crab kind=move dst=(-1065,25,570)
[ORDER] commander=ai team=Team_Alien unit=Hunter kind=move dst=(-681,70,-540)
[ORDER] commander=ai team=Team_Alien unit=Hunter kind=move dst=(-681,70,-540)
[ORDER] commander=ai team=Team_Alien unit=Hunter kind=attack tgt=Sol_Headquarters(Clone) (Target)
[ORDER] commander=ai team=Team_Alien unit=Crab kind=attack tgt=ConstructionSite_Cent_Refinery(Clone) (Target)
[ORDER] commander=ai team=Team_Alien unit=Horned Crab kind=attack tgt=ConstructionSite_Cent_Refinery(Clone) (Target)
[ORDER] commander=ai team=Team_Alien unit=Horned Crab kind=attack tgt=ConstructionSite_Cent_Refinery(Clone) (Target)
[ORDER] commander=ai team=Team_Alien unit=Shocker kind=attack tgt=ConstructionSite_Cent_Refinery(Clone) (Target)
[P32] team=Team_Alien fire=BC patchAt=(242,-673) minDistToOwned=138m bcAttempts=5
[AI] [Team_Alien] tick=12 reqs=2 type={Construct:2} task={} prio(min/avg/max)=5/7.5/10 groups=0
[P32] team=Team_Alien fire=Cyst phase=eager-at-BC atBcAt=(55,-590)
[ORDER] commander=ai team=Team_Alien unit=Shocker kind=move dst=(-1365,38,915)
[ORDER] commander=ai team=Team_Alien unit=Hunter kind=move dst=(-122,69,-721)
[ORDER] commander=ai team=Team_Alien unit=Squid kind=move dst=(-112,86,-640)
[ORDER] commander=ai team=Team_Human_Sol unit=Heavy Quad kind=move dst=(1284,22,575)
[ORDER] commander=ai team=Team_Alien unit=Shocker kind=move dst=(-1365,38,915)
[ORDER] commander=ai team=Team_Alien unit=Hunter kind=move dst=(-122,69,-721)
[ORDER] commander=ai team=Team_Alien unit=Squid kind=move dst=(-112,86,-640)
[ORDER] commander=ai team=Team_Alien unit=Squid kind=move dst=(-112,86,-640)
[ORDER] commander=ai team=Team_Alien unit=Squid kind=move dst=(-112,86,-640)
[ORDER] commander=ai team=Team_Human_Sol unit=Light Striker kind=move dst=(891,18,1390)
[AI] [Team_Human_Centauri] tick=13 reqs=2 type={Construct:2} task={} prio(min/avg/max)=10/55.0/100 groups=0
[ORDER] commander=ai team=Team_Human_Centauri unit=Light Raider kind=move dst=(-616,36,1099)
[ORDER] commander=ai team=Team_Alien unit=Shocker kind=move dst=(-1365,38,915)
[ORDER] commander=ai team=Team_Alien unit=Hunter kind=move dst=(-728,117,-610)
[ORDER] commander=ai team=Team_Alien unit=Hunter kind=move dst=(-728,117,-610)
[H1] team=Team_Human_Sol fire=Refinery atBalterium=(1294,1066) refCount=1
[H1] team=Team_Human_Sol fire=Refinery atBalterium=(715,897) refCount=2
[AI] [Team_Human_Sol] tick=13 reqs=4 type={Construct:4} task={} prio(min/avg/max)=10/77.5/100 groups=0
[ORDER] commander=ai team=Team_Alien unit=Squid kind=move dst=(-112,86,-640)
[ORDER] commander=ai team=Team_Alien unit=Squid kind=move dst=(-112,86,-640)
[ORDER] commander=ai team=Team_Human_Centauri unit=Heavy Raider kind=move dst=(-228,31,1229)
[ORDER] commander=ai team=Team_Alien unit=Hunter kind=move dst=(171,30,-309)
[ORDER] commander=ai team=Team_Alien unit=Hunter kind=move dst=(171,30,-309)
[ORDER] commander=ai team=Team_Alien unit=Shocker kind=move dst=(-681,70,-540)
[ORDER] commander=ai team=Team_Alien unit=Shocker kind=move dst=(-681,70,-540)
[ORDER] commander=ai team=Team_Alien unit=Shocker kind=move dst=(-681,70,-540)
[ORDER] commander=ai team=Team_Alien unit=Shocker kind=move dst=(-681,70,-540)
[ORDER] commander=ai team=Team_Alien unit=Hunter kind=attack tgt=Sol_Headquarters(Clone) (Target)
[ORDER] commander=ai team=Team_Alien unit=Hunter kind=attack tgt=Sol_Headquarters(Clone) (Target)
[ORDER] commander=ai team=Team_Alien unit=Shocker kind=attack tgt=ConstructionSite_Cent_Refinery(Clone) (Target)
[ORDER] commander=ai team=Team_Alien unit=Shocker kind=attack tgt=ConstructionSite_Cent_Refinery(Clone) (Target)
[ORDER] commander=ai team=Team_Alien unit=Shocker kind=attack tgt=ConstructionSite_Cent_Refinery(Clone) (Target)
[ORDER] commander=ai team=Team_Alien unit=Shocker kind=attack tgt=ConstructionSite_Cent_Refinery(Clone) (Target)
[AI] [Team_Alien] tick=13 reqs=2 type={Construct:2} task={} prio(min/avg/max)=5/7.5/10 groups=0
[ORDER] commander=ai team=Team_Alien unit=Shocker kind=move dst=(-1365,38,915)
[ORDER] commander=ai team=Team_Alien unit=Hunter kind=move dst=(-728,117,-610)
[ORDER] commander=ai team=Team_Alien unit=Squid kind=move dst=(-112,86,-640)
[ORDER] commander=ai team=Team_Alien unit=Squid kind=move dst=(-112,86,-640)
[ORDER] commander=ai team=Team_Human_Centauri unit=Light Raider kind=move dst=(-228,31,1229)
[ORDER] commander=ai team=Team_Human_Sol unit=Light Raider kind=move dst=(1284,22,575)
[ORDER] commander=ai team=Team_Human_Sol unit=Platoon Hauler kind=move dst=(830,17,694)
[P32] team=Team_Alien constructed=Cyst atBcAt=(55,-590) landedAt=(15,-615) result=Success
[ORDER] commander=ai team=Team_Alien unit=Shocker kind=move dst=(-1365,38,915)
[ORDER] commander=ai team=Team_Alien unit=Hunter kind=stop
[ORDER] commander=ai team=Team_Alien unit=Hunter kind=move dst=(-148,69,-719)
[ORDER] commander=ai team=Team_Alien unit=Hunter kind=move dst=(-148,69,-719)
[ORDER] commander=ai team=Team_Alien unit=Squid kind=move dst=(-112,86,-640)
[ORDER] commander=ai team=Team_Alien unit=Squid kind=move dst=(-112,86,-640)
[ORDER] commander=ai team=Team_Human_Centauri unit=Heavy Raider kind=stop
[ORDER] commander=ai team=Team_Human_Centauri unit=Heavy Raider kind=move dst=(-973,23,955)
[ORDER] commander=ai team=Team_Human_Centauri unit=Light Raider kind=move dst=(-973,23,955)
[ORDER] commander=ai team=Team_Human_Sol unit=Light Striker kind=stop
[ORDER] commander=ai team=Team_Human_Sol unit=Light Striker kind=move dst=(1010,37,996)
[ORDER] commander=ai team=Team_Human_Sol unit=Heavy Quad kind=move dst=(1010,37,996)
[AI] [Team_Human_Centauri] tick=14 reqs=2 type={Construct:2} task={} prio(min/avg/max)=10/55.0/100 groups=0
[ORDER] commander=ai team=Team_Alien unit=Shocker kind=move dst=(-1365,38,915)
[ORDER] commander=ai team=Team_Alien unit=Hunter kind=move dst=(-148,69,-719)
[AI] [Team_Human_Sol] tick=14 reqs=4 type={Construct:4} task={} prio(min/avg/max)=10/77.5/100 groups=0
[ORDER] commander=ai team=Team_Alien unit=Squid kind=move dst=(-112,86,-640)
[ORDER] commander=ai team=Team_Human_Centauri unit=Heavy Raider kind=move dst=(-963,22,960)
[ORDER] commander=ai team=Team_Human_Centauri unit=Light Raider kind=move dst=(-963,22,960)
[ORDER] commander=ai team=Team_Human_Sol unit=Light Raider kind=move dst=(1284,22,575)
[ORDER] commander=ai team=Team_Human_Sol unit=Light Striker kind=move dst=(1009,35,1008)
[ORDER] commander=ai team=Team_Human_Sol unit=Heavy Quad kind=move dst=(1009,35,1008)
[ORDER] commander=ai team=Team_Alien unit=Hunter kind=move dst=(171,30,-309)
[ORDER] commander=ai team=Team_Alien unit=Hunter kind=move dst=(171,30,-309)
[ORDER] commander=ai team=Team_Alien unit=Hunter kind=move dst=(171,30,-309)
[ORDER] commander=ai team=Team_Alien unit=Shocker kind=move dst=(-681,70,-540)
[ORDER] commander=ai team=Team_Alien unit=Shocker kind=move dst=(-681,70,-540)
[ORDER] commander=ai team=Team_Alien unit=Shocker kind=move dst=(-681,70,-540)
[ORDER] commander=ai team=Team_Alien unit=Shocker kind=move dst=(-681,70,-540)
[ORDER] commander=ai team=Team_Alien unit=Hunter kind=move dst=(-728,117,-610)
[ORDER] commander=ai team=Team_Alien unit=Hunter kind=move dst=(-728,117,-610)
[ORDER] commander=ai team=Team_Alien unit=Hunter kind=attack tgt=Sol_Headquarters(Clone) (Target)
[ORDER] commander=ai team=Team_Alien unit=Hunter kind=attack tgt=Sol_Headquarters(Clone) (Target)
[ORDER] commander=ai team=Team_Alien unit=Shocker kind=attack tgt=ConstructionSite_Cent_Refinery(Clone) (Target)
[ORDER] commander=ai team=Team_Alien unit=Shocker kind=attack tgt=ConstructionSite_Cent_Refinery(Clone) (Target)
[ORDER] commander=ai team=Team_Alien unit=Shocker kind=attack tgt=ConstructionSite_Cent_Refinery(Clone) (Target)
[ORDER] commander=ai team=Team_Alien unit=Shocker kind=attack tgt=ConstructionSite_Cent_Refinery(Clone) (Target)
[AI] [Team_Alien] tick=14 reqs=2 type={Construct:2} task={} prio(min/avg/max)=5/7.5/10 groups=0
[ORDER] commander=ai team=Team_Alien unit=Shocker kind=move dst=(-1365,38,915)
[ORDER] commander=ai team=Team_Alien unit=Hunter kind=stop
[ORDER] commander=ai team=Team_Alien unit=Hunter kind=move dst=(-146,69,-720)
[ORDER] commander=ai team=Team_Alien unit=Hunter kind=move dst=(-146,69,-720)
[ORDER] commander=ai team=Team_Alien unit=Squid kind=move dst=(-112,86,-640)
[ORDER] commander=ai team=Team_Alien unit=Squid kind=move dst=(-112,86,-640)
[ORDER] commander=ai team=Team_Human_Sol unit=Light Striker kind=move dst=(1009,34,1010)
[ORDER] commander=ai team=Team_Human_Sol unit=Heavy Quad kind=move dst=(1009,34,1010)
[ORDER] commander=ai team=Team_Alien unit=Shocker kind=move dst=(-1365,38,915)
[ORDER] commander=ai team=Team_Alien unit=Hunter kind=move dst=(-146,69,-721)
[ORDER] commander=ai team=Team_Alien unit=Squid kind=move dst=(-112,86,-640)
[ORDER] commander=ai team=Team_Alien unit=Squid kind=move dst=(-112,86,-640)
[ORDER] commander=ai team=Team_Human_Centauri unit=Heavy Raider kind=move dst=(-228,31,1229)
[ORDER] commander=ai team=Team_Human_Sol unit=Light Quad kind=move dst=(916,23,628)
[ORDER] commander=ai team=Team_Human_Sol unit=Light Quad kind=move dst=(916,23,628)
[ORDER] commander=ai team=Team_Human_Sol unit=Heavy Quad kind=stop
[AI] [Team_Human_Centauri] tick=15 reqs=2 type={Construct:2} task={} prio(min/avg/max)=10/55.0/100 groups=0
[ORDER] commander=ai team=Team_Alien unit=Shocker kind=move dst=(-1365,38,915)
[ORDER] commander=ai team=Team_Alien unit=Hunter kind=move dst=(171,30,-309)
[ORDER] commander=ai team=Team_Alien unit=Hunter kind=move dst=(171,30,-309)
[ORDER] commander=ai team=Team_Alien unit=Hunter kind=move dst=(171,30,-309)
[ORDER] commander=ai team=Team_Human_Sol unit=Platoon Hauler kind=move dst=(945,27,-50)
[H1] team=Team_Human_Sol fire=Refinery atBalterium=(1294,1066) refCount=1
[H1] team=Team_Human_Sol fire=Refinery atBalterium=(715,897) refCount=2
[AI] [Team_Human_Sol] tick=15 reqs=4 type={Construct:4} task={} prio(min/avg/max)=10/77.5/100 groups=0
[ORDER] commander=ai team=Team_Alien unit=Squid kind=move dst=(-112,86,-640)
[ORDER] commander=ai team=Team_Alien unit=Squid kind=move dst=(-112,86,-640)
[ORDER] commander=ai team=Team_Human_Sol unit=Light Striker kind=move dst=(891,18,1390)
[ORDER] commander=ai team=Team_Alien unit=Shocker kind=move dst=(-681,70,-540)
[ORDER] commander=ai team=Team_Alien unit=Shocker kind=move dst=(-681,70,-540)
[ORDER] commander=ai team=Team_Alien unit=Shocker kind=move dst=(-681,70,-540)
[ORDER] commander=ai team=Team_Alien unit=Shocker kind=move dst=(-681,70,-540)
[ORDER] commander=ai team=Team_Alien unit=Wasp kind=move dst=(-728,117,-610)
[ORDER] commander=ai team=Team_Alien unit=Squid kind=move dst=(-728,117,-610)
[ORDER] commander=ai team=Team_Alien unit=Squid kind=move dst=(-728,117,-610)
[ORDER] commander=ai team=Team_Alien unit=Squid kind=move dst=(-728,117,-610)
[ORDER] commander=ai team=Team_Alien unit=Hunter kind=attack tgt=Sol_Headquarters(Clone) (Target)
[ORDER] commander=ai team=Team_Alien unit=Hunter kind=attack tgt=Sol_Headquarters(Clone) (Target)
[ORDER] commander=ai team=Team_Alien unit=Hunter kind=attack tgt=Sol_Headquarters(Clone) (Target)
[ORDER] commander=ai team=Team_Alien unit=Shocker kind=attack tgt=ConstructionSite_Cent_Refinery(Clone) (Target)
[ORDER] commander=ai team=Team_Alien unit=Shocker kind=attack tgt=ConstructionSite_Cent_Refinery(Clone) (Target)
[ORDER] commander=ai team=Team_Alien unit=Shocker kind=attack tgt=ConstructionSite_Cent_Refinery(Clone) (Target)
[ORDER] commander=ai team=Team_Alien unit=Shocker kind=attack tgt=ConstructionSite_Cent_Refinery(Clone) (Target)
[P32] team=Team_Alien fire=Node towardPatchAt=(-412,-324) distToOwned=445m nodesOwned=4 anchorAt=(-45,-735)
[P32] team=Team_Alien fire=Node towardPatchAt=(-518,-449) distToOwned=484m nodesOwned=5 anchorAt=(-45,-735)
[AI] [Team_Alien] tick=15 reqs=2 type={Construct:2} task={} prio(min/avg/max)=5/7.5/10 groups=0
[ORDER] commander=ai team=Team_Human_Sol unit=Light Quad kind=move dst=(910,22,622)
[ORDER] commander=ai team=Team_Human_Sol unit=Light Quad kind=move dst=(910,22,622)
[ORDER] commander=ai team=Team_Alien unit=Shocker kind=move dst=(-1365,38,915)
[ORDER] commander=ai team=Team_Alien unit=Hunter kind=move dst=(1125,29,870)
[ORDER] commander=ai team=Team_Alien unit=Wasp kind=stop
[ORDER] commander=ai team=Team_Alien unit=Squid kind=move dst=(-112,89,-640)
[ORDER] commander=ai team=Team_Alien unit=Squid kind=move dst=(-112,89,-640)
[ORDER] commander=ai team=Team_Alien unit=Squid kind=move dst=(-112,89,-640)
[ORDER] commander=ai team=Team_Human_Centauri unit=Assault Car kind=move dst=(-1260,35,914)
[ORDER] commander=ai team=Team_Alien unit=Shocker kind=move dst=(-1365,38,915)
[ORDER] commander=ai team=Team_Alien unit=Hunter kind=move dst=(1125,29,870)
[ORDER] commander=ai team=Team_Alien unit=Squid kind=move dst=(-115,96,-641)
[ORDER] commander=ai team=Team_Alien unit=Squid kind=move dst=(-115,96,-641)
[ORDER] commander=ai team=Team_Alien unit=Squid kind=move dst=(-115,96,-641)
[ORDER] commander=ai team=Team_Human_Centauri unit=Light Raider kind=move dst=(-228,31,1229)
[ORDER] commander=ai team=Team_Human_Centauri unit=Assault Car kind=move dst=(-1260,35,914)
[AI] [Team_Human_Centauri] tick=16 reqs=2 type={Construct:2} task={} prio(min/avg/max)=10/55.0/100 groups=0
[ORDER] commander=ai team=Team_Alien unit=Shocker kind=move dst=(-1365,38,915)
[ORDER] commander=ai team=Team_Alien unit=Hunter kind=move dst=(1125,29,870)
[AI] [Team_Human_Sol] tick=16 reqs=4 type={Construct:4} task={} prio(min/avg/max)=10/77.5/100 groups=0
[ORDER] commander=ai team=Team_Alien unit=Squid kind=move dst=(-115,96,-641)
[ORDER] commander=ai team=Team_Alien unit=Squid kind=move dst=(-115,96,-641)
[ORDER] commander=ai team=Team_Human_Centauri unit=Heavy Raider kind=move dst=(-228,31,1229)
[P32] team=Team_Alien reject=BC-too-far patchAt=(242,-673) landedAt=(165,-750) dist=109m → will node instead
[SPAWN_S] team=Team_Alien structure=Node at=(-55,-590)
[ORDER] commander=ai team=Team_Human_Centauri unit=Assault Car kind=move dst=(-1260,35,914)
[ORDER] commander=ai team=Team_Alien unit=Wasp kind=move dst=(171,30,-309)
[ORDER] commander=ai team=Team_Alien unit=Squid kind=move dst=(171,30,-309)
[ORDER] commander=ai team=Team_Alien unit=Squid kind=move dst=(171,30,-309)
[ORDER] commander=ai team=Team_Alien unit=Squid kind=move dst=(171,30,-309)
[ORDER] commander=ai team=Team_Alien unit=Shocker kind=move dst=(-681,70,-540)
[ORDER] commander=ai team=Team_Alien unit=Shocker kind=move dst=(-681,70,-540)
[ORDER] commander=ai team=Team_Alien unit=Shocker kind=move dst=(-681,70,-540)
[ORDER] commander=ai team=Team_Alien unit=Shocker kind=move dst=(-681,70,-540)
[ORDER] commander=ai team=Team_Alien unit=Squid kind=move dst=(-728,117,-610)
[ORDER] commander=ai team=Team_Alien unit=Squid kind=move dst=(-728,117,-610)
[ORDER] commander=ai team=Team_Alien unit=Squid kind=move dst=(-728,117,-610)
[ORDER] commander=ai team=Team_Alien unit=Squid kind=move dst=(-728,117,-610)
[ORDER] commander=ai team=Team_Alien unit=Squid kind=attack tgt=ConstructionSite_Cent_Refinery(Clone) (Target)
[ORDER] commander=ai team=Team_Alien unit=Squid kind=attack tgt=ConstructionSite_Cent_Refinery(Clone) (Target)
[ORDER] commander=ai team=Team_Alien unit=Squid kind=attack tgt=ConstructionSite_Cent_Refinery(Clone) (Target)
[ORDER] commander=ai team=Team_Alien unit=Squid kind=attack tgt=ConstructionSite_Cent_Refinery(Clone) (Target)
[ORDER] commander=ai team=Team_Alien unit=Shocker kind=attack tgt=ConstructionSite_Cent_Refinery(Clone) (Target)
[ORDER] commander=ai team=Team_Alien unit=Shocker kind=attack tgt=ConstructionSite_Cent_Refinery(Clone) (Target)
[ORDER] commander=ai team=Team_Alien unit=Shocker kind=attack tgt=ConstructionSite_Cent_Refinery(Clone) (Target)
[ORDER] commander=ai team=Team_Alien unit=Shocker kind=attack tgt=ConstructionSite_Cent_Refinery(Clone) (Target)
[P32] team=Team_Alien fire=Node towardPatchAt=(242,-673) distToOwned=138m nodesOwned=4 anchorAt=(-45,-735)
[AI] [Team_Alien] tick=16 reqs=2 type={Construct:2} task={} prio(min/avg/max)=5/7.5/10 groups=0
[P32] team=Team_Alien fire=Cyst phase=eager-at-BC atBcAt=(15,-415)
[ORDER] commander=ai team=Team_Alien unit=Squid kind=move dst=(-1065,25,570)
[ORDER] commander=ai team=Team_Alien unit=Squid kind=move dst=(-1065,25,570)
[ORDER] commander=ai team=Team_Alien unit=Squid kind=move dst=(-1065,25,570)
[ORDER] commander=ai team=Team_Human_Sol unit=Rifleman kind=move dst=(873,35,-299)
[ORDER] commander=ai team=Team_Human_Centauri unit=Light Raider kind=move dst=(-942,22,1021)
[ORDER] commander=ai team=Team_Human_Centauri unit=Heavy Raider kind=move dst=(-942,22,1021)
[ORDER] commander=ai team=Team_Human_Centauri unit=Assault Car kind=stop
[ORDER] commander=ai team=Team_Alien unit=Shocker kind=move dst=(-1365,38,915)
[ORDER] commander=ai team=Team_Alien unit=Hunter kind=move dst=(1125,29,870)
[ORDER] commander=ai team=Team_Alien unit=Wasp kind=stop
[ORDER] commander=ai team=Team_Alien unit=Squid kind=move dst=(-114,98,-640)
[ORDER] commander=ai team=Team_Alien unit=Squid kind=move dst=(-114,98,-640)
[ORDER] commander=ai team=Team_Alien unit=Squid kind=move dst=(-114,98,-640)
[ORDER] commander=ai team=Team_Human_Sol unit=Heavy Quad kind=move dst=(891,18,1390)
[ORDER] commander=ai team=Team_Human_Centauri unit=Assault Car kind=move dst=(-1260,35,914)
[ORDER] commander=ai team=Team_Human_Centauri unit=Light Raider kind=move dst=(-942,22,1027)
[ORDER] commander=ai team=Team_Human_Centauri unit=Heavy Raider kind=move dst=(-942,22,1027)
[ORDER] commander=ai team=Team_Alien unit=Shocker kind=move dst=(-1365,38,915)
[ORDER] commander=ai team=Team_Alien unit=Hunter kind=move dst=(1125,29,870)
[ORDER] commander=ai team=Team_Alien unit=Squid kind=move dst=(-112,99,-639)
[ORDER] commander=ai team=Team_Human_Sol unit=Light Striker kind=move dst=(891,18,1390)
[ORDER] commander=ai team=Team_Human_Sol unit=Light Quad kind=move dst=(489,29,137)
[ORDER] commander=ai team=Team_Human_Sol unit=Light Quad kind=move dst=(489,29,137)
[ORDER] commander=ai team=Team_Human_Sol unit=Heavy Quad kind=move dst=(489,29,137)
[ORDER] commander=ai team=Team_Human_Centauri unit=Assault Car kind=move dst=(-1400,23,323)
[ORDER] commander=ai team=Team_Human_Centauri unit=Assault Car kind=move dst=(-1400,23,323)
[AI] [Team_Human_Centauri] tick=17 reqs=2 type={Construct:2} task={} prio(min/avg/max)=10/55.0/100 groups=0
[ORDER] commander=ai team=Team_Alien unit=Shocker kind=move dst=(-1365,38,915)
[ORDER] commander=ai team=Team_Alien unit=Hunter kind=move dst=(1125,29,870)
[SPAWN_S] team=Team_Human_Centauri structure=Refinery at=(-810,1110)
[SPAWN_U] team=Team_Human_Centauri unit=Harvester
[ORDER] commander=ai team=Team_Alien unit=Squid kind=move dst=(-112,99,-639)
[ORDER] commander=ai team=Team_Alien unit=Squid kind=move dst=(-112,99,-639)
[H1] team=Team_Human_Sol fire=Refinery atBalterium=(1294,1066) refCount=1
[H1] team=Team_Human_Sol fire=Refinery atBalterium=(715,897) refCount=2
[AI] [Team_Human_Sol] tick=17 reqs=4 type={Construct:4} task={} prio(min/avg/max)=10/77.5/100 groups=0
[SPAWN_S] team=Team_Human_Centauri structure=Refinery at=(-1365,915)
[SPAWN_U] team=Team_Human_Centauri unit=Harvester
[ORDER] commander=ai team=Team_Alien unit=Shocker kind=move dst=(-681,70,-540)
[ORDER] commander=ai team=Team_Alien unit=Shocker kind=move dst=(-681,70,-540)
[ORDER] commander=ai team=Team_Alien unit=Shocker kind=move dst=(-681,70,-540)
[ORDER] commander=ai team=Team_Alien unit=Shocker kind=move dst=(-681,70,-540)
[ORDER] commander=ai team=Team_Alien unit=Squid kind=move dst=(-728,117,-610)
[ORDER] commander=ai team=Team_Alien unit=Squid kind=move dst=(-728,117,-610)
[ORDER] commander=ai team=Team_Alien unit=Squid kind=move dst=(-728,117,-610)
[ORDER] commander=ai team=Team_Alien unit=Squid kind=move dst=(-728,117,-610)
[ORDER] commander=ai team=Team_Alien unit=Shocker kind=attack tgt=Cent_Refinery(Clone) (Target)
[ORDER] commander=ai team=Team_Alien unit=Shocker kind=attack tgt=Cent_Refinery(Clone) (Target)
[ORDER] commander=ai team=Team_Alien unit=Shocker kind=attack tgt=Cent_Refinery(Clone) (Target)
[ORDER] commander=ai team=Team_Alien unit=Crab kind=attack tgt=Cent_Refinery(Clone) (Target)
[ORDER] commander=ai team=Team_Alien unit=Shocker kind=attack tgt=ConstructionSite_Cent_Refinery(Clone) (Target)
[ORDER] commander=ai team=Team_Alien unit=Shocker kind=attack tgt=ConstructionSite_Cent_Refinery(Clone) (Target)
[ORDER] commander=ai team=Team_Alien unit=Shocker kind=attack tgt=ConstructionSite_Cent_Refinery(Clone) (Target)
[ORDER] commander=ai team=Team_Alien unit=Shocker kind=attack tgt=ConstructionSite_Cent_Refinery(Clone) (Target)
[ORDER] commander=ai team=Team_Alien unit=Wasp kind=attack tgt=ConstructionSite_Cent_Refinery(Clone) (Target)
[ORDER] commander=ai team=Team_Alien unit=Squid kind=attack tgt=ConstructionSite_Cent_Refinery(Clone) (Target)
[ORDER] commander=ai team=Team_Alien unit=Squid kind=attack tgt=ConstructionSite_Cent_Refinery(Clone) (Target)
[ORDER] commander=ai team=Team_Alien unit=Squid kind=attack tgt=ConstructionSite_Cent_Refinery(Clone) (Target)
[ORDER] commander=ai team=Team_Alien unit=Squid kind=attack tgt=Cent_Refinery(Clone) (Target)
[ORDER] commander=ai team=Team_Alien unit=Squid kind=attack tgt=Cent_Refinery(Clone) (Target)
[ORDER] commander=ai team=Team_Alien unit=Squid kind=attack tgt=Cent_Refinery(Clone) (Target)
[ORDER] commander=ai team=Team_Alien unit=Squid kind=attack tgt=Cent_Refinery(Clone) (Target)
[P32] team=Team_Alien cleared force-node patchAt=(242,-673) distToOwned=7m — retrying BC placement
[P32] team=Team_Alien fire=Node towardPatchAt=(-292,-10) distToOwned=508m nodesOwned=5 anchorAt=(-45,-735)
[P32] team=Team_Alien fire=Node towardPatchAt=(-627,-518) distToOwned=576m nodesOwned=6 anchorAt=(-45,-735)
[AI] [Team_Alien] tick=17 reqs=2 type={Construct:2} task={} prio(min/avg/max)=5/7.5/10 groups=0
[ORDER] commander=ai team=Team_Alien unit=Squid kind=move dst=(-1365,38,915)
[ORDER] commander=ai team=Team_Alien unit=Squid kind=move dst=(-1365,38,915)
[ORDER] commander=ai team=Team_Alien unit=Squid kind=move dst=(-1365,38,915)
[ORDER] commander=ai team=Team_Alien unit=Squid kind=move dst=(-1365,38,915)
[SPAWN_S] team=Team_Human_Centauri structure=Refinery at=(-1065,570)
[SPAWN_U] team=Team_Human_Centauri unit=Harvester
[ORDER] commander=ai team=Team_Human_Centauri unit=Heavy Raider kind=move dst=(-616,36,1099)
[ORDER] commander=ai team=Team_Human_Centauri unit=Assault Car kind=move dst=(-616,36,1099)
[ORDER] commander=ai team=Team_Alien unit=Shocker kind=move dst=(-1065,25,570)
[ORDER] commander=ai team=Team_Alien unit=Hunter kind=move dst=(1125,29,870)
[ORDER] commander=ai team=Team_Alien unit=Wasp kind=stop
[ORDER] commander=ai team=Team_Alien unit=Squid kind=move dst=(-112,99,-639)
[ORDER] commander=ai team=Team_Alien unit=Squid kind=move dst=(-112,99,-639)
[ORDER] commander=ai team=Team_Alien unit=Squid kind=move dst=(-112,99,-639)
[P32] team=Team_Alien constructed=Cyst atBcAt=(15,-415) landedAt=(-30,-460) result=Success
[ORDER] commander=ai team=Team_Human_Centauri unit=Light Raider kind=move dst=(-616,36,1099)
[ORDER] commander=ai team=Team_Alien unit=Shocker kind=move dst=(-1065,25,570)
[ORDER] commander=ai team=Team_Alien unit=Hunter kind=move dst=(1125,29,870)
[ORDER] commander=ai team=Team_Human_Sol unit=Light Striker kind=stop
[ORDER] commander=ai team=Team_Human_Sol unit=Light Striker kind=move dst=(1001,23,1093)
[ORDER] commander=ai team=Team_Human_Sol unit=Heavy Quad kind=move dst=(1001,23,1093)
[ORDER] commander=ai team=Team_Human_Centauri unit=Harvester kind=move dst=(-1242,42,1034)
[ORDER] commander=ai team=Team_Human_Centauri unit=Harvester kind=move dst=(-930,24,709)
[ORDER] commander=ai team=Team_Human_Centauri unit=Harvester kind=move dst=(-696,35,1235)
[ORDER] commander=ai team=Team_Human_Centauri unit=Squad Transport kind=move dst=(-1400,19,1400)
[AI] [Team_Human_Centauri] tick=18 reqs=1 type={Construct:1} task={} prio(min/avg/max)=10/10.0/10 groups=0
[ORDER] commander=ai team=Team_Alien unit=Shocker kind=move dst=(-1125,32,870)
[ORDER] commander=ai team=Team_Alien unit=Hunter kind=stop
[ORDER] commander=ai team=Team_Alien unit=Hunter kind=move dst=(-97,85,-686)
[ORDER] commander=ai team=Team_Alien unit=Hunter kind=move dst=(-97,85,-686)
[ORDER] commander=ai team=Team_Human_Sol unit=Platoon Hauler kind=move dst=(-24,20,1400)
[AI] [Team_Human_Sol] tick=18 reqs=4 type={Construct:4} task={} prio(min/avg/max)=10/77.5/100 groups=0
[ORDER] commander=ai team=Team_Alien unit=Squid kind=move dst=(-112,99,-639)
[ORDER] commander=ai team=Team_Alien unit=Squid kind=move dst=(-112,99,-639)
[ORDER] commander=ai team=Team_Alien unit=Squid kind=move dst=(-112,99,-639)
[ORDER] commander=ai team=Team_Human_Sol unit=Light Striker kind=move dst=(891,18,1390)
[ORDER] commander=ai team=Team_Alien unit=Hunter kind=move dst=(171,30,-309)
[ORDER] commander=ai team=Team_Alien unit=Hunter kind=move dst=(171,30,-309)
[ORDER] commander=ai team=Team_Alien unit=Squid kind=move dst=(-681,70,-540)
[ORDER] commander=ai team=Team_Alien unit=Squid kind=move dst=(-681,70,-540)
[ORDER] commander=ai team=Team_Alien unit=Squid kind=move dst=(-681,70,-540)
[ORDER] commander=ai team=Team_Alien unit=Squid kind=move dst=(-681,70,-540)
[ORDER] commander=ai team=Team_Alien unit=Shocker kind=move dst=(-728,117,-610)
[ORDER] commander=ai team=Team_Alien unit=Shocker kind=move dst=(-728,117,-610)
[ORDER] commander=ai team=Team_Alien unit=Shocker kind=move dst=(-728,117,-610)
[ORDER] commander=ai team=Team_Alien unit=Shocker kind=move dst=(-728,117,-610)
[ORDER] commander=ai team=Team_Alien unit=Crab kind=attack tgt=Cent_Refinery(Clone) (Target)
[ORDER] commander=ai team=Team_Alien unit=Horned Crab kind=attack tgt=Cent_Refinery(Clone) (Target)
[ORDER] commander=ai team=Team_Alien unit=Horned Crab kind=attack tgt=Cent_Refinery(Clone) (Target)
[ORDER] commander=ai team=Team_Alien unit=Shocker kind=attack tgt=Cent_Refinery(Clone) (Target)
[ORDER] commander=ai team=Team_Alien unit=Shocker kind=attack tgt=Cent_Headquarters(Clone) (Target)
[ORDER] commander=ai team=Team_Alien unit=Shocker kind=attack tgt=Cent_Headquarters(Clone) (Target)
[ORDER] commander=ai team=Team_Alien unit=Shocker kind=attack tgt=Cent_Headquarters(Clone) (Target)
[ORDER] commander=ai team=Team_Alien unit=Shocker kind=attack tgt=Cent_Headquarters(Clone) (Target)
[ORDER] commander=ai team=Team_Alien unit=Hunter kind=attack tgt=Cent_Headquarters(Clone) (Target)
[ORDER] commander=ai team=Team_Alien unit=Hunter kind=attack tgt=Cent_Headquarters(Clone) (Target)
[ORDER] commander=ai team=Team_Alien unit=Squid kind=attack tgt=Cent_Refinery(Clone) (Target)
[ORDER] commander=ai team=Team_Alien unit=Squid kind=attack tgt=Cent_Refinery(Clone) (Target)
[ORDER] commander=ai team=Team_Alien unit=Squid kind=attack tgt=Cent_Refinery(Clone) (Target)
[ORDER] commander=ai team=Team_Alien unit=Squid kind=attack tgt=Cent_Refinery(Clone) (Target)
[P32] team=Team_Alien fire=Node towardPatchAt=(-518,-449) distToOwned=286m nodesOwned=7 anchorAt=(-45,-735)
[P32] team=Team_Alien fire=Node towardPatchAt=(-412,-324) distToOwned=313m nodesOwned=8 anchorAt=(-45,-735)
[AI] [Team_Alien] tick=18 reqs=2 type={Construct:2} task={} prio(min/avg/max)=5/7.5/10 groups=0
[ORDER] commander=ai team=Team_Alien unit=Squid kind=move dst=(-1365,38,915)
[ORDER] commander=ai team=Team_Alien unit=Squid kind=move dst=(-1365,38,915)
[ORDER] commander=ai team=Team_Alien unit=Squid kind=move dst=(-1365,38,915)
[ORDER] commander=ai team=Team_Alien unit=Squid kind=move dst=(-1365,38,915)
[ORDER] commander=ai team=Team_Alien unit=Hunter kind=move dst=(-96,83,-685)
[ORDER] commander=ai team=Team_Alien unit=Hunter kind=move dst=(-96,83,-685)
[ORDER] commander=ai team=Team_Alien unit=Squid kind=move dst=(-112,99,-639)
[ORDER] commander=ai team=Team_Alien unit=Squid kind=move dst=(-112,99,-639)
[ORDER] commander=ai team=Team_Human_Sol unit=Light Raider kind=move dst=(1284,22,575)
[ORDER] commander=ai team=Team_Human_Centauri unit=Squad Transport kind=move dst=(-1272,28,431)
[ORDER] commander=ai team=Team_Alien unit=Shocker kind=move dst=(-1125,32,870)
[ORDER] commander=ai team=Team_Human_Centauri unit=Heavy Raider kind=move dst=(-1277,20,310)
[ORDER] commander=ai team=Team_Alien unit=Hunter kind=move dst=(-96,83,-685)
[ORDER] commander=ai team=Team_Alien unit=Hunter kind=move dst=(-96,83,-685)
[ORDER] commander=ai team=Team_Alien unit=Squid kind=move dst=(-112,99,-639)
[ORDER] commander=ai team=Team_Alien unit=Squid kind=move dst=(-112,99,-639)
[ORDER] commander=ai team=Team_Alien unit=Squid kind=move dst=(-112,99,-639)
[ORDER] commander=ai team=Team_Human_Centauri unit=Squad Transport kind=move dst=(-1400,31,749)
[ORDER] commander=ai team=Team_Human_Centauri unit=Squad Transport kind=move dst=(-1184,18,-370)
[AI] [Team_Human_Centauri] tick=19 reqs=1 type={Construct:1} task={} prio(min/avg/max)=10/10.0/10 groups=0
[ORDER] commander=ai team=Team_Alien unit=Shocker kind=move dst=(-1125,32,870)
[ORDER] commander=ai team=Team_Alien unit=Hunter kind=move dst=(1125,29,870)
[ORDER] commander=ai team=Team_Alien unit=Hunter kind=move dst=(1125,29,870)
[ORDER] commander=ai team=Team_Alien unit=Hunter kind=move dst=(1125,29,870)
[ORDER] commander=ai team=Team_Human_Sol unit=Platoon Hauler kind=attack tgt=SpecialContainer_Long_01_Small(Clone) (Target)
[H1] team=Team_Human_Sol fire=Refinery atBalterium=(1294,1066) refCount=1
[H1] team=Team_Human_Sol fire=Refinery atBalterium=(715,897) refCount=2
[AI] [Team_Human_Sol] tick=19 reqs=4 type={Construct:4} task={} prio(min/avg/max)=10/77.5/100 groups=0
[ORDER] commander=ai team=Team_Alien unit=Squid kind=move dst=(-112,99,-639)
[ORDER] commander=ai team=Team_Alien unit=Squid kind=move dst=(-112,99,-639)
[ORDER] commander=ai team=Team_Alien unit=Squid kind=move dst=(-112,99,-639)
[ORDER] commander=ai team=Team_Human_Sol unit=Heavy Quad kind=move dst=(891,18,1390)
[ORDER] commander=ai team=Team_Alien unit=Hunter kind=move dst=(171,30,-309)
[ORDER] commander=ai team=Team_Alien unit=Hunter kind=move dst=(171,30,-309)
[ORDER] commander=ai team=Team_Alien unit=Squid kind=move dst=(-681,70,-540)
[ORDER] commander=ai team=Team_Alien unit=Squid kind=move dst=(-681,70,-540)
[ORDER] commander=ai team=Team_Alien unit=Squid kind=move dst=(-681,70,-540)
[ORDER] commander=ai team=Team_Alien unit=Squid kind=move dst=(-681,70,-540)
[ORDER] commander=ai team=Team_Alien unit=Shocker kind=move dst=(-728,117,-610)
[ORDER] commander=ai team=Team_Alien unit=Shocker kind=move dst=(-728,117,-610)
[ORDER] commander=ai team=Team_Alien unit=Shocker kind=move dst=(-728,117,-610)
[ORDER] commander=ai team=Team_Alien unit=Shocker kind=move dst=(-728,117,-610)
[ORDER] commander=ai team=Team_Alien unit=Shocker kind=attack tgt=Cent_Headquarters(Clone) (Target)
[ORDER] commander=ai team=Team_Alien unit=Shocker kind=attack tgt=Cent_Headquarters(Clone) (Target)
[ORDER] commander=ai team=Team_Alien unit=Shocker kind=attack tgt=Cent_Headquarters(Clone) (Target)
[ORDER] commander=ai team=Team_Alien unit=Shocker kind=attack tgt=Cent_Headquarters(Clone) (Target)
[ORDER] commander=ai team=Team_Alien unit=Hunter kind=attack tgt=Cent_Headquarters(Clone) (Target)
[ORDER] commander=ai team=Team_Alien unit=Hunter kind=attack tgt=Cent_Headquarters(Clone) (Target)
[ORDER] commander=ai team=Team_Alien unit=Squid kind=attack tgt=Cent_Refinery(Clone) (Target)
[ORDER] commander=ai team=Team_Alien unit=Squid kind=attack tgt=Cent_Refinery(Clone) (Target)
[ORDER] commander=ai team=Team_Alien unit=Squid kind=attack tgt=Cent_Refinery(Clone) (Target)
[ORDER] commander=ai team=Team_Alien unit=Squid kind=attack tgt=Cent_Refinery(Clone) (Target)
[AI] [Team_Alien] tick=19 reqs=2 type={Construct:2} task={} prio(min/avg/max)=5/7.5/10 groups=0
[ORDER] commander=ai team=Team_Alien unit=Squid kind=move dst=(-1365,38,915)
[ORDER] commander=ai team=Team_Alien unit=Squid kind=move dst=(-1365,38,915)
[ORDER] commander=ai team=Team_Alien unit=Squid kind=move dst=(-1365,38,915)
[ORDER] commander=ai team=Team_Alien unit=Squid kind=move dst=(-1365,38,915)
[ORDER] commander=ai team=Team_Human_Centauri unit=Light Raider kind=move dst=(-1277,20,310)
[ORDER] commander=ai team=Team_Human_Centauri unit=Light Raider kind=move dst=(-1277,20,310)
[ORDER] commander=ai team=Team_Alien unit=Hunter kind=move dst=(1125,29,870)
[ORDER] commander=ai team=Team_Alien unit=Squid kind=move dst=(-112,99,-639)
[ORDER] commander=ai team=Team_Alien unit=Squid kind=move dst=(-112,99,-639)
[ORDER] commander=ai team=Team_Alien unit=Squid kind=move dst=(-112,99,-639)
[ORDER] commander=ai team=Team_Human_Sol unit=Light Raider kind=move dst=(1284,22,575)
[ORDER] commander=ai team=Team_Alien unit=Shocker kind=move dst=(-1125,32,870)
[ORDER] commander=ai team=Team_Alien unit=Hunter kind=move dst=(1125,29,870)
[ORDER] commander=ai team=Team_Alien unit=Squid kind=move dst=(-112,99,-639)
[ORDER] commander=ai team=Team_Alien unit=Squid kind=move dst=(-112,99,-639)
[ORDER] commander=ai team=Team_Alien unit=Squid kind=move dst=(-112,99,-639)
[ORDER] commander=ai team=Team_Human_Sol unit=Heavy Quad kind=move dst=(1284,22,575)
[ORDER] commander=ai team=Team_Human_Sol unit=Light Striker kind=move dst=(891,18,1390)
[ORDER] commander=ai team=Team_Human_Sol unit=Light Quad kind=move dst=(838,25,599)
[ORDER] commander=ai team=Team_Human_Sol unit=Light Quad kind=move dst=(838,25,599)
[ORDER] commander=ai team=Team_Human_Sol unit=Heavy Quad kind=stop
[ORDER] commander=ai team=Team_Human_Centauri unit=Assault Car kind=move dst=(-586,137,864)
[AI] [Team_Human_Centauri] tick=20 reqs=1 type={Construct:1} task={} prio(min/avg/max)=10/10.0/10 groups=0
[ORDER] commander=ai team=Team_Alien unit=Shocker kind=move dst=(-1125,32,870)
[ORDER] commander=ai team=Team_Human_Centauri unit=Light Raider kind=move dst=(-1277,20,310)
[ORDER] commander=ai team=Team_Alien unit=Hunter kind=stop
[ORDER] commander=ai team=Team_Alien unit=Hunter kind=move dst=(-90,80,-667)
[ORDER] commander=ai team=Team_Alien unit=Hunter kind=move dst=(-90,80,-667)
[AI] [Team_Human_Sol] tick=20 reqs=4 type={Construct:4} task={} prio(min/avg/max)=10/77.5/100 groups=0
[ORDER] commander=ai team=Team_Alien unit=Squid kind=move dst=(-112,99,-639)
[ORDER] commander=ai team=Team_Alien unit=Squid kind=move dst=(-112,99,-639)
[ORDER] commander=ai team=Team_Alien unit=Squid kind=move dst=(-112,99,-639)
[ORDER] commander=ai team=Team_Human_Sol unit=Light Striker kind=stop
[ORDER] commander=ai team=Team_Human_Sol unit=Light Striker kind=move dst=(995,22,1161)
[ORDER] commander=ai team=Team_Human_Sol unit=Heavy Quad kind=move dst=(995,22,1161)
[ORDER] commander=ai team=Team_Alien unit=Hunter kind=move dst=(171,30,-309)
[ORDER] commander=ai team=Team_Alien unit=Hunter kind=move dst=(171,30,-309)
[ORDER] commander=ai team=Team_Alien unit=Crab kind=move dst=(-681,70,-540)
[ORDER] commander=ai team=Team_Alien unit=Horned Crab kind=move dst=(-681,70,-540)
[ORDER] commander=ai team=Team_Alien unit=Horned Crab kind=move dst=(-681,70,-540)
[ORDER] commander=ai team=Team_Alien unit=Shocker kind=move dst=(-681,70,-540)
[ORDER] commander=ai team=Team_Alien unit=Shocker kind=move dst=(-728,117,-610)
[ORDER] commander=ai team=Team_Alien unit=Shocker kind=move dst=(-728,117,-610)
[ORDER] commander=ai team=Team_Alien unit=Shocker kind=move dst=(-728,117,-610)
[ORDER] commander=ai team=Team_Alien unit=Shocker kind=move dst=(-728,117,-610)
[ORDER] commander=ai team=Team_Alien unit=Shocker kind=attack tgt=Cent_Refinery(Clone) (Target)
[ORDER] commander=ai team=Team_Alien unit=Shocker kind=attack tgt=Cent_Refinery(Clone) (Target)
[ORDER] commander=ai team=Team_Alien unit=Shocker kind=attack tgt=Cent_Refinery(Clone) (Target)
[ORDER] commander=ai team=Team_Alien unit=Crab kind=attack tgt=Cent_Refinery(Clone) (Target)
[ORDER] commander=ai team=Team_Alien unit=Squid kind=attack tgt=Cent_Light_SquadTransport(Clone) (Target)
[ORDER] commander=ai team=Team_Alien unit=Squid kind=attack tgt=Cent_Light_SquadTransport(Clone) (Target)
[ORDER] commander=ai team=Team_Alien unit=Squid kind=attack tgt=Cent_Light_SquadTransport(Clone) (Target)
[ORDER] commander=ai team=Team_Alien unit=Squid kind=attack tgt=Cent_Light_SquadTransport(Clone) (Target)
[ORDER] commander=ai team=Team_Alien unit=Crab kind=attack tgt=Cent_Light_SquadTransport(Clone) (Target)
[ORDER] commander=ai team=Team_Alien unit=Crab kind=attack tgt=Cent_Light_SquadTransport(Clone) (Target)
[ORDER] commander=ai team=Team_Alien unit=Crab kind=attack tgt=Cent_Light_SquadTransport(Clone) (Target)
[ORDER] commander=ai team=Team_Alien unit=Crab kind=attack tgt=Cent_Light_SquadTransport(Clone) (Target)
[ORDER] commander=ai team=Team_Alien unit=Shocker kind=attack tgt=Cent_Headquarters(Clone) (Target)
[ORDER] commander=ai team=Team_Alien unit=Shocker kind=attack tgt=Cent_Headquarters(Clone) (Target)
[ORDER] commander=ai team=Team_Alien unit=Shocker kind=attack tgt=Cent_Headquarters(Clone) (Target)
[ORDER] commander=ai team=Team_Alien unit=Shocker kind=attack tgt=Cent_Headquarters(Clone) (Target)
[ORDER] commander=ai team=Team_Alien unit=Crab kind=attack tgt=Cent_Refinery(Clone) (Target)
[ORDER] commander=ai team=Team_Alien unit=Horned Crab kind=attack tgt=Cent_Refinery(Clone) (Target)
[ORDER] commander=ai team=Team_Alien unit=Horned Crab kind=attack tgt=Cent_Refinery(Clone) (Target)
[ORDER] commander=ai team=Team_Alien unit=Shocker kind=attack tgt=Cent_Refinery(Clone) (Target)
[AI] [Team_Alien] tick=20 reqs=2 type={Construct:2} task={} prio(min/avg/max)=5/7.5/10 groups=0
[ORDER] commander=ai team=Team_Human_Sol unit=Light Quad kind=move dst=(828,23,598)
[ORDER] commander=ai team=Team_Human_Sol unit=Light Quad kind=move dst=(828,23,598)
[ORDER] commander=ai team=Team_Alien unit=Squid kind=move dst=(-1107,20,324)
[ORDER] commander=ai team=Team_Alien unit=Squid kind=move dst=(-1107,20,324)
[ORDER] commander=ai team=Team_Alien unit=Squid kind=move dst=(-1107,20,324)
[ORDER] commander=ai team=Team_Alien unit=Squid kind=move dst=(-1107,20,324)
[ORDER] commander=ai team=Team_Alien unit=Shocker kind=move dst=(-1065,25,570)
[ORDER] commander=ai team=Team_Alien unit=Hunter kind=move dst=(-90,79,-666)
[ORDER] commander=ai team=Team_Alien unit=Squid kind=move dst=(-112,99,-639)
[ORDER] commander=ai team=Team_Alien unit=Squid kind=move dst=(-112,99,-639)
[ORDER] commander=ai team=Team_Alien unit=Squid kind=move dst=(-112,99,-639)
[ORDER] commander=ai team=Team_Human_Sol unit=Light Raider kind=move dst=(1284,22,575)
[ORDER] commander=ai team=Team_Human_Sol unit=Light Striker kind=move dst=(995,21,1169)
[ORDER] commander=ai team=Team_Human_Sol unit=Heavy Quad kind=move dst=(995,21,1169)
[ORDER] commander=ai team=Team_Alien unit=Shocker kind=move dst=(-1125,32,870)
[ORDER] commander=ai team=Team_Human_Centauri unit=Light Raider kind=move dst=(-1277,20,310)
[ORDER] commander=ai team=Team_Alien unit=Hunter kind=move dst=(1125,29,870)
[ORDER] commander=ai team=Team_Alien unit=Hunter kind=move dst=(1125,29,870)
[ORDER] commander=ai team=Team_Alien unit=Hunter kind=move dst=(1125,29,870)
[ORDER] commander=ai team=Team_Alien unit=Squid kind=move dst=(-112,99,-639)
[ORDER] commander=ai team=Team_Alien unit=Squid kind=move dst=(-112,99,-639)
[ORDER] commander=ai team=Team_Alien unit=Squid kind=move dst=(-112,99,-639)
[ORDER] commander=ai team=Team_Human_Sol unit=Light Striker kind=move dst=(891,18,1390)
[AI] [Team_Human_Centauri] tick=21 reqs=1 type={Construct:1} task={} prio(min/avg/max)=10/10.0/10 groups=0
[ORDER] commander=ai team=Team_Alien unit=Shocker kind=move dst=(-1125,32,870)
[ORDER] commander=ai team=Team_Alien unit=Hunter kind=move dst=(1125,29,870)
[H1] team=Team_Human_Sol fire=Refinery atBalterium=(1294,1066) refCount=1
[H1] team=Team_Human_Sol fire=Refinery atBalterium=(715,897) refCount=2
[AI] [Team_Human_Sol] tick=21 reqs=4 type={Construct:4} task={} prio(min/avg/max)=10/77.5/100 groups=0
[ORDER] commander=ai team=Team_Alien unit=Squid kind=move dst=(-112,99,-639)
[ORDER] commander=ai team=Team_Alien unit=Squid kind=move dst=(-112,99,-639)
[ORDER] commander=ai team=Team_Alien unit=Squid kind=move dst=(-112,99,-639)
[ORDER] commander=ai team=Team_Alien unit=Shocker kind=move dst=(-681,70,-540)
[ORDER] commander=ai team=Team_Alien unit=Shocker kind=move dst=(-681,70,-540)
[ORDER] commander=ai team=Team_Alien unit=Shocker kind=move dst=(-681,70,-540)
[ORDER] commander=ai team=Team_Alien unit=Shocker kind=move dst=(-681,70,-540)
[ORDER] commander=ai team=Team_Alien unit=Shocker kind=move dst=(-728,117,-610)
[ORDER] commander=ai team=Team_Alien unit=Shocker kind=move dst=(-728,117,-610)
[ORDER] commander=ai team=Team_Alien unit=Shocker kind=move dst=(-728,117,-610)
[ORDER] commander=ai team=Team_Alien unit=Crab kind=move dst=(-728,117,-610)
[ORDER] commander=ai team=Team_Alien unit=Shocker kind=attack tgt=Cent_Headquarters(Clone) (Target)
[ORDER] commander=ai team=Team_Alien unit=Shocker kind=attack tgt=Cent_Headquarters(Clone) (Target)
[ORDER] commander=ai team=Team_Alien unit=Shocker kind=attack tgt=Cent_Headquarters(Clone) (Target)
[ORDER] commander=ai team=Team_Alien unit=Shocker kind=attack tgt=Cent_Headquarters(Clone) (Target)
[ORDER] commander=ai team=Team_Alien unit=Shocker kind=attack tgt=Cent_Refinery(Clone) (Target)
[ORDER] commander=ai team=Team_Alien unit=Shocker kind=attack tgt=Cent_Refinery(Clone) (Target)
[ORDER] commander=ai team=Team_Alien unit=Shocker kind=attack tgt=Cent_Refinery(Clone) (Target)
[ORDER] commander=ai team=Team_Alien unit=Crab kind=attack tgt=Cent_Refinery(Clone) (Target)
[P32] team=Team_Alien fire=Node towardPatchAt=(-292,-10) distToOwned=373m nodesOwned=11 anchorAt=(-45,-735)
[P32] team=Team_Alien fire=Node towardPatchAt=(-482,132) distToOwned=567m nodesOwned=12 anchorAt=(-45,-735)
[AI] [Team_Alien] tick=21 reqs=2 type={Construct:2} task={} prio(min/avg/max)=5/7.5/10 groups=0
[ORDER] commander=ai team=Team_Alien unit=Shocker kind=move dst=(-1125,32,870)
[ORDER] commander=ai team=Team_Human_Centauri unit=Light Raider kind=move dst=(-1277,20,310)
[ORDER] commander=ai team=Team_Alien unit=Hunter kind=move dst=(1125,29,870)
[ORDER] commander=ai team=Team_Alien unit=Squid kind=move dst=(-112,99,-639)
[ORDER] commander=ai team=Team_Alien unit=Squid kind=move dst=(-112,99,-639)
[ORDER] commander=ai team=Team_Alien unit=Squid kind=move dst=(-112,99,-639)
[ORDER] commander=ai team=Team_Human_Sol unit=Light Raider kind=move dst=(1284,22,575)
[ORDER] commander=ai team=Team_Alien unit=Shocker kind=move dst=(-1125,32,870)
[ORDER] commander=ai team=Team_Alien unit=Hunter kind=move dst=(1125,29,870)
[ORDER] commander=ai team=Team_Alien unit=Squid kind=move dst=(-112,99,-639)
[ORDER] commander=ai team=Team_Alien unit=Squid kind=move dst=(-112,99,-639)
[ORDER] commander=ai team=Team_Alien unit=Squid kind=move dst=(-112,99,-639)
[ORDER] commander=ai team=Team_Human_Sol unit=Heavy Quad kind=move dst=(891,18,1390)
[ORDER] commander=ai team=Team_Human_Centauri unit=Squad Transport kind=attack tgt=SpecialContainer_Long_01_Small(Clone) (Target)
[ORDER] commander=ai team=Team_Human_Centauri unit=Squad Transport kind=move dst=(-1222,27,-20)
[H2] team=Team_Human_Centauri fire=Headquarters argmaxCell=(24,58) val=30 atWorld=(-520,840) hqCount=2
[AI] [Team_Human_Centauri] tick=22 reqs=1 type={Construct:1} task={} prio(min/avg/max)=10/10.0/10 groups=0
[ORDER] commander=ai team=Team_Alien unit=Shocker kind=move dst=(-1125,32,870)
[ORDER] commander=ai team=Team_Human_Centauri unit=Light Raider kind=move dst=(-1277,20,310)
[ORDER] commander=ai team=Team_Human_Centauri unit=Heavy Raider kind=move dst=(-1277,20,310)
[ORDER] commander=ai team=Team_Alien unit=Hunter kind=move dst=(1125,29,870)
[ORDER] commander=ai team=Team_Human_Sol unit=Platoon Hauler kind=move dst=(1190,39,-332)
[H2] team=Team_Human_Sol fire=Headquarters argmaxCell=(44,59) val=42 atWorld=(280,880) hqCount=2
[AI] [Team_Human_Sol] tick=22 reqs=4 type={Construct:4} task={} prio(min/avg/max)=10/77.5/100 groups=0
[ORDER] commander=ai team=Team_Alien unit=Squid kind=move dst=(-112,99,-639)
[ORDER] commander=ai team=Team_Alien unit=Squid kind=move dst=(-112,99,-639)
[ORDER] commander=ai team=Team_Alien unit=Squid kind=move dst=(-112,99,-639)
[ORDER] commander=ai team=Team_Alien unit=Shocker kind=move dst=(-681,70,-540)
[ORDER] commander=ai team=Team_Alien unit=Shocker kind=move dst=(-681,70,-540)
[ORDER] commander=ai team=Team_Alien unit=Shocker kind=move dst=(-681,70,-540)
[ORDER] commander=ai team=Team_Alien unit=Shocker kind=move dst=(-681,70,-540)
[ORDER] commander=ai team=Team_Alien unit=Shocker kind=move dst=(-728,117,-610)
[ORDER] commander=ai team=Team_Alien unit=Shocker kind=move dst=(-728,117,-610)
[ORDER] commander=ai team=Team_Alien unit=Shocker kind=move dst=(-728,117,-610)
[ORDER] commander=ai team=Team_Alien unit=Crab kind=move dst=(-728,117,-610)
[ORDER] commander=ai team=Team_Alien unit=Shocker kind=attack tgt=Cent_Headquarters(Clone) (Target)
[ORDER] commander=ai team=Team_Alien unit=Shocker kind=attack tgt=Cent_Headquarters(Clone) (Target)
[ORDER] commander=ai team=Team_Alien unit=Shocker kind=attack tgt=Cent_Headquarters(Clone) (Target)
[ORDER] commander=ai team=Team_Alien unit=Shocker kind=attack tgt=Cent_Headquarters(Clone) (Target)
[ORDER] commander=ai team=Team_Alien unit=Shocker kind=attack tgt=Cent_Refinery(Clone) (Target)
[ORDER] commander=ai team=Team_Alien unit=Shocker kind=attack tgt=Cent_Refinery(Clone) (Target)
[ORDER] commander=ai team=Team_Alien unit=Shocker kind=attack tgt=Cent_Refinery(Clone) (Target)
[ORDER] commander=ai team=Team_Alien unit=Crab kind=attack tgt=Cent_Refinery(Clone) (Target)
[P32] team=Team_Alien fire=Node towardPatchAt=(-456,33) distToOwned=469m nodesOwned=11 anchorAt=(-45,-735)
[P32] team=Team_Alien fire=Node towardPatchAt=(-437,335) distToOwned=733m nodesOwned=12 anchorAt=(-45,-735)
[AI] [Team_Alien] tick=22 reqs=2 type={Construct:2} task={} prio(min/avg/max)=5/7.5/10 groups=0
[ORDER] commander=ai team=Team_Human_Sol unit=Light Quad kind=move dst=(489,29,137)
[ORDER] commander=ai team=Team_Human_Sol unit=Light Quad kind=move dst=(489,29,137)
[ORDER] commander=ai team=Team_Human_Sol unit=Heavy Quad kind=move dst=(489,29,137)
[SPAWN_S] team=Team_Alien structure=Bio Cache at=(55,-590)
[ORDER] commander=ai team=Team_Alien unit=Shocker kind=move dst=(-1125,32,870)
[ORDER] commander=ai team=Team_Alien unit=Hunter kind=move dst=(1125,29,870)
[ORDER] commander=ai team=Team_Alien unit=Squid kind=move dst=(-112,99,-639)
[ORDER] commander=ai team=Team_Alien unit=Squid kind=move dst=(-112,99,-639)
[ORDER] commander=ai team=Team_Alien unit=Squid kind=move dst=(-112,99,-639)
[ORDER] commander=ai team=Team_Alien unit=Shocker kind=move dst=(-1125,32,870)
[ORDER] commander=ai team=Team_Human_Centauri unit=Light Raider kind=move dst=(-1277,20,310)
[ORDER] commander=ai team=Team_Alien unit=Hunter kind=move dst=(1125,29,870)
[ORDER] commander=ai team=Team_Alien unit=Squid kind=move dst=(-112,99,-639)
[ORDER] commander=ai team=Team_Alien unit=Squid kind=move dst=(-112,99,-639)
[ORDER] commander=ai team=Team_Alien unit=Squid kind=move dst=(-112,99,-639)
[ORDER] commander=ai team=Team_Human_Sol unit=Light Striker kind=move dst=(891,18,1390)
[SPAWN_S] team=Team_Alien structure=Node at=(35,-490)
[AI] [Team_Human_Centauri] tick=23 reqs=1 type={Construct:1} task={} prio(min/avg/max)=10/10.0/10 groups=0
[ORDER] commander=ai team=Team_Alien unit=Crab kind=move dst=(-175,89,-410)
[ORDER] commander=ai team=Team_Alien unit=Horned Crab kind=move dst=(-175,89,-410)
[ORDER] commander=ai team=Team_Alien unit=Horned Crab kind=move dst=(-175,89,-410)
[ORDER] commander=ai team=Team_Alien unit=Shocker kind=stop
[ORDER] commander=ai team=Team_Alien unit=Shocker kind=move dst=(-1125,32,870)
[ORDER] commander=ai team=Team_Alien unit=Hunter kind=move dst=(1125,29,870)
[H1] team=Team_Human_Sol fire=Refinery atBalterium=(1294,1066) refCount=1
[H1] team=Team_Human_Sol fire=Refinery atBalterium=(715,897) refCount=2
[H2] team=Team_Human_Sol fire=Headquarters argmaxCell=(51,69) val=34 atWorld=(560,1280) hqCount=2
[AI] [Team_Human_Sol] tick=23 reqs=4 type={Construct:4} task={} prio(min/avg/max)=10/77.5/100 groups=0
[ORDER] commander=ai team=Team_Alien unit=Squid kind=move dst=(-112,99,-639)
[ORDER] commander=ai team=Team_Alien unit=Squid kind=move dst=(-112,99,-639)
[ORDER] commander=ai team=Team_Alien unit=Squid kind=move dst=(-112,99,-639)
[ORDER] commander=ai team=Team_Human_Centauri unit=Heavy Raider kind=stop
[ORDER] commander=ai team=Team_Human_Centauri unit=Heavy Raider kind=move dst=(-836,30,1191)
[ORDER] commander=ai team=Team_Human_Centauri unit=Light Raider kind=move dst=(-836,30,1191)
[ORDER] commander=ai team=Team_Human_Sol unit=Heavy Quad kind=move dst=(1284,22,575)
[ORDER] commander=ai team=Team_Alien unit=Shocker kind=move dst=(-681,70,-540)
[ORDER] commander=ai team=Team_Alien unit=Shocker kind=move dst=(-681,70,-540)
[ORDER] commander=ai team=Team_Alien unit=Shocker kind=move dst=(-681,70,-540)
[ORDER] commander=ai team=Team_Alien unit=Shocker kind=move dst=(-681,70,-540)
[ORDER] commander=ai team=Team_Alien unit=Shocker kind=move dst=(-728,117,-610)
[ORDER] commander=ai team=Team_Alien unit=Shocker kind=move dst=(-728,117,-610)
[ORDER] commander=ai team=Team_Alien unit=Shocker kind=move dst=(-728,117,-610)
[ORDER] commander=ai team=Team_Alien unit=Crab kind=move dst=(-728,117,-610)
[ORDER] commander=ai team=Team_Alien unit=Shocker kind=attack tgt=Cent_Headquarters(Clone) (Target)
[ORDER] commander=ai team=Team_Alien unit=Shocker kind=attack tgt=Cent_Headquarters(Clone) (Target)
[ORDER] commander=ai team=Team_Alien unit=Shocker kind=attack tgt=Cent_Headquarters(Clone) (Target)
[ORDER] commander=ai team=Team_Alien unit=Shocker kind=attack tgt=Cent_Headquarters(Clone) (Target)
[ORDER] commander=ai team=Team_Alien unit=Shocker kind=attack tgt=Cent_Refinery(Clone) (Target)
[ORDER] commander=ai team=Team_Alien unit=Shocker kind=attack tgt=Cent_Refinery(Clone) (Target)
[ORDER] commander=ai team=Team_Alien unit=Shocker kind=attack tgt=Cent_Refinery(Clone) (Target)
[ORDER] commander=ai team=Team_Alien unit=Crab kind=attack tgt=Cent_Refinery(Clone) (Target)
[P32] team=Team_Alien fire=Node towardPatchAt=(-355,134) distToOwned=378m nodesOwned=12 anchorAt=(-45,-735)
[P32] team=Team_Alien fire=Node towardPatchAt=(-627,8) distToOwned=464m nodesOwned=13 anchorAt=(-45,-735)
[AI] [Team_Alien] tick=23 reqs=1 type={Construct:1} task={} prio(min/avg/max)=10/10.0/10 groups=0
[ORDER] commander=ai team=Team_Alien unit=Shocker kind=move dst=(-1125,32,870)
[ORDER] commander=ai team=Team_Alien unit=Hunter kind=move dst=(1125,29,870)
[ORDER] commander=ai team=Team_Alien unit=Squid kind=move dst=(-112,99,-639)
[ORDER] commander=ai team=Team_Alien unit=Squid kind=move dst=(-112,99,-639)
[ORDER] commander=ai team=Team_Alien unit=Squid kind=move dst=(-112,99,-639)
[ORDER] commander=ai team=Team_Human_Centauri unit=Heavy Raider kind=move dst=(-825,31,1192)
[ORDER] commander=ai team=Team_Human_Centauri unit=Light Raider kind=move dst=(-825,31,1192)
[ORDER] commander=ai team=Team_Alien unit=Shocker kind=move dst=(-1125,32,870)
[ORDER] commander=ai team=Team_Alien unit=Hunter kind=move dst=(1125,29,870)
[ORDER] commander=ai team=Team_Alien unit=Squid kind=move dst=(-112,99,-639)
[ORDER] commander=ai team=Team_Alien unit=Squid kind=move dst=(-112,99,-639)
[ORDER] commander=ai team=Team_Alien unit=Squid kind=move dst=(-112,99,-639)
[ORDER] commander=ai team=Team_Human_Centauri unit=Heavy Raider kind=move dst=(-228,31,1229)
[ORDER] commander=ai team=Team_Human_Sol unit=Light Raider kind=move dst=(1284,22,575)
[ORDER] commander=ai team=Team_Human_Centauri unit=Squad Transport kind=move dst=(-1222,27,-20)
[H2] team=Team_Human_Centauri fire=Headquarters argmaxCell=(14,44) val=30 atWorld=(-920,280) hqCount=2
[H3] team=Team_Human_Centauri fire=Barracks nearHq=(-1125,870)
[H3] team=Team_Human_Centauri fire=Research Facility nearHq=(-1125,870)
[AI] [Team_Human_Centauri] tick=24 reqs=1 type={Construct:1} task={} prio(min/avg/max)=10/10.0/10 groups=0
[ORDER] commander=ai team=Team_Alien unit=Horned Crab kind=move dst=(-1065,25,570)
[ORDER] commander=ai team=Team_Alien unit=Shocker kind=move dst=(-1065,25,570)
[ORDER] commander=ai team=Team_Alien unit=Shocker kind=move dst=(-1125,32,870)
[ORDER] commander=ai team=Team_Alien unit=Hunter kind=move dst=(1125,29,870)
[ORDER] commander=ai team=Team_Human_Sol unit=Heavy Quad kind=move dst=(1351,21,-281)
[ORDER] commander=ai team=Team_Human_Sol unit=Light Raider kind=move dst=(1351,21,-281)
[ORDER] commander=ai team=Team_Human_Sol unit=Light Raider kind=move dst=(1351,21,-281)
[AI] [Team_Human_Sol] tick=24 reqs=4 type={Construct:4} task={} prio(min/avg/max)=10/77.5/100 groups=0
[ORDER] commander=ai team=Team_Alien unit=Squid kind=move dst=(-112,99,-639)
[ORDER] commander=ai team=Team_Alien unit=Squid kind=move dst=(-112,99,-639)
[ORDER] commander=ai team=Team_Alien unit=Squid kind=move dst=(-112,99,-639)
[ORDER] commander=ai team=Team_Human_Centauri unit=Squad Transport kind=move dst=(-1400,19,1400)
[ORDER] commander=ai team=Team_Alien unit=Shocker kind=move dst=(-681,70,-540)
[ORDER] commander=ai team=Team_Alien unit=Shocker kind=move dst=(-681,70,-540)
[ORDER] commander=ai team=Team_Alien unit=Shocker kind=move dst=(-681,70,-540)
[ORDER] commander=ai team=Team_Alien unit=Shocker kind=move dst=(-681,70,-540)
[ORDER] commander=ai team=Team_Alien unit=Shocker kind=move dst=(-728,117,-610)
[ORDER] commander=ai team=Team_Alien unit=Shocker kind=move dst=(-728,117,-610)
[ORDER] commander=ai team=Team_Alien unit=Shocker kind=move dst=(-728,117,-610)
[ORDER] commander=ai team=Team_Alien unit=Crab kind=move dst=(-728,117,-610)
[ORDER] commander=ai team=Team_Alien unit=Queen kind=attack tgt=SpecialContainer_Long_01_Small(Clone) (Target)
[ORDER] commander=ai team=Team_Alien unit=Shocker kind=attack tgt=Cent_Headquarters(Clone) (Target)
[ORDER] commander=ai team=Team_Alien unit=Shocker kind=attack tgt=Cent_Headquarters(Clone) (Target)
[ORDER] commander=ai team=Team_Alien unit=Shocker kind=attack tgt=Cent_Headquarters(Clone) (Target)
[ORDER] commander=ai team=Team_Alien unit=Shocker kind=attack tgt=Cent_Headquarters(Clone) (Target)
[ORDER] commander=ai team=Team_Alien unit=Shocker kind=attack tgt=Cent_Refinery(Clone) (Target)
[ORDER] commander=ai team=Team_Alien unit=Shocker kind=attack tgt=Cent_Refinery(Clone) (Target)
[ORDER] commander=ai team=Team_Alien unit=Shocker kind=attack tgt=Cent_Refinery(Clone) (Target)
[ORDER] commander=ai team=Team_Alien unit=Crab kind=attack tgt=Cent_Refinery(Clone) (Target)
[P32] team=Team_Alien fire=Node towardPatchAt=(261,-287) distToOwned=277m nodesOwned=17 anchorAt=(-45,-735)
[AI] [Team_Alien] tick=24 reqs=1 type={Construct:1} task={} prio(min/avg/max)=10/10.0/10 groups=0
[ORDER] commander=ai team=Team_Alien unit=Squid kind=move dst=(-1012,21,125)
[ORDER] commander=ai team=Team_Alien unit=Squid kind=move dst=(-1012,21,125)
[ORDER] commander=ai team=Team_Human_Sol unit=Heavy Quad kind=move dst=(744,26,800)
[ORDER] commander=ai team=Team_Human_Sol unit=Light Striker kind=stop
[ORDER] commander=ai team=Team_Human_Sol unit=Light Striker kind=move dst=(744,26,800)
[ORDER] commander=ai team=Team_Alien unit=Shocker kind=move dst=(-1125,32,870)
[ORDER] commander=ai team=Team_Alien unit=Hunter kind=move dst=(1125,29,870)
[ORDER] commander=ai team=Team_Alien unit=Queen kind=move dst=(-1095,38,-18)
[ORDER] commander=ai team=Team_Alien unit=Squid kind=move dst=(-112,99,-639)
[ORDER] commander=ai team=Team_Alien unit=Squid kind=move dst=(-112,99,-639)
[ORDER] commander=ai team=Team_Alien unit=Squid kind=move dst=(-112,99,-639)
[SPAWN_S] team=Team_Alien structure=Node at=(-190,-545)
[ORDER] commander=ai team=Team_Alien unit=Squid kind=move dst=(-1008,22,111)
[ORDER] commander=ai team=Team_Human_Sol unit=Heavy Quad kind=move dst=(621,23,814)
[ORDER] commander=ai team=Team_Human_Sol unit=Light Striker kind=move dst=(621,23,814)
[ORDER] commander=ai team=Team_Alien unit=Shocker kind=move dst=(-1125,32,870)
[ORDER] commander=ai team=Team_Human_Centauri unit=Light Raider kind=move dst=(-1277,20,310)
[ORDER] commander=ai team=Team_Alien unit=Hunter kind=move dst=(1125,29,870)
[ORDER] commander=ai team=Team_Alien unit=Squid kind=move dst=(-112,99,-639)
[ORDER] commander=ai team=Team_Alien unit=Squid kind=move dst=(-112,99,-639)
[ORDER] commander=ai team=Team_Alien unit=Squid kind=move dst=(-112,99,-639)
[ORDER] commander=ai team=Team_Human_Centauri unit=Light Raider kind=move dst=(-228,31,1229)
[ORDER] commander=ai team=Team_Alien unit=Crab kind=stop
[ORDER] commander=ai team=Team_Alien unit=Crab kind=move dst=(-206,91,-453)
[ORDER] commander=ai team=Team_Alien unit=Crab kind=move dst=(-206,91,-453)
[ORDER] commander=ai team=Team_Alien unit=Crab kind=move dst=(-206,91,-453)
[ORDER] commander=ai team=Team_Human_Centauri unit=Militia kind=attack tgt=Squid(Clone) (Target)
[ORDER] commander=ai team=Team_Human_Centauri unit=Militia kind=attack tgt=Squid(Clone) (Target)
[ORDER] commander=ai team=Team_Human_Centauri unit=Militia kind=attack tgt=Squid(Clone) (Target)
[ORDER] commander=ai team=Team_Human_Centauri unit=Trooper kind=attack tgt=Squid(Clone) (Target)
[ORDER] commander=ai team=Team_Human_Centauri unit=Squad Transport kind=move dst=(-1148,29,-337)
[ORDER] commander=ai team=Team_Human_Centauri unit=Squad Transport kind=move dst=(-1222,27,-20)
[ORDER] commander=ai team=Team_Human_Centauri unit=Light Raider kind=attack tgt=Squid(Clone) (Target)
[ORDER] commander=ai team=Team_Human_Centauri unit=Heavy Raider kind=attack tgt=Squid(Clone) (Target)
[ORDER] commander=ai team=Team_Human_Centauri unit=Assault Car kind=attack tgt=Squid(Clone) (Target)
[AI] [Team_Human_Centauri] tick=25 reqs=1 type={Construct:1} task={} prio(min/avg/max)=10/10.0/10 groups=0
[ORDER] commander=ai team=Team_Human_Centauri unit=Militia kind=move dst=(-887,56,104)
[ORDER] commander=ai team=Team_Human_Centauri unit=Trooper kind=move dst=(-887,56,104)
[ORDER] commander=ai team=Team_Human_Centauri unit=Heavy Raider kind=move dst=(-893,55,104)
[ORDER] commander=ai team=Team_Alien unit=Shocker kind=move dst=(-1125,32,870)
[ORDER] commander=ai team=Team_Alien unit=Hunter kind=move dst=(1125,29,870)
[ORDER] commander=ai team=Team_Human_Sol unit=Rifleman kind=move dst=(910,36,85)
[H1] team=Team_Human_Sol fire=Refinery atBalterium=(1294,1066) refCount=1
[H1] team=Team_Human_Sol fire=Refinery atBalterium=(715,897) refCount=2
[AI] [Team_Human_Sol] tick=25 reqs=4 type={Construct:4} task={} prio(min/avg/max)=10/77.5/100 groups=0
[ORDER] commander=ai team=Team_Alien unit=Squid kind=move dst=(-112,99,-639)
[ORDER] commander=ai team=Team_Alien unit=Squid kind=move dst=(-112,99,-639)
[ORDER] commander=ai team=Team_Alien unit=Squid kind=move dst=(-112,99,-639)
[ORDER] commander=ai team=Team_Alien unit=Crab kind=move dst=(-1111,35,0)
[ORDER] commander=ai team=Team_Alien unit=Crab kind=move dst=(-1111,35,0)
[ORDER] commander=ai team=Team_Alien unit=Crab kind=move dst=(-1111,35,0)
[ORDER] commander=ai team=Team_Alien unit=Crab kind=move dst=(-1111,35,0)
[ORDER] commander=ai team=Team_Alien unit=Shocker kind=move dst=(-681,70,-540)
[ORDER] commander=ai team=Team_Alien unit=Shocker kind=move dst=(-681,70,-540)
[ORDER] commander=ai team=Team_Alien unit=Shocker kind=move dst=(-681,70,-540)
[ORDER] commander=ai team=Team_Alien unit=Shocker kind=move dst=(-681,70,-540)
[ORDER] commander=ai team=Team_Alien unit=Shocker kind=move dst=(-728,117,-610)
[ORDER] commander=ai team=Team_Alien unit=Shocker kind=move dst=(-728,117,-610)
[ORDER] commander=ai team=Team_Alien unit=Shocker kind=move dst=(-728,117,-610)
[ORDER] commander=ai team=Team_Alien unit=Crab kind=move dst=(-728,117,-610)
[ORDER] commander=ai team=Team_Alien unit=Crab kind=attack tgt=ConstructionSite_Cent_Barracks(Clone) (Target)
[ORDER] commander=ai team=Team_Alien unit=Crab kind=attack tgt=ConstructionSite_Cent_Barracks(Clone) (Target)
[ORDER] commander=ai team=Team_Alien unit=Crab kind=attack tgt=ConstructionSite_Cent_Barracks(Clone) (Target)
[ORDER] commander=ai team=Team_Alien unit=Crab kind=attack tgt=ConstructionSite_Cent_Barracks(Clone) (Target)
[ORDER] commander=ai team=Team_Alien unit=Squid kind=attack tgt=Cent_Soldier_Militia(Clone) (Target)
[ORDER] commander=ai team=Team_Alien unit=Squid kind=attack tgt=Cent_Soldier_Militia(Clone) (Target)
[ORDER] commander=ai team=Team_Alien unit=Squid kind=attack tgt=Cent_Soldier_Militia(Clone) (Target)
[ORDER] commander=ai team=Team_Alien unit=Squid kind=attack tgt=Cent_Soldier_Militia(Clone) (Target)
[ORDER] commander=ai team=Team_Alien unit=Shocker kind=attack tgt=Cent_Headquarters(Clone) (Target)
[ORDER] commander=ai team=Team_Alien unit=Shocker kind=attack tgt=Cent_Headquarters(Clone) (Target)
[ORDER] commander=ai team=Team_Alien unit=Shocker kind=attack tgt=Cent_Headquarters(Clone) (Target)
[ORDER] commander=ai team=Team_Alien unit=Shocker kind=attack tgt=Cent_Headquarters(Clone) (Target)
[ORDER] commander=ai team=Team_Alien unit=Shocker kind=attack tgt=Cent_Refinery(Clone) (Target)
[ORDER] commander=ai team=Team_Alien unit=Shocker kind=attack tgt=Cent_Refinery(Clone) (Target)
[ORDER] commander=ai team=Team_Alien unit=Shocker kind=attack tgt=Cent_Refinery(Clone) (Target)
[ORDER] commander=ai team=Team_Alien unit=Crab kind=attack tgt=Cent_Refinery(Clone) (Target)
[ORDER] commander=ai team=Team_Alien unit=Hunter kind=attack tgt=ConstructionSite_Cent_Barracks(Clone) (Target)
[ORDER] commander=ai team=Team_Alien unit=Hunter kind=attack tgt=ConstructionSite_Cent_Barracks(Clone) (Target)
[AI] [Team_Alien] tick=25 reqs=1 type={Construct:1} task={} prio(min/avg/max)=10/10.0/10 groups=0
[ORDER] commander=ai team=Team_Alien unit=Hunter kind=move dst=(-1035,34,855)
[ORDER] commander=ai team=Team_Alien unit=Squid kind=move dst=(-1144,19,362)
[SPAWN_S] team=Team_Alien structure=Lesser Spawning Cyst at=(15,-615)
[ORDER] commander=ai team=Team_Alien unit=Shocker kind=move dst=(-1125,32,870)
[ORDER] commander=ai team=Team_Human_Centauri unit=Light Raider kind=move dst=(-1277,20,310)
[ORDER] commander=ai team=Team_Alien unit=Hunter kind=move dst=(1125,29,870)
[ORDER] commander=ai team=Team_Alien unit=Squid kind=move dst=(-112,99,-639)
[ORDER] commander=ai team=Team_Alien unit=Squid kind=move dst=(-112,99,-639)
[ORDER] commander=ai team=Team_Alien unit=Squid kind=move dst=(-112,99,-639)
[ORDER] commander=ai team=Team_Human_Centauri unit=Heavy Raider kind=move dst=(-228,31,1229)
[ORDER] commander=ai team=Team_Human_Sol unit=Light Striker kind=move dst=(621,23,814)
[ORDER] commander=ai team=Team_Alien unit=Horned Crab kind=move dst=(-1065,25,570)
[ORDER] commander=ai team=Team_Alien unit=Shocker kind=move dst=(-1125,32,870)
[ORDER] commander=ai team=Team_Alien unit=Hunter kind=move dst=(1125,29,870)
[ORDER] commander=ai team=Team_Alien unit=Squid kind=move dst=(-112,99,-639)
[ORDER] commander=ai team=Team_Alien unit=Squid kind=move dst=(-112,99,-639)
[ORDER] commander=ai team=Team_Alien unit=Squid kind=move dst=(-112,99,-639)
[ORDER] commander=ai team=Team_Alien unit=Crab kind=stop
[ORDER] commander=ai team=Team_Alien unit=Crab kind=move dst=(-203,91,-450)
[ORDER] commander=ai team=Team_Alien unit=Crab kind=move dst=(-203,91,-450)
[ORDER] commander=ai team=Team_Alien unit=Crab kind=move dst=(-203,91,-450)
[ORDER] commander=ai team=Team_Human_Centauri unit=Squad Transport kind=move dst=(-1095,38,-18)
[ORDER] commander=ai team=Team_Human_Centauri unit=Squad Transport kind=move dst=(-1222,27,-20)
[AI] [Team_Human_Centauri] tick=26 reqs=1 type={Construct:1} task={} prio(min/avg/max)=10/10.0/10 groups=0
[ORDER] commander=ai team=Team_Alien unit=Shocker kind=move dst=(-1125,32,870)
[ORDER] commander=ai team=Team_Alien unit=Hunter kind=move dst=(1125,29,870)
[ORDER] commander=ai team=Team_Human_Sol unit=Rifleman kind=move dst=(410,19,-150)
[AI] [Team_Human_Sol] tick=26 reqs=4 type={Construct:4} task={} prio(min/avg/max)=10/77.5/100 groups=0
[ORDER] commander=ai team=Team_Alien unit=Squid kind=move dst=(-112,99,-639)
[ORDER] commander=ai team=Team_Alien unit=Squid kind=move dst=(-112,99,-639)
[ORDER] commander=ai team=Team_Alien unit=Squid kind=move dst=(-112,99,-639)
[ORDER] commander=ai team=Team_Alien unit=Crab kind=move dst=(-1035,34,855)
[ORDER] commander=ai team=Team_Alien unit=Crab kind=move dst=(-1035,34,855)
[P31] team=Team_Alien preset=Harvest stock=Shrimp ours=Shrimp agree=True rationale=biotic scaling (have 9/60)
[ORDER] commander=ai team=Team_Alien unit=Hunter kind=move dst=(171,30,-309)
[ORDER] commander=ai team=Team_Alien unit=Hunter kind=move dst=(171,30,-309)
[ORDER] commander=ai team=Team_Alien unit=Shocker kind=move dst=(-681,70,-540)
[ORDER] commander=ai team=Team_Alien unit=Shocker kind=move dst=(-681,70,-540)
[ORDER] commander=ai team=Team_Alien unit=Shocker kind=move dst=(-681,70,-540)
[ORDER] commander=ai team=Team_Alien unit=Shocker kind=move dst=(-681,70,-540)
[ORDER] commander=ai team=Team_Alien unit=Crab kind=move dst=(-728,117,-610)
[ORDER] commander=ai team=Team_Alien unit=Crab kind=move dst=(-728,117,-610)
[ORDER] commander=ai team=Team_Alien unit=Crab kind=move dst=(-728,117,-610)
[ORDER] commander=ai team=Team_Alien unit=Crab kind=move dst=(-728,117,-610)
[ORDER] commander=ai team=Team_Alien unit=Shocker kind=attack tgt=Cent_HeavyHarvester(Clone) (Target)
[ORDER] commander=ai team=Team_Alien unit=Shocker kind=attack tgt=Cent_HeavyHarvester(Clone) (Target)
[ORDER] commander=ai team=Team_Alien unit=Shocker kind=attack tgt=Cent_HeavyHarvester(Clone) (Target)
[ORDER] commander=ai team=Team_Alien unit=Crab kind=attack tgt=Cent_HeavyHarvester(Clone) (Target)
[ORDER] commander=ai team=Team_Alien unit=Shocker kind=attack tgt=Cent_Headquarters(Clone) (Target)
[ORDER] commander=ai team=Team_Alien unit=Shocker kind=attack tgt=Cent_Headquarters(Clone) (Target)
[ORDER] commander=ai team=Team_Alien unit=Shocker kind=attack tgt=Cent_Headquarters(Clone) (Target)
[ORDER] commander=ai team=Team_Alien unit=Shocker kind=attack tgt=Cent_Headquarters(Clone) (Target)
[ORDER] commander=ai team=Team_Alien unit=Hunter kind=attack tgt=Cent_Refinery(Clone) (Target)
[ORDER] commander=ai team=Team_Alien unit=Hunter kind=attack tgt=Cent_Refinery(Clone) (Target)
[ORDER] commander=ai team=Team_Alien unit=Crab kind=attack tgt=Cent_Soldier_Militia(Clone) (Target)
[ORDER] commander=ai team=Team_Alien unit=Crab kind=attack tgt=Cent_Soldier_Militia(Clone) (Target)
[ORDER] commander=ai team=Team_Alien unit=Crab kind=attack tgt=Cent_Soldier_Militia(Clone) (Target)
[ORDER] commander=ai team=Team_Alien unit=Crab kind=attack tgt=Cent_Soldier_Militia(Clone) (Target)
[AI] [Team_Alien] tick=26 reqs=4 type={Construct:4} task={} prio(min/avg/max)=10/45.5/81 groups=0
[ORDER] commander=ai team=Team_Human_Sol unit=Light Quad kind=move dst=(746,22,550)
[ORDER] commander=ai team=Team_Human_Sol unit=Light Quad kind=move dst=(746,22,550)
[ORDER] commander=ai team=Team_Human_Sol unit=Heavy Quad kind=stop
[SPAWN_S] team=Team_Alien structure=Bio Cache at=(15,-415)
[ORDER] commander=ai team=Team_Alien unit=Hunter kind=move dst=(-1065,25,570)
[ORDER] commander=ai team=Team_Human_Sol unit=Heavy Quad kind=move dst=(621,23,814)
[ORDER] commander=ai team=Team_Alien unit=Shocker kind=move dst=(-1125,32,870)
[ORDER] commander=ai team=Team_Human_Centauri unit=Light Raider kind=move dst=(-1277,20,310)
[ORDER] commander=ai team=Team_Alien unit=Hunter kind=move dst=(1125,29,870)
[ORDER] commander=ai team=Team_Alien unit=Squid kind=move dst=(-112,99,-639)
[ORDER] commander=ai team=Team_Alien unit=Squid kind=move dst=(-112,99,-639)
[ORDER] commander=ai team=Team_Alien unit=Squid kind=move dst=(-112,99,-639)
[ORDER] commander=ai team=Team_Human_Sol unit=Light Quad kind=move dst=(739,22,548)
[ORDER] commander=ai team=Team_Human_Sol unit=Light Quad kind=move dst=(739,22,548)
[ORDER] commander=ai team=Team_Human_Centauri unit=Militia kind=move dst=(-1032,44,240)
[ORDER] commander=ai team=Team_Human_Centauri unit=Militia kind=move dst=(-1032,44,240)
[ORDER] commander=ai team=Team_Human_Centauri unit=Militia kind=move dst=(-1032,44,240)
[ORDER] commander=ai team=Team_Human_Sol unit=Heavy Quad kind=move dst=(669,22,803)
[ORDER] commander=ai team=Team_Human_Sol unit=Light Striker kind=stop
[ORDER] commander=ai team=Team_Human_Sol unit=Light Striker kind=move dst=(669,22,803)
[ORDER] commander=ai team=Team_Alien unit=Shocker kind=move dst=(-1125,32,870)
[ORDER] commander=ai team=Team_Alien unit=Hunter kind=move dst=(1125,29,870)
[ORDER] commander=ai team=Team_Alien unit=Squid kind=move dst=(-112,99,-639)
[ORDER] commander=ai team=Team_Alien unit=Squid kind=move dst=(-112,99,-639)
[ORDER] commander=ai team=Team_Alien unit=Squid kind=move dst=(-112,99,-639)
[ORDER] commander=ai team=Team_Human_Centauri unit=Light Raider kind=move dst=(-1222,27,-20)
[ORDER] commander=ai team=Team_Human_Centauri unit=Light Raider kind=move dst=(-1222,27,-20)
[ORDER] commander=ai team=Team_Human_Centauri unit=Heavy Raider kind=move dst=(-1222,27,-20)
[ORDER] commander=ai team=Team_Human_Centauri unit=Squad Transport kind=move dst=(-1362,28,1274)
[ORDER] commander=ai team=Team_Human_Centauri unit=Squad Transport kind=move dst=(-1400,28,168)
[AI] [Team_Human_Centauri] tick=27 reqs=1 type={Construct:1} task={} prio(min/avg/max)=10/10.0/10 groups=0
[ORDER] commander=ai team=Team_Human_Centauri unit=Trooper kind=move dst=(-1062,42,275)
[ORDER] commander=ai team=Team_Human_Sol unit=Heavy Quad kind=move dst=(621,23,814)
[ORDER] commander=ai team=Team_Human_Sol unit=Light Striker kind=move dst=(621,23,814)
[ORDER] commander=ai team=Team_Alien unit=Shocker kind=move dst=(-1125,32,870)
[ORDER] commander=ai team=Team_Alien unit=Hunter kind=move dst=(1125,29,870)
[H1] team=Team_Human_Sol fire=Refinery atBalterium=(1294,1066) refCount=1
[H1] team=Team_Human_Sol fire=Refinery atBalterium=(715,897) refCount=2
[H2] team=Team_Human_Sol fire=Headquarters argmaxCell=(45,55) val=60 atWorld=(320,720) hqCount=2
[AI] [Team_Human_Sol] tick=27 reqs=4 type={Construct:4} task={} prio(min/avg/max)=10/77.5/100 groups=0
[ORDER] commander=ai team=Team_Alien unit=Squid kind=move dst=(-112,99,-639)
[ORDER] commander=ai team=Team_Alien unit=Squid kind=move dst=(-112,99,-639)
[ORDER] commander=ai team=Team_Alien unit=Squid kind=move dst=(-112,99,-639)
[P31] team=Team_Alien preset=Harvest stock=Shrimp ours=Shrimp agree=True rationale=biotic scaling (have 9/60)
[ORDER] commander=ai team=Team_Alien unit=Crab kind=move dst=(171,30,-309)
[ORDER] commander=ai team=Team_Alien unit=Shocker kind=move dst=(171,30,-309)
[ORDER] commander=ai team=Team_Alien unit=Shocker kind=move dst=(171,30,-309)
[ORDER] commander=ai team=Team_Alien unit=Shocker kind=move dst=(171,30,-309)
[ORDER] commander=ai team=Team_Alien unit=Shocker kind=move dst=(-681,70,-540)
[ORDER] commander=ai team=Team_Alien unit=Shocker kind=move dst=(-681,70,-540)
[ORDER] commander=ai team=Team_Alien unit=Shocker kind=move dst=(-681,70,-540)
[ORDER] commander=ai team=Team_Alien unit=Shocker kind=move dst=(-681,70,-540)
[ORDER] commander=ai team=Team_Alien unit=Shocker kind=move dst=(-728,117,-610)
[ORDER] commander=ai team=Team_Alien unit=Shocker kind=move dst=(-728,117,-610)
[ORDER] commander=ai team=Team_Alien unit=Shocker kind=move dst=(-728,117,-610)
[ORDER] commander=ai team=Team_Alien unit=Crab kind=move dst=(-728,117,-610)
[ORDER] commander=ai team=Team_Alien unit=Crab kind=attack tgt=Cent_HeavyHarvester(Clone) (Target)
[ORDER] commander=ai team=Team_Alien unit=Horned Crab kind=attack tgt=Cent_HeavyHarvester(Clone) (Target)
[ORDER] commander=ai team=Team_Alien unit=Horned Crab kind=attack tgt=Cent_HeavyHarvester(Clone) (Target)
[ORDER] commander=ai team=Team_Alien unit=Shocker kind=attack tgt=Cent_HeavyHarvester(Clone) (Target)
[ORDER] commander=ai team=Team_Alien unit=Shocker kind=attack tgt=Sol_Headquarters(Clone) (Target)
[ORDER] commander=ai team=Team_Alien unit=Shocker kind=attack tgt=Sol_Headquarters(Clone) (Target)
[ORDER] commander=ai team=Team_Alien unit=Shocker kind=attack tgt=Sol_Headquarters(Clone) (Target)
[ORDER] commander=ai team=Team_Alien unit=Crab kind=attack tgt=Sol_Headquarters(Clone) (Target)
[ORDER] commander=ai team=Team_Alien unit=Crab kind=attack tgt=Cent_Headquarters(Clone) (Target)
[ORDER] commander=ai team=Team_Alien unit=Shocker kind=attack tgt=Cent_Headquarters(Clone) (Target)
[ORDER] commander=ai team=Team_Alien unit=Shocker kind=attack tgt=Cent_Headquarters(Clone) (Target)
[ORDER] commander=ai team=Team_Alien unit=Shocker kind=attack tgt=Cent_Headquarters(Clone) (Target)
[ORDER] commander=ai team=Team_Alien unit=Shocker kind=attack tgt=Cent_Refinery(Clone) (Target)
[ORDER] commander=ai team=Team_Alien unit=Shocker kind=attack tgt=Cent_Refinery(Clone) (Target)
[ORDER] commander=ai team=Team_Alien unit=Shocker kind=attack tgt=Cent_Refinery(Clone) (Target)
[ORDER] commander=ai team=Team_Alien unit=Shocker kind=attack tgt=Cent_Refinery(Clone) (Target)
[AI] [Team_Alien] tick=27 reqs=4 type={Construct:4} task={} prio(min/avg/max)=10/45.5/81 groups=0
[ORDER] commander=ai team=Team_Alien unit=Crab kind=move dst=(-1125,32,870)
[ORDER] commander=ai team=Team_Alien unit=Shocker kind=move dst=(-1125,32,870)
[ORDER] commander=ai team=Team_Alien unit=Shocker kind=move dst=(-1125,32,870)
[ORDER] commander=ai team=Team_Alien unit=Shocker kind=move dst=(-1125,32,870)
[ORDER] commander=ai team=Team_Human_Centauri unit=Militia kind=move dst=(-1080,36,295)
[ORDER] commander=ai team=Team_Human_Centauri unit=Militia kind=move dst=(-1080,36,295)
[ORDER] commander=ai team=Team_Human_Centauri unit=Militia kind=move dst=(-1080,36,295)
[ORDER] commander=ai team=Team_Alien unit=Shocker kind=move dst=(-1065,25,570)
[ORDER] commander=ai team=Team_Alien unit=Hunter kind=stop
[ORDER] commander=ai team=Team_Alien unit=Hunter kind=move dst=(22,84,-518)
[ORDER] commander=ai team=Team_Alien unit=Hunter kind=move dst=(22,84,-518)
[ORDER] commander=ai team=Team_Alien unit=Squid kind=move dst=(-112,99,-639)
[ORDER] commander=ai team=Team_Alien unit=Squid kind=move dst=(-112,99,-639)
[ORDER] commander=ai team=Team_Alien unit=Squid kind=move dst=(-112,99,-639)
[ORDER] commander=ai team=Team_Alien unit=Shocker kind=move dst=(-1065,25,570)
[ORDER] commander=ai team=Team_Alien unit=Hunter kind=move dst=(22,84,-517)
[ORDER] commander=ai team=Team_Alien unit=Squid kind=move dst=(-112,99,-639)
[ORDER] commander=ai team=Team_Alien unit=Squid kind=move dst=(-112,99,-639)
[ORDER] commander=ai team=Team_Alien unit=Squid kind=move dst=(-112,99,-639)
[ORDER] commander=ai team=Team_Human_Sol unit=Heavy Quad kind=move dst=(891,18,1390)
[ORDER] commander=ai team=Team_Alien unit=Squid kind=move dst=(-1104,20,325)
[ORDER] commander=ai team=Team_Human_Centauri unit=Squad Transport kind=move dst=(-996,26,-550)
[ORDER] commander=ai team=Team_Human_Centauri unit=Light Raider kind=move dst=(-1029,19,387)
[ORDER] commander=ai team=Team_Human_Centauri unit=Light Raider kind=move dst=(-1029,19,387)
[ORDER] commander=ai team=Team_Human_Centauri unit=Heavy Raider kind=move dst=(-1029,19,387)
[AI] [Team_Human_Centauri] tick=28 reqs=1 type={Construct:1} task={} prio(min/avg/max)=10/10.0/10 groups=0
[ORDER] commander=ai team=Team_Human_Centauri unit=Militia kind=move dst=(-1108,28,326)
[ORDER] commander=ai team=Team_Human_Centauri unit=Militia kind=move dst=(-1108,28,326)
[ORDER] commander=ai team=Team_Human_Centauri unit=Militia kind=move dst=(-1108,28,326)
[ORDER] commander=ai team=Team_Human_Sol unit=Light Striker kind=move dst=(621,23,814)
[ORDER] commander=ai team=Team_Alien unit=Shocker kind=move dst=(-1065,25,570)
[ORDER] commander=ai team=Team_Alien unit=Hunter kind=move dst=(22,84,-517)
[ORDER] commander=ai team=Team_Human_Sol unit=Platoon Hauler kind=move dst=(260,23,325)
[H2] team=Team_Human_Sol fire=Headquarters argmaxCell=(45,55) val=60 atWorld=(320,720) hqCount=2
[AI] [Team_Human_Sol] tick=28 reqs=4 type={Construct:4} task={} prio(min/avg/max)=10/77.5/100 groups=0
[ORDER] commander=ai team=Team_Alien unit=Squid kind=move dst=(-112,99,-639)
[ORDER] commander=ai team=Team_Alien unit=Squid kind=move dst=(-112,99,-639)
[ORDER] commander=ai team=Team_Alien unit=Squid kind=move dst=(-112,99,-639)
[P31] team=Team_Alien preset=Harvest stock=Shrimp ours=Shrimp agree=True rationale=biotic scaling (have 9/60)
[ORDER] commander=ai team=Team_Alien unit=Crab kind=move dst=(171,30,-309)
[ORDER] commander=ai team=Team_Alien unit=Shocker kind=move dst=(171,30,-309)
[ORDER] commander=ai team=Team_Alien unit=Shocker kind=move dst=(171,30,-309)
[ORDER] commander=ai team=Team_Alien unit=Shocker kind=move dst=(171,30,-309)
[ORDER] commander=ai team=Team_Alien unit=Shocker kind=move dst=(-681,70,-540)
[ORDER] commander=ai team=Team_Alien unit=Shocker kind=move dst=(-681,70,-540)
[ORDER] commander=ai team=Team_Alien unit=Shocker kind=move dst=(-681,70,-540)
[ORDER] commander=ai team=Team_Alien unit=Shocker kind=move dst=(-681,70,-540)
[ORDER] commander=ai team=Team_Alien unit=Crab kind=move dst=(-728,117,-610)
[ORDER] commander=ai team=Team_Alien unit=Horned Crab kind=move dst=(-728,117,-610)
[ORDER] commander=ai team=Team_Alien unit=Horned Crab kind=move dst=(-728,117,-610)
[ORDER] commander=ai team=Team_Alien unit=Shocker kind=move dst=(-728,117,-610)
[ORDER] commander=ai team=Team_Alien unit=Crab kind=attack tgt=ConstructionSite_Cent_Barracks(Clone) (Target)
[ORDER] commander=ai team=Team_Alien unit=Crab kind=attack tgt=ConstructionSite_Cent_Barracks(Clone) (Target)
[ORDER] commander=ai team=Team_Alien unit=Crab kind=attack tgt=ConstructionSite_Cent_Barracks(Clone) (Target)
[ORDER] commander=ai team=Team_Alien unit=Crab kind=attack tgt=ConstructionSite_Cent_Barracks(Clone) (Target)
[ORDER] commander=ai team=Team_Alien unit=Crab kind=attack tgt=Cent_Headquarters(Clone) (Target)
[ORDER] commander=ai team=Team_Alien unit=Shocker kind=attack tgt=Cent_Headquarters(Clone) (Target)
[ORDER] commander=ai team=Team_Alien unit=Shocker kind=attack tgt=Cent_Headquarters(Clone) (Target)
[ORDER] commander=ai team=Team_Alien unit=Shocker kind=attack tgt=Cent_Headquarters(Clone) (Target)
[ORDER] commander=ai team=Team_Alien unit=Shocker kind=attack tgt=Cent_Refinery(Clone) (Target)
[ORDER] commander=ai team=Team_Alien unit=Shocker kind=attack tgt=Cent_Refinery(Clone) (Target)
[ORDER] commander=ai team=Team_Alien unit=Shocker kind=attack tgt=Cent_Refinery(Clone) (Target)
[ORDER] commander=ai team=Team_Alien unit=Shocker kind=attack tgt=Cent_Refinery(Clone) (Target)
[ORDER] commander=ai team=Team_Alien unit=Crab kind=attack tgt=Cent_Soldier_Militia(Clone) (Target)
[ORDER] commander=ai team=Team_Alien unit=Horned Crab kind=attack tgt=Cent_Soldier_Militia(Clone) (Target)
[ORDER] commander=ai team=Team_Alien unit=Horned Crab kind=attack tgt=Cent_Soldier_Militia(Clone) (Target)
[ORDER] commander=ai team=Team_Alien unit=Shocker kind=attack tgt=Cent_Soldier_Militia(Clone) (Target)
[AI] [Team_Alien] tick=28 reqs=4 type={Construct:4} task={} prio(min/avg/max)=10/45.5/81 groups=0
[ORDER] commander=ai team=Team_Human_Sol unit=Light Quad kind=move dst=(489,29,137)
[ORDER] commander=ai team=Team_Human_Sol unit=Light Quad kind=move dst=(489,29,137)
[ORDER] commander=ai team=Team_Human_Sol unit=Heavy Quad kind=move dst=(489,29,137)
[ORDER] commander=ai team=Team_Alien unit=Crab kind=move dst=(-1125,32,870)
[ORDER] commander=ai team=Team_Alien unit=Shocker kind=move dst=(-1125,32,870)
[ORDER] commander=ai team=Team_Alien unit=Shocker kind=move dst=(-1125,32,870)
[ORDER] commander=ai team=Team_Alien unit=Shocker kind=move dst=(-1125,32,870)
[ORDER] commander=ai team=Team_Human_Centauri unit=Militia kind=move dst=(-1055,42,282)
[ORDER] commander=ai team=Team_Human_Centauri unit=Militia kind=move dst=(-1055,42,282)
[ORDER] commander=ai team=Team_Human_Centauri unit=Militia kind=move dst=(-1055,42,282)
[ORDER] commander=ai team=Team_Alien unit=Shocker kind=move dst=(-1065,25,570)
[ORDER] commander=ai team=Team_Human_Centauri unit=Light Raider kind=move dst=(-1259,19,314)
[ORDER] commander=ai team=Team_Human_Centauri unit=Light Raider kind=move dst=(-1259,19,314)
[ORDER] commander=ai team=Team_Human_Centauri unit=Heavy Raider kind=stop
[ORDER] commander=ai team=Team_Alien unit=Hunter kind=move dst=(22,84,-517)
[ORDER] commander=ai team=Team_Alien unit=Squid kind=move dst=(-112,99,-639)
[ORDER] commander=ai team=Team_Alien unit=Squid kind=move dst=(-112,99,-639)
[ORDER] commander=ai team=Team_Alien unit=Squid kind=move dst=(-112,99,-639)
[ORDER] commander=ai team=Team_Alien unit=Crab kind=stop
[ORDER] commander=ai team=Team_Alien unit=Crab kind=move dst=(-230,95,-438)
[ORDER] commander=ai team=Team_Alien unit=Crab kind=move dst=(-230,95,-438)
[ORDER] commander=ai team=Team_Alien unit=Crab kind=move dst=(-230,95,-438)
[ORDER] commander=ai team=Team_Human_Sol unit=Platoon Hauler kind=move dst=(464,20,1178)
[ORDER] commander=ai team=Team_Human_Sol unit=Light Striker kind=move dst=(0,0,0)
[ORDER] commander=ai team=Team_Alien unit=Shocker kind=move dst=(-1065,25,570)
[ORDER] commander=ai team=Team_Human_Centauri unit=Light Raider kind=move dst=(-1256,19,314)
[ORDER] commander=ai team=Team_Human_Centauri unit=Light Raider kind=move dst=(-1256,19,314)
[ORDER] commander=ai team=Team_Alien unit=Hunter kind=move dst=(1125,29,870)
[ORDER] commander=ai team=Team_Alien unit=Hunter kind=move dst=(1125,29,870)
[ORDER] commander=ai team=Team_Alien unit=Hunter kind=move dst=(1125,29,870)
[ORDER] commander=ai team=Team_Alien unit=Squid kind=move dst=(-112,99,-639)
[ORDER] commander=ai team=Team_Alien unit=Squid kind=move dst=(-112,99,-639)
[ORDER] commander=ai team=Team_Alien unit=Squid kind=move dst=(-112,99,-639)
[AI] [Team_Human_Centauri] tick=29 reqs=1 type={Construct:1} task={} prio(min/avg/max)=10/10.0/10 groups=0
[SPAWN_S] team=Team_Alien structure=Node at=(140,-580)
[ORDER] commander=ai team=Team_Alien unit=Shocker kind=move dst=(-1065,25,570)
[ORDER] commander=ai team=Team_Human_Centauri unit=Heavy Raider kind=move dst=(-1029,19,387)
[ORDER] commander=ai team=Team_Alien unit=Hunter kind=move dst=(1125,29,870)
[ORDER] commander=ai team=Team_Human_Sol unit=Platoon Hauler kind=move dst=(260,23,325)
[ORDER] commander=ai team=Team_Human_Sol unit=Heavy Quad kind=move dst=(-312,90,-68)
[ORDER] commander=ai team=Team_Human_Sol unit=Light Striker kind=move dst=(-312,90,-68)
[ORDER] commander=ai team=Team_Human_Sol unit=Light Striker kind=move dst=(-312,90,-68)
[ORDER] commander=ai team=Team_Human_Sol unit=Light Striker kind=move dst=(80,23,1400)
[ORDER] commander=ai team=Team_Human_Sol unit=Light Striker kind=move dst=(80,23,1400)
[ORDER] commander=ai team=Team_Human_Sol unit=Heavy Quad kind=move dst=(80,23,1400)
[H1] team=Team_Human_Sol fire=Refinery atBalterium=(1294,1066) refCount=1
[H1] team=Team_Human_Sol fire=Refinery atBalterium=(715,897) refCount=2
[H2] team=Team_Human_Sol fire=Headquarters argmaxCell=(45,55) val=60 atWorld=(320,720) hqCount=2
[AI] [Team_Human_Sol] tick=29 reqs=4 type={Construct:4} task={} prio(min/avg/max)=10/77.5/100 groups=0
[ORDER] commander=ai team=Team_Alien unit=Squid kind=move dst=(-112,99,-639)
[ORDER] commander=ai team=Team_Alien unit=Squid kind=move dst=(-112,99,-639)
[ORDER] commander=ai team=Team_Alien unit=Squid kind=move dst=(-112,99,-639)
[ORDER] commander=ai team=Team_Alien unit=Crab kind=move dst=(-1035,34,855)
[ORDER] commander=ai team=Team_Alien unit=Crab kind=move dst=(-1035,34,855)
[ORDER] commander=ai team=Team_Alien unit=Crab kind=move dst=(-1035,34,855)
[P31] team=Team_Alien preset=Harvest stock=Shrimp ours=Shrimp agree=True rationale=biotic scaling (have 9/60)
[ORDER] commander=ai team=Team_Alien unit=Shocker kind=move dst=(-681,70,-540)
[ORDER] commander=ai team=Team_Alien unit=Shocker kind=move dst=(-681,70,-540)
[ORDER] commander=ai team=Team_Alien unit=Shocker kind=move dst=(-681,70,-540)
[ORDER] commander=ai team=Team_Alien unit=Shocker kind=move dst=(-681,70,-540)
[ORDER] commander=ai team=Team_Alien unit=Crab kind=move dst=(-728,117,-610)
[ORDER] commander=ai team=Team_Alien unit=Crab kind=move dst=(-728,117,-610)
[ORDER] commander=ai team=Team_Alien unit=Crab kind=move dst=(-728,117,-610)
[ORDER] commander=ai team=Team_Alien unit=Crab kind=move dst=(-728,117,-610)
[ORDER] commander=ai team=Team_Alien unit=Wasp kind=move dst=(-854,33,-1256)
[ORDER] commander=ai team=Team_Alien unit=Squid kind=move dst=(-854,33,-1256)
[ORDER] commander=ai team=Team_Alien unit=Squid kind=move dst=(-854,33,-1256)
[ORDER] commander=ai team=Team_Alien unit=Squid kind=move dst=(-854,33,-1256)
[ORDER] commander=ai team=Team_Alien unit=Shocker kind=attack tgt=ConstructionSite_Cent_Barracks(Clone) (Target)
[ORDER] commander=ai team=Team_Alien unit=Shocker kind=attack tgt=ConstructionSite_Cent_Barracks(Clone) (Target)
[ORDER] commander=ai team=Team_Alien unit=Shocker kind=attack tgt=ConstructionSite_Cent_Barracks(Clone) (Target)
[ORDER] commander=ai team=Team_Alien unit=Crab kind=attack tgt=ConstructionSite_Cent_Barracks(Clone) (Target)
[ORDER] commander=ai team=Team_Alien unit=Shocker kind=attack tgt=Sol_Headquarters(Clone) (Target)
[ORDER] commander=ai team=Team_Alien unit=Shocker kind=attack tgt=Sol_Headquarters(Clone) (Target)
[ORDER] commander=ai team=Team_Alien unit=Shocker kind=attack tgt=Sol_Headquarters(Clone) (Target)
[ORDER] commander=ai team=Team_Alien unit=Shocker kind=attack tgt=Sol_Headquarters(Clone) (Target)
[ORDER] commander=ai team=Team_Alien unit=Wasp kind=attack tgt=Cent_Headquarters(Clone) (Target)
[ORDER] commander=ai team=Team_Alien unit=Squid kind=attack tgt=Cent_Headquarters(Clone) (Target)
[ORDER] commander=ai team=Team_Alien unit=Squid kind=attack tgt=Cent_Headquarters(Clone) (Target)
[ORDER] commander=ai team=Team_Alien unit=Squid kind=attack tgt=Cent_Headquarters(Clone) (Target)
[ORDER] commander=ai team=Team_Alien unit=Crab kind=attack tgt=Cent_Refinery(Clone) (Target)
[ORDER] commander=ai team=Team_Alien unit=Crab kind=attack tgt=Cent_Refinery(Clone) (Target)
[ORDER] commander=ai team=Team_Alien unit=Crab kind=attack tgt=Cent_Refinery(Clone) (Target)
[ORDER] commander=ai team=Team_Alien unit=Crab kind=attack tgt=Cent_Refinery(Clone) (Target)
[P32] team=Team_Alien fire=Node towardPatchAt=(606,-570) distToOwned=383m nodesOwned=18 anchorAt=(-45,-735)
[AI] [Team_Alien] tick=29 reqs=4 type={Construct:4} task={} prio(min/avg/max)=10/45.5/81 groups=0
[SPAWN_S] team=Team_Alien structure=Lesser Spawning Cyst at=(-30,-460)
[ORDER] commander=ai team=Team_Alien unit=Shocker kind=move dst=(1125,29,870)
[ORDER] commander=ai team=Team_Alien unit=Hunter kind=move dst=(1125,29,870)
[ORDER] commander=ai team=Team_Alien unit=Wasp kind=stop
[ORDER] commander=ai team=Team_Alien unit=Squid kind=move dst=(-112,100,-638)
[ORDER] commander=ai team=Team_Alien unit=Squid kind=move dst=(-112,100,-638)
[ORDER] commander=ai team=Team_Alien unit=Squid kind=move dst=(-112,100,-638)
[ORDER] commander=ai team=Team_Alien unit=Shocker kind=move dst=(1125,29,870)
[ORDER] commander=ai team=Team_Alien unit=Hunter kind=move dst=(1125,29,870)
[ORDER] commander=ai team=Team_Alien unit=Squid kind=move dst=(-112,103,-637)
[ORDER] commander=ai team=Team_Alien unit=Squid kind=move dst=(-112,103,-637)
[AI] [Team_Human_Centauri] tick=30 reqs=1 type={Construct:1} task={} prio(min/avg/max)=10/10.0/10 groups=0
[ORDER] commander=ai team=Team_Alien unit=Shocker kind=move dst=(1125,29,870)
[ORDER] commander=ai team=Team_Human_Centauri unit=Light Raider kind=move dst=(-1029,19,387)
[ORDER] commander=ai team=Team_Alien unit=Hunter kind=stop
[ORDER] commander=ai team=Team_Alien unit=Hunter kind=move dst=(34,89,-492)
[ORDER] commander=ai team=Team_Alien unit=Hunter kind=move dst=(34,89,-492)
[ORDER] commander=ai team=Team_Human_Sol unit=Platoon Hauler kind=attack tgt=SpecialContainer_Long_01_Large(Clone) (Target)
[ORDER] commander=ai team=Team_Human_Sol unit=Platoon Hauler kind=move dst=(260,23,325)
[H2] team=Team_Human_Sol fire=Headquarters argmaxCell=(50,37) val=52 atWorld=(520,0) hqCount=2
[AI] [Team_Human_Sol] tick=30 reqs=4 type={Construct:4} task={} prio(min/avg/max)=10/77.5/100 groups=0
[ORDER] commander=ai team=Team_Alien unit=Squid kind=move dst=(-112,103,-637)
[ORDER] commander=ai team=Team_Alien unit=Squid kind=move dst=(-112,103,-637)
[ORDER] commander=ai team=Team_Alien unit=Squid kind=move dst=(-112,103,-637)
[P31] team=Team_Alien preset=Harvest stock=Shrimp ours=Shrimp agree=True rationale=biotic cap (have 9/70)
[ORDER] commander=ai team=Team_Alien unit=Shocker kind=move dst=(-681,70,-540)
[ORDER] commander=ai team=Team_Alien unit=Shocker kind=move dst=(-681,70,-540)
[ORDER] commander=ai team=Team_Alien unit=Shocker kind=move dst=(-681,70,-540)
[ORDER] commander=ai team=Team_Alien unit=Shocker kind=move dst=(-681,70,-540)
[ORDER] commander=ai team=Team_Alien unit=Shocker kind=move dst=(-728,117,-610)
[ORDER] commander=ai team=Team_Alien unit=Shocker kind=move dst=(-728,117,-610)
[ORDER] commander=ai team=Team_Alien unit=Shocker kind=move dst=(-728,117,-610)
[ORDER] commander=ai team=Team_Alien unit=Crab kind=move dst=(-728,117,-610)
[ORDER] commander=ai team=Team_Alien unit=Wasp kind=move dst=(-854,33,-1256)
[ORDER] commander=ai team=Team_Alien unit=Squid kind=move dst=(-854,33,-1256)
[ORDER] commander=ai team=Team_Alien unit=Squid kind=move dst=(-854,33,-1256)
[ORDER] commander=ai team=Team_Alien unit=Squid kind=move dst=(-854,33,-1256)
[ORDER] commander=ai team=Team_Alien unit=Crab kind=attack tgt=ConstructionSite_Cent_Barracks(Clone) (Target)
[ORDER] commander=ai team=Team_Alien unit=Horned Crab kind=attack tgt=ConstructionSite_Cent_Barracks(Clone) (Target)
[ORDER] commander=ai team=Team_Alien unit=Horned Crab kind=attack tgt=ConstructionSite_Cent_Barracks(Clone) (Target)
[ORDER] commander=ai team=Team_Alien unit=Shocker kind=attack tgt=ConstructionSite_Cent_Barracks(Clone) (Target)
[ORDER] commander=ai team=Team_Alien unit=Crab kind=attack tgt=Cent_Light_LightRaider(Clone) (Target)
[ORDER] commander=ai team=Team_Alien unit=Crab kind=attack tgt=Cent_Light_LightRaider(Clone) (Target)
[ORDER] commander=ai team=Team_Alien unit=Crab kind=attack tgt=Cent_Light_LightRaider(Clone) (Target)
[ORDER] commander=ai team=Team_Alien unit=Crab kind=attack tgt=Cent_Light_LightRaider(Clone) (Target)
[ORDER] commander=ai team=Team_Alien unit=Shocker kind=attack tgt=Sol_Headquarters(Clone) (Target)
[ORDER] commander=ai team=Team_Alien unit=Shocker kind=attack tgt=Sol_Headquarters(Clone) (Target)
[ORDER] commander=ai team=Team_Alien unit=Shocker kind=attack tgt=Sol_Headquarters(Clone) (Target)
[ORDER] commander=ai team=Team_Alien unit=Crab kind=attack tgt=Sol_Headquarters(Clone) (Target)
[ORDER] commander=ai team=Team_Alien unit=Shocker kind=attack tgt=Cent_Headquarters(Clone) (Target)
[ORDER] commander=ai team=Team_Alien unit=Shocker kind=attack tgt=Cent_Headquarters(Clone) (Target)
[ORDER] commander=ai team=Team_Alien unit=Shocker kind=attack tgt=Cent_Headquarters(Clone) (Target)
[ORDER] commander=ai team=Team_Alien unit=Shocker kind=attack tgt=Cent_Headquarters(Clone) (Target)
[ORDER] commander=ai team=Team_Alien unit=Wasp kind=attack tgt=Cent_Refinery(Clone) (Target)
[ORDER] commander=ai team=Team_Alien unit=Squid kind=attack tgt=Cent_Refinery(Clone) (Target)
[ORDER] commander=ai team=Team_Alien unit=Squid kind=attack tgt=Cent_Refinery(Clone) (Target)
[ORDER] commander=ai team=Team_Alien unit=Squid kind=attack tgt=Cent_Refinery(Clone) (Target)
[AI] [Team_Alien] tick=30 reqs=4 type={Construct:4} task={} prio(min/avg/max)=10/45.5/81 groups=0
[ORDER] commander=ai team=Team_Alien unit=Shocker kind=move dst=(-1125,32,870)
[ORDER] commander=ai team=Team_Human_Centauri unit=Light Raider kind=move dst=(-1029,19,387)
[ORDER] commander=ai team=Team_Alien unit=Hunter kind=move dst=(35,90,-491)
[ORDER] commander=ai team=Team_Alien unit=Wasp kind=stop
[ORDER] commander=ai team=Team_Alien unit=Squid kind=move dst=(-112,103,-637)
[ORDER] commander=ai team=Team_Alien unit=Squid kind=move dst=(-112,103,-637)
[ORDER] commander=ai team=Team_Alien unit=Squid kind=move dst=(-112,103,-637)
[ORDER] commander=ai team=Team_Alien unit=Crab kind=stop
[ORDER] commander=ai team=Team_Alien unit=Crab kind=move dst=(-239,99,-433)
[ORDER] commander=ai team=Team_Alien unit=Crab kind=move dst=(-239,99,-433)
[ORDER] commander=ai team=Team_Alien unit=Crab kind=move dst=(-239,99,-433)
[ORDER] commander=ai team=Team_Alien unit=Shocker kind=move dst=(-1125,32,870)
[ORDER] commander=ai team=Team_Alien unit=Hunter kind=move dst=(35,90,-491)
[ORDER] commander=ai team=Team_Alien unit=Squid kind=move dst=(-112,103,-637)
[ORDER] commander=ai team=Team_Alien unit=Squid kind=move dst=(-112,103,-637)
[ORDER] commander=ai team=Team_Alien unit=Squid kind=move dst=(-112,103,-637)
[ORDER] commander=ai team=Team_Alien unit=Crab kind=move dst=(-238,97,-427)
[ORDER] commander=ai team=Team_Alien unit=Crab kind=move dst=(-238,97,-427)
[ORDER] commander=ai team=Team_Alien unit=Crab kind=move dst=(-238,97,-427)
[AI] [Team_Human_Centauri] tick=31 reqs=1 type={Construct:1} task={} prio(min/avg/max)=10/10.0/10 groups=0
[ORDER] commander=ai team=Team_Alien unit=Shocker kind=move dst=(-1125,32,870)
[ORDER] commander=ai team=Team_Alien unit=Hunter kind=move dst=(35,90,-491)
[ORDER] commander=ai team=Team_Human_Sol unit=Platoon Hauler kind=move dst=(150,9,52)
[H1] team=Team_Human_Sol fire=Refinery atBalterium=(1294,1066) refCount=1
[H1] team=Team_Human_Sol fire=Refinery atBalterium=(715,897) refCount=2
[H2] team=Team_Human_Sol fire=Headquarters argmaxCell=(50,37) val=52 atWorld=(520,0) hqCount=2
[AI] [Team_Human_Sol] tick=31 reqs=4 type={Construct:4} task={} prio(min/avg/max)=10/77.5/100 groups=0
[ORDER] commander=ai team=Team_Alien unit=Squid kind=move dst=(-112,103,-637)
[ORDER] commander=ai team=Team_Alien unit=Squid kind=move dst=(-112,103,-637)
[SPAWN_S] team=Team_Alien structure=Node at=(-300,-635)
[ORDER] commander=ai team=Team_Alien unit=Crab kind=move dst=(-237,89,-424)
[ORDER] commander=ai team=Team_Alien unit=Crab kind=move dst=(-237,89,-424)
[ORDER] commander=ai team=Team_Alien unit=Crab kind=move dst=(-237,89,-424)
[P31] team=Team_Alien preset=Harvest stock=Shrimp ours=Shrimp agree=True rationale=biotic cap (have 9/70)
[ORDER] commander=ai team=Team_Alien unit=Crab kind=move dst=(-681,70,-540)
[ORDER] commander=ai team=Team_Alien unit=Crab kind=move dst=(-681,70,-540)
[ORDER] commander=ai team=Team_Alien unit=Crab kind=move dst=(-681,70,-540)
[ORDER] commander=ai team=Team_Alien unit=Crab kind=move dst=(-681,70,-540)
[ORDER] commander=ai team=Team_Alien unit=Shocker kind=move dst=(-728,117,-610)
[ORDER] commander=ai team=Team_Alien unit=Shocker kind=move dst=(-728,117,-610)
[ORDER] commander=ai team=Team_Alien unit=Shocker kind=move dst=(-728,117,-610)
[ORDER] commander=ai team=Team_Alien unit=Shocker kind=move dst=(-728,117,-610)
[ORDER] commander=ai team=Team_Alien unit=Wasp kind=move dst=(-854,33,-1256)
[ORDER] commander=ai team=Team_Alien unit=Squid kind=move dst=(-854,33,-1256)
[ORDER] commander=ai team=Team_Alien unit=Squid kind=move dst=(-854,33,-1256)
[ORDER] commander=ai team=Team_Alien unit=Squid kind=move dst=(-854,33,-1256)
[ORDER] commander=ai team=Team_Alien unit=Shocker kind=attack tgt=Cent_Headquarters(Clone) (Target)
[ORDER] commander=ai team=Team_Alien unit=Shocker kind=attack tgt=Cent_Headquarters(Clone) (Target)
[ORDER] commander=ai team=Team_Alien unit=Shocker kind=attack tgt=Cent_Headquarters(Clone) (Target)
[ORDER] commander=ai team=Team_Alien unit=Shocker kind=attack tgt=Cent_Headquarters(Clone) (Target)
[ORDER] commander=ai team=Team_Alien unit=Wasp kind=attack tgt=Cent_Refinery(Clone) (Target)
[ORDER] commander=ai team=Team_Alien unit=Squid kind=attack tgt=Cent_Refinery(Clone) (Target)
[ORDER] commander=ai team=Team_Alien unit=Squid kind=attack tgt=Cent_Refinery(Clone) (Target)
[ORDER] commander=ai team=Team_Alien unit=Squid kind=attack tgt=Cent_Refinery(Clone) (Target)
[ORDER] commander=ai team=Team_Alien unit=Crab kind=attack tgt=ConstructionSite_Cent_Barracks(Clone) (Target)
[ORDER] commander=ai team=Team_Alien unit=Crab kind=attack tgt=ConstructionSite_Cent_Barracks(Clone) (Target)
[ORDER] commander=ai team=Team_Alien unit=Crab kind=attack tgt=ConstructionSite_Cent_Barracks(Clone) (Target)
[ORDER] commander=ai team=Team_Alien unit=Crab kind=attack tgt=ConstructionSite_Cent_Barracks(Clone) (Target)
[AI] [Team_Alien] tick=31 reqs=4 type={Construct:4} task={} prio(min/avg/max)=10/45.5/81 groups=0
[SPAWN_U] team=Team_Alien unit=Shrimp
[ORDER] commander=ai team=Team_Alien unit=Shocker kind=move dst=(-1125,32,870)
[ORDER] commander=ai team=Team_Human_Centauri unit=Light Raider kind=move dst=(-1199,23,327)
[ORDER] commander=ai team=Team_Human_Centauri unit=Light Raider kind=move dst=(-1199,23,327)
[ORDER] commander=ai team=Team_Human_Centauri unit=Heavy Raider kind=stop
[ORDER] commander=ai team=Team_Alien unit=Hunter kind=move dst=(1125,29,870)
[ORDER] commander=ai team=Team_Alien unit=Hunter kind=move dst=(1125,29,870)
[ORDER] commander=ai team=Team_Alien unit=Hunter kind=move dst=(1125,29,870)
[ORDER] commander=ai team=Team_Alien unit=Wasp kind=stop
[ORDER] commander=ai team=Team_Alien unit=Squid kind=move dst=(-113,103,-637)
[ORDER] commander=ai team=Team_Alien unit=Squid kind=move dst=(-113,103,-637)
[ORDER] commander=ai team=Team_Alien unit=Squid kind=move dst=(-113,103,-637)
[SPAWN_S] team=Team_Alien structure=Node at=(155,-390)
[ORDER] commander=ai team=Team_Alien unit=Crab kind=stop
[ORDER] commander=ai team=Team_Alien unit=Crab kind=move dst=(-238,89,-423)
[ORDER] commander=ai team=Team_Alien unit=Crab kind=move dst=(-238,89,-423)
[ORDER] commander=ai team=Team_Alien unit=Crab kind=move dst=(-238,89,-423)
[ORDER] commander=ai team=Team_Human_Centauri unit=Light Raider kind=move dst=(-892,23,1104)
[ORDER] commander=ai team=Team_Human_Centauri unit=Heavy Raider kind=move dst=(-892,23,1104)
[ORDER] commander=ai team=Team_Human_Centauri unit=Assault Car kind=stop
[ORDER] commander=ai team=Team_Alien unit=Shocker kind=move dst=(-1125,32,870)
[ORDER] commander=ai team=Team_Human_Centauri unit=Light Raider kind=move dst=(-1189,24,328)
[ORDER] commander=ai team=Team_Human_Centauri unit=Light Raider kind=move dst=(-1189,24,328)
[ORDER] commander=ai team=Team_Alien unit=Hunter kind=move dst=(1125,29,870)
[ORDER] commander=ai team=Team_Alien unit=Squid kind=move dst=(-113,103,-637)
[ORDER] commander=ai team=Team_Alien unit=Squid kind=move dst=(-113,103,-637)
[ORDER] commander=ai team=Team_Alien unit=Squid kind=move dst=(-113,103,-637)
[ORDER] commander=ai team=Team_Alien unit=Crab kind=move dst=(-1035,34,855)
[ORDER] commander=ai team=Team_Alien unit=Crab kind=move dst=(-1035,34,855)
[ORDER] commander=ai team=Team_Alien unit=Crab kind=move dst=(-1035,34,855)
[ORDER] commander=ai team=Team_Human_Centauri unit=Light Raider kind=move dst=(-764,23,1035)
[ORDER] commander=ai team=Team_Human_Centauri unit=Heavy Raider kind=move dst=(-764,23,1035)
[ORDER] commander=ai team=Team_Human_Centauri unit=Assault Car kind=move dst=(-764,23,1035)
[ORDER] commander=ai team=Team_Human_Centauri unit=Squad Transport kind=move dst=(-1213,18,1400)
[ORDER] commander=ai team=Team_Human_Centauri unit=Militia kind=move dst=(-1400,19,1146)
[ORDER] commander=ai team=Team_Human_Centauri unit=Militia kind=move dst=(-1400,19,1146)
[ORDER] commander=ai team=Team_Human_Centauri unit=Militia kind=move dst=(-1400,19,1146)
[ORDER] commander=ai team=Team_Human_Centauri unit=Trooper kind=move dst=(-1400,19,1146)
[AI] [Team_Human_Centauri] tick=32 reqs=1 type={Construct:1} task={} prio(min/avg/max)=10/10.0/10 groups=0
[ORDER] commander=ai team=Team_Human_Centauri unit=Light Raider kind=move dst=(-894,23,1099)
[ORDER] commander=ai team=Team_Human_Centauri unit=Heavy Raider kind=move dst=(-894,23,1099)
[ORDER] commander=ai team=Team_Human_Centauri unit=Assault Car kind=stop
[ORDER] commander=ai team=Team_Alien unit=Shocker kind=move dst=(-1125,32,870)
[ORDER] commander=ai team=Team_Human_Centauri unit=Heavy Raider kind=move dst=(-1029,19,387)
[ORDER] commander=ai team=Team_Alien unit=Hunter kind=move dst=(1125,29,870)
[H2] team=Team_Human_Sol fire=Headquarters argmaxCell=(50,37) val=52 atWorld=(520,0) hqCount=2
[AI] [Team_Human_Sol] tick=32 reqs=4 type={Construct:4} task={} prio(min/avg/max)=10/77.5/100 groups=0
[ORDER] commander=ai team=Team_Alien unit=Squid kind=move dst=(-113,103,-637)
[ORDER] commander=ai team=Team_Alien unit=Squid kind=move dst=(-113,103,-637)
[ORDER] commander=ai team=Team_Alien unit=Squid kind=move dst=(-113,103,-637)
[P31] team=Team_Alien preset=Harvest stock=Shrimp ours=Shrimp agree=True rationale=biotic cap (have 10/70)
[ORDER] commander=ai team=Team_Alien unit=Shocker kind=move dst=(-681,70,-540)
[ORDER] commander=ai team=Team_Alien unit=Shocker kind=move dst=(-681,70,-540)
[ORDER] commander=ai team=Team_Alien unit=Shocker kind=move dst=(-681,70,-540)
[ORDER] commander=ai team=Team_Alien unit=Shocker kind=move dst=(-681,70,-540)
[ORDER] commander=ai team=Team_Alien unit=Crab kind=move dst=(-728,117,-610)
[ORDER] commander=ai team=Team_Alien unit=Horned Crab kind=move dst=(-728,117,-610)
[ORDER] commander=ai team=Team_Alien unit=Horned Crab kind=move dst=(-728,117,-610)
[ORDER] commander=ai team=Team_Alien unit=Shocker kind=move dst=(-728,117,-610)
[ORDER] commander=ai team=Team_Alien unit=Wasp kind=move dst=(-854,33,-1256)
[ORDER] commander=ai team=Team_Alien unit=Squid kind=move dst=(-854,33,-1256)
[ORDER] commander=ai team=Team_Alien unit=Squid kind=move dst=(-854,33,-1256)
[ORDER] commander=ai team=Team_Alien unit=Squid kind=move dst=(-854,33,-1256)
[ORDER] commander=ai team=Team_Alien unit=Shocker kind=attack tgt=Cent_Headquarters(Clone) (Target)
[ORDER] commander=ai team=Team_Alien unit=Shocker kind=attack tgt=Cent_Headquarters(Clone) (Target)
[ORDER] commander=ai team=Team_Alien unit=Shocker kind=attack tgt=Cent_Headquarters(Clone) (Target)
[ORDER] commander=ai team=Team_Alien unit=Shocker kind=attack tgt=Cent_Headquarters(Clone) (Target)
[ORDER] commander=ai team=Team_Alien unit=Crab kind=attack tgt=Cent_Refinery(Clone) (Target)
[ORDER] commander=ai team=Team_Alien unit=Horned Crab kind=attack tgt=Cent_Refinery(Clone) (Target)
[ORDER] commander=ai team=Team_Alien unit=Horned Crab kind=attack tgt=Cent_Refinery(Clone) (Target)
[ORDER] commander=ai team=Team_Alien unit=Shocker kind=attack tgt=Cent_Refinery(Clone) (Target)
[ORDER] commander=ai team=Team_Alien unit=Wasp kind=attack tgt=ConstructionSite_Cent_Barracks(Clone) (Target)
[ORDER] commander=ai team=Team_Alien unit=Squid kind=attack tgt=ConstructionSite_Cent_Barracks(Clone) (Target)
[ORDER] commander=ai team=Team_Alien unit=Squid kind=attack tgt=ConstructionSite_Cent_Barracks(Clone) (Target)
[ORDER] commander=ai team=Team_Alien unit=Squid kind=attack tgt=ConstructionSite_Cent_Barracks(Clone) (Target)
[AI] [Team_Alien] tick=32 reqs=4 type={Construct:4} task={} prio(min/avg/max)=10/39.5/62 groups=0
[ORDER] commander=ai team=Team_Alien unit=Shocker kind=move dst=(-1125,32,870)
[ORDER] commander=ai team=Team_Alien unit=Hunter kind=move dst=(1125,29,870)
[ORDER] commander=ai team=Team_Alien unit=Wasp kind=stop
[ORDER] commander=ai team=Team_Alien unit=Squid kind=move dst=(-113,103,-637)
[ORDER] commander=ai team=Team_Alien unit=Squid kind=move dst=(-113,103,-637)
[ORDER] commander=ai team=Team_Alien unit=Squid kind=move dst=(-113,103,-637)
[ORDER] commander=ai team=Team_Human_Centauri unit=Assault Car kind=move dst=(-764,23,1035)
[ORDER] commander=ai team=Team_Alien unit=Shocker kind=move dst=(-1125,32,870)
[ORDER] commander=ai team=Team_Alien unit=Hunter kind=move dst=(1125,29,870)
[ORDER] commander=ai team=Team_Alien unit=Squid kind=move dst=(-113,103,-637)
[ORDER] commander=ai team=Team_Alien unit=Squid kind=move dst=(-113,103,-637)
[ORDER] commander=ai team=Team_Alien unit=Crab kind=stop
[ORDER] commander=ai team=Team_Alien unit=Crab kind=move dst=(-243,93,-412)
[ORDER] commander=ai team=Team_Alien unit=Crab kind=move dst=(-243,93,-412)
[ORDER] commander=ai team=Team_Alien unit=Crab kind=move dst=(-243,93,-412)
[SPAWN_S] team=Team_Alien structure=Node at=(-30,-275)
[ORDER] commander=ai team=Team_Human_Centauri unit=Squad Transport kind=attack tgt=SpecialContainer_Long_01_Small(Clone) (Target)
[ORDER] commander=ai team=Team_Human_Centauri unit=Militia kind=move dst=(-996,26,-550)
[ORDER] commander=ai team=Team_Human_Centauri unit=Militia kind=move dst=(-996,26,-550)
[ORDER] commander=ai team=Team_Human_Centauri unit=Militia kind=move dst=(-996,26,-550)
[ORDER] commander=ai team=Team_Human_Centauri unit=Trooper kind=move dst=(-996,26,-550)
[AI] [Team_Human_Centauri] tick=33 reqs=1 type={Construct:1} task={} prio(min/avg/max)=10/10.0/10 groups=0
[ORDER] commander=ai team=Team_Human_Centauri unit=Light Raider kind=move dst=(-764,23,1035)
[ORDER] commander=ai team=Team_Alien unit=Shocker kind=move dst=(-1125,32,870)
[ORDER] commander=ai team=Team_Human_Centauri unit=Light Raider kind=move dst=(-1029,19,387)
[ORDER] commander=ai team=Team_Alien unit=Hunter kind=move dst=(1125,29,870)
[ORDER] commander=ai team=Team_Human_Sol unit=Platoon Hauler kind=move dst=(707,25,498)
[H1] team=Team_Human_Sol fire=Refinery atBalterium=(1294,1066) refCount=1
[H1] team=Team_Human_Sol fire=Refinery atBalterium=(715,897) refCount=2
[H2] team=Team_Human_Sol fire=Headquarters argmaxCell=(47,66) val=38 atWorld=(400,1160) hqCount=2
[AI] [Team_Human_Sol] tick=33 reqs=4 type={Construct:4} task={} prio(min/avg/max)=10/77.5/100 groups=0
[ORDER] commander=ai team=Team_Alien unit=Squid kind=move dst=(-113,103,-637)
[ORDER] commander=ai team=Team_Alien unit=Squid kind=move dst=(-113,103,-637)
[ORDER] commander=ai team=Team_Alien unit=Squid kind=move dst=(-113,103,-637)
[ORDER] commander=ai team=Team_Alien unit=Crab kind=move dst=(-243,93,-412)
[ORDER] commander=ai team=Team_Alien unit=Crab kind=move dst=(-243,93,-412)
[ORDER] commander=ai team=Team_Alien unit=Crab kind=move dst=(-243,93,-412)
[P31] team=Team_Alien preset=Harvest stock=Shrimp ours=Shrimp agree=True rationale=biotic cap (have 10/70)
[ORDER] commander=ai team=Team_Alien unit=Shocker kind=move dst=(-681,70,-540)
[ORDER] commander=ai team=Team_Alien unit=Shocker kind=move dst=(-681,70,-540)
[ORDER] commander=ai team=Team_Alien unit=Shocker kind=move dst=(-681,70,-540)
[ORDER] commander=ai team=Team_Alien unit=Shocker kind=move dst=(-681,70,-540)
[ORDER] commander=ai team=Team_Alien unit=Crab kind=move dst=(-728,117,-610)
[ORDER] commander=ai team=Team_Alien unit=Crab kind=move dst=(-728,117,-610)
[ORDER] commander=ai team=Team_Alien unit=Crab kind=move dst=(-728,117,-610)
[ORDER] commander=ai team=Team_Alien unit=Crab kind=move dst=(-728,117,-610)
[ORDER] commander=ai team=Team_Alien unit=Wasp kind=move dst=(-854,33,-1256)
[ORDER] commander=ai team=Team_Alien unit=Squid kind=move dst=(-854,33,-1256)
[ORDER] commander=ai team=Team_Alien unit=Squid kind=move dst=(-854,33,-1256)
[ORDER] commander=ai team=Team_Alien unit=Squid kind=move dst=(-854,33,-1256)
[ORDER] commander=ai team=Team_Alien unit=Crab kind=attack tgt=ConstructionSite_Cent_Barracks(Clone) (Target)
[ORDER] commander=ai team=Team_Alien unit=Horned Crab kind=attack tgt=ConstructionSite_Cent_Barracks(Clone) (Target)
[ORDER] commander=ai team=Team_Alien unit=Horned Crab kind=attack tgt=ConstructionSite_Cent_Barracks(Clone) (Target)
[ORDER] commander=ai team=Team_Alien unit=Shocker kind=attack tgt=ConstructionSite_Cent_Barracks(Clone) (Target)
[ORDER] commander=ai team=Team_Alien unit=Shocker kind=attack tgt=Cent_Headquarters(Clone) (Target)
[ORDER] commander=ai team=Team_Alien unit=Shocker kind=attack tgt=Cent_Headquarters(Clone) (Target)
[ORDER] commander=ai team=Team_Alien unit=Shocker kind=attack tgt=Cent_Headquarters(Clone) (Target)
[ORDER] commander=ai team=Team_Alien unit=Shocker kind=attack tgt=Cent_Headquarters(Clone) (Target)
[ORDER] commander=ai team=Team_Alien unit=Wasp kind=attack tgt=Cent_Refinery(Clone) (Target)
[ORDER] commander=ai team=Team_Alien unit=Squid kind=attack tgt=Cent_Refinery(Clone) (Target)
[ORDER] commander=ai team=Team_Alien unit=Squid kind=attack tgt=Cent_Refinery(Clone) (Target)
[ORDER] commander=ai team=Team_Alien unit=Squid kind=attack tgt=Cent_Refinery(Clone) (Target)
[ORDER] commander=ai team=Team_Alien unit=Crab kind=attack tgt=ConstructionSite_Cent_Barracks(Clone) (Target)
[ORDER] commander=ai team=Team_Alien unit=Crab kind=attack tgt=ConstructionSite_Cent_Barracks(Clone) (Target)
[ORDER] commander=ai team=Team_Alien unit=Crab kind=attack tgt=ConstructionSite_Cent_Barracks(Clone) (Target)
[ORDER] commander=ai team=Team_Alien unit=Crab kind=attack tgt=ConstructionSite_Cent_Barracks(Clone) (Target)
[AI] [Team_Alien] tick=33 reqs=3 type={Construct:3} task={} prio(min/avg/max)=10/40.7/62 groups=0
[ORDER] commander=ai team=Team_Alien unit=Shocker kind=move dst=(-1125,32,870)
[ORDER] commander=ai team=Team_Human_Centauri unit=Light Raider kind=move dst=(-1029,19,387)
[ORDER] commander=ai team=Team_Alien unit=Hunter kind=move dst=(1125,29,870)
[ORDER] commander=ai team=Team_Alien unit=Wasp kind=stop
[ORDER] commander=ai team=Team_Alien unit=Squid kind=move dst=(-113,103,-637)
[ORDER] commander=ai team=Team_Alien unit=Squid kind=move dst=(-113,103,-637)
[ORDER] commander=ai team=Team_Alien unit=Squid kind=move dst=(-113,103,-637)
[ORDER] commander=ai team=Team_Alien unit=Crab kind=stop
[ORDER] commander=ai team=Team_Alien unit=Crab kind=move dst=(-244,93,-412)
[ORDER] commander=ai team=Team_Alien unit=Crab kind=move dst=(-244,93,-412)
[ORDER] commander=ai team=Team_Alien unit=Crab kind=move dst=(-244,93,-412)
[ORDER] commander=ai team=Team_Human_Centauri unit=Heavy Raider kind=move dst=(-764,23,1035)
[ORDER] commander=ai team=Team_Alien unit=Shocker kind=move dst=(-1125,32,870)
[ORDER] commander=ai team=Team_Alien unit=Hunter kind=move dst=(1125,29,870)
[ORDER] commander=ai team=Team_Alien unit=Squid kind=move dst=(-113,103,-637)
[ORDER] commander=ai team=Team_Alien unit=Squid kind=move dst=(-113,103,-637)
[H2] team=Team_Human_Centauri fire=Headquarters argmaxCell=(14,43) val=32 atWorld=(-920,240) hqCount=2
[AI] [Team_Human_Centauri] tick=34 reqs=1 type={Construct:1} task={} prio(min/avg/max)=10/10.0/10 groups=0
[ORDER] commander=ai team=Team_Alien unit=Shocker kind=move dst=(-1125,32,870)
[ORDER] commander=ai team=Team_Alien unit=Hunter kind=move dst=(1125,29,870)
[AI] [Team_Human_Sol] tick=34 reqs=4 type={Construct:4} task={} prio(min/avg/max)=10/77.5/100 groups=0
[ORDER] commander=ai team=Team_Alien unit=Squid kind=move dst=(-113,103,-637)
[ORDER] commander=ai team=Team_Alien unit=Squid kind=move dst=(-113,103,-637)
[ORDER] commander=ai team=Team_Alien unit=Squid kind=move dst=(-113,103,-637)
[ORDER] commander=ai team=Team_Alien unit=Crab kind=move dst=(-1035,34,855)
[ORDER] commander=ai team=Team_Alien unit=Crab kind=move dst=(-1035,34,855)
[P31] team=Team_Alien preset=Harvest stock=Shrimp ours=Shrimp agree=True rationale=biotic cap (have 10/70)
[ORDER] commander=ai team=Team_Alien unit=Shocker kind=move dst=(-681,70,-540)
[ORDER] commander=ai team=Team_Alien unit=Shocker kind=move dst=(-681,70,-540)
[ORDER] commander=ai team=Team_Alien unit=Shocker kind=move dst=(-681,70,-540)
[ORDER] commander=ai team=Team_Alien unit=Shocker kind=move dst=(-681,70,-540)
[ORDER] commander=ai team=Team_Alien unit=Crab kind=move dst=(-728,117,-610)
[ORDER] commander=ai team=Team_Alien unit=Horned Crab kind=move dst=(-728,117,-610)
[ORDER] commander=ai team=Team_Alien unit=Horned Crab kind=move dst=(-728,117,-610)
[ORDER] commander=ai team=Team_Alien unit=Shocker kind=move dst=(-728,117,-610)
[ORDER] commander=ai team=Team_Alien unit=Wasp kind=move dst=(-854,33,-1256)
[ORDER] commander=ai team=Team_Alien unit=Squid kind=move dst=(-854,33,-1256)
[ORDER] commander=ai team=Team_Alien unit=Squid kind=move dst=(-854,33,-1256)
[ORDER] commander=ai team=Team_Alien unit=Squid kind=move dst=(-854,33,-1256)
[ORDER] commander=ai team=Team_Alien unit=Shocker kind=attack tgt=Cent_Headquarters(Clone) (Target)
[ORDER] commander=ai team=Team_Alien unit=Shocker kind=attack tgt=Cent_Headquarters(Clone) (Target)
[ORDER] commander=ai team=Team_Alien unit=Shocker kind=attack tgt=Cent_Headquarters(Clone) (Target)
[ORDER] commander=ai team=Team_Alien unit=Shocker kind=attack tgt=Cent_Headquarters(Clone) (Target)
[ORDER] commander=ai team=Team_Alien unit=Crab kind=attack tgt=Cent_Refinery(Clone) (Target)
[ORDER] commander=ai team=Team_Alien unit=Horned Crab kind=attack tgt=Cent_Refinery(Clone) (Target)
[ORDER] commander=ai team=Team_Alien unit=Horned Crab kind=attack tgt=Cent_Refinery(Clone) (Target)
[ORDER] commander=ai team=Team_Alien unit=Shocker kind=attack tgt=Cent_Refinery(Clone) (Target)
[ORDER] commander=ai team=Team_Alien unit=Wasp kind=attack tgt=ConstructionSite_Cent_Barracks(Clone) (Target)
[ORDER] commander=ai team=Team_Alien unit=Squid kind=attack tgt=ConstructionSite_Cent_Barracks(Clone) (Target)
[ORDER] commander=ai team=Team_Alien unit=Squid kind=attack tgt=ConstructionSite_Cent_Barracks(Clone) (Target)
[ORDER] commander=ai team=Team_Alien unit=Squid kind=attack tgt=ConstructionSite_Cent_Barracks(Clone) (Target)
[AI] [Team_Alien] tick=34 reqs=3 type={Construct:3} task={} prio(min/avg/max)=10/40.7/62 groups=0
[ORDER] commander=ai team=Team_Alien unit=Shocker kind=move dst=(-1125,32,870)
[ORDER] commander=ai team=Team_Alien unit=Hunter kind=move dst=(1125,29,870)
[ORDER] commander=ai team=Team_Alien unit=Wasp kind=stop
[ORDER] commander=ai team=Team_Alien unit=Squid kind=move dst=(-112,103,-637)
[ORDER] commander=ai team=Team_Alien unit=Squid kind=move dst=(-112,103,-637)
[ORDER] commander=ai team=Team_Alien unit=Squid kind=move dst=(-112,103,-637)
[ORDER] commander=ai team=Team_Alien unit=Shocker kind=move dst=(-1125,32,870)
[ORDER] commander=ai team=Team_Alien unit=Hunter kind=move dst=(1125,29,870)
[ORDER] commander=ai team=Team_Alien unit=Squid kind=move dst=(-112,103,-637)
[ORDER] commander=ai team=Team_Alien unit=Squid kind=move dst=(-112,103,-637)
[ORDER] commander=ai team=Team_Alien unit=Crab kind=stop
[ORDER] commander=ai team=Team_Alien unit=Crab kind=move dst=(-248,89,-403)
[ORDER] commander=ai team=Team_Alien unit=Crab kind=move dst=(-248,89,-403)
[ORDER] commander=ai team=Team_Alien unit=Crab kind=move dst=(-248,89,-403)
[ORDER] commander=ai team=Team_Human_Centauri unit=Squad Transport kind=move dst=(-681,70,-540)
[ORDER] commander=ai team=Team_Human_Centauri unit=Heavy Raider kind=move dst=(-228,31,1229)
[ORDER] commander=ai team=Team_Human_Centauri unit=Heavy Raider kind=move dst=(-228,31,1229)
[ORDER] commander=ai team=Team_Human_Centauri unit=Light Raider kind=move dst=(-228,31,1229)
[ORDER] commander=ai team=Team_Human_Centauri unit=Assault Car kind=move dst=(-696,49,-403)
[H2] team=Team_Human_Centauri fire=Headquarters argmaxCell=(29,74) val=50 atWorld=(-320,1480) hqCount=2
[AI] [Team_Human_Centauri] tick=35 reqs=1 type={Construct:1} task={} prio(min/avg/max)=10/10.0/10 groups=0
[ORDER] commander=ai team=Team_Alien unit=Shocker kind=move dst=(-1125,32,870)
[ORDER] commander=ai team=Team_Alien unit=Hunter kind=move dst=(1125,29,870)
[ORDER] commander=ai team=Team_Human_Sol unit=Platoon Hauler kind=move dst=(171,30,-309)
[ORDER] commander=ai team=Team_Human_Sol unit=Heavy Quad kind=attack tgt=Hunter(Clone) (Target)
[ORDER] commander=ai team=Team_Human_Sol unit=Light Striker kind=attack tgt=Hunter(Clone) (Target)
[ORDER] commander=ai team=Team_Human_Sol unit=Light Striker kind=attack tgt=Hunter(Clone) (Target)
[ORDER] commander=ai team=Team_Human_Sol unit=Heavy Quad kind=attack tgt=SpecialContainer_Long_01_Large(Clone) (Target)
[ORDER] commander=ai team=Team_Human_Sol unit=Light Raider kind=attack tgt=SpecialContainer_Long_01_Large(Clone) (Target)
[ORDER] commander=ai team=Team_Human_Sol unit=Light Raider kind=attack tgt=SpecialContainer_Long_01_Large(Clone) (Target)
[H1] team=Team_Human_Sol fire=Refinery atBalterium=(1294,1066) refCount=1
[H1] team=Team_Human_Sol fire=Refinery atBalterium=(715,897) refCount=2
[AI] [Team_Human_Sol] tick=35 reqs=4 type={Construct:4} task={} prio(min/avg/max)=10/77.5/100 groups=0
[ORDER] commander=ai team=Team_Alien unit=Squid kind=move dst=(-112,103,-637)
[ORDER] commander=ai team=Team_Alien unit=Squid kind=move dst=(-112,103,-637)
[ORDER] commander=ai team=Team_Alien unit=Squid kind=move dst=(-112,103,-637)
[ORDER] commander=ai team=Team_Human_Sol unit=Heavy Quad kind=move dst=(1426,20,230)
[ORDER] commander=ai team=Team_Human_Sol unit=Light Raider kind=move dst=(1426,20,230)
[ORDER] commander=ai team=Team_Human_Sol unit=Light Raider kind=move dst=(1426,20,230)
[P31] team=Team_Alien preset=Harvest stock=Shrimp ours=Shrimp agree=True rationale=biotic cap (have 10/70)
[ORDER] commander=ai team=Team_Alien unit=Shocker kind=move dst=(-681,70,-540)
[ORDER] commander=ai team=Team_Alien unit=Shocker kind=move dst=(-681,70,-540)
[ORDER] commander=ai team=Team_Alien unit=Shocker kind=move dst=(-681,70,-540)
[ORDER] commander=ai team=Team_Alien unit=Shocker kind=move dst=(-681,70,-540)
[ORDER] commander=ai team=Team_Alien unit=Crab kind=move dst=(-728,117,-610)
[ORDER] commander=ai team=Team_Alien unit=Crab kind=move dst=(-728,117,-610)
[ORDER] commander=ai team=Team_Alien unit=Crab kind=move dst=(-728,117,-610)
[ORDER] commander=ai team=Team_Alien unit=Crab kind=move dst=(-728,117,-610)
[ORDER] commander=ai team=Team_Alien unit=Wasp kind=move dst=(-854,33,-1256)
[ORDER] commander=ai team=Team_Alien unit=Squid kind=move dst=(-854,33,-1256)
[ORDER] commander=ai team=Team_Alien unit=Squid kind=move dst=(-854,33,-1256)
[ORDER] commander=ai team=Team_Alien unit=Squid kind=move dst=(-854,33,-1256)
[ORDER] commander=ai team=Team_Alien unit=Crab kind=attack tgt=ConstructionSite_Cent_Barracks(Clone) (Target)
[ORDER] commander=ai team=Team_Alien unit=Horned Crab kind=attack tgt=ConstructionSite_Cent_Barracks(Clone) (Target)
[ORDER] commander=ai team=Team_Alien unit=Horned Crab kind=attack tgt=ConstructionSite_Cent_Barracks(Clone) (Target)
[ORDER] commander=ai team=Team_Alien unit=Shocker kind=attack tgt=ConstructionSite_Cent_Barracks(Clone) (Target)
[ORDER] commander=ai team=Team_Alien unit=Shocker kind=attack tgt=Cent_Headquarters(Clone) (Target)
[ORDER] commander=ai team=Team_Alien unit=Shocker kind=attack tgt=Cent_Headquarters(Clone) (Target)
[ORDER] commander=ai team=Team_Alien unit=Shocker kind=attack tgt=Cent_Headquarters(Clone) (Target)
[ORDER] commander=ai team=Team_Alien unit=Shocker kind=attack tgt=Cent_Headquarters(Clone) (Target)
[ORDER] commander=ai team=Team_Alien unit=Wasp kind=attack tgt=Cent_Refinery(Clone) (Target)
[ORDER] commander=ai team=Team_Alien unit=Squid kind=attack tgt=Cent_Refinery(Clone) (Target)
[ORDER] commander=ai team=Team_Alien unit=Squid kind=attack tgt=Cent_Refinery(Clone) (Target)
[ORDER] commander=ai team=Team_Alien unit=Squid kind=attack tgt=Cent_Refinery(Clone) (Target)
[ORDER] commander=ai team=Team_Alien unit=Crab kind=attack tgt=ConstructionSite_Cent_Barracks(Clone) (Target)
[ORDER] commander=ai team=Team_Alien unit=Crab kind=attack tgt=ConstructionSite_Cent_Barracks(Clone) (Target)
[ORDER] commander=ai team=Team_Alien unit=Crab kind=attack tgt=ConstructionSite_Cent_Barracks(Clone) (Target)
[ORDER] commander=ai team=Team_Alien unit=Crab kind=attack tgt=ConstructionSite_Cent_Barracks(Clone) (Target)
[AI] [Team_Alien] tick=35 reqs=3 type={Construct:3} task={} prio(min/avg/max)=10/40.7/62 groups=0
[SPAWN_U] team=Team_Alien unit=Shrimp
[ORDER] commander=ai team=Team_Alien unit=Shocker kind=move dst=(-1125,32,870)
[ORDER] commander=ai team=Team_Alien unit=Hunter kind=move dst=(1125,29,870)
[ORDER] commander=ai team=Team_Alien unit=Wasp kind=stop
[ORDER] commander=ai team=Team_Alien unit=Squid kind=move dst=(-112,103,-637)
[ORDER] commander=ai team=Team_Alien unit=Squid kind=move dst=(-112,103,-637)
[ORDER] commander=ai team=Team_Alien unit=Squid kind=move dst=(-112,103,-637)
[ORDER] commander=ai team=Team_Alien unit=Crab kind=stop
[ORDER] commander=ai team=Team_Alien unit=Crab kind=move dst=(-248,88,-401)
[ORDER] commander=ai team=Team_Alien unit=Crab kind=move dst=(-248,88,-401)
[ORDER] commander=ai team=Team_Alien unit=Crab kind=move dst=(-248,88,-401)
[SPAWN_S] team=Team_Alien structure=Node at=(240,-680)
[ORDER] commander=ai team=Team_Alien unit=Shocker kind=move dst=(-1125,32,870)
[ORDER] commander=ai team=Team_Alien unit=Hunter kind=move dst=(1125,29,870)
[ORDER] commander=ai team=Team_Alien unit=Squid kind=move dst=(-112,103,-637)
[ORDER] commander=ai team=Team_Alien unit=Squid kind=move dst=(-112,103,-637)
[ORDER] commander=ai team=Team_Human_Centauri unit=Assault Car kind=move dst=(-1400,23,323)
[ORDER] commander=ai team=Team_Human_Centauri unit=Heavy Raider kind=move dst=(-228,31,1229)
[ORDER] commander=ai team=Team_Human_Centauri unit=Heavy Raider kind=move dst=(-228,31,1229)
[ORDER] commander=ai team=Team_Human_Centauri unit=Light Raider kind=move dst=(-228,31,1229)
[ORDER] commander=ai team=Team_Human_Centauri unit=Assault Car kind=move dst=(-696,49,-403)
[H2] team=Team_Human_Centauri fire=Headquarters argmaxCell=(17,37) val=46 atWorld=(-800,0) hqCount=2
[AI] [Team_Human_Centauri] tick=36 reqs=1 type={Construct:1} task={} prio(min/avg/max)=10/10.0/10 groups=0
[ORDER] commander=ai team=Team_Alien unit=Shocker kind=move dst=(-1125,32,870)
[ORDER] commander=ai team=Team_Alien unit=Hunter kind=move dst=(1125,29,870)
[ORDER] commander=ai team=Team_Human_Sol unit=Heavy Quad kind=move dst=(-317,99,60)
[ORDER] commander=ai team=Team_Human_Sol unit=Light Striker kind=move dst=(-317,99,60)
[ORDER] commander=ai team=Team_Human_Sol unit=Light Striker kind=move dst=(-317,99,60)
[ORDER] commander=ai team=Team_Human_Sol unit=Heavy Quad kind=attack tgt=Hunter(Clone) (Target)
[ORDER] commander=ai team=Team_Human_Sol unit=Light Raider kind=attack tgt=Hunter(Clone) (Target)
[ORDER] commander=ai team=Team_Human_Sol unit=Light Raider kind=attack tgt=Hunter(Clone) (Target)
[ORDER] commander=ai team=Team_Human_Sol unit=Platoon Hauler kind=attack tgt=SpecialContainer_Short_01_Small(Clone) (Target)
[ORDER] commander=ai team=Team_Human_Sol unit=Rifleman kind=attack tgt=SpecialContainer_Long_01_Large(Clone) (Target)
[ORDER] commander=ai team=Team_Human_Sol unit=Platoon Hauler kind=move dst=(410,19,-150)
[ORDER] commander=ai team=Team_Human_Sol unit=Platoon Hauler kind=attack tgt=Hunter(Clone) (Target)
[AI] [Team_Human_Sol] tick=36 reqs=4 type={Construct:4} task={} prio(min/avg/max)=10/77.5/100 groups=0
[ORDER] commander=ai team=Team_Alien unit=Squid kind=move dst=(-112,103,-637)
[ORDER] commander=ai team=Team_Alien unit=Squid kind=move dst=(-112,103,-637)
[ORDER] commander=ai team=Team_Human_Sol unit=Heavy Quad kind=move dst=(435,21,-252)
[ORDER] commander=ai team=Team_Human_Sol unit=Light Raider kind=move dst=(435,21,-252)
[ORDER] commander=ai team=Team_Human_Sol unit=Light Raider kind=move dst=(435,21,-252)
[ORDER] commander=ai team=Team_Human_Sol unit=Platoon Hauler kind=move dst=(435,21,-252)
[ORDER] commander=ai team=Team_Human_Sol unit=Light Striker kind=stop
[ORDER] commander=ai team=Team_Human_Sol unit=Light Striker kind=move dst=(645,24,1399)
[ORDER] commander=ai team=Team_Human_Sol unit=Heavy Quad kind=move dst=(645,24,1399)
[P31] team=Team_Alien preset=Harvest stock=Shrimp ours=Shrimp agree=True rationale=biotic cap (have 11/70)
[ORDER] commander=ai team=Team_Alien unit=Shocker kind=move dst=(-681,70,-540)
[ORDER] commander=ai team=Team_Alien unit=Shocker kind=move dst=(-681,70,-540)
[ORDER] commander=ai team=Team_Alien unit=Shocker kind=move dst=(-681,70,-540)
[ORDER] commander=ai team=Team_Alien unit=Shocker kind=move dst=(-681,70,-540)
[ORDER] commander=ai team=Team_Alien unit=Crab kind=move dst=(-728,117,-610)
[ORDER] commander=ai team=Team_Alien unit=Horned Crab kind=move dst=(-728,117,-610)
[ORDER] commander=ai team=Team_Alien unit=Horned Crab kind=move dst=(-728,117,-610)
[ORDER] commander=ai team=Team_Alien unit=Shocker kind=move dst=(-728,117,-610)
[ORDER] commander=ai team=Team_Alien unit=Wasp kind=move dst=(-854,33,-1256)
[ORDER] commander=ai team=Team_Alien unit=Squid kind=move dst=(-854,33,-1256)
[ORDER] commander=ai team=Team_Alien unit=Squid kind=move dst=(-854,33,-1256)
[ORDER] commander=ai team=Team_Alien unit=Squid kind=move dst=(-854,33,-1256)
[ORDER] commander=ai team=Team_Alien unit=Shocker kind=attack tgt=Cent_Headquarters(Clone) (Target)
[ORDER] commander=ai team=Team_Alien unit=Shocker kind=attack tgt=Cent_Headquarters(Clone) (Target)
[ORDER] commander=ai team=Team_Alien unit=Shocker kind=attack tgt=Cent_Headquarters(Clone) (Target)
[ORDER] commander=ai team=Team_Alien unit=Shocker kind=attack tgt=Cent_Headquarters(Clone) (Target)
[ORDER] commander=ai team=Team_Alien unit=Crab kind=attack tgt=Cent_Refinery(Clone) (Target)
[ORDER] commander=ai team=Team_Alien unit=Horned Crab kind=attack tgt=Cent_Refinery(Clone) (Target)
[ORDER] commander=ai team=Team_Alien unit=Horned Crab kind=attack tgt=Cent_Refinery(Clone) (Target)
[ORDER] commander=ai team=Team_Alien unit=Shocker kind=attack tgt=Cent_Refinery(Clone) (Target)
[ORDER] commander=ai team=Team_Alien unit=Wasp kind=attack tgt=ConstructionSite_Cent_Barracks(Clone) (Target)
[ORDER] commander=ai team=Team_Alien unit=Squid kind=attack tgt=ConstructionSite_Cent_Barracks(Clone) (Target)
[ORDER] commander=ai team=Team_Alien unit=Squid kind=attack tgt=ConstructionSite_Cent_Barracks(Clone) (Target)
[ORDER] commander=ai team=Team_Alien unit=Squid kind=attack tgt=ConstructionSite_Cent_Barracks(Clone) (Target)
[P32] team=Team_Alien fire=Node towardPatchAt=(361,-93) distToOwned=362m nodesOwned=19 anchorAt=(-45,-735)
[AI] [Team_Alien] tick=36 reqs=4 type={Construct:4} task={} prio(min/avg/max)=10/33.8/50 groups=0
[ORDER] commander=ai team=Team_Human_Sol unit=Platoon Hauler kind=move dst=(467,25,41)
[SPAWN_U] team=Team_Alien unit=Shrimp
[ORDER] commander=ai team=Team_Alien unit=Shocker kind=move dst=(-1125,32,870)
[ORDER] commander=ai team=Team_Alien unit=Hunter kind=move dst=(1125,29,870)
[ORDER] commander=ai team=Team_Alien unit=Wasp kind=stop
[ORDER] commander=ai team=Team_Alien unit=Squid kind=move dst=(-112,103,-637)
[ORDER] commander=ai team=Team_Alien unit=Squid kind=move dst=(-112,103,-637)
[ORDER] commander=ai team=Team_Alien unit=Squid kind=move dst=(-112,103,-637)
[ORDER] commander=ai team=Team_Human_Sol unit=Light Striker kind=move dst=(635,25,1399)
[ORDER] commander=ai team=Team_Human_Sol unit=Heavy Quad kind=move dst=(635,25,1399)
[ORDER] commander=ai team=Team_Alien unit=Shocker kind=move dst=(-1125,32,870)
[ORDER] commander=ai team=Team_Alien unit=Hunter kind=move dst=(1125,29,870)
[ORDER] commander=ai team=Team_Human_Sol unit=Scout kind=move dst=(1198,47,48)
[ORDER] commander=ai team=Team_Alien unit=Squid kind=move dst=(-112,103,-637)
[ORDER] commander=ai team=Team_Alien unit=Squid kind=move dst=(-112,103,-637)
[ORDER] commander=ai team=Team_Human_Centauri unit=Heavy Raider kind=move dst=(-228,31,1229)
[ORDER] commander=ai team=Team_Human_Centauri unit=Heavy Raider kind=move dst=(-228,31,1229)
[ORDER] commander=ai team=Team_Human_Centauri unit=Light Raider kind=move dst=(-228,31,1229)
[ORDER] commander=ai team=Team_Human_Centauri unit=Assault Car kind=move dst=(254,35,1138)
[ORDER] commander=ai team=Team_Human_Centauri unit=Assault Car kind=move dst=(-1400,31,548)
[ORDER] commander=ai team=Team_Human_Centauri unit=Assault Car kind=move dst=(-1400,31,548)
[H2] team=Team_Human_Centauri fire=Headquarters argmaxCell=(17,37) val=46 atWorld=(-800,0) hqCount=2
[AI] [Team_Human_Centauri] tick=37 reqs=1 type={Construct:1} task={} prio(min/avg/max)=10/10.0/10 groups=0
[ORDER] commander=ai team=Team_Alien unit=Shocker kind=move dst=(-1125,32,870)
[ORDER] commander=ai team=Team_Alien unit=Hunter kind=move dst=(1125,29,870)
[ORDER] commander=ai team=Team_Human_Sol unit=Scout kind=move dst=(1198,47,48)
[ORDER] commander=ai team=Team_Human_Sol unit=Scout kind=move dst=(150,9,52)
[ORDER] commander=ai team=Team_Human_Sol unit=Scout kind=move dst=(150,9,52)
[ORDER] commander=ai team=Team_Human_Sol unit=Scout kind=move dst=(150,9,52)
[ORDER] commander=ai team=Team_Human_Sol unit=Rifleman kind=move dst=(150,9,52)
[ORDER] commander=ai team=Team_Human_Sol unit=Light Striker kind=attack tgt=Hunter(Clone) (Target)
[ORDER] commander=ai team=Team_Human_Sol unit=Light Striker kind=attack tgt=Hunter(Clone) (Target)
[ORDER] commander=ai team=Team_Human_Sol unit=Heavy Quad kind=attack tgt=Hunter(Clone) (Target)
[H1] team=Team_Human_Sol fire=Refinery atBalterium=(1294,1066) refCount=1
[H1] team=Team_Human_Sol fire=Refinery atBalterium=(715,897) refCount=2
[AI] [Team_Human_Sol] tick=37 reqs=4 type={Construct:4} task={} prio(min/avg/max)=10/77.5/100 groups=0
[ORDER] commander=ai team=Team_Alien unit=Squid kind=move dst=(-112,103,-637)
[ORDER] commander=ai team=Team_Alien unit=Squid kind=move dst=(-112,103,-637)
[ORDER] commander=ai team=Team_Human_Sol unit=Light Striker kind=move dst=(444,19,-229)
[ORDER] commander=ai team=Team_Human_Centauri unit=Squad Transport kind=move dst=(-1183,20,-349)
[ORDER] commander=ai team=Team_Alien unit=Shocker kind=move dst=(-681,70,-540)
[ORDER] commander=ai team=Team_Alien unit=Shocker kind=move dst=(-681,70,-540)
[ORDER] commander=ai team=Team_Alien unit=Shocker kind=move dst=(-681,70,-540)
[ORDER] commander=ai team=Team_Alien unit=Shocker kind=move dst=(-681,70,-540)
[ORDER] commander=ai team=Team_Alien unit=Crab kind=move dst=(-728,117,-610)
[ORDER] commander=ai team=Team_Alien unit=Crab kind=move dst=(-728,117,-610)
[ORDER] commander=ai team=Team_Alien unit=Crab kind=move dst=(-728,117,-610)
[ORDER] commander=ai team=Team_Alien unit=Crab kind=move dst=(-728,117,-610)
[ORDER] commander=ai team=Team_Alien unit=Wasp kind=move dst=(-854,33,-1256)
[ORDER] commander=ai team=Team_Alien unit=Squid kind=move dst=(-854,33,-1256)
[ORDER] commander=ai team=Team_Alien unit=Squid kind=move dst=(-854,33,-1256)
[ORDER] commander=ai team=Team_Alien unit=Squid kind=move dst=(-854,33,-1256)
[ORDER] commander=ai team=Team_Alien unit=Crab kind=attack tgt=ConstructionSite_Cent_Barracks(Clone) (Target)
[ORDER] commander=ai team=Team_Alien unit=Horned Crab kind=attack tgt=ConstructionSite_Cent_Barracks(Clone) (Target)
[ORDER] commander=ai team=Team_Alien unit=Horned Crab kind=attack tgt=ConstructionSite_Cent_Barracks(Clone) (Target)
[ORDER] commander=ai team=Team_Alien unit=Shocker kind=attack tgt=ConstructionSite_Cent_Barracks(Clone) (Target)
[ORDER] commander=ai team=Team_Alien unit=Shocker kind=attack tgt=Cent_Headquarters(Clone) (Target)
[ORDER] commander=ai team=Team_Alien unit=Shocker kind=attack tgt=Cent_Headquarters(Clone) (Target)
[ORDER] commander=ai team=Team_Alien unit=Shocker kind=attack tgt=Cent_Headquarters(Clone) (Target)
[ORDER] commander=ai team=Team_Alien unit=Shocker kind=attack tgt=Cent_Headquarters(Clone) (Target)
[ORDER] commander=ai team=Team_Alien unit=Wasp kind=attack tgt=Cent_Refinery(Clone) (Target)
[ORDER] commander=ai team=Team_Alien unit=Squid kind=attack tgt=Cent_Refinery(Clone) (Target)
[ORDER] commander=ai team=Team_Alien unit=Squid kind=attack tgt=Cent_Refinery(Clone) (Target)
[ORDER] commander=ai team=Team_Alien unit=Squid kind=attack tgt=Cent_Refinery(Clone) (Target)
[ORDER] commander=ai team=Team_Alien unit=Crab kind=attack tgt=ConstructionSite_Cent_Barracks(Clone) (Target)
[ORDER] commander=ai team=Team_Alien unit=Crab kind=attack tgt=ConstructionSite_Cent_Barracks(Clone) (Target)
[ORDER] commander=ai team=Team_Alien unit=Crab kind=attack tgt=ConstructionSite_Cent_Barracks(Clone) (Target)
[ORDER] commander=ai team=Team_Alien unit=Crab kind=attack tgt=ConstructionSite_Cent_Barracks(Clone) (Target)
[AI] [Team_Alien] tick=37 reqs=3 type={Construct:3} task={} prio(min/avg/max)=10/29.3/50 groups=0
[ORDER] commander=ai team=Team_Alien unit=Shocker kind=move dst=(-1125,32,870)
[ORDER] commander=ai team=Team_Alien unit=Hunter kind=move dst=(1125,29,870)
[ORDER] commander=ai team=Team_Alien unit=Wasp kind=stop
[ORDER] commander=ai team=Team_Alien unit=Squid kind=move dst=(-113,103,-637)
[ORDER] commander=ai team=Team_Alien unit=Squid kind=move dst=(-113,103,-637)
[ORDER] commander=ai team=Team_Alien unit=Squid kind=move dst=(-113,103,-637)
[ORDER] commander=ai team=Team_Alien unit=Crab kind=stop
[ORDER] commander=ai team=Team_Alien unit=Crab kind=move dst=(-248,88,-400)
[ORDER] commander=ai team=Team_Alien unit=Crab kind=move dst=(-248,88,-400)
[ORDER] commander=ai team=Team_Alien unit=Crab kind=move dst=(-248,88,-400)
[ORDER] commander=ai team=Team_Alien unit=Crab kind=move dst=(-356,94,-279)
[ORDER] commander=ai team=Team_Alien unit=Horned Crab kind=move dst=(-356,94,-279)
[ORDER] commander=ai team=Team_Alien unit=Horned Crab kind=move dst=(-356,94,-279)
[ORDER] commander=ai team=Team_Alien unit=Shocker kind=stop
[ORDER] commander=ai team=Team_Alien unit=Shocker kind=move dst=(-1125,32,870)
[ORDER] commander=ai team=Team_Alien unit=Hunter kind=move dst=(1125,29,870)
[ORDER] commander=ai team=Team_Alien unit=Squid kind=move dst=(-113,103,-637)
[ORDER] commander=ai team=Team_Alien unit=Squid kind=move dst=(-113,103,-637)
[ORDER] commander=ai team=Team_Alien unit=Squid kind=move dst=(-113,103,-637)
[SPAWN_S] team=Team_Alien structure=Node at=(-420,-555)
[ORDER] commander=ai team=Team_Human_Centauri unit=Squad Transport kind=move dst=(-1148,29,-337)
[ORDER] commander=ai team=Team_Human_Centauri unit=Heavy Raider kind=move dst=(260,23,325)
[ORDER] commander=ai team=Team_Human_Centauri unit=Heavy Raider kind=move dst=(260,23,325)
[ORDER] commander=ai team=Team_Human_Centauri unit=Light Raider kind=move dst=(260,23,325)
[ORDER] commander=ai team=Team_Human_Centauri unit=Light Raider kind=move dst=(-1382,24,-511)
[ORDER] commander=ai team=Team_Human_Centauri unit=Light Raider kind=move dst=(-1382,24,-511)
[ORDER] commander=ai team=Team_Human_Centauri unit=Heavy Raider kind=move dst=(-1382,24,-511)
[H2] team=Team_Human_Centauri fire=Headquarters argmaxCell=(17,37) val=46 atWorld=(-800,0) hqCount=2
[AI] [Team_Human_Centauri] tick=38 reqs=1 type={Construct:1} task={} prio(min/avg/max)=10/10.0/10 groups=0
[ORDER] commander=ai team=Team_Alien unit=Crab kind=move dst=(-358,94,-278)
[ORDER] commander=ai team=Team_Alien unit=Horned Crab kind=move dst=(-358,94,-278)
[ORDER] commander=ai team=Team_Alien unit=Horned Crab kind=move dst=(-358,94,-278)
[ORDER] commander=ai team=Team_Human_Centauri unit=Assault Car kind=move dst=(-764,23,1035)
[ORDER] commander=ai team=Team_Alien unit=Shocker kind=move dst=(-1125,32,870)
[ORDER] commander=ai team=Team_Alien unit=Hunter kind=move dst=(1125,29,870)
[AI] [Team_Human_Sol] tick=38 reqs=4 type={Construct:4} task={} prio(min/avg/max)=10/77.5/100 groups=0
[ORDER] commander=ai team=Team_Alien unit=Squid kind=move dst=(-113,103,-637)
[ORDER] commander=ai team=Team_Alien unit=Squid kind=move dst=(-113,103,-637)
[ORDER] commander=ai team=Team_Alien unit=Squid kind=move dst=(-113,103,-637)
[ORDER] commander=ai team=Team_Alien unit=Shocker kind=move dst=(-681,70,-540)
[ORDER] commander=ai team=Team_Alien unit=Shocker kind=move dst=(-681,70,-540)
[ORDER] commander=ai team=Team_Alien unit=Shocker kind=move dst=(-681,70,-540)
[ORDER] commander=ai team=Team_Alien unit=Shocker kind=move dst=(-681,70,-540)
[ORDER] commander=ai team=Team_Alien unit=Crab kind=move dst=(-728,117,-610)
[ORDER] commander=ai team=Team_Alien unit=Horned Crab kind=move dst=(-728,117,-610)
[ORDER] commander=ai team=Team_Alien unit=Horned Crab kind=move dst=(-728,117,-610)
[ORDER] commander=ai team=Team_Alien unit=Shocker kind=move dst=(-728,117,-610)
[ORDER] commander=ai team=Team_Alien unit=Wasp kind=move dst=(-854,33,-1256)
[ORDER] commander=ai team=Team_Alien unit=Squid kind=move dst=(-854,33,-1256)
[ORDER] commander=ai team=Team_Alien unit=Squid kind=move dst=(-854,33,-1256)
[ORDER] commander=ai team=Team_Alien unit=Squid kind=move dst=(-854,33,-1256)
[ORDER] commander=ai team=Team_Alien unit=Shocker kind=attack tgt=Cent_Headquarters(Clone) (Target)
[ORDER] commander=ai team=Team_Alien unit=Shocker kind=attack tgt=Cent_Headquarters(Clone) (Target)
[ORDER] commander=ai team=Team_Alien unit=Shocker kind=attack tgt=Cent_Headquarters(Clone) (Target)
[ORDER] commander=ai team=Team_Alien unit=Shocker kind=attack tgt=Cent_Headquarters(Clone) (Target)
[ORDER] commander=ai team=Team_Alien unit=Crab kind=attack tgt=Cent_Refinery(Clone) (Target)
[ORDER] commander=ai team=Team_Alien unit=Horned Crab kind=attack tgt=Cent_Refinery(Clone) (Target)
[ORDER] commander=ai team=Team_Alien unit=Horned Crab kind=attack tgt=Cent_Refinery(Clone) (Target)
[ORDER] commander=ai team=Team_Alien unit=Shocker kind=attack tgt=Cent_Refinery(Clone) (Target)
[ORDER] commander=ai team=Team_Alien unit=Wasp kind=attack tgt=ConstructionSite_Cent_Barracks(Clone) (Target)
[ORDER] commander=ai team=Team_Alien unit=Squid kind=attack tgt=ConstructionSite_Cent_Barracks(Clone) (Target)
[ORDER] commander=ai team=Team_Alien unit=Squid kind=attack tgt=ConstructionSite_Cent_Barracks(Clone) (Target)
[ORDER] commander=ai team=Team_Alien unit=Squid kind=attack tgt=ConstructionSite_Cent_Barracks(Clone) (Target)
[P32] team=Team_Alien fire=Node towardPatchAt=(361,-93) distToOwned=362m nodesOwned=19 anchorAt=(-45,-735)
[AI] [Team_Alien] tick=38 reqs=3 type={Construct:3} task={} prio(min/avg/max)=10/29.3/50 groups=0
[ORDER] commander=ai team=Team_Alien unit=Horned Crab kind=move dst=(-1065,25,570)
[ORDER] commander=ai team=Team_Human_Centauri unit=Assault Car kind=move dst=(-764,23,1035)
[ORDER] commander=ai team=Team_Alien unit=Shocker kind=move dst=(-1125,32,870)
[ORDER] commander=ai team=Team_Alien unit=Hunter kind=move dst=(1125,29,870)
[ORDER] commander=ai team=Team_Alien unit=Wasp kind=stop
[ORDER] commander=ai team=Team_Alien unit=Squid kind=move dst=(-113,103,-637)
[ORDER] commander=ai team=Team_Alien unit=Squid kind=move dst=(-113,103,-637)
[ORDER] commander=ai team=Team_Alien unit=Squid kind=move dst=(-113,103,-637)
[ORDER] commander=ai team=Team_Human_Sol unit=Heavy Quad kind=stop
[ORDER] commander=ai team=Team_Human_Sol unit=Light Raider kind=move dst=(1254,26,114)
[ORDER] commander=ai team=Team_Human_Sol unit=Light Raider kind=move dst=(1254,26,114)
[ORDER] commander=ai team=Team_Human_Centauri unit=Light Raider kind=move dst=(-764,23,1035)
[ORDER] commander=ai team=Team_Human_Centauri unit=Assault Car kind=move dst=(-764,23,1035)
[ORDER] commander=ai team=Team_Alien unit=Shocker kind=move dst=(-1125,32,870)
[ORDER] commander=ai team=Team_Alien unit=Hunter kind=move dst=(1125,29,870)
[ORDER] commander=ai team=Team_Alien unit=Squid kind=move dst=(-113,103,-637)
[ORDER] commander=ai team=Team_Alien unit=Squid kind=move dst=(-113,103,-637)
[ORDER] commander=ai team=Team_Alien unit=Squid kind=move dst=(-113,103,-637)
[ORDER] commander=ai team=Team_Alien unit=Crab kind=move dst=(-1035,34,855)
[ORDER] commander=ai team=Team_Alien unit=Crab kind=move dst=(-1035,34,855)
[ORDER] commander=ai team=Team_Human_Centauri unit=Squad Transport kind=move dst=(-1400,30,-267)
[ORDER] commander=ai team=Team_Human_Centauri unit=Squad Transport kind=move dst=(-1026,33,-175)
[H2] team=Team_Human_Centauri fire=Headquarters argmaxCell=(17,37) val=46 atWorld=(-800,0) hqCount=2
[AI] [Team_Human_Centauri] tick=39 reqs=1 type={Construct:1} task={} prio(min/avg/max)=10/10.0/10 groups=0
[ORDER] commander=ai team=Team_Human_Centauri unit=Assault Car kind=move dst=(-764,23,1035)
[ORDER] commander=ai team=Team_Alien unit=Shocker kind=move dst=(-1125,32,870)
[ORDER] commander=ai team=Team_Alien unit=Hunter kind=move dst=(1125,29,870)
[ORDER] commander=ai team=Team_Human_Sol unit=Scout kind=move dst=(150,9,52)
[ORDER] commander=ai team=Team_Human_Sol unit=Scout kind=move dst=(150,9,52)
[ORDER] commander=ai team=Team_Human_Sol unit=Scout kind=move dst=(150,9,52)
[ORDER] commander=ai team=Team_Human_Sol unit=Rifleman kind=move dst=(150,9,52)
[H1] team=Team_Human_Sol fire=Refinery atBalterium=(1294,1066) refCount=1
[H1] team=Team_Human_Sol fire=Refinery atBalterium=(715,897) refCount=2
[AI] [Team_Human_Sol] tick=39 reqs=4 type={Construct:4} task={} prio(min/avg/max)=10/77.5/100 groups=0
[ORDER] commander=ai team=Team_Alien unit=Squid kind=move dst=(-113,103,-637)
[ORDER] commander=ai team=Team_Alien unit=Squid kind=move dst=(-113,103,-637)
[ORDER] commander=ai team=Team_Alien unit=Squid kind=move dst=(-113,103,-637)
[ORDER] commander=ai team=Team_Alien unit=Crab kind=stop
[ORDER] commander=ai team=Team_Alien unit=Crab kind=move dst=(-250,89,-391)
[ORDER] commander=ai team=Team_Alien unit=Crab kind=move dst=(-250,89,-391)
[ORDER] commander=ai team=Team_Alien unit=Crab kind=move dst=(-250,89,-391)
[ORDER] commander=ai team=Team_Alien unit=Shocker kind=move dst=(-681,70,-540)
[ORDER] commander=ai team=Team_Alien unit=Shocker kind=move dst=(-681,70,-540)
[ORDER] commander=ai team=Team_Alien unit=Shocker kind=move dst=(-681,70,-540)
[ORDER] commander=ai team=Team_Alien unit=Shocker kind=move dst=(-681,70,-540)
[ORDER] commander=ai team=Team_Alien unit=Crab kind=move dst=(-728,117,-610)
[ORDER] commander=ai team=Team_Alien unit=Crab kind=move dst=(-728,117,-610)
[ORDER] commander=ai team=Team_Alien unit=Crab kind=move dst=(-728,117,-610)
[ORDER] commander=ai team=Team_Alien unit=Crab kind=move dst=(-728,117,-610)
[ORDER] commander=ai team=Team_Alien unit=Wasp kind=move dst=(-854,33,-1256)
[ORDER] commander=ai team=Team_Alien unit=Squid kind=move dst=(-854,33,-1256)
[ORDER] commander=ai team=Team_Alien unit=Squid kind=move dst=(-854,33,-1256)
[ORDER] commander=ai team=Team_Alien unit=Squid kind=move dst=(-854,33,-1256)
[ORDER] commander=ai team=Team_Alien unit=Crab kind=attack tgt=ConstructionSite_Cent_Barracks(Clone) (Target)
[ORDER] commander=ai team=Team_Alien unit=Horned Crab kind=attack tgt=ConstructionSite_Cent_Barracks(Clone) (Target)
[ORDER] commander=ai team=Team_Alien unit=Horned Crab kind=attack tgt=ConstructionSite_Cent_Barracks(Clone) (Target)
[ORDER] commander=ai team=Team_Alien unit=Shocker kind=attack tgt=ConstructionSite_Cent_Barracks(Clone) (Target)
[ORDER] commander=ai team=Team_Alien unit=Shocker kind=attack tgt=Cent_Headquarters(Clone) (Target)
[ORDER] commander=ai team=Team_Alien unit=Shocker kind=attack tgt=Cent_Headquarters(Clone) (Target)
[ORDER] commander=ai team=Team_Alien unit=Shocker kind=attack tgt=Cent_Headquarters(Clone) (Target)
[ORDER] commander=ai team=Team_Alien unit=Shocker kind=attack tgt=Cent_Headquarters(Clone) (Target)
[ORDER] commander=ai team=Team_Alien unit=Wasp kind=attack tgt=Cent_Refinery(Clone) (Target)
[ORDER] commander=ai team=Team_Alien unit=Squid kind=attack tgt=Cent_Refinery(Clone) (Target)
[ORDER] commander=ai team=Team_Alien unit=Squid kind=attack tgt=Cent_Refinery(Clone) (Target)
[ORDER] commander=ai team=Team_Alien unit=Squid kind=attack tgt=Cent_Refinery(Clone) (Target)
[ORDER] commander=ai team=Team_Alien unit=Crab kind=attack tgt=ConstructionSite_Cent_Barracks(Clone) (Target)
[ORDER] commander=ai team=Team_Alien unit=Crab kind=attack tgt=ConstructionSite_Cent_Barracks(Clone) (Target)
[ORDER] commander=ai team=Team_Alien unit=Crab kind=attack tgt=ConstructionSite_Cent_Barracks(Clone) (Target)
[ORDER] commander=ai team=Team_Alien unit=Crab kind=attack tgt=ConstructionSite_Cent_Barracks(Clone) (Target)
[AI] [Team_Alien] tick=39 reqs=3 type={Construct:3} task={} prio(min/avg/max)=10/29.3/50 groups=0
[ORDER] commander=ai team=Team_Human_Centauri unit=Heavy Raider kind=move dst=(-764,23,1035)
[ORDER] commander=ai team=Team_Human_Centauri unit=Assault Car kind=move dst=(-764,23,1035)
[ORDER] commander=ai team=Team_Alien unit=Shocker kind=move dst=(-1125,32,870)
[ORDER] commander=ai team=Team_Human_Centauri unit=Light Raider kind=move dst=(-1010,18,377)
[ORDER] commander=ai team=Team_Human_Centauri unit=Light Raider kind=move dst=(-1010,18,377)
[ORDER] commander=ai team=Team_Human_Centauri unit=Heavy Raider kind=stop
[ORDER] commander=ai team=Team_Alien unit=Hunter kind=move dst=(1125,29,870)
[ORDER] commander=ai team=Team_Alien unit=Wasp kind=stop
[ORDER] commander=ai team=Team_Alien unit=Squid kind=move dst=(-113,103,-637)
[ORDER] commander=ai team=Team_Alien unit=Squid kind=move dst=(-113,103,-637)
[ORDER] commander=ai team=Team_Alien unit=Squid kind=move dst=(-113,103,-637)
[ORDER] commander=ai team=Team_Alien unit=Crab kind=stop
[ORDER] commander=ai team=Team_Alien unit=Crab kind=move dst=(-250,89,-389)
[ORDER] commander=ai team=Team_Alien unit=Crab kind=move dst=(-250,89,-389)
[ORDER] commander=ai team=Team_Alien unit=Crab kind=move dst=(-250,89,-389)
[SPAWN_S] team=Team_Alien structure=Node at=(-130,-170)
[SPAWN_S] team=Team_Human_Centauri structure=Barracks at=(-1035,855)
[ORDER] commander=ai team=Team_Human_Centauri unit=Assault Car kind=move dst=(-764,23,1035)
[ORDER] commander=ai team=Team_Alien unit=Shocker kind=move dst=(-1125,32,870)
[ORDER] commander=ai team=Team_Human_Centauri unit=Light Raider kind=move dst=(-1012,19,373)
[ORDER] commander=ai team=Team_Human_Centauri unit=Light Raider kind=move dst=(-1012,19,373)
[ORDER] commander=ai team=Team_Alien unit=Hunter kind=move dst=(1125,29,870)
[ORDER] commander=ai team=Team_Alien unit=Squid kind=move dst=(-113,103,-637)
[ORDER] commander=ai team=Team_Alien unit=Squid kind=move dst=(-113,103,-637)
[ORDER] commander=ai team=Team_Alien unit=Squid kind=move dst=(-113,103,-637)
[ORDER] commander=ai team=Team_Human_Centauri unit=Squad Transport kind=move dst=(-365,61,1087)
[H2] team=Team_Human_Centauri fire=Headquarters argmaxCell=(17,37) val=46 atWorld=(-800,0) hqCount=2
[AI] [Team_Human_Centauri] tick=40 reqs=3 type={Construct:3} task={} prio(min/avg/max)=10/47.0/81 groups=0
[ORDER] commander=ai team=Team_Human_Centauri unit=Assault Car kind=move dst=(-764,23,1035)
[ORDER] commander=ai team=Team_Alien unit=Shocker kind=move dst=(-1125,32,870)
[ORDER] commander=ai team=Team_Alien unit=Hunter kind=move dst=(1125,29,870)
[ORDER] commander=ai team=Team_Human_Sol unit=Scout kind=stop
[ORDER] commander=ai team=Team_Human_Sol unit=Scout kind=move dst=(1157,40,52)
[ORDER] commander=ai team=Team_Human_Sol unit=Scout kind=move dst=(1157,40,52)
[ORDER] commander=ai team=Team_Human_Sol unit=Rifleman kind=move dst=(1157,40,52)
[ORDER] commander=ai team=Team_Human_Sol unit=Scout kind=move dst=(150,9,52)
[ORDER] commander=ai team=Team_Human_Sol unit=Scout kind=move dst=(150,9,52)
[ORDER] commander=ai team=Team_Human_Sol unit=Scout kind=move dst=(150,9,52)
[ORDER] commander=ai team=Team_Human_Sol unit=Rifleman kind=move dst=(150,9,52)
[AI] [Team_Human_Sol] tick=40 reqs=4 type={Construct:4} task={} prio(min/avg/max)=10/77.5/100 groups=0
[ORDER] commander=ai team=Team_Alien unit=Squid kind=move dst=(-113,103,-637)
[ORDER] commander=ai team=Team_Alien unit=Squid kind=move dst=(-113,103,-637)
[ORDER] commander=ai team=Team_Alien unit=Squid kind=move dst=(-113,103,-637)
[ORDER] commander=ai team=Team_Alien unit=Crab kind=move dst=(-1065,25,570)
[ORDER] commander=ai team=Team_Alien unit=Crab kind=move dst=(-1065,25,570)
[ORDER] commander=ai team=Team_Alien unit=Shocker kind=move dst=(-681,70,-540)
[ORDER] commander=ai team=Team_Alien unit=Shocker kind=move dst=(-681,70,-540)
[ORDER] commander=ai team=Team_Alien unit=Shocker kind=move dst=(-681,70,-540)
[ORDER] commander=ai team=Team_Alien unit=Shocker kind=move dst=(-681,70,-540)
[ORDER] commander=ai team=Team_Alien unit=Crab kind=move dst=(-728,117,-610)
[ORDER] commander=ai team=Team_Alien unit=Horned Crab kind=move dst=(-728,117,-610)
[ORDER] commander=ai team=Team_Alien unit=Horned Crab kind=move dst=(-728,117,-610)
[ORDER] commander=ai team=Team_Alien unit=Shocker kind=move dst=(-728,117,-610)
[ORDER] commander=ai team=Team_Alien unit=Wasp kind=move dst=(-854,33,-1256)
[ORDER] commander=ai team=Team_Alien unit=Squid kind=move dst=(-854,33,-1256)
[ORDER] commander=ai team=Team_Alien unit=Squid kind=move dst=(-854,33,-1256)
[ORDER] commander=ai team=Team_Alien unit=Squid kind=move dst=(-854,33,-1256)
[ORDER] commander=ai team=Team_Alien unit=Shocker kind=attack tgt=Cent_Headquarters(Clone) (Target)
[ORDER] commander=ai team=Team_Alien unit=Shocker kind=attack tgt=Cent_Headquarters(Clone) (Target)
[ORDER] commander=ai team=Team_Alien unit=Shocker kind=attack tgt=Cent_Headquarters(Clone) (Target)
[ORDER] commander=ai team=Team_Alien unit=Shocker kind=attack tgt=Cent_Headquarters(Clone) (Target)
[ORDER] commander=ai team=Team_Alien unit=Crab kind=attack tgt=Cent_Refinery(Clone) (Target)
[ORDER] commander=ai team=Team_Alien unit=Horned Crab kind=attack tgt=Cent_Refinery(Clone) (Target)
[ORDER] commander=ai team=Team_Alien unit=Horned Crab kind=attack tgt=Cent_Refinery(Clone) (Target)
[ORDER] commander=ai team=Team_Alien unit=Shocker kind=attack tgt=Cent_Refinery(Clone) (Target)
[ORDER] commander=ai team=Team_Alien unit=Wasp kind=attack tgt=Cent_Refinery(Clone) (Target)
[ORDER] commander=ai team=Team_Alien unit=Squid kind=attack tgt=Cent_Refinery(Clone) (Target)
[ORDER] commander=ai team=Team_Alien unit=Squid kind=attack tgt=Cent_Refinery(Clone) (Target)
[ORDER] commander=ai team=Team_Alien unit=Squid kind=attack tgt=Cent_Refinery(Clone) (Target)
[AI] [Team_Alien] tick=40 reqs=3 type={Construct:3} task={} prio(min/avg/max)=10/29.3/50 groups=0
[ORDER] commander=ai team=Team_Human_Centauri unit=Assault Car kind=move dst=(-764,23,1035)
[ORDER] commander=ai team=Team_Alien unit=Shocker kind=move dst=(-1125,32,870)
[ORDER] commander=ai team=Team_Human_Centauri unit=Light Raider kind=move dst=(-1382,24,-511)
[ORDER] commander=ai team=Team_Human_Centauri unit=Heavy Raider kind=move dst=(-1382,24,-511)
[ORDER] commander=ai team=Team_Alien unit=Hunter kind=move dst=(1125,29,870)
[ORDER] commander=ai team=Team_Human_Sol unit=Scout kind=stop
[ORDER] commander=ai team=Team_Human_Sol unit=Scout kind=move dst=(1153,40,52)
[ORDER] commander=ai team=Team_Human_Sol unit=Scout kind=move dst=(1153,40,52)
[ORDER] commander=ai team=Team_Human_Sol unit=Rifleman kind=move dst=(1153,40,52)
[ORDER] commander=ai team=Team_Alien unit=Wasp kind=stop
[ORDER] commander=ai team=Team_Alien unit=Squid kind=move dst=(-113,103,-637)
[ORDER] commander=ai team=Team_Alien unit=Squid kind=move dst=(-113,103,-637)
[ORDER] commander=ai team=Team_Alien unit=Squid kind=move dst=(-113,103,-637)
[ORDER] commander=ai team=Team_Human_Sol unit=Heavy Quad kind=move dst=(491,13,-113)
[ORDER] commander=ai team=Team_Human_Sol unit=Light Raider kind=move dst=(491,13,-113)
[ORDER] commander=ai team=Team_Human_Sol unit=Light Raider kind=move dst=(491,13,-113)
[SPAWN_U] team=Team_Alien unit=Shrimp
[ORDER] commander=ai team=Team_Alien unit=Crab kind=move dst=(-390,90,-261)
[ORDER] commander=ai team=Team_Alien unit=Horned Crab kind=move dst=(-390,90,-261)
[ORDER] commander=ai team=Team_Alien unit=Horned Crab kind=move dst=(-390,90,-261)
[ORDER] commander=ai team=Team_Alien unit=Shocker kind=stop
[ORDER] commander=ai team=Team_Human_Centauri unit=Assault Car kind=move dst=(-764,23,1035)
[ORDER] commander=ai team=Team_Alien unit=Shocker kind=move dst=(-1125,32,870)
[ORDER] commander=ai team=Team_Alien unit=Hunter kind=move dst=(1125,29,870)
[ORDER] commander=ai team=Team_Human_Sol unit=Scout kind=move dst=(0,0,0)
[ORDER] commander=ai team=Team_Human_Sol unit=Scout kind=move dst=(0,0,0)
[ORDER] commander=ai team=Team_Alien unit=Squid kind=move dst=(-113,103,-637)
[ORDER] commander=ai team=Team_Alien unit=Squid kind=move dst=(-113,103,-637)
[ORDER] commander=ai team=Team_Alien unit=Squid kind=move dst=(-113,103,-637)
[ORDER] commander=ai team=Team_Alien unit=Crab kind=move dst=(-1065,25,570)
[ORDER] commander=ai team=Team_Human_Centauri unit=Militia kind=move dst=(-996,26,-550)
[ORDER] commander=ai team=Team_Human_Centauri unit=Militia kind=move dst=(-996,26,-550)
[ORDER] commander=ai team=Team_Human_Centauri unit=Militia kind=move dst=(-996,26,-550)
[ORDER] commander=ai team=Team_Human_Centauri unit=Trooper kind=move dst=(-996,26,-550)
[ORDER] commander=ai team=Team_Human_Centauri unit=Squad Transport kind=move dst=(-287,92,379)
[H2] team=Team_Human_Centauri fire=Headquarters argmaxCell=(17,37) val=46 atWorld=(-800,0) hqCount=2
[AI] [Team_Human_Centauri] tick=41 reqs=3 type={Construct:3} task={} prio(min/avg/max)=10/47.0/81 groups=0
[ORDER] commander=ai team=Team_Alien unit=Shocker kind=move dst=(-1065,25,570)
[ORDER] commander=ai team=Team_Human_Centauri unit=Assault Car kind=move dst=(-764,23,1035)
[ORDER] commander=ai team=Team_Alien unit=Shocker kind=move dst=(-1125,32,870)
[ORDER] commander=ai team=Team_Alien unit=Hunter kind=move dst=(1125,29,870)
[ORDER] commander=ai team=Team_Human_Sol unit=Scout kind=move dst=(150,9,52)
[ORDER] commander=ai team=Team_Human_Sol unit=Scout kind=move dst=(150,9,52)
[ORDER] commander=ai team=Team_Human_Sol unit=Scout kind=move dst=(150,9,52)
[ORDER] commander=ai team=Team_Human_Sol unit=Rifleman kind=move dst=(150,9,52)
[H1] team=Team_Human_Sol fire=Refinery atBalterium=(1294,1066) refCount=1
[H1] team=Team_Human_Sol fire=Refinery atBalterium=(715,897) refCount=2
[AI] [Team_Human_Sol] tick=41 reqs=4 type={Construct:4} task={} prio(min/avg/max)=10/77.5/100 groups=0
[ORDER] commander=ai team=Team_Alien unit=Squid kind=move dst=(-113,103,-637)
[ORDER] commander=ai team=Team_Alien unit=Squid kind=move dst=(-113,103,-637)
[ORDER] commander=ai team=Team_Alien unit=Squid kind=move dst=(-113,103,-637)
[P31] team=Team_Alien preset=Harvest stock=Shrimp ours=Shrimp agree=True rationale=biotic cap (have 13/70)
[ORDER] commander=ai team=Team_Alien unit=Shrimp kind=move dst=(109,112,-536)
[ORDER] commander=ai team=Team_Alien unit=Shocker kind=move dst=(-681,70,-540)
[ORDER] commander=ai team=Team_Alien unit=Shocker kind=move dst=(-681,70,-540)
[ORDER] commander=ai team=Team_Alien unit=Shocker kind=move dst=(-681,70,-540)
[ORDER] commander=ai team=Team_Alien unit=Shocker kind=move dst=(-681,70,-540)
[ORDER] commander=ai team=Team_Alien unit=Crab kind=move dst=(-728,117,-610)
[ORDER] commander=ai team=Team_Alien unit=Crab kind=move dst=(-728,117,-610)
[ORDER] commander=ai team=Team_Alien unit=Crab kind=move dst=(-728,117,-610)
[ORDER] commander=ai team=Team_Alien unit=Crab kind=move dst=(-728,117,-610)
[ORDER] commander=ai team=Team_Alien unit=Wasp kind=move dst=(-854,33,-1256)
[ORDER] commander=ai team=Team_Alien unit=Squid kind=move dst=(-854,33,-1256)
[ORDER] commander=ai team=Team_Alien unit=Squid kind=move dst=(-854,33,-1256)
[ORDER] commander=ai team=Team_Alien unit=Squid kind=move dst=(-854,33,-1256)
[ORDER] commander=ai team=Team_Alien unit=Crab kind=attack tgt=Cent_Barracks(Clone) (Target)
[ORDER] commander=ai team=Team_Alien unit=Horned Crab kind=attack tgt=Cent_Barracks(Clone) (Target)
[ORDER] commander=ai team=Team_Alien unit=Horned Crab kind=attack tgt=Cent_Barracks(Clone) (Target)
[ORDER] commander=ai team=Team_Alien unit=Shocker kind=attack tgt=Cent_Barracks(Clone) (Target)
[ORDER] commander=ai team=Team_Alien unit=Shocker kind=attack tgt=Cent_Headquarters(Clone) (Target)
[ORDER] commander=ai team=Team_Alien unit=Shocker kind=attack tgt=Cent_Headquarters(Clone) (Target)
[ORDER] commander=ai team=Team_Alien unit=Shocker kind=attack tgt=Cent_Headquarters(Clone) (Target)
[ORDER] commander=ai team=Team_Alien unit=Shocker kind=attack tgt=Cent_Headquarters(Clone) (Target)
[ORDER] commander=ai team=Team_Alien unit=Wasp kind=attack tgt=Cent_Refinery(Clone) (Target)
[ORDER] commander=ai team=Team_Alien unit=Squid kind=attack tgt=Cent_Refinery(Clone) (Target)
[ORDER] commander=ai team=Team_Alien unit=Squid kind=attack tgt=Cent_Refinery(Clone) (Target)
[ORDER] commander=ai team=Team_Alien unit=Squid kind=attack tgt=Cent_Refinery(Clone) (Target)
[ORDER] commander=ai team=Team_Alien unit=Crab kind=attack tgt=Cent_Barracks(Clone) (Target)
[ORDER] commander=ai team=Team_Alien unit=Crab kind=attack tgt=Cent_Barracks(Clone) (Target)
[ORDER] commander=ai team=Team_Alien unit=Crab kind=attack tgt=Cent_Barracks(Clone) (Target)
[ORDER] commander=ai team=Team_Alien unit=Crab kind=attack tgt=Cent_Barracks(Clone) (Target)
[AI] [Team_Alien] tick=41 reqs=4 type={Construct:4} task={} prio(min/avg/max)=10/41.3/81 groups=0
[ORDER] commander=ai team=Team_Human_Centauri unit=Militia kind=stop
[ORDER] commander=ai team=Team_Human_Centauri unit=Militia kind=move dst=(-606,28,336)
[ORDER] commander=ai team=Team_Human_Centauri unit=Militia kind=move dst=(-606,28,336)
[ORDER] commander=ai team=Team_Human_Centauri unit=Trooper kind=move dst=(-606,28,336)
[ORDER] commander=ai team=Team_Human_Centauri unit=Assault Car kind=move dst=(-764,23,1035)
[ORDER] commander=ai team=Team_Alien unit=Shocker kind=move dst=(-1125,32,870)
[ORDER] commander=ai team=Team_Human_Centauri unit=Light Raider kind=move dst=(-1382,24,-511)
[ORDER] commander=ai team=Team_Alien unit=Hunter kind=move dst=(1125,29,870)
[ORDER] commander=ai team=Team_Alien unit=Wasp kind=stop
[ORDER] commander=ai team=Team_Alien unit=Squid kind=move dst=(-113,103,-637)
[ORDER] commander=ai team=Team_Alien unit=Squid kind=move dst=(-113,103,-637)
[ORDER] commander=ai team=Team_Alien unit=Squid kind=move dst=(-113,103,-637)
[SPAWN_U] team=Team_Alien unit=Shrimp
[ORDER] commander=ai team=Team_Human_Centauri unit=Militia kind=move dst=(-355,23,27)
[ORDER] commander=ai team=Team_Human_Centauri unit=Assault Car kind=move dst=(-764,23,1035)
[ORDER] commander=ai team=Team_Alien unit=Shocker kind=move dst=(-1125,32,870)
[ORDER] commander=ai team=Team_Alien unit=Hunter kind=move dst=(1125,29,870)
[ORDER] commander=ai team=Team_Alien unit=Squid kind=move dst=(-113,103,-637)
[ORDER] commander=ai team=Team_Alien unit=Squid kind=move dst=(-113,103,-637)
[ORDER] commander=ai team=Team_Alien unit=Squid kind=move dst=(-113,103,-637)
[ORDER] commander=ai team=Team_Human_Centauri unit=Militia kind=move dst=(-996,26,-550)
[ORDER] commander=ai team=Team_Human_Centauri unit=Militia kind=move dst=(-996,26,-550)
[ORDER] commander=ai team=Team_Human_Centauri unit=Militia kind=move dst=(-996,26,-550)
[ORDER] commander=ai team=Team_Human_Centauri unit=Trooper kind=move dst=(-996,26,-550)
[H2] team=Team_Human_Centauri fire=Headquarters argmaxCell=(17,37) val=46 atWorld=(-800,0) hqCount=2
[AI] [Team_Human_Centauri] tick=42 reqs=3 type={Construct:3} task={} prio(min/avg/max)=10/47.0/81 groups=0
[ORDER] commander=ai team=Team_Human_Centauri unit=Militia kind=move dst=(-355,23,27)
[ORDER] commander=ai team=Team_Human_Centauri unit=Assault Car kind=move dst=(-764,23,1035)
[ORDER] commander=ai team=Team_Alien unit=Shocker kind=move dst=(-1125,32,870)
[ORDER] commander=ai team=Team_Alien unit=Hunter kind=move dst=(1125,29,870)
[ORDER] commander=ai team=Team_Human_Sol unit=Scout kind=attack tgt=SpecialContainer_Short_01_Small(Clone) (Target)
[ORDER] commander=ai team=Team_Human_Sol unit=Scout kind=attack tgt=SpecialContainer_Short_01_Small(Clone) (Target)
[ORDER] commander=ai team=Team_Human_Sol unit=Scout kind=attack tgt=SpecialContainer_Short_01_Small(Clone) (Target)
[ORDER] commander=ai team=Team_Human_Sol unit=Rifleman kind=attack tgt=SpecialContainer_Short_01_Small(Clone) (Target)
[ORDER] commander=ai team=Team_Human_Sol unit=Platoon Hauler kind=attack tgt=SpecialContainer_Short_01_Small(Clone) (Target)
[AI] [Team_Human_Sol] tick=42 reqs=4 type={Construct:4} task={} prio(min/avg/max)=10/77.5/100 groups=0
[ORDER] commander=ai team=Team_Alien unit=Squid kind=move dst=(-113,103,-637)
[ORDER] commander=ai team=Team_Alien unit=Squid kind=move dst=(-113,103,-637)
[ORDER] commander=ai team=Team_Alien unit=Squid kind=move dst=(-113,103,-637)
[ORDER] commander=ai team=Team_Alien unit=Crab kind=stop
[ORDER] commander=ai team=Team_Alien unit=Crab kind=move dst=(-266,89,-354)
[ORDER] commander=ai team=Team_Alien unit=Crab kind=move dst=(-266,89,-354)
[ORDER] commander=ai team=Team_Alien unit=Crab kind=move dst=(-266,89,-354)
[P31] team=Team_Alien preset=Harvest stock=Shrimp ours=Shrimp agree=True rationale=biotic cap (have 14/70)
[ORDER] commander=ai team=Team_Alien unit=Shocker kind=move dst=(-681,70,-540)
[ORDER] commander=ai team=Team_Alien unit=Shocker kind=move dst=(-681,70,-540)
[ORDER] commander=ai team=Team_Alien unit=Shocker kind=move dst=(-681,70,-540)
[ORDER] commander=ai team=Team_Alien unit=Shocker kind=move dst=(-681,70,-540)
[ORDER] commander=ai team=Team_Alien unit=Crab kind=move dst=(-728,117,-610)
[ORDER] commander=ai team=Team_Alien unit=Horned Crab kind=move dst=(-728,117,-610)
[ORDER] commander=ai team=Team_Alien unit=Horned Crab kind=move dst=(-728,117,-610)
[ORDER] commander=ai team=Team_Alien unit=Shocker kind=move dst=(-728,117,-610)
[ORDER] commander=ai team=Team_Alien unit=Wasp kind=move dst=(-854,33,-1256)
[ORDER] commander=ai team=Team_Alien unit=Squid kind=move dst=(-854,33,-1256)
[ORDER] commander=ai team=Team_Alien unit=Squid kind=move dst=(-854,33,-1256)
[ORDER] commander=ai team=Team_Alien unit=Squid kind=move dst=(-854,33,-1256)
[ORDER] commander=ai team=Team_Alien unit=Shocker kind=attack tgt=Cent_Headquarters(Clone) (Target)
[ORDER] commander=ai team=Team_Alien unit=Shocker kind=attack tgt=Cent_Headquarters(Clone) (Target)
[ORDER] commander=ai team=Team_Alien unit=Shocker kind=attack tgt=Cent_Headquarters(Clone) (Target)
[ORDER] commander=ai team=Team_Alien unit=Shocker kind=attack tgt=Cent_Headquarters(Clone) (Target)
[ORDER] commander=ai team=Team_Alien unit=Crab kind=attack tgt=Cent_Refinery(Clone) (Target)
[ORDER] commander=ai team=Team_Alien unit=Horned Crab kind=attack tgt=Cent_Refinery(Clone) (Target)
[ORDER] commander=ai team=Team_Alien unit=Horned Crab kind=attack tgt=Cent_Refinery(Clone) (Target)
[ORDER] commander=ai team=Team_Alien unit=Shocker kind=attack tgt=Cent_Refinery(Clone) (Target)
[ORDER] commander=ai team=Team_Alien unit=Wasp kind=attack tgt=Cent_Barracks(Clone) (Target)
[ORDER] commander=ai team=Team_Alien unit=Squid kind=attack tgt=Cent_Barracks(Clone) (Target)
[ORDER] commander=ai team=Team_Alien unit=Squid kind=attack tgt=Cent_Barracks(Clone) (Target)
[ORDER] commander=ai team=Team_Alien unit=Squid kind=attack tgt=Cent_Barracks(Clone) (Target)
[P32] team=Team_Alien fire=Cyst phase=starter atBcAt=(-115,-900) cystOwned=2/3
[P32] team=Team_Alien fire=Cyst phase=starter atBcAt=(45,-890) cystOwned=2/3
[AI] [Team_Alien] tick=42 reqs=4 type={Construct:4} task={} prio(min/avg/max)=10/35.5/62 groups=0
[ORDER] commander=ai team=Team_Human_Sol unit=Light Quad kind=move dst=(489,29,137)
[SPAWN_S] team=Team_Alien structure=Node at=(380,-670)
[ORDER] commander=ai team=Team_Human_Centauri unit=Assault Car kind=move dst=(-764,23,1035)
[ORDER] commander=ai team=Team_Alien unit=Shocker kind=move dst=(-1125,32,870)
[ORDER] commander=ai team=Team_Alien unit=Hunter kind=move dst=(1125,29,870)
[ORDER] commander=ai team=Team_Alien unit=Wasp kind=stop
[ORDER] commander=ai team=Team_Alien unit=Squid kind=move dst=(-113,103,-637)
[ORDER] commander=ai team=Team_Alien unit=Squid kind=move dst=(-113,103,-637)
[ORDER] commander=ai team=Team_Alien unit=Squid kind=move dst=(-113,103,-637)
[ORDER] commander=ai team=Team_Alien unit=Crab kind=move dst=(-1035,34,855)
[ORDER] commander=ai team=Team_Alien unit=Crab kind=move dst=(-1035,34,855)
[ORDER] commander=ai team=Team_Human_Sol unit=Light Quad kind=move dst=(489,29,137)
[ORDER] commander=ai team=Team_Human_Centauri unit=Assault Car kind=move dst=(-764,23,1035)
[ORDER] commander=ai team=Team_Alien unit=Shocker kind=move dst=(-1125,32,870)
[ORDER] commander=ai team=Team_Alien unit=Hunter kind=move dst=(1125,29,870)
[ORDER] commander=ai team=Team_Human_Sol unit=Scout kind=stop
[ORDER] commander=ai team=Team_Human_Sol unit=Scout kind=move dst=(1123,42,52)
[ORDER] commander=ai team=Team_Human_Sol unit=Scout kind=move dst=(1123,42,52)
[ORDER] commander=ai team=Team_Human_Sol unit=Rifleman kind=move dst=(1123,42,52)
[ORDER] commander=ai team=Team_Alien unit=Squid kind=move dst=(-112,103,-637)
[ORDER] commander=ai team=Team_Alien unit=Squid kind=move dst=(-112,103,-637)
[ORDER] commander=ai team=Team_Alien unit=Squid kind=move dst=(-112,103,-637)
[ORDER] commander=ai team=Team_Human_Sol unit=Light Quad kind=move dst=(489,29,137)
[ORDER] commander=ai team=Team_Human_Centauri unit=Squad Transport kind=move dst=(-728,117,-610)
[ORDER] commander=ai team=Team_Human_Centauri unit=Light Raider kind=move dst=(150,9,52)
[ORDER] commander=ai team=Team_Human_Centauri unit=Light Raider kind=move dst=(150,9,52)
[ORDER] commander=ai team=Team_Human_Centauri unit=Heavy Raider kind=move dst=(150,9,52)
[H2] team=Team_Human_Centauri fire=Headquarters argmaxCell=(17,37) val=46 atWorld=(-800,0) hqCount=2
[AI] [Team_Human_Centauri] tick=43 reqs=3 type={Construct:3} task={} prio(min/avg/max)=10/47.0/81 groups=0
[ORDER] commander=ai team=Team_Human_Centauri unit=Assault Car kind=move dst=(-764,23,1035)
[ORDER] commander=ai team=Team_Alien unit=Shocker kind=move dst=(-1125,32,870)
[ORDER] commander=ai team=Team_Alien unit=Hunter kind=move dst=(1125,29,870)
[ORDER] commander=ai team=Team_Human_Sol unit=Platoon Hauler kind=attack tgt=SpecialContainer_Short_01_Small(Clone) (Target)
[H1] team=Team_Human_Sol fire=Refinery atBalterium=(1294,1066) refCount=1
[H1] team=Team_Human_Sol fire=Refinery atBalterium=(715,897) refCount=2
[AI] [Team_Human_Sol] tick=43 reqs=4 type={Construct:4} task={} prio(min/avg/max)=10/77.5/100 groups=0
[ORDER] commander=ai team=Team_Alien unit=Squid kind=move dst=(-112,103,-637)
[ORDER] commander=ai team=Team_Alien unit=Squid kind=move dst=(-112,103,-637)
[ORDER] commander=ai team=Team_Alien unit=Squid kind=move dst=(-112,103,-637)
[ORDER] commander=ai team=Team_Human_Sol unit=Heavy Quad kind=stop
[ORDER] commander=ai team=Team_Human_Sol unit=Light Raider kind=move dst=(1186,40,92)
[ORDER] commander=ai team=Team_Human_Sol unit=Light Raider kind=move dst=(1186,40,92)
[ORDER] commander=ai team=Team_Alien unit=Crab kind=move dst=(-1035,34,855)
[P31] team=Team_Alien preset=Harvest stock=Shrimp ours=Shrimp agree=True rationale=biotic cap (have 14/70)
[ORDER] commander=ai team=Team_Alien unit=Shocker kind=attack tgt=Cent_Light_SquadTransport(Clone) (Target)
[ORDER] commander=ai team=Team_Alien unit=Shocker kind=attack tgt=Cent_Light_SquadTransport(Clone) (Target)
[ORDER] commander=ai team=Team_Alien unit=Shocker kind=attack tgt=Cent_Light_SquadTransport(Clone) (Target)
[ORDER] commander=ai team=Team_Alien unit=Shocker kind=attack tgt=Cent_Light_SquadTransport(Clone) (Target)
[ORDER] commander=ai team=Team_Alien unit=Crab kind=move dst=(-681,70,-540)
[ORDER] commander=ai team=Team_Alien unit=Horned Crab kind=move dst=(-681,70,-540)
[ORDER] commander=ai team=Team_Alien unit=Horned Crab kind=move dst=(-681,70,-540)
[ORDER] commander=ai team=Team_Alien unit=Shocker kind=move dst=(-681,70,-540)
[ORDER] commander=ai team=Team_Alien unit=Crab kind=move dst=(-728,117,-610)
[ORDER] commander=ai team=Team_Alien unit=Crab kind=move dst=(-728,117,-610)
[ORDER] commander=ai team=Team_Alien unit=Crab kind=move dst=(-728,117,-610)
[ORDER] commander=ai team=Team_Alien unit=Crab kind=move dst=(-728,117,-610)
[ORDER] commander=ai team=Team_Alien unit=Wasp kind=move dst=(-854,33,-1256)
[ORDER] commander=ai team=Team_Alien unit=Squid kind=move dst=(-854,33,-1256)
[ORDER] commander=ai team=Team_Alien unit=Squid kind=move dst=(-854,33,-1256)
[ORDER] commander=ai team=Team_Alien unit=Squid kind=move dst=(-854,33,-1256)
[ORDER] commander=ai team=Team_Alien unit=Wasp kind=attack tgt=Cent_Headquarters(Clone) (Target)
[ORDER] commander=ai team=Team_Alien unit=Squid kind=attack tgt=Cent_Headquarters(Clone) (Target)
[ORDER] commander=ai team=Team_Alien unit=Squid kind=attack tgt=Cent_Headquarters(Clone) (Target)
[ORDER] commander=ai team=Team_Alien unit=Squid kind=attack tgt=Cent_Headquarters(Clone) (Target)
[ORDER] commander=ai team=Team_Alien unit=Crab kind=attack tgt=Cent_Refinery(Clone) (Target)
[ORDER] commander=ai team=Team_Alien unit=Horned Crab kind=attack tgt=Cent_Refinery(Clone) (Target)
[ORDER] commander=ai team=Team_Alien unit=Horned Crab kind=attack tgt=Cent_Refinery(Clone) (Target)
[ORDER] commander=ai team=Team_Alien unit=Shocker kind=attack tgt=Cent_Refinery(Clone) (Target)
[AI] [Team_Alien] tick=43 reqs=3 type={Construct:3} task={} prio(min/avg/max)=10/40.7/62 groups=0
[ORDER] commander=ai team=Team_Human_Sol unit=Light Quad kind=move dst=(489,29,137)
[ORDER] commander=ai team=Team_Human_Centauri unit=Assault Car kind=move dst=(-764,23,1035)
[ORDER] commander=ai team=Team_Alien unit=Shocker kind=move dst=(-609,72,-432)
[ORDER] commander=ai team=Team_Alien unit=Hunter kind=move dst=(1125,29,870)
[ORDER] commander=ai team=Team_Human_Sol unit=Scout kind=move dst=(467,25,41)
[ORDER] commander=ai team=Team_Human_Sol unit=Scout kind=move dst=(467,25,41)
[ORDER] commander=ai team=Team_Human_Sol unit=Scout kind=move dst=(467,25,41)
[ORDER] commander=ai team=Team_Alien unit=Wasp kind=stop
[ORDER] commander=ai team=Team_Alien unit=Squid kind=move dst=(-112,103,-637)
[ORDER] commander=ai team=Team_Alien unit=Squid kind=move dst=(-112,103,-637)
[ORDER] commander=ai team=Team_Alien unit=Squid kind=move dst=(-112,103,-637)
[ORDER] commander=ai team=Team_Alien unit=Crab kind=stop
[ORDER] commander=ai team=Team_Alien unit=Crab kind=move dst=(-274,89,-332)
[ORDER] commander=ai team=Team_Alien unit=Crab kind=move dst=(-274,89,-332)
[ORDER] commander=ai team=Team_Alien unit=Crab kind=move dst=(-274,89,-332)
[ORDER] commander=ai team=Team_Human_Sol unit=Light Quad kind=move dst=(489,29,137)
[ORDER] commander=ai team=Team_Human_Sol unit=Platoon Hauler kind=move dst=(467,25,41)
[ORDER] commander=ai team=Team_Human_Sol unit=Scout kind=move dst=(873,35,-299)
[ORDER] commander=ai team=Team_Human_Centauri unit=Assault Car kind=move dst=(-764,23,1035)
[ORDER] commander=ai team=Team_Alien unit=Shocker kind=move dst=(-614,72,-440)
[ORDER] commander=ai team=Team_Alien unit=Hunter kind=move dst=(1125,29,870)
[ORDER] commander=ai team=Team_Alien unit=Squid kind=move dst=(-112,103,-637)
[ORDER] commander=ai team=Team_Alien unit=Squid kind=move dst=(-112,103,-637)
[ORDER] commander=ai team=Team_Alien unit=Squid kind=move dst=(-112,103,-637)
[ORDER] commander=ai team=Team_Human_Sol unit=Light Quad kind=move dst=(489,29,137)
[H2] team=Team_Human_Centauri fire=Headquarters argmaxCell=(17,37) val=46 atWorld=(-800,0) hqCount=2
[AI] [Team_Human_Centauri] tick=44 reqs=3 type={Construct:3} task={} prio(min/avg/max)=10/47.0/81 groups=0
[ORDER] commander=ai team=Team_Human_Centauri unit=Assault Car kind=move dst=(-764,23,1035)
[ORDER] commander=ai team=Team_Alien unit=Shocker kind=move dst=(-620,71,-448)
[ORDER] commander=ai team=Team_Alien unit=Hunter kind=move dst=(1125,29,870)
[ORDER] commander=ai team=Team_Human_Sol unit=Light Quad kind=move dst=(1190,39,-332)
[ORDER] commander=ai team=Team_Human_Sol unit=Light Quad kind=move dst=(1190,39,-332)
[ORDER] commander=ai team=Team_Human_Sol unit=Heavy Quad kind=move dst=(1190,39,-332)
[AI] [Team_Human_Sol] tick=44 reqs=4 type={Construct:4} task={} prio(min/avg/max)=10/77.5/100 groups=0
[ORDER] commander=ai team=Team_Alien unit=Squid kind=move dst=(-112,103,-637)
[ORDER] commander=ai team=Team_Alien unit=Squid kind=move dst=(-112,103,-637)
[ORDER] commander=ai team=Team_Human_Sol unit=Heavy Quad kind=move dst=(549,16,11)
[ORDER] commander=ai team=Team_Human_Sol unit=Light Raider kind=move dst=(549,16,11)
[ORDER] commander=ai team=Team_Alien unit=Crab kind=move dst=(-728,117,-610)
[ORDER] commander=ai team=Team_Alien unit=Crab kind=move dst=(-728,117,-610)
[ORDER] commander=ai team=Team_Alien unit=Crab kind=move dst=(-728,117,-610)
[ORDER] commander=ai team=Team_Alien unit=Crab kind=move dst=(-728,117,-610)
[P31] team=Team_Alien preset=Harvest stock=Shrimp ours=Shrimp agree=True rationale=biotic cap (have 14/70)
[ORDER] commander=ai team=Team_Alien unit=Hunter kind=attack tgt=Sol_Light_PlatoonHauler(Clone) (Target)
[ORDER] commander=ai team=Team_Alien unit=Hunter kind=attack tgt=Sol_Light_PlatoonHauler(Clone) (Target)
[ORDER] commander=ai team=Team_Alien unit=Hunter kind=attack tgt=Sol_Light_PlatoonHauler(Clone) (Target)
[ORDER] commander=ai team=Team_Alien unit=Crab kind=move dst=(-681,70,-540)
[ORDER] commander=ai team=Team_Alien unit=Horned Crab kind=move dst=(-681,70,-540)
[ORDER] commander=ai team=Team_Alien unit=Horned Crab kind=move dst=(-681,70,-540)
[ORDER] commander=ai team=Team_Alien unit=Shocker kind=move dst=(-681,70,-540)
[ORDER] commander=ai team=Team_Alien unit=Wasp kind=move dst=(-854,33,-1256)
[ORDER] commander=ai team=Team_Alien unit=Squid kind=move dst=(-854,33,-1256)
[ORDER] commander=ai team=Team_Alien unit=Squid kind=move dst=(-854,33,-1256)
[ORDER] commander=ai team=Team_Alien unit=Squid kind=move dst=(-854,33,-1256)
[ORDER] commander=ai team=Team_Alien unit=Shocker kind=attack tgt=Sol_Light_LightStriker(Clone) (Target)
[ORDER] commander=ai team=Team_Alien unit=Shocker kind=attack tgt=Sol_Light_LightStriker(Clone) (Target)
[ORDER] commander=ai team=Team_Alien unit=Shocker kind=attack tgt=Sol_Light_LightStriker(Clone) (Target)
[ORDER] commander=ai team=Team_Alien unit=Crab kind=attack tgt=Sol_Light_LightStriker(Clone) (Target)
[ORDER] commander=ai team=Team_Alien unit=Crab kind=attack tgt=Sol_Headquarters(Clone) (Target)
[ORDER] commander=ai team=Team_Alien unit=Horned Crab kind=attack tgt=Sol_Headquarters(Clone) (Target)
[ORDER] commander=ai team=Team_Alien unit=Horned Crab kind=attack tgt=Sol_Headquarters(Clone) (Target)
[ORDER] commander=ai team=Team_Alien unit=Shocker kind=attack tgt=Sol_Headquarters(Clone) (Target)
[ORDER] commander=ai team=Team_Alien unit=Wasp kind=attack tgt=Cent_Headquarters(Clone) (Target)
[ORDER] commander=ai team=Team_Alien unit=Squid kind=attack tgt=Cent_Headquarters(Clone) (Target)
[ORDER] commander=ai team=Team_Alien unit=Squid kind=attack tgt=Cent_Headquarters(Clone) (Target)
[ORDER] commander=ai team=Team_Alien unit=Squid kind=attack tgt=Cent_Headquarters(Clone) (Target)
[ORDER] commander=ai team=Team_Alien unit=Crab kind=attack tgt=Cent_Refinery(Clone) (Target)
[ORDER] commander=ai team=Team_Alien unit=Crab kind=attack tgt=Cent_Refinery(Clone) (Target)
[ORDER] commander=ai team=Team_Alien unit=Crab kind=attack tgt=Cent_Refinery(Clone) (Target)
[ORDER] commander=ai team=Team_Alien unit=Crab kind=attack tgt=Cent_Refinery(Clone) (Target)
[AI] [Team_Alien] tick=44 reqs=4 type={Construct:4} task={} prio(min/avg/max)=10/35.5/62 groups=0
[ORDER] commander=ai team=Team_Alien unit=Crab kind=move dst=(1125,29,870)
[ORDER] commander=ai team=Team_Alien unit=Horned Crab kind=move dst=(1125,29,870)
[ORDER] commander=ai team=Team_Human_Centauri unit=Assault Car kind=move dst=(-764,23,1035)
[ORDER] commander=ai team=Team_Alien unit=Shocker kind=move dst=(-627,71,-456)
[ORDER] commander=ai team=Team_Alien unit=Hunter kind=move dst=(203,11,31)
[ORDER] commander=ai team=Team_Alien unit=Wasp kind=stop
[ORDER] commander=ai team=Team_Alien unit=Squid kind=move dst=(-112,103,-637)
[ORDER] commander=ai team=Team_Alien unit=Squid kind=move dst=(-112,103,-637)
[ORDER] commander=ai team=Team_Alien unit=Squid kind=move dst=(-112,103,-637)
[SPAWN_S] team=Team_Alien structure=Node at=(-450,-690)
[SPAWN_S] team=Team_Alien structure=Node at=(-490,-435)
[ORDER] commander=ai team=Team_Human_Centauri unit=Assault Car kind=move dst=(-764,23,1035)
[ORDER] commander=ai team=Team_Alien unit=Shocker kind=move dst=(-638,72,-465)
[ORDER] commander=ai team=Team_Alien unit=Hunter kind=move dst=(194,12,25)
[ORDER] commander=ai team=Team_Alien unit=Squid kind=move dst=(-112,103,-637)
[ORDER] commander=ai team=Team_Alien unit=Squid kind=move dst=(-112,103,-637)
[ORDER] commander=ai team=Team_Human_Sol unit=Light Raider kind=move dst=(557,20,42)
[ORDER] commander=ai team=Team_Human_Centauri unit=Assault Car kind=move dst=(-1249,46,782)
[ORDER] commander=ai team=Team_Human_Centauri unit=Assault Car kind=move dst=(-1249,46,782)
[H2] team=Team_Human_Centauri fire=Headquarters argmaxCell=(29,62) val=40 atWorld=(-320,1000) hqCount=2
[H3] team=Team_Human_Centauri fire=Research Facility nearHq=(-1125,870)
[AI] [Team_Human_Centauri] tick=45 reqs=3 type={Construct:3} task={} prio(min/avg/max)=10/47.0/81 groups=0
[ORDER] commander=ai team=Team_Human_Centauri unit=Assault Car kind=move dst=(-764,23,1035)
[ORDER] commander=ai team=Team_Alien unit=Shocker kind=move dst=(-651,72,-479)
[ORDER] commander=ai team=Team_Alien unit=Hunter kind=move dst=(183,15,15)
[ORDER] commander=ai team=Team_Human_Sol unit=Platoon Hauler kind=move dst=(-355,23,27)
[H1] team=Team_Human_Sol fire=Refinery atBalterium=(1294,1066) refCount=1
[H1] team=Team_Human_Sol fire=Refinery atBalterium=(715,897) refCount=2
[AI] [Team_Human_Sol] tick=45 reqs=4 type={Construct:4} task={} prio(min/avg/max)=10/77.5/100 groups=0
[ORDER] commander=ai team=Team_Alien unit=Squid kind=move dst=(-112,103,-637)
[ORDER] commander=ai team=Team_Alien unit=Squid kind=move dst=(-112,103,-637)
[ORDER] commander=ai team=Team_Alien unit=Squid kind=move dst=(-112,103,-637)
[ORDER] commander=ai team=Team_Human_Centauri unit=Squad Transport kind=move dst=(-1400,30,-267)
[P31] team=Team_Alien preset=Harvest stock=Shrimp ours=Shrimp agree=True rationale=biotic cap (have 14/70)
[ORDER] commander=ai team=Team_Alien unit=Crab kind=move dst=(-681,70,-540)
[ORDER] commander=ai team=Team_Alien unit=Horned Crab kind=move dst=(-681,70,-540)
[ORDER] commander=ai team=Team_Alien unit=Horned Crab kind=move dst=(-681,70,-540)
[ORDER] commander=ai team=Team_Alien unit=Shocker kind=move dst=(-681,70,-540)
[ORDER] commander=ai team=Team_Alien unit=Crab kind=move dst=(-728,117,-610)
[ORDER] commander=ai team=Team_Alien unit=Crab kind=move dst=(-728,117,-610)
[ORDER] commander=ai team=Team_Alien unit=Crab kind=move dst=(-728,117,-610)
[ORDER] commander=ai team=Team_Alien unit=Crab kind=move dst=(-728,117,-610)
[ORDER] commander=ai team=Team_Alien unit=Wasp kind=move dst=(-854,33,-1256)
[ORDER] commander=ai team=Team_Alien unit=Squid kind=move dst=(-854,33,-1256)
[ORDER] commander=ai team=Team_Alien unit=Squid kind=move dst=(-854,33,-1256)
[ORDER] commander=ai team=Team_Alien unit=Squid kind=move dst=(-854,33,-1256)
[ORDER] commander=ai team=Team_Alien unit=Shocker kind=attack tgt=HeavyQuad_Intro(Clone) (Target)
[ORDER] commander=ai team=Team_Alien unit=Shocker kind=attack tgt=HeavyQuad_Intro(Clone) (Target)
[ORDER] commander=ai team=Team_Alien unit=Shocker kind=attack tgt=HeavyQuad_Intro(Clone) (Target)
[ORDER] commander=ai team=Team_Alien unit=Crab kind=attack tgt=HeavyQuad_Intro(Clone) (Target)
[ORDER] commander=ai team=Team_Alien unit=Crab kind=attack tgt=Sol_Headquarters(Clone) (Target)
[ORDER] commander=ai team=Team_Alien unit=Horned Crab kind=attack tgt=Sol_Headquarters(Clone) (Target)
[ORDER] commander=ai team=Team_Alien unit=Horned Crab kind=attack tgt=Sol_Headquarters(Clone) (Target)
[ORDER] commander=ai team=Team_Alien unit=Shocker kind=attack tgt=Sol_Headquarters(Clone) (Target)
[ORDER] commander=ai team=Team_Alien unit=Wasp kind=attack tgt=Cent_Headquarters(Clone) (Target)
[ORDER] commander=ai team=Team_Alien unit=Squid kind=attack tgt=Cent_Headquarters(Clone) (Target)
[ORDER] commander=ai team=Team_Alien unit=Squid kind=attack tgt=Cent_Headquarters(Clone) (Target)
[ORDER] commander=ai team=Team_Alien unit=Squid kind=attack tgt=Cent_Headquarters(Clone) (Target)
[ORDER] commander=ai team=Team_Alien unit=Crab kind=attack tgt=Cent_Refinery(Clone) (Target)
[ORDER] commander=ai team=Team_Alien unit=Crab kind=attack tgt=Cent_Refinery(Clone) (Target)
[ORDER] commander=ai team=Team_Alien unit=Crab kind=attack tgt=Cent_Refinery(Clone) (Target)
[ORDER] commander=ai team=Team_Alien unit=Crab kind=attack tgt=Cent_Refinery(Clone) (Target)
[AI] [Team_Alien] tick=45 reqs=4 type={Construct:4} task={} prio(min/avg/max)=10/35.5/62 groups=0
[ORDER] commander=ai team=Team_Alien unit=Crab kind=move dst=(1125,29,870)
[ORDER] commander=ai team=Team_Alien unit=Horned Crab kind=move dst=(1125,29,870)
[ORDER] commander=ai team=Team_Human_Centauri unit=Assault Car kind=move dst=(-764,23,1035)
[ORDER] commander=ai team=Team_Alien unit=Shocker kind=move dst=(-664,72,-494)
[ORDER] commander=ai team=Team_Alien unit=Hunter kind=move dst=(172,18,8)
[ORDER] commander=ai team=Team_Alien unit=Wasp kind=stop
[ORDER] commander=ai team=Team_Alien unit=Squid kind=move dst=(-112,103,-637)
[ORDER] commander=ai team=Team_Alien unit=Squid kind=move dst=(-112,103,-637)
[ORDER] commander=ai team=Team_Alien unit=Squid kind=move dst=(-112,103,-637)
[SPAWN_U] team=Team_Alien unit=Shrimp
[ORDER] commander=ai team=Team_Human_Centauri unit=Assault Car kind=move dst=(-764,23,1035)
[ORDER] commander=ai team=Team_Alien unit=Shocker kind=move dst=(-676,72,-507)
[ORDER] commander=ai team=Team_Alien unit=Hunter kind=move dst=(162,20,0)
[ORDER] commander=ai team=Team_Alien unit=Squid kind=move dst=(-112,103,-637)
[ORDER] commander=ai team=Team_Alien unit=Squid kind=move dst=(-112,103,-637)
[ORDER] commander=ai team=Team_Human_Centauri unit=Squad Transport kind=attack tgt=ConstructionSite_Alien_Node(Clone) (Target)
[H2] team=Team_Human_Centauri fire=Headquarters argmaxCell=(29,62) val=40 atWorld=(-320,1000) hqCount=2
[AI] [Team_Human_Centauri] tick=46 reqs=3 type={Construct:3} task={} prio(min/avg/max)=10/47.0/81 groups=0
[ORDER] commander=ai team=Team_Human_Centauri unit=Assault Car kind=move dst=(-764,23,1035)
[ORDER] commander=ai team=Team_Alien unit=Shocker kind=move dst=(-688,68,-519)
[ORDER] commander=ai team=Team_Alien unit=Hunter kind=move dst=(149,22,-13)
[ORDER] commander=ai team=Team_Human_Sol unit=Light Quad kind=attack tgt=Shocker(Clone) (Target)
[ORDER] commander=ai team=Team_Human_Sol unit=Light Quad kind=attack tgt=Shocker(Clone) (Target)
[ORDER] commander=ai team=Team_Human_Sol unit=Heavy Quad kind=attack tgt=Shocker(Clone) (Target)
[ORDER] commander=ai team=Team_Human_Sol unit=Scout kind=attack tgt=Shocker(Clone) (Target)
[ORDER] commander=ai team=Team_Human_Sol unit=Scout kind=attack tgt=Shocker(Clone) (Target)
[ORDER] commander=ai team=Team_Human_Sol unit=Scout kind=attack tgt=Shocker(Clone) (Target)
[ORDER] commander=ai team=Team_Human_Sol unit=Rifleman kind=attack tgt=Shocker(Clone) (Target)
[AI] [Team_Human_Sol] tick=46 reqs=4 type={Construct:4} task={} prio(min/avg/max)=10/77.5/100 groups=0
[ORDER] commander=ai team=Team_Alien unit=Squid kind=move dst=(-112,103,-637)
[ORDER] commander=ai team=Team_Alien unit=Squid kind=move dst=(-112,103,-637)
[ORDER] commander=ai team=Team_Alien unit=Squid kind=move dst=(-112,103,-637)
[P31] team=Team_Alien preset=Harvest stock=Shrimp ours=Shrimp agree=True rationale=biotic cap (have 15/70)
[ORDER] commander=ai team=Team_Alien unit=Crab kind=move dst=(-681,70,-540)
[ORDER] commander=ai team=Team_Alien unit=Horned Crab kind=move dst=(-681,70,-540)
[ORDER] commander=ai team=Team_Alien unit=Horned Crab kind=move dst=(-681,70,-540)
[ORDER] commander=ai team=Team_Alien unit=Shocker kind=move dst=(-681,70,-540)
[ORDER] commander=ai team=Team_Alien unit=Crab kind=move dst=(-728,117,-610)
[ORDER] commander=ai team=Team_Alien unit=Crab kind=move dst=(-728,117,-610)
[ORDER] commander=ai team=Team_Alien unit=Crab kind=move dst=(-728,117,-610)
[ORDER] commander=ai team=Team_Alien unit=Crab kind=move dst=(-728,117,-610)
[ORDER] commander=ai team=Team_Alien unit=Wasp kind=move dst=(-854,33,-1256)
[ORDER] commander=ai team=Team_Alien unit=Squid kind=move dst=(-854,33,-1256)
[ORDER] commander=ai team=Team_Alien unit=Squid kind=move dst=(-854,33,-1256)
[ORDER] commander=ai team=Team_Alien unit=Squid kind=move dst=(-854,33,-1256)
[ORDER] commander=ai team=Team_Alien unit=Crab kind=attack tgt=Sol_Headquarters(Clone) (Target)
[ORDER] commander=ai team=Team_Alien unit=Horned Crab kind=attack tgt=Sol_Headquarters(Clone) (Target)
[ORDER] commander=ai team=Team_Alien unit=Horned Crab kind=attack tgt=Sol_Headquarters(Clone) (Target)
[ORDER] commander=ai team=Team_Alien unit=Shocker kind=attack tgt=Sol_Headquarters(Clone) (Target)
[ORDER] commander=ai team=Team_Alien unit=Wasp kind=attack tgt=Cent_Headquarters(Clone) (Target)
[ORDER] commander=ai team=Team_Alien unit=Squid kind=attack tgt=Cent_Headquarters(Clone) (Target)
[ORDER] commander=ai team=Team_Alien unit=Squid kind=attack tgt=Cent_Headquarters(Clone) (Target)
[ORDER] commander=ai team=Team_Alien unit=Squid kind=attack tgt=Cent_Headquarters(Clone) (Target)
[ORDER] commander=ai team=Team_Alien unit=Crab kind=attack tgt=Cent_Refinery(Clone) (Target)
[ORDER] commander=ai team=Team_Alien unit=Crab kind=attack tgt=Cent_Refinery(Clone) (Target)
[ORDER] commander=ai team=Team_Alien unit=Crab kind=attack tgt=Cent_Refinery(Clone) (Target)
[ORDER] commander=ai team=Team_Alien unit=Crab kind=attack tgt=Cent_Refinery(Clone) (Target)
[AI] [Team_Alien] tick=46 reqs=4 type={Construct:4} task={} prio(min/avg/max)=10/30.0/50 groups=0
[SPAWN_S] team=Team_Alien structure=Node at=(200,-255)
[SPAWN_S] team=Team_Alien structure=Node at=(-255,-95)
[ORDER] commander=ai team=Team_Human_Centauri unit=Trooper kind=move dst=(-355,23,27)
[ORDER] commander=ai team=Team_Human_Centauri unit=Assault Car kind=move dst=(-764,23,1035)
[ORDER] commander=ai team=Team_Alien unit=Shocker kind=move dst=(-697,67,-532)
[ORDER] commander=ai team=Team_Alien unit=Hunter kind=move dst=(136,24,-24)
[ORDER] commander=ai team=Team_Alien unit=Wasp kind=stop
[ORDER] commander=ai team=Team_Alien unit=Squid kind=move dst=(-112,103,-637)
[ORDER] commander=ai team=Team_Alien unit=Squid kind=move dst=(-112,103,-637)
[ORDER] commander=ai team=Team_Alien unit=Squid kind=move dst=(-112,103,-637)
[ORDER] commander=ai team=Team_Human_Centauri unit=Squad Transport kind=move dst=(-681,70,-540)
[SPAWN_U] team=Team_Alien unit=Shrimp
[ORDER] commander=ai team=Team_Human_Centauri unit=Assault Car kind=move dst=(-764,23,1035)
[ORDER] commander=ai team=Team_Alien unit=Shocker kind=move dst=(-700,67,-539)
[ORDER] commander=ai team=Team_Alien unit=Hunter kind=move dst=(124,26,-34)
[ORDER] commander=ai team=Team_Alien unit=Squid kind=move dst=(-112,103,-637)
[ORDER] commander=ai team=Team_Human_Sol unit=Platoon Hauler kind=move dst=(584,28,115)
[H2] team=Team_Human_Centauri fire=Headquarters argmaxCell=(29,62) val=40 atWorld=(-320,1000) hqCount=2
[AI] [Team_Human_Centauri] tick=47 reqs=3 type={Construct:3} task={} prio(min/avg/max)=10/47.0/81 groups=0
[ORDER] commander=ai team=Team_Human_Centauri unit=Assault Car kind=move dst=(-764,23,1035)
[ORDER] commander=ai team=Team_Alien unit=Shocker kind=move dst=(-700,67,-538)
[ORDER] commander=ai team=Team_Alien unit=Hunter kind=move dst=(112,27,-46)
[ORDER] commander=ai team=Team_Human_Sol unit=Light Quad kind=attack tgt=Shocker(Clone) (Target)
[ORDER] commander=ai team=Team_Human_Sol unit=Light Quad kind=attack tgt=Shocker(Clone) (Target)
[ORDER] commander=ai team=Team_Human_Sol unit=Heavy Quad kind=attack tgt=Shocker(Clone) (Target)
[ORDER] commander=ai team=Team_Human_Sol unit=Heavy Quad kind=attack tgt=Shocker(Clone) (Target)
[ORDER] commander=ai team=Team_Human_Sol unit=Light Striker kind=attack tgt=Shocker(Clone) (Target)
[ORDER] commander=ai team=Team_Human_Sol unit=Light Striker kind=attack tgt=Shocker(Clone) (Target)
[H1] team=Team_Human_Sol fire=Refinery atBalterium=(1294,1066) refCount=1
[H1] team=Team_Human_Sol fire=Refinery atBalterium=(715,897) refCount=2
[AI] [Team_Human_Sol] tick=47 reqs=4 type={Construct:4} task={} prio(min/avg/max)=10/77.5/100 groups=0
[ORDER] commander=ai team=Team_Alien unit=Squid kind=move dst=(-112,103,-637)
[ORDER] commander=ai team=Team_Alien unit=Squid kind=move dst=(-112,103,-637)
[ORDER] commander=ai team=Team_Alien unit=Squid kind=move dst=(-112,103,-637)
[ORDER] commander=ai team=Team_Human_Centauri unit=Heavy Raider kind=stop
[ORDER] commander=ai team=Team_Human_Centauri unit=Heavy Raider kind=move dst=(130,22,1195)
[ORDER] commander=ai team=Team_Human_Centauri unit=Light Raider kind=move dst=(130,22,1195)
[ORDER] commander=ai team=Team_Alien unit=Shocker kind=attack tgt=SpecialContainer_Short_01_Small(Clone) (Target)
[ORDER] commander=ai team=Team_Alien unit=Shocker kind=attack tgt=SpecialContainer_Short_01_Small(Clone) (Target)
[ORDER] commander=ai team=Team_Alien unit=Shocker kind=attack tgt=SpecialContainer_Short_01_Small(Clone) (Target)
[ORDER] commander=ai team=Team_Alien unit=Crab kind=attack tgt=SpecialContainer_Short_01_Small(Clone) (Target)
[ORDER] commander=ai team=Team_Alien unit=Crab kind=move dst=(-681,70,-540)
[ORDER] commander=ai team=Team_Alien unit=Horned Crab kind=move dst=(-681,70,-540)
[ORDER] commander=ai team=Team_Alien unit=Horned Crab kind=move dst=(-681,70,-540)
[ORDER] commander=ai team=Team_Alien unit=Shocker kind=move dst=(-681,70,-540)
[ORDER] commander=ai team=Team_Alien unit=Crab kind=move dst=(-728,117,-610)
[ORDER] commander=ai team=Team_Alien unit=Crab kind=move dst=(-728,117,-610)
[ORDER] commander=ai team=Team_Alien unit=Crab kind=move dst=(-728,117,-610)
[ORDER] commander=ai team=Team_Alien unit=Crab kind=move dst=(-728,117,-610)
[ORDER] commander=ai team=Team_Alien unit=Wasp kind=move dst=(-854,33,-1256)
[ORDER] commander=ai team=Team_Alien unit=Squid kind=move dst=(-854,33,-1256)
[ORDER] commander=ai team=Team_Alien unit=Squid kind=move dst=(-854,33,-1256)
[ORDER] commander=ai team=Team_Alien unit=Squid kind=move dst=(-854,33,-1256)
[ORDER] commander=ai team=Team_Alien unit=Wasp kind=attack tgt=Cent_Headquarters(Clone) (Target)
[ORDER] commander=ai team=Team_Alien unit=Squid kind=attack tgt=Cent_Headquarters(Clone) (Target)
[ORDER] commander=ai team=Team_Alien unit=Squid kind=attack tgt=Cent_Headquarters(Clone) (Target)
[ORDER] commander=ai team=Team_Alien unit=Squid kind=attack tgt=Cent_Headquarters(Clone) (Target)
[ORDER] commander=ai team=Team_Alien unit=Crab kind=attack tgt=Cent_Refinery(Clone) (Target)
[ORDER] commander=ai team=Team_Alien unit=Horned Crab kind=attack tgt=Cent_Refinery(Clone) (Target)
[ORDER] commander=ai team=Team_Alien unit=Horned Crab kind=attack tgt=Cent_Refinery(Clone) (Target)
[ORDER] commander=ai team=Team_Alien unit=Shocker kind=attack tgt=Cent_Refinery(Clone) (Target)
[AI] [Team_Alien] tick=47 reqs=3 type={Construct:3} task={} prio(min/avg/max)=10/24.3/50 groups=0
[ORDER] commander=ai team=Team_Human_Sol unit=Light Quad kind=move dst=(26,77,-148)
[ORDER] commander=ai team=Team_Alien unit=Crab kind=move dst=(-412,89,-198)
[ORDER] commander=ai team=Team_Alien unit=Horned Crab kind=move dst=(-412,89,-198)
[ORDER] commander=ai team=Team_Alien unit=Horned Crab kind=move dst=(-412,89,-198)
[ORDER] commander=ai team=Team_Alien unit=Shocker kind=stop
[ORDER] commander=ai team=Team_Human_Centauri unit=Assault Car kind=move dst=(-764,23,1035)
[ORDER] commander=ai team=Team_Alien unit=Shocker kind=move dst=(-699,67,-534)
[ORDER] commander=ai team=Team_Alien unit=Hunter kind=move dst=(100,23,-57)
[ORDER] commander=ai team=Team_Alien unit=Wasp kind=stop
[ORDER] commander=ai team=Team_Alien unit=Squid kind=move dst=(-112,103,-637)
[ORDER] commander=ai team=Team_Alien unit=Squid kind=move dst=(-112,103,-637)
[ORDER] commander=ai team=Team_Alien unit=Squid kind=move dst=(-112,103,-637)
[ORDER] commander=ai team=Team_Human_Centauri unit=Heavy Raider kind=move dst=(260,23,325)
[ORDER] commander=ai team=Team_Human_Centauri unit=Light Raider kind=move dst=(260,23,325)
[ORDER] commander=ai team=Team_Alien unit=Crab kind=stop
[ORDER] commander=ai team=Team_Alien unit=Crab kind=move dst=(-315,92,-303)
[ORDER] commander=ai team=Team_Alien unit=Crab kind=move dst=(-315,92,-303)
[ORDER] commander=ai team=Team_Alien unit=Crab kind=move dst=(-315,92,-303)
[ORDER] commander=ai team=Team_Alien unit=Shocker kind=move dst=(-1065,25,570)
[ORDER] commander=ai team=Team_Human_Centauri unit=Assault Car kind=move dst=(-764,23,1035)
[ORDER] commander=ai team=Team_Alien unit=Shocker kind=move dst=(-698,67,-532)
[ORDER] commander=ai team=Team_Alien unit=Hunter kind=move dst=(90,22,-70)
[ORDER] commander=ai team=Team_Alien unit=Squid kind=move dst=(-112,103,-637)
[ORDER] commander=ai team=Team_Alien unit=Squid kind=move dst=(-112,103,-637)
[ORDER] commander=ai team=Team_Alien unit=Squid kind=move dst=(-112,103,-637)
[ORDER] commander=ai team=Team_Alien unit=Crab kind=move dst=(-728,117,-610)
[ORDER] commander=ai team=Team_Alien unit=Crab kind=move dst=(-728,117,-610)
[H2] team=Team_Human_Centauri fire=Headquarters argmaxCell=(29,62) val=40 atWorld=(-320,1000) hqCount=2
[AI] [Team_Human_Centauri] tick=48 reqs=3 type={Construct:3} task={} prio(min/avg/max)=10/47.0/81 groups=0
[ORDER] commander=ai team=Team_Human_Centauri unit=Assault Car kind=move dst=(-764,23,1035)
[ORDER] commander=ai team=Team_Alien unit=Shocker kind=move dst=(-698,67,-532)
[ORDER] commander=ai team=Team_Alien unit=Hunter kind=move dst=(83,19,-83)
[ORDER] commander=ai team=Team_Human_Sol unit=Platoon Hauler kind=move dst=(-317,99,60)
[ORDER] commander=ai team=Team_Human_Sol unit=Heavy Quad kind=move dst=(1190,39,-332)
[ORDER] commander=ai team=Team_Human_Sol unit=Light Raider kind=move dst=(1190,39,-332)
[ORDER] commander=ai team=Team_Human_Sol unit=Light Raider kind=move dst=(1190,39,-332)
[ORDER] commander=ai team=Team_Human_Sol unit=Light Striker kind=move dst=(410,19,-150)
[ORDER] commander=ai team=Team_Human_Sol unit=Light Striker kind=move dst=(410,19,-150)
[ORDER] commander=ai team=Team_Human_Sol unit=Heavy Quad kind=move dst=(410,19,-150)
[ORDER] commander=ai team=Team_Human_Sol unit=Light Striker kind=attack tgt=Shocker(Clone) (Target)
[ORDER] commander=ai team=Team_Human_Sol unit=Light Striker kind=attack tgt=Shocker(Clone) (Target)
[ORDER] commander=ai team=Team_Human_Sol unit=Heavy Quad kind=attack tgt=Shocker(Clone) (Target)
[AI] [Team_Human_Sol] tick=48 reqs=4 type={Construct:4} task={} prio(min/avg/max)=10/77.5/100 groups=0
[ORDER] commander=ai team=Team_Alien unit=Squid kind=move dst=(-112,103,-637)
[ORDER] commander=ai team=Team_Alien unit=Squid kind=move dst=(-112,103,-637)
[ORDER] commander=ai team=Team_Alien unit=Squid kind=move dst=(-112,103,-637)
[ORDER] commander=ai team=Team_Alien unit=Crab kind=move dst=(-681,70,-540)
[ORDER] commander=ai team=Team_Alien unit=Horned Crab kind=move dst=(-681,70,-540)
[ORDER] commander=ai team=Team_Alien unit=Horned Crab kind=move dst=(-681,70,-540)
[ORDER] commander=ai team=Team_Alien unit=Shocker kind=move dst=(-681,70,-540)
[ORDER] commander=ai team=Team_Alien unit=Wasp kind=move dst=(-854,33,-1256)
[ORDER] commander=ai team=Team_Alien unit=Squid kind=move dst=(-854,33,-1256)
[ORDER] commander=ai team=Team_Alien unit=Squid kind=move dst=(-854,33,-1256)
[ORDER] commander=ai team=Team_Alien unit=Squid kind=move dst=(-854,33,-1256)
[ORDER] commander=ai team=Team_Alien unit=Hunter kind=attack tgt=Sol_Light_LightStriker(Clone) (Target)
[ORDER] commander=ai team=Team_Alien unit=Hunter kind=attack tgt=Sol_Light_LightStriker(Clone) (Target)
[ORDER] commander=ai team=Team_Alien unit=Wasp kind=attack tgt=Cent_Headquarters(Clone) (Target)
[ORDER] commander=ai team=Team_Alien unit=Squid kind=attack tgt=Cent_Headquarters(Clone) (Target)
[ORDER] commander=ai team=Team_Alien unit=Squid kind=attack tgt=Cent_Headquarters(Clone) (Target)
[ORDER] commander=ai team=Team_Alien unit=Squid kind=attack tgt=Cent_Headquarters(Clone) (Target)
[ORDER] commander=ai team=Team_Alien unit=Crab kind=attack tgt=Sol_Light_LightStriker(Clone) (Target)
[ORDER] commander=ai team=Team_Alien unit=Horned Crab kind=attack tgt=Sol_Light_LightStriker(Clone) (Target)
[ORDER] commander=ai team=Team_Alien unit=Horned Crab kind=attack tgt=Sol_Light_LightStriker(Clone) (Target)
[ORDER] commander=ai team=Team_Alien unit=Shocker kind=attack tgt=Sol_Light_LightStriker(Clone) (Target)
[AI] [Team_Alien] tick=48 reqs=3 type={Construct:3} task={} prio(min/avg/max)=10/24.3/50 groups=0
[ORDER] commander=ai team=Team_Human_Centauri unit=Assault Car kind=move dst=(-764,23,1035)
[ORDER] commander=ai team=Team_Alien unit=Shocker kind=move dst=(-700,67,-537)
[ORDER] commander=ai team=Team_Alien unit=Hunter kind=move dst=(82,19,-96)
[ORDER] commander=ai team=Team_Alien unit=Wasp kind=stop
[ORDER] commander=ai team=Team_Alien unit=Squid kind=move dst=(-112,103,-637)
[ORDER] commander=ai team=Team_Alien unit=Squid kind=move dst=(-112,103,-637)
[ORDER] commander=ai team=Team_Alien unit=Squid kind=move dst=(-112,103,-637)
[ORDER] commander=ai team=Team_Human_Centauri unit=Heavy Raider kind=move dst=(260,23,325)
[ORDER] commander=ai team=Team_Human_Centauri unit=Assault Car kind=move dst=(-764,23,1035)
[ORDER] commander=ai team=Team_Alien unit=Shocker kind=move dst=(-700,67,-539)
[ORDER] commander=ai team=Team_Human_Centauri unit=Light Raider kind=move dst=(-825,16,324)
[ORDER] commander=ai team=Team_Human_Centauri unit=Light Raider kind=move dst=(-825,16,324)
[ORDER] commander=ai team=Team_Human_Centauri unit=Heavy Raider kind=stop
[ORDER] commander=ai team=Team_Alien unit=Hunter kind=move dst=(85,21,-107)
[ORDER] commander=ai team=Team_Alien unit=Squid kind=move dst=(-112,103,-637)
[H2] team=Team_Human_Centauri fire=Headquarters argmaxCell=(29,62) val=40 atWorld=(-320,1000) hqCount=2
[AI] [Team_Human_Centauri] tick=49 reqs=3 type={Construct:3} task={} prio(min/avg/max)=10/47.0/81 groups=0
[ORDER] commander=ai team=Team_Human_Centauri unit=Militia kind=move dst=(-355,23,27)
[ORDER] commander=ai team=Team_Human_Centauri unit=Assault Car kind=move dst=(-764,23,1035)
[ORDER] commander=ai team=Team_Alien unit=Shocker kind=move dst=(-699,67,-537)
[ORDER] commander=ai team=Team_Human_Centauri unit=Light Raider kind=move dst=(-813,15,324)
[ORDER] commander=ai team=Team_Human_Centauri unit=Light Raider kind=move dst=(-813,15,324)
[ORDER] commander=ai team=Team_Alien unit=Hunter kind=move dst=(89,21,-116)
[ORDER] commander=ai team=Team_Human_Sol unit=Heavy Quad kind=attack tgt=Shocker(Clone) (Target)
[ORDER] commander=ai team=Team_Human_Sol unit=Light Striker kind=attack tgt=Shocker(Clone) (Target)
[ORDER] commander=ai team=Team_Human_Sol unit=Light Striker kind=attack tgt=Shocker(Clone) (Target)
[ORDER] commander=ai team=Team_Human_Sol unit=Heavy Quad kind=attack tgt=Shocker(Clone) (Target)
[ORDER] commander=ai team=Team_Human_Sol unit=Light Raider kind=attack tgt=Shocker(Clone) (Target)
[ORDER] commander=ai team=Team_Human_Sol unit=Light Raider kind=attack tgt=Shocker(Clone) (Target)
[ORDER] commander=ai team=Team_Human_Sol unit=Platoon Hauler kind=attack tgt=Shocker(Clone) (Target)
[ORDER] commander=ai team=Team_Human_Sol unit=Platoon Hauler kind=attack tgt=Shocker(Clone) (Target)
[H1] team=Team_Human_Sol fire=Refinery atBalterium=(1294,1066) refCount=1
[H1] team=Team_Human_Sol fire=Refinery atBalterium=(715,897) refCount=2
[AI] [Team_Human_Sol] tick=49 reqs=4 type={Construct:4} task={} prio(min/avg/max)=10/77.5/100 groups=0
[ORDER] commander=ai team=Team_Alien unit=Squid kind=move dst=(-112,103,-637)
[ORDER] commander=ai team=Team_Alien unit=Squid kind=move dst=(-112,103,-637)
[ORDER] commander=ai team=Team_Alien unit=Squid kind=move dst=(-112,103,-637)
[ORDER] commander=ai team=Team_Human_Centauri unit=Heavy Raider kind=stop
[ORDER] commander=ai team=Team_Human_Centauri unit=Heavy Raider kind=move dst=(187,28,1192)
[ORDER] commander=ai team=Team_Human_Centauri unit=Light Raider kind=move dst=(187,28,1192)
[ORDER] commander=ai team=Team_Human_Sol unit=Heavy Quad kind=move dst=(29,71,-134)
[ORDER] commander=ai team=Team_Human_Sol unit=Light Raider kind=move dst=(29,71,-134)
[ORDER] commander=ai team=Team_Human_Sol unit=Light Raider kind=move dst=(29,71,-134)
[ORDER] commander=ai team=Team_Human_Sol unit=Platoon Hauler kind=move dst=(29,70,-134)
[ORDER] commander=ai team=Team_Alien unit=Crab kind=stop
[ORDER] commander=ai team=Team_Alien unit=Crab kind=move dst=(-331,92,-321)
[ORDER] commander=ai team=Team_Alien unit=Crab kind=move dst=(-331,92,-321)
[ORDER] commander=ai team=Team_Alien unit=Crab kind=move dst=(-331,92,-321)
[ORDER] commander=ai team=Team_Alien unit=Crab kind=attack tgt=Cent_Light_SquadTransport(Clone) (Target)
[ORDER] commander=ai team=Team_Alien unit=Crab kind=attack tgt=Cent_Light_SquadTransport(Clone) (Target)
[ORDER] commander=ai team=Team_Alien unit=Crab kind=attack tgt=Cent_Light_SquadTransport(Clone) (Target)
[ORDER] commander=ai team=Team_Alien unit=Crab kind=attack tgt=Cent_Light_SquadTransport(Clone) (Target)
[ORDER] commander=ai team=Team_Alien unit=Crab kind=move dst=(-681,70,-540)
[ORDER] commander=ai team=Team_Alien unit=Horned Crab kind=move dst=(-681,70,-540)
[ORDER] commander=ai team=Team_Alien unit=Horned Crab kind=move dst=(-681,70,-540)
[ORDER] commander=ai team=Team_Alien unit=Shocker kind=move dst=(-681,70,-540)
[ORDER] commander=ai team=Team_Alien unit=Wasp kind=move dst=(-728,117,-610)
[ORDER] commander=ai team=Team_Alien unit=Squid kind=move dst=(-728,117,-610)
[ORDER] commander=ai team=Team_Alien unit=Squid kind=move dst=(-728,117,-610)
[ORDER] commander=ai team=Team_Alien unit=Squid kind=move dst=(-728,117,-610)
[ORDER] commander=ai team=Team_Alien unit=Squid kind=move dst=(-854,33,-1256)
[ORDER] commander=ai team=Team_Alien unit=Wasp kind=attack tgt=Cent_Headquarters(Clone) (Target)
[ORDER] commander=ai team=Team_Alien unit=Squid kind=attack tgt=Cent_Headquarters(Clone) (Target)
[ORDER] commander=ai team=Team_Alien unit=Squid kind=attack tgt=Cent_Headquarters(Clone) (Target)
[ORDER] commander=ai team=Team_Alien unit=Squid kind=attack tgt=Cent_Headquarters(Clone) (Target)
[ORDER] commander=ai team=Team_Alien unit=Crab kind=attack tgt=Sol_Light_LightStriker(Clone) (Target)
[ORDER] commander=ai team=Team_Alien unit=Horned Crab kind=attack tgt=Sol_Light_LightStriker(Clone) (Target)
[ORDER] commander=ai team=Team_Alien unit=Horned Crab kind=attack tgt=Sol_Light_LightStriker(Clone) (Target)
[ORDER] commander=ai team=Team_Alien unit=Shocker kind=attack tgt=Sol_Light_LightStriker(Clone) (Target)
[AI] [Team_Alien] tick=49 reqs=3 type={Construct:3} task={} prio(min/avg/max)=10/24.3/50 groups=0
[ORDER] commander=ai team=Team_Human_Centauri unit=Assault Car kind=move dst=(-764,23,1035)
[ORDER] commander=ai team=Team_Alien unit=Shocker kind=move dst=(-699,67,-533)
[ORDER] commander=ai team=Team_Alien unit=Hunter kind=move dst=(91,21,-125)
[ORDER] commander=ai team=Team_Alien unit=Wasp kind=stop
[ORDER] commander=ai team=Team_Alien unit=Squid kind=move dst=(-112,103,-637)
[ORDER] commander=ai team=Team_Alien unit=Squid kind=move dst=(-112,103,-637)
[ORDER] commander=ai team=Team_Alien unit=Squid kind=move dst=(-112,103,-637)
[ORDER] commander=ai team=Team_Human_Centauri unit=Heavy Raider kind=move dst=(195,30,1192)
[ORDER] commander=ai team=Team_Human_Centauri unit=Light Raider kind=move dst=(195,30,1192)
[ORDER] commander=ai team=Team_Alien unit=Crab kind=stop
[ORDER] commander=ai team=Team_Alien unit=Crab kind=move dst=(-336,92,-321)
[ORDER] commander=ai team=Team_Alien unit=Crab kind=move dst=(-336,92,-321)
[ORDER] commander=ai team=Team_Alien unit=Crab kind=move dst=(-336,92,-321)
[ORDER] commander=ai team=Team_Human_Centauri unit=Assault Car kind=move dst=(-764,23,1035)
[ORDER] commander=ai team=Team_Alien unit=Shocker kind=move dst=(-699,67,-530)
[ORDER] commander=ai team=Team_Alien unit=Hunter kind=move dst=(94,24,-134)
[ORDER] commander=ai team=Team_Alien unit=Hunter kind=move dst=(94,24,-134)
[ORDER] commander=ai team=Team_Alien unit=Hunter kind=move dst=(94,24,-134)
[ORDER] commander=ai team=Team_Alien unit=Squid kind=move dst=(-112,103,-637)
[ORDER] commander=ai team=Team_Human_Centauri unit=Assault Car kind=attack tgt=ConstructionSite_Alien_Node(Clone) (Target)
[ORDER] commander=ai team=Team_Human_Centauri unit=Light Raider kind=move dst=(254,35,1138)
[ORDER] commander=ai team=Team_Human_Centauri unit=Heavy Raider kind=move dst=(254,35,1138)
[ORDER] commander=ai team=Team_Human_Centauri unit=Assault Car kind=move dst=(254,35,1138)
[H2] team=Team_Human_Centauri fire=Headquarters argmaxCell=(29,62) val=40 atWorld=(-320,1000) hqCount=2
[AI] [Team_Human_Centauri] tick=50 reqs=3 type={Construct:3} task={} prio(min/avg/max)=10/47.0/81 groups=0
[ORDER] commander=ai team=Team_Alien unit=Shocker kind=move dst=(-699,67,-530)
[ORDER] commander=ai team=Team_Alien unit=Hunter kind=move dst=(97,28,-144)
[ORDER] commander=ai team=Team_Human_Sol unit=Platoon Hauler kind=move dst=(-317,99,60)
[ORDER] commander=ai team=Team_Human_Sol unit=Heavy Quad kind=move dst=(-355,23,27)
[ORDER] commander=ai team=Team_Human_Sol unit=Light Striker kind=move dst=(-355,23,27)
[ORDER] commander=ai team=Team_Human_Sol unit=Light Striker kind=move dst=(-355,23,27)
[ORDER] commander=ai team=Team_Human_Sol unit=Platoon Hauler kind=attack tgt=Shocker(Clone) (Target)
[ORDER] commander=ai team=Team_Human_Sol unit=Heavy Quad kind=attack tgt=Shocker(Clone) (Target)
[ORDER] commander=ai team=Team_Human_Sol unit=Light Striker kind=attack tgt=Shocker(Clone) (Target)
[ORDER] commander=ai team=Team_Human_Sol unit=Light Striker kind=attack tgt=Shocker(Clone) (Target)
[H2] team=Team_Human_Sol fire=Headquarters argmaxCell=(45,55) val=60 atWorld=(320,720) hqCount=2
[AI] [Team_Human_Sol] tick=50 reqs=4 type={Construct:4} task={} prio(min/avg/max)=10/77.5/100 groups=0
[ORDER] commander=ai team=Team_Alien unit=Squid kind=move dst=(-112,103,-637)
[ORDER] commander=ai team=Team_Alien unit=Squid kind=move dst=(-112,103,-637)
[ORDER] commander=ai team=Team_Alien unit=Squid kind=move dst=(-112,103,-637)
[ORDER] commander=ai team=Team_Human_Centauri unit=Heavy Raider kind=move dst=(260,23,325)
[ORDER] commander=ai team=Team_Human_Centauri unit=Light Raider kind=move dst=(260,23,325)
[ORDER] commander=ai team=Team_Alien unit=Crab kind=move dst=(-681,70,-540)
[ORDER] commander=ai team=Team_Alien unit=Horned Crab kind=move dst=(-681,70,-540)
[ORDER] commander=ai team=Team_Alien unit=Horned Crab kind=move dst=(-681,70,-540)
[ORDER] commander=ai team=Team_Alien unit=Shocker kind=move dst=(-681,70,-540)
[ORDER] commander=ai team=Team_Alien unit=Wasp kind=move dst=(-728,117,-610)
[ORDER] commander=ai team=Team_Alien unit=Squid kind=move dst=(-728,117,-610)
[ORDER] commander=ai team=Team_Alien unit=Squid kind=move dst=(-728,117,-610)
[ORDER] commander=ai team=Team_Alien unit=Squid kind=move dst=(-728,117,-610)
[ORDER] commander=ai team=Team_Alien unit=Crab kind=attack tgt=Sol_Light_LightStriker(Clone) (Target)
[ORDER] commander=ai team=Team_Alien unit=Shocker kind=attack tgt=Sol_Light_LightStriker(Clone) (Target)
[ORDER] commander=ai team=Team_Alien unit=Shocker kind=attack tgt=Sol_Light_LightStriker(Clone) (Target)
[ORDER] commander=ai team=Team_Alien unit=Shocker kind=attack tgt=Sol_Light_LightStriker(Clone) (Target)
[ORDER] commander=ai team=Team_Alien unit=Crab kind=attack tgt=Sol_Light_LightStriker(Clone) (Target)
[ORDER] commander=ai team=Team_Alien unit=Horned Crab kind=attack tgt=Sol_Light_LightStriker(Clone) (Target)
[ORDER] commander=ai team=Team_Alien unit=Horned Crab kind=attack tgt=Sol_Light_LightStriker(Clone) (Target)
[ORDER] commander=ai team=Team_Alien unit=Shocker kind=attack tgt=Sol_Light_LightStriker(Clone) (Target)
[AI] [Team_Alien] tick=50 reqs=3 type={Construct:3} task={} prio(min/avg/max)=10/24.3/50 groups=0
[ORDER] commander=ai team=Team_Alien unit=Crab kind=move dst=(523,19,146)
[ORDER] commander=ai team=Team_Alien unit=Shocker kind=move dst=(523,19,146)
[ORDER] commander=ai team=Team_Alien unit=Shocker kind=move dst=(523,19,146)
[ORDER] commander=ai team=Team_Alien unit=Shocker kind=move dst=(523,19,146)
[ORDER] commander=ai team=Team_Alien unit=Shocker kind=move dst=(-696,67,-534)
[ORDER] commander=ai team=Team_Alien unit=Hunter kind=move dst=(99,33,-154)
[ORDER] commander=ai team=Team_Alien unit=Wasp kind=stop
[ORDER] commander=ai team=Team_Alien unit=Squid kind=move dst=(-112,103,-637)
[ORDER] commander=ai team=Team_Alien unit=Squid kind=move dst=(-112,103,-637)
[ORDER] commander=ai team=Team_Alien unit=Squid kind=move dst=(-112,103,-637)
[ORDER] commander=ai team=Team_Human_Centauri unit=Squad Transport kind=move dst=(-681,70,-540)
[ORDER] commander=ai team=Team_Alien unit=Shocker kind=move dst=(-695,67,-536)
[ORDER] commander=ai team=Team_Alien unit=Shocker kind=move dst=(-695,67,-536)
[ORDER] commander=ai team=Team_Alien unit=Hunter kind=move dst=(102,36,-165)
[ORDER] commander=ai team=Team_Alien unit=Squid kind=move dst=(-112,103,-637)
[ORDER] commander=ai team=Team_Alien unit=Squid kind=move dst=(-112,103,-637)
[ORDER] commander=ai team=Team_Alien unit=Squid kind=move dst=(-112,103,-637)
[ORDER] commander=ai team=Team_Human_Centauri unit=Heavy Raider kind=move dst=(260,23,325)
[SPAWN_U] team=Team_Alien unit=Shrimp
[ORDER] commander=ai team=Team_Human_Centauri unit=Light Raider kind=attack tgt=Shocker(Clone) (Target)
[ORDER] commander=ai team=Team_Human_Centauri unit=Heavy Raider kind=attack tgt=Shocker(Clone) (Target)
[ORDER] commander=ai team=Team_Human_Centauri unit=Assault Car kind=attack tgt=Shocker(Clone) (Target)
[ORDER] commander=ai team=Team_Human_Centauri unit=Squad Transport kind=move dst=(254,35,1138)
[ORDER] commander=ai team=Team_Human_Centauri unit=Heavy Raider kind=attack tgt=Shocker(Clone) (Target)
[ORDER] commander=ai team=Team_Human_Centauri unit=Heavy Raider kind=attack tgt=Shocker(Clone) (Target)
[ORDER] commander=ai team=Team_Human_Centauri unit=Light Raider kind=attack tgt=Shocker(Clone) (Target)
[H2] team=Team_Human_Centauri fire=Headquarters argmaxCell=(29,62) val=40 atWorld=(-320,1000) hqCount=2
[AI] [Team_Human_Centauri] tick=51 reqs=3 type={Construct:3} task={} prio(min/avg/max)=10/47.0/81 groups=0
[ORDER] commander=ai team=Team_Human_Centauri unit=Light Raider kind=move dst=(-614,71,-430)
[ORDER] commander=ai team=Team_Human_Centauri unit=Heavy Raider kind=move dst=(-614,71,-430)
[ORDER] commander=ai team=Team_Human_Centauri unit=Assault Car kind=move dst=(-614,71,-430)
[ORDER] commander=ai team=Team_Alien unit=Shocker kind=move dst=(-696,67,-535)
[ORDER] commander=ai team=Team_Human_Centauri unit=Light Raider kind=move dst=(150,9,52)
[ORDER] commander=ai team=Team_Human_Centauri unit=Light Raider kind=move dst=(150,9,52)
[ORDER] commander=ai team=Team_Human_Centauri unit=Heavy Raider kind=move dst=(150,9,52)
[ORDER] commander=ai team=Team_Alien unit=Hunter kind=move dst=(94,24,-134)
[ORDER] commander=ai team=Team_Human_Sol unit=Platoon Hauler kind=move dst=(171,30,-309)
[ORDER] commander=ai team=Team_Human_Sol unit=Platoon Hauler kind=move dst=(-317,99,60)
[ORDER] commander=ai team=Team_Human_Sol unit=Heavy Quad kind=move dst=(-355,23,27)
[ORDER] commander=ai team=Team_Human_Sol unit=Light Striker kind=move dst=(-355,23,27)
[ORDER] commander=ai team=Team_Human_Sol unit=Light Striker kind=move dst=(-355,23,27)
[ORDER] commander=ai team=Team_Human_Sol unit=Light Striker kind=attack tgt=Shocker(Clone) (Target)
[ORDER] commander=ai team=Team_Human_Sol unit=Light Striker kind=attack tgt=Shocker(Clone) (Target)
[ORDER] commander=ai team=Team_Human_Sol unit=Heavy Quad kind=attack tgt=Shocker(Clone) (Target)
[ORDER] commander=ai team=Team_Human_Sol unit=Platoon Hauler kind=attack tgt=Shocker(Clone) (Target)
[ORDER] commander=ai team=Team_Human_Sol unit=Heavy Quad kind=attack tgt=Shocker(Clone) (Target)
[ORDER] commander=ai team=Team_Human_Sol unit=Light Striker kind=attack tgt=Shocker(Clone) (Target)
[ORDER] commander=ai team=Team_Human_Sol unit=Light Striker kind=attack tgt=Shocker(Clone) (Target)
[ORDER] commander=ai team=Team_Human_Sol unit=Platoon Hauler kind=attack tgt=Shocker(Clone) (Target)
[H1] team=Team_Human_Sol fire=Refinery atBalterium=(1294,1066) refCount=1
[H1] team=Team_Human_Sol fire=Refinery atBalterium=(715,897) refCount=2
[AI] [Team_Human_Sol] tick=51 reqs=4 type={Construct:4} task={} prio(min/avg/max)=10/77.5/100 groups=0
[ORDER] commander=ai team=Team_Alien unit=Squid kind=move dst=(-112,103,-637)
[ORDER] commander=ai team=Team_Alien unit=Squid kind=move dst=(-112,103,-637)
[ORDER] commander=ai team=Team_Alien unit=Squid kind=move dst=(-112,103,-637)
[ORDER] commander=ai team=Team_Alien unit=Crab kind=move dst=(-739,39,-336)
[ORDER] commander=ai team=Team_Alien unit=Crab kind=move dst=(-739,39,-336)
[ORDER] commander=ai team=Team_Human_Centauri unit=Squad Transport kind=move dst=(-681,70,-540)
[P31] team=Team_Alien preset=Combat stock=Crab ours=Crab agree=True rationale=swarm floor (have 7/16)
[P31] team=Team_Alien preset=Harvest stock=Shrimp ours=Shrimp agree=True rationale=biotic cap (have 17/70)
[ORDER] commander=ai team=Team_Alien unit=Crab kind=attack tgt=Sol_Light_LightQuad(Clone) (Target)
[ORDER] commander=ai team=Team_Alien unit=Shocker kind=attack tgt=Sol_Light_LightQuad(Clone) (Target)
[ORDER] commander=ai team=Team_Alien unit=Shocker kind=attack tgt=Sol_Light_LightQuad(Clone) (Target)
[ORDER] commander=ai team=Team_Alien unit=Shocker kind=attack tgt=Sol_Light_LightQuad(Clone) (Target)
[ORDER] commander=ai team=Team_Alien unit=Shrimp kind=move dst=(242,125,-673)
[ORDER] commander=ai team=Team_Alien unit=Hunter kind=move dst=(-681,70,-540)
[ORDER] commander=ai team=Team_Alien unit=Hunter kind=move dst=(-681,70,-540)
[ORDER] commander=ai team=Team_Alien unit=Hunter kind=move dst=(-681,70,-540)
[ORDER] commander=ai team=Team_Alien unit=Wasp kind=attack tgt=Sol_Light_LightStriker(Clone) (Target)
[ORDER] commander=ai team=Team_Alien unit=Squid kind=attack tgt=Sol_Light_LightStriker(Clone) (Target)
[ORDER] commander=ai team=Team_Alien unit=Squid kind=attack tgt=Sol_Light_LightStriker(Clone) (Target)
[ORDER] commander=ai team=Team_Alien unit=Squid kind=attack tgt=Sol_Light_LightStriker(Clone) (Target)
[AI] [Team_Alien] tick=51 reqs=5 type={Construct:5} task={} prio(min/avg/max)=10/39.0/81 groups=0
[ORDER] commander=ai team=Team_Alien unit=Crab kind=move dst=(508,21,-28)
[ORDER] commander=ai team=Team_Alien unit=Shocker kind=move dst=(508,21,-28)
[ORDER] commander=ai team=Team_Alien unit=Shocker kind=move dst=(508,21,-28)
[ORDER] commander=ai team=Team_Alien unit=Shocker kind=move dst=(508,21,-28)
[ORDER] commander=ai team=Team_Alien unit=Shocker kind=move dst=(-696,67,-535)
[ORDER] commander=ai team=Team_Alien unit=Hunter kind=move dst=(-681,70,-540)
[ORDER] commander=ai team=Team_Alien unit=Wasp kind=stop
[ORDER] commander=ai team=Team_Alien unit=Squid kind=move dst=(-112,103,-637)
[ORDER] commander=ai team=Team_Alien unit=Squid kind=move dst=(-112,103,-637)
[ORDER] commander=ai team=Team_Alien unit=Squid kind=move dst=(-112,103,-637)
[ORDER] commander=ai team=Team_Human_Centauri unit=Squad Transport kind=move dst=(-681,70,-540)
[ORDER] commander=ai team=Team_Alien unit=Shocker kind=move dst=(-696,67,-535)
[ORDER] commander=ai team=Team_Alien unit=Shocker kind=move dst=(204,9,39)
[ORDER] commander=ai team=Team_Alien unit=Shocker kind=move dst=(204,9,39)
[ORDER] commander=ai team=Team_Alien unit=Crab kind=move dst=(204,9,39)
[ORDER] commander=ai team=Team_Alien unit=Hunter kind=move dst=(-681,70,-540)
[ORDER] commander=ai team=Team_Alien unit=Squid kind=move dst=(-112,103,-637)
[ORDER] commander=ai team=Team_Alien unit=Squid kind=move dst=(-112,103,-637)
[ORDER] commander=ai team=Team_Alien unit=Squid kind=move dst=(-112,103,-637)
[ORDER] commander=ai team=Team_Alien unit=Crab kind=move dst=(-712,45,-337)
[ORDER] commander=ai team=Team_Human_Centauri unit=Squad Transport kind=move dst=(-681,70,-540)
[SPAWN_U] team=Team_Alien unit=Shrimp
[ORDER] commander=ai team=Team_Human_Sol unit=Platoon Hauler kind=move dst=(467,25,41)
[ORDER] commander=ai team=Team_Human_Centauri unit=Squad Transport kind=move dst=(260,23,325)
[ORDER] commander=ai team=Team_Human_Centauri unit=Assault Car kind=move dst=(715,26,897)
[ORDER] commander=ai team=Team_Human_Centauri unit=Assault Car kind=move dst=(715,26,897)
[ORDER] commander=ai team=Team_Human_Centauri unit=Squad Transport kind=attack tgt=Shocker(Clone) (Target)
[H2] team=Team_Human_Centauri fire=Headquarters argmaxCell=(29,62) val=40 atWorld=(-320,1000) hqCount=2
[AI] [Team_Human_Centauri] tick=52 reqs=3 type={Construct:3} task={} prio(min/avg/max)=10/47.0/81 groups=0
[ORDER] commander=ai team=Team_Alien unit=Crab kind=move dst=(-397,89,-184)
[ORDER] commander=ai team=Team_Alien unit=Horned Crab kind=move dst=(-397,89,-184)
[ORDER] commander=ai team=Team_Alien unit=Horned Crab kind=move dst=(-397,89,-184)
[ORDER] commander=ai team=Team_Alien unit=Shocker kind=stop
[ORDER] commander=ai team=Team_Alien unit=Shocker kind=move dst=(-696,67,-535)
[ORDER] commander=ai team=Team_Alien unit=Hunter kind=move dst=(-681,70,-540)
[ORDER] commander=ai team=Team_Human_Sol unit=Scout kind=move dst=(171,30,-309)
[ORDER] commander=ai team=Team_Human_Sol unit=Scout kind=move dst=(171,30,-309)
[ORDER] commander=ai team=Team_Human_Sol unit=Scout kind=move dst=(171,30,-309)
[ORDER] commander=ai team=Team_Human_Sol unit=Rifleman kind=move dst=(171,30,-309)
[ORDER] commander=ai team=Team_Human_Sol unit=Platoon Hauler kind=move dst=(-317,99,60)
[ORDER] commander=ai team=Team_Human_Sol unit=Heavy Quad kind=move dst=(-355,23,27)
[ORDER] commander=ai team=Team_Human_Sol unit=Light Raider kind=move dst=(-355,23,27)
[ORDER] commander=ai team=Team_Human_Sol unit=Light Raider kind=move dst=(-355,23,27)
[ORDER] commander=ai team=Team_Human_Sol unit=Scout kind=attack tgt=Shocker(Clone) (Target)
[ORDER] commander=ai team=Team_Human_Sol unit=Scout kind=attack tgt=Shocker(Clone) (Target)
[ORDER] commander=ai team=Team_Human_Sol unit=Scout kind=attack tgt=Shocker(Clone) (Target)
[ORDER] commander=ai team=Team_Human_Sol unit=Rifleman kind=attack tgt=Shocker(Clone) (Target)
[AI] [Team_Human_Sol] tick=52 reqs=4 type={Construct:4} task={} prio(min/avg/max)=10/77.5/100 groups=0
[ORDER] commander=ai team=Team_Alien unit=Squid kind=move dst=(-112,103,-637)
[ORDER] commander=ai team=Team_Alien unit=Squid kind=move dst=(-112,103,-637)
[ORDER] commander=ai team=Team_Alien unit=Squid kind=move dst=(-112,103,-637)
[ORDER] commander=ai team=Team_Alien unit=Crab kind=move dst=(-702,48,-339)
[ORDER] commander=ai team=Team_Human_Centauri unit=Squad Transport kind=move dst=(-681,70,-540)
[P31] team=Team_Alien preset=Combat stock=Crab ours=Crab agree=True rationale=swarm floor (have 7/16)
[P31] team=Team_Alien preset=Harvest stock=Shrimp ours=Shrimp agree=True rationale=biotic cap (have 18/70)
[ORDER] commander=ai team=Team_Alien unit=Crab kind=move dst=(-728,117,-610)
[ORDER] commander=ai team=Team_Alien unit=Horned Crab kind=move dst=(-728,117,-610)
[ORDER] commander=ai team=Team_Alien unit=Horned Crab kind=move dst=(-728,117,-610)
[ORDER] commander=ai team=Team_Alien unit=Shocker kind=move dst=(-728,117,-610)
[ORDER] commander=ai team=Team_Alien unit=Wasp kind=move dst=(873,35,-299)
[ORDER] commander=ai team=Team_Alien unit=Squid kind=move dst=(873,35,-299)
[ORDER] commander=ai team=Team_Alien unit=Squid kind=move dst=(873,35,-299)
[ORDER] commander=ai team=Team_Alien unit=Squid kind=move dst=(873,35,-299)
[ORDER] commander=ai team=Team_Alien unit=Crab kind=attack tgt=Sol_Light_LightQuad(Clone) (Target)
[ORDER] commander=ai team=Team_Alien unit=Horned Crab kind=attack tgt=Sol_Light_LightQuad(Clone) (Target)
[ORDER] commander=ai team=Team_Alien unit=Horned Crab kind=attack tgt=Sol_Light_LightQuad(Clone) (Target)
[ORDER] commander=ai team=Team_Alien unit=Shocker kind=attack tgt=Sol_Light_LightQuad(Clone) (Target)
[AI] [Team_Alien] tick=52 reqs=5 type={Construct:5} task={} prio(min/avg/max)=8/34.6/62 groups=0
[ORDER] commander=ai team=Team_Alien unit=Crab kind=move dst=(-397,89,-184)
[ORDER] commander=ai team=Team_Alien unit=Horned Crab kind=move dst=(-397,89,-184)
[ORDER] commander=ai team=Team_Alien unit=Horned Crab kind=move dst=(-397,89,-184)
[ORDER] commander=ai team=Team_Alien unit=Shocker kind=stop
[ORDER] commander=ai team=Team_Alien unit=Shocker kind=move dst=(-696,67,-535)
[ORDER] commander=ai team=Team_Alien unit=Hunter kind=move dst=(-681,70,-540)
[ORDER] commander=ai team=Team_Alien unit=Wasp kind=stop
[ORDER] commander=ai team=Team_Alien unit=Squid kind=move dst=(-112,103,-637)
[ORDER] commander=ai team=Team_Alien unit=Squid kind=move dst=(-112,103,-637)
[ORDER] commander=ai team=Team_Alien unit=Squid kind=move dst=(-112,103,-637)
[ORDER] commander=ai team=Team_Human_Centauri unit=Squad Transport kind=move dst=(-681,70,-540)
[ORDER] commander=ai team=Team_Alien unit=Crab kind=move dst=(507,12,-91)
[ORDER] commander=ai team=Team_Alien unit=Horned Crab kind=move dst=(507,12,-91)
[ORDER] commander=ai team=Team_Alien unit=Horned Crab kind=move dst=(507,12,-91)
[ORDER] commander=ai team=Team_Alien unit=Shocker kind=move dst=(507,12,-91)
[ORDER] commander=ai team=Team_Alien unit=Shocker kind=move dst=(-696,67,-535)
[ORDER] commander=ai team=Team_Alien unit=Hunter kind=move dst=(-681,70,-540)
[ORDER] commander=ai team=Team_Alien unit=Squid kind=move dst=(-113,103,-637)
[ORDER] commander=ai team=Team_Human_Centauri unit=Squad Transport kind=move dst=(-681,70,-540)
[ORDER] commander=ai team=Team_Human_Sol unit=Light Striker kind=stop
[ORDER] commander=ai team=Team_Human_Sol unit=Light Striker kind=move dst=(545,37,844)
[ORDER] commander=ai team=Team_Human_Sol unit=Heavy Quad kind=move dst=(545,37,844)
[SPAWN_S] team=Team_Alien structure=Node at=(-345,20)
[SPAWN_S] team=Team_Alien structure=Node at=(-390,-145)
[ORDER] commander=ai team=Team_Human_Centauri unit=Militia kind=attack tgt=Shocker(Clone) (Target)
[ORDER] commander=ai team=Team_Human_Centauri unit=Militia kind=attack tgt=Shocker(Clone) (Target)
[ORDER] commander=ai team=Team_Human_Centauri unit=Militia kind=attack tgt=Shocker(Clone) (Target)
[ORDER] commander=ai team=Team_Human_Centauri unit=Trooper kind=attack tgt=Shocker(Clone) (Target)
[ORDER] commander=ai team=Team_Human_Centauri unit=Squad Transport kind=move dst=(260,23,325)
[ORDER] commander=ai team=Team_Human_Centauri unit=Assault Car kind=attack tgt=Shocker(Clone) (Target)
[ORDER] commander=ai team=Team_Human_Centauri unit=Assault Car kind=attack tgt=Shocker(Clone) (Target)
[ORDER] commander=ai team=Team_Human_Centauri unit=Light Raider kind=attack tgt=Shocker(Clone) (Target)
[ORDER] commander=ai team=Team_Human_Centauri unit=Light Raider kind=attack tgt=Shocker(Clone) (Target)
[ORDER] commander=ai team=Team_Human_Centauri unit=Heavy Raider kind=attack tgt=Shocker(Clone) (Target)
[H2] team=Team_Human_Centauri fire=Headquarters argmaxCell=(29,62) val=40 atWorld=(-320,1000) hqCount=2
[AI] [Team_Human_Centauri] tick=53 reqs=3 type={Construct:3} task={} prio(min/avg/max)=10/47.0/81 groups=0
[ORDER] commander=ai team=Team_Human_Centauri unit=Militia kind=move dst=(-565,70,-368)
[ORDER] commander=ai team=Team_Human_Centauri unit=Militia kind=move dst=(-565,70,-368)
[ORDER] commander=ai team=Team_Human_Centauri unit=Trooper kind=move dst=(-565,70,-368)
[ORDER] commander=ai team=Team_Alien unit=Shocker kind=move dst=(-696,67,-535)
[ORDER] commander=ai team=Team_Human_Centauri unit=Light Raider kind=move dst=(-567,70,-368)
[ORDER] commander=ai team=Team_Alien unit=Hunter kind=move dst=(-681,70,-540)
[ORDER] commander=ai team=Team_Human_Sol unit=Platoon Hauler kind=move dst=(171,30,-309)
[ORDER] commander=ai team=Team_Human_Sol unit=Heavy Quad kind=attack tgt=Shocker(Clone) (Target)
[ORDER] commander=ai team=Team_Human_Sol unit=Light Raider kind=attack tgt=Shocker(Clone) (Target)
[ORDER] commander=ai team=Team_Human_Sol unit=Light Raider kind=attack tgt=Shocker(Clone) (Target)
[H1] team=Team_Human_Sol fire=Refinery atBalterium=(1294,1066) refCount=1
[H1] team=Team_Human_Sol fire=Refinery atBalterium=(715,897) refCount=2
[H2] team=Team_Human_Sol fire=Headquarters argmaxCell=(50,37) val=130 atWorld=(520,0) hqCount=2
[AI] [Team_Human_Sol] tick=53 reqs=4 type={Construct:4} task={} prio(min/avg/max)=10/77.5/100 groups=0
[ORDER] commander=ai team=Team_Alien unit=Squid kind=move dst=(-113,103,-637)
[ORDER] commander=ai team=Team_Alien unit=Squid kind=move dst=(-113,103,-637)
[ORDER] commander=ai team=Team_Alien unit=Squid kind=move dst=(-113,103,-637)
[ORDER] commander=ai team=Team_Human_Sol unit=Heavy Quad kind=move dst=(36,50,-131)
[ORDER] commander=ai team=Team_Human_Sol unit=Light Raider kind=move dst=(36,50,-131)
[ORDER] commander=ai team=Team_Human_Sol unit=Light Raider kind=move dst=(36,50,-131)
[ORDER] commander=ai team=Team_Human_Centauri unit=Squad Transport kind=move dst=(-681,70,-540)
[P31] team=Team_Alien preset=Combat stock=Crab ours=Crab agree=True rationale=swarm floor (have 7/16)
[P31] team=Team_Alien preset=Harvest stock=Shrimp ours=Shrimp agree=True rationale=biotic cap (have 18/70)
[ORDER] commander=ai team=Team_Alien unit=Wasp kind=attack tgt=Cent_Light_SquadTransport(Clone) (Target)
[ORDER] commander=ai team=Team_Alien unit=Squid kind=attack tgt=Cent_Light_SquadTransport(Clone) (Target)
[ORDER] commander=ai team=Team_Alien unit=Squid kind=attack tgt=Cent_Light_SquadTransport(Clone) (Target)
[ORDER] commander=ai team=Team_Alien unit=Squid kind=attack tgt=Cent_Light_SquadTransport(Clone) (Target)
[ORDER] commander=ai team=Team_Alien unit=Squid kind=move dst=(-728,117,-610)
[ORDER] commander=ai team=Team_Alien unit=Hunter kind=move dst=(-854,33,-1256)
[ORDER] commander=ai team=Team_Alien unit=Hunter kind=move dst=(-854,33,-1256)
[ORDER] commander=ai team=Team_Alien unit=Hunter kind=attack tgt=Sol_Light_LightQuad(Clone) (Target)
[ORDER] commander=ai team=Team_Alien unit=Hunter kind=attack tgt=Sol_Light_LightQuad(Clone) (Target)
[ORDER] commander=ai team=Team_Alien unit=Hunter kind=attack tgt=Sol_Light_LightQuad(Clone) (Target)
[P32] team=Team_Alien fire=Node towardPatchAt=(-789,-616) distToOwned=347m nodesOwned=20 anchorAt=(-45,-735)
[AI] [Team_Alien] tick=53 reqs=5 type={Construct:5} task={} prio(min/avg/max)=8/34.6/62 groups=0
[ORDER] commander=ai team=Team_Alien unit=Shocker kind=move dst=(-696,67,-535)
[ORDER] commander=ai team=Team_Alien unit=Hunter kind=move dst=(507,15,-123)
[ORDER] commander=ai team=Team_Alien unit=Wasp kind=stop
[ORDER] commander=ai team=Team_Alien unit=Squid kind=move dst=(-113,103,-637)
[ORDER] commander=ai team=Team_Alien unit=Squid kind=move dst=(-113,103,-637)
[ORDER] commander=ai team=Team_Alien unit=Squid kind=move dst=(-113,103,-637)
[ORDER] commander=ai team=Team_Human_Centauri unit=Squad Transport kind=move dst=(-681,70,-540)
[ORDER] commander=ai team=Team_Human_Sol unit=Light Striker kind=move dst=(40,32,-122)
[ORDER] commander=ai team=Team_Human_Sol unit=Heavy Quad kind=move dst=(40,32,-122)
[ORDER] commander=ai team=Team_Alien unit=Shocker kind=move dst=(-696,67,-535)
[ORDER] commander=ai team=Team_Alien unit=Shocker kind=move dst=(142,23,-19)
[ORDER] commander=ai team=Team_Alien unit=Crab kind=move dst=(142,23,-19)
[ORDER] commander=ai team=Team_Alien unit=Hunter kind=move dst=(507,17,-138)
[ORDER] commander=ai team=Team_Alien unit=Squid kind=move dst=(-113,103,-637)
[ORDER] commander=ai team=Team_Alien unit=Squid kind=move dst=(-113,103,-637)
[ORDER] commander=ai team=Team_Human_Centauri unit=Squad Transport kind=move dst=(-681,70,-540)
[ORDER] commander=ai team=Team_Human_Centauri unit=Heavy Raider kind=move dst=(150,9,52)
[ORDER] commander=ai team=Team_Human_Centauri unit=Heavy Raider kind=move dst=(150,9,52)
[ORDER] commander=ai team=Team_Human_Centauri unit=Light Raider kind=move dst=(150,9,52)
[ORDER] commander=ai team=Team_Human_Centauri unit=Assault Car kind=move dst=(-1372,37,-1073)
[ORDER] commander=ai team=Team_Human_Centauri unit=Assault Car kind=move dst=(-1372,37,-1073)
[ORDER] commander=ai team=Team_Human_Centauri unit=Squad Transport kind=move dst=(-499,25,1235)
[ORDER] commander=ai team=Team_Human_Centauri unit=Light Raider kind=move dst=(-64,19,1400)
[ORDER] commander=ai team=Team_Human_Centauri unit=Heavy Raider kind=move dst=(-64,19,1400)
[ORDER] commander=ai team=Team_Human_Centauri unit=Assault Car kind=move dst=(-64,19,1400)
[ORDER] commander=ai team=Team_Human_Centauri unit=Heavy Raider kind=attack tgt=Shocker(Clone) (Target)
[ORDER] commander=ai team=Team_Human_Centauri unit=Heavy Raider kind=attack tgt=Shocker(Clone) (Target)
[ORDER] commander=ai team=Team_Human_Centauri unit=Light Raider kind=attack tgt=Shocker(Clone) (Target)
[H2] team=Team_Human_Centauri fire=Headquarters argmaxCell=(29,62) val=40 atWorld=(-320,1000) hqCount=2
[AI] [Team_Human_Centauri] tick=54 reqs=3 type={Construct:3} task={} prio(min/avg/max)=10/47.0/81 groups=0
[ORDER] commander=ai team=Team_Alien unit=Shocker kind=move dst=(-696,67,-535)
[ORDER] commander=ai team=Team_Alien unit=Hunter kind=move dst=(507,18,-155)
[ORDER] commander=ai team=Team_Human_Sol unit=Heavy Quad kind=move dst=(-355,23,27)
[ORDER] commander=ai team=Team_Human_Sol unit=Light Striker kind=move dst=(-355,23,27)
[ORDER] commander=ai team=Team_Human_Sol unit=Light Striker kind=move dst=(-355,23,27)
[ORDER] commander=ai team=Team_Human_Sol unit=Heavy Quad kind=attack tgt=Shocker(Clone) (Target)
[ORDER] commander=ai team=Team_Human_Sol unit=Light Striker kind=attack tgt=Shocker(Clone) (Target)
[ORDER] commander=ai team=Team_Human_Sol unit=Light Striker kind=attack tgt=Shocker(Clone) (Target)
[ORDER] commander=ai team=Team_Human_Sol unit=Platoon Hauler kind=attack tgt=Shocker(Clone) (Target)
[H2] team=Team_Human_Sol fire=Headquarters argmaxCell=(47,66) val=38 atWorld=(400,1160) hqCount=2
[AI] [Team_Human_Sol] tick=54 reqs=4 type={Construct:4} task={} prio(min/avg/max)=10/77.5/100 groups=0
[ORDER] commander=ai team=Team_Alien unit=Squid kind=move dst=(-113,103,-637)
[ORDER] commander=ai team=Team_Alien unit=Squid kind=move dst=(-113,103,-637)
[ORDER] commander=ai team=Team_Alien unit=Squid kind=move dst=(-113,103,-637)
[ORDER] commander=ai team=Team_Human_Sol unit=Platoon Hauler kind=move dst=(55,20,-103)
[ORDER] commander=ai team=Team_Human_Centauri unit=Squad Transport kind=move dst=(-681,70,-540)
[P31] team=Team_Alien preset=Combat stock=Crab ours=Crab agree=True rationale=swarm floor (have 7/16)
[P31] team=Team_Alien preset=Combat stock=Crab ours=Crab agree=True rationale=swarm floor (have 7/16)
[P31] team=Team_Alien preset=Harvest stock=Shrimp ours=Shrimp agree=True rationale=biotic cap (have 18/70)
[ORDER] commander=ai team=Team_Alien unit=Shocker kind=move dst=(873,35,-299)
[ORDER] commander=ai team=Team_Alien unit=Shocker kind=move dst=(873,35,-299)
[ORDER] commander=ai team=Team_Alien unit=Shocker kind=attack tgt=Sol_Light_LightQuad(Clone) (Target)
[ORDER] commander=ai team=Team_Alien unit=Shocker kind=attack tgt=Sol_Light_LightQuad(Clone) (Target)
[AI] [Team_Alien] tick=54 reqs=6 type={Construct:6} task={} prio(min/avg/max)=8/39.2/62 groups=0
[ORDER] commander=ai team=Team_Alien unit=Shocker kind=move dst=(507,20,-169)
[ORDER] commander=ai team=Team_Alien unit=Hunter kind=move dst=(507,20,-170)
[ORDER] commander=ai team=Team_Alien unit=Shocker kind=move dst=(120,26,-38)
[ORDER] commander=ai team=Team_Alien unit=Shocker kind=move dst=(120,26,-38)
[ORDER] commander=ai team=Team_Alien unit=Squid kind=move dst=(-113,103,-637)
[ORDER] commander=ai team=Team_Alien unit=Squid kind=move dst=(-113,103,-637)
[ORDER] commander=ai team=Team_Human_Centauri unit=Squad Transport kind=move dst=(-681,70,-540)
[ORDER] commander=ai team=Team_Alien unit=Crab kind=move dst=(-374,89,-179)
[ORDER] commander=ai team=Team_Alien unit=Horned Crab kind=move dst=(-374,89,-179)
[ORDER] commander=ai team=Team_Alien unit=Horned Crab kind=move dst=(-374,89,-179)
[ORDER] commander=ai team=Team_Alien unit=Shocker kind=stop
[ORDER] commander=ai team=Team_Alien unit=Shocker kind=move dst=(507,23,-184)
[ORDER] commander=ai team=Team_Alien unit=Shocker kind=move dst=(108,27,-49)
[ORDER] commander=ai team=Team_Alien unit=Crab kind=move dst=(108,27,-49)
[ORDER] commander=ai team=Team_Alien unit=Hunter kind=move dst=(507,23,-185)
[ORDER] commander=ai team=Team_Alien unit=Squid kind=move dst=(-113,103,-637)
[ORDER] commander=ai team=Team_Alien unit=Squid kind=move dst=(-113,103,-637)
[ORDER] commander=ai team=Team_Alien unit=Squid kind=move dst=(-113,103,-637)
[ORDER] commander=ai team=Team_Human_Centauri unit=Squad Transport kind=move dst=(-681,70,-540)
[ORDER] commander=ai team=Team_Human_Sol unit=Light Striker kind=move dst=(67,18,-86)
[ORDER] commander=ai team=Team_Human_Centauri unit=Militia kind=move dst=(-728,117,-610)
[ORDER] commander=ai team=Team_Human_Centauri unit=Militia kind=move dst=(-728,117,-610)
[ORDER] commander=ai team=Team_Human_Centauri unit=Militia kind=move dst=(-728,117,-610)
[ORDER] commander=ai team=Team_Human_Centauri unit=Trooper kind=move dst=(-728,117,-610)
[ORDER] commander=ai team=Team_Human_Centauri unit=Light Raider kind=attack tgt=Shocker(Clone) (Target)
[ORDER] commander=ai team=Team_Human_Centauri unit=Light Raider kind=attack tgt=Shocker(Clone) (Target)
[ORDER] commander=ai team=Team_Human_Centauri unit=Heavy Raider kind=attack tgt=Shocker(Clone) (Target)
[ORDER] commander=ai team=Team_Human_Centauri unit=Squad Transport kind=attack tgt=ConstructionSite_Alien_Node(Clone) (Target)
[ORDER] commander=ai team=Team_Human_Centauri unit=Heavy Raider kind=move dst=(260,23,325)
[ORDER] commander=ai team=Team_Human_Centauri unit=Heavy Raider kind=move dst=(260,23,325)
[ORDER] commander=ai team=Team_Human_Centauri unit=Light Raider kind=move dst=(260,23,325)
[ORDER] commander=ai team=Team_Human_Centauri unit=Light Raider kind=move dst=(150,9,52)
[ORDER] commander=ai team=Team_Human_Centauri unit=Heavy Raider kind=move dst=(150,9,52)
[ORDER] commander=ai team=Team_Human_Centauri unit=Assault Car kind=move dst=(150,9,52)
[ORDER] commander=ai team=Team_Human_Centauri unit=Heavy Raider kind=attack tgt=Shocker(Clone) (Target)
[ORDER] commander=ai team=Team_Human_Centauri unit=Heavy Raider kind=attack tgt=Shocker(Clone) (Target)
[ORDER] commander=ai team=Team_Human_Centauri unit=Light Raider kind=attack tgt=Shocker(Clone) (Target)
[H2] team=Team_Human_Centauri fire=Headquarters argmaxCell=(29,62) val=40 atWorld=(-320,1000) hqCount=2
[AI] [Team_Human_Centauri] tick=55 reqs=3 type={Construct:3} task={} prio(min/avg/max)=10/47.0/81 groups=0
[ORDER] commander=ai team=Team_Alien unit=Shocker kind=move dst=(507,25,-198)
[ORDER] commander=ai team=Team_Human_Centauri unit=Light Raider kind=move dst=(-772,13,296)
[ORDER] commander=ai team=Team_Human_Centauri unit=Light Raider kind=move dst=(-772,13,296)
[ORDER] commander=ai team=Team_Human_Centauri unit=Heavy Raider kind=stop
[ORDER] commander=ai team=Team_Alien unit=Hunter kind=move dst=(507,25,-199)
[ORDER] commander=ai team=Team_Alien unit=Crab kind=move dst=(97,23,-60)
[ORDER] commander=ai team=Team_Human_Sol unit=Heavy Quad kind=move dst=(-317,99,60)
[ORDER] commander=ai team=Team_Human_Sol unit=Light Striker kind=move dst=(-317,99,60)
[ORDER] commander=ai team=Team_Human_Sol unit=Light Striker kind=move dst=(-317,99,60)
[ORDER] commander=ai team=Team_Human_Sol unit=Platoon Hauler kind=move dst=(-355,23,27)
[ORDER] commander=ai team=Team_Human_Sol unit=Light Striker kind=attack tgt=Crab(Clone) (Target)
[ORDER] commander=ai team=Team_Human_Sol unit=Light Striker kind=attack tgt=Crab(Clone) (Target)
[ORDER] commander=ai team=Team_Human_Sol unit=Heavy Quad kind=attack tgt=Crab(Clone) (Target)
[ORDER] commander=ai team=Team_Human_Sol unit=Heavy Quad kind=attack tgt=Shocker(Clone) (Target)
[ORDER] commander=ai team=Team_Human_Sol unit=Light Striker kind=attack tgt=Shocker(Clone) (Target)
[ORDER] commander=ai team=Team_Human_Sol unit=Light Striker kind=attack tgt=Shocker(Clone) (Target)
[ORDER] commander=ai team=Team_Human_Sol unit=Platoon Hauler kind=attack tgt=Shocker(Clone) (Target)
[ORDER] commander=ai team=Team_Human_Sol unit=Platoon Hauler kind=attack tgt=Crab(Clone) (Target)
[H1] team=Team_Human_Sol fire=Refinery atBalterium=(1294,1066) refCount=1
[H1] team=Team_Human_Sol fire=Refinery atBalterium=(715,897) refCount=2
[AI] [Team_Human_Sol] tick=55 reqs=4 type={Construct:4} task={} prio(min/avg/max)=10/77.5/100 groups=0
[ORDER] commander=ai team=Team_Alien unit=Squid kind=move dst=(-113,103,-637)
[ORDER] commander=ai team=Team_Alien unit=Squid kind=move dst=(-113,103,-637)
[ORDER] commander=ai team=Team_Human_Sol unit=Platoon Hauler kind=move dst=(74,18,-80)
[ORDER] commander=ai team=Team_Human_Centauri unit=Squad Transport kind=move dst=(-681,70,-540)
[P31] team=Team_Alien preset=Combat stock=Crab ours=Crab agree=True rationale=swarm floor (have 7/16)
[P31] team=Team_Alien preset=Combat stock=Crab ours=Crab agree=True rationale=swarm floor (have 7/16)
[P31] team=Team_Alien preset=Harvest stock=Shrimp ours=Shrimp agree=True rationale=biotic cap (have 18/70)
[ORDER] commander=ai team=Team_Alien unit=Crab kind=move dst=(873,35,-299)
[ORDER] commander=ai team=Team_Alien unit=Crab kind=move dst=(873,35,-299)
[ORDER] commander=ai team=Team_Alien unit=Crab kind=move dst=(873,35,-299)
[ORDER] commander=ai team=Team_Alien unit=Crab kind=move dst=(873,35,-299)
[ORDER] commander=ai team=Team_Alien unit=Crab kind=attack tgt=Sol_Light_LightQuad(Clone) (Target)
[ORDER] commander=ai team=Team_Alien unit=Crab kind=attack tgt=Sol_Light_LightQuad(Clone) (Target)
[ORDER] commander=ai team=Team_Alien unit=Crab kind=attack tgt=Sol_Light_LightQuad(Clone) (Target)
[ORDER] commander=ai team=Team_Alien unit=Crab kind=attack tgt=Sol_Light_LightQuad(Clone) (Target)
[AI] [Team_Alien] tick=55 reqs=6 type={Construct:6} task={} prio(min/avg/max)=8/39.2/62 groups=0
[ORDER] commander=ai team=Team_Alien unit=Crab kind=move dst=(506,26,-214)
[ORDER] commander=ai team=Team_Alien unit=Horned Crab kind=move dst=(506,26,-214)
[ORDER] commander=ai team=Team_Alien unit=Horned Crab kind=move dst=(506,26,-214)
[ORDER] commander=ai team=Team_Alien unit=Shocker kind=move dst=(506,26,-214)
[ORDER] commander=ai team=Team_Alien unit=Shocker kind=move dst=(506,26,-215)
[ORDER] commander=ai team=Team_Human_Centauri unit=Light Raider kind=move dst=(-774,13,295)
[ORDER] commander=ai team=Team_Human_Centauri unit=Light Raider kind=move dst=(-774,13,295)
[ORDER] commander=ai team=Team_Alien unit=Hunter kind=move dst=(506,25,-215)
[ORDER] commander=ai team=Team_Alien unit=Shocker kind=move dst=(87,21,-71)
[ORDER] commander=ai team=Team_Alien unit=Shocker kind=move dst=(87,21,-71)
[ORDER] commander=ai team=Team_Alien unit=Squid kind=move dst=(-113,103,-637)
[ORDER] commander=ai team=Team_Alien unit=Squid kind=move dst=(-113,103,-637)
[ORDER] commander=ai team=Team_Alien unit=Squid kind=move dst=(-113,103,-637)
[ORDER] commander=ai team=Team_Human_Centauri unit=Squad Transport kind=move dst=(-681,70,-540)
[ORDER] commander=ai team=Team_Alien unit=Shocker kind=move dst=(507,24,-234)
[ORDER] commander=ai team=Team_Alien unit=Hunter kind=move dst=(507,24,-234)
[ORDER] commander=ai team=Team_Alien unit=Shocker kind=move dst=(81,19,-80)
[ORDER] commander=ai team=Team_Alien unit=Crab kind=move dst=(81,19,-80)
[ORDER] commander=ai team=Team_Human_Sol unit=Rifleman kind=move dst=(467,25,41)
[ORDER] commander=ai team=Team_Alien unit=Squid kind=move dst=(-113,103,-637)
[ORDER] commander=ai team=Team_Alien unit=Squid kind=move dst=(-113,103,-637)
[ORDER] commander=ai team=Team_Human_Centauri unit=Squad Transport kind=move dst=(-681,70,-540)
[ORDER] commander=ai team=Team_Human_Sol unit=Platoon Hauler kind=move dst=(467,25,41)
[ORDER] commander=ai team=Team_Human_Centauri unit=Assault Car kind=attack tgt=SpecialContainer_Short_01_Small(Clone) (Target)
[ORDER] commander=ai team=Team_Human_Centauri unit=Assault Car kind=attack tgt=SpecialContainer_Short_01_Small(Clone) (Target)
[ORDER] commander=ai team=Team_Human_Centauri unit=Squad Transport kind=move dst=(260,23,325)
[ORDER] commander=ai team=Team_Human_Centauri unit=Squad Transport kind=attack tgt=Shocker(Clone) (Target)
[H2] team=Team_Human_Centauri fire=Headquarters argmaxCell=(29,74) val=50 atWorld=(-320,1480) hqCount=2
[AI] [Team_Human_Centauri] tick=56 reqs=3 type={Construct:3} task={} prio(min/avg/max)=10/47.0/81 groups=0
[ORDER] commander=ai team=Team_Alien unit=Shocker kind=move dst=(507,24,-251)
[ORDER] commander=ai team=Team_Alien unit=Shocker kind=move dst=(79,19,-90)
[ORDER] commander=ai team=Team_Alien unit=Hunter kind=move dst=(507,25,-252)
[ORDER] commander=ai team=Team_Human_Sol unit=Light Quad kind=move dst=(171,30,-309)
[ORDER] commander=ai team=Team_Human_Sol unit=Light Quad kind=move dst=(171,30,-309)
[ORDER] commander=ai team=Team_Human_Sol unit=Heavy Quad kind=move dst=(171,30,-309)
[ORDER] commander=ai team=Team_Human_Sol unit=Heavy Quad kind=move dst=(-317,99,60)
[ORDER] commander=ai team=Team_Human_Sol unit=Light Striker kind=move dst=(-317,99,60)
[ORDER] commander=ai team=Team_Human_Sol unit=Light Striker kind=move dst=(-317,99,60)
[ORDER] commander=ai team=Team_Human_Sol unit=Platoon Hauler kind=move dst=(-355,23,27)
[ORDER] commander=ai team=Team_Human_Sol unit=Heavy Quad kind=attack tgt=Shocker(Clone) (Target)
[ORDER] commander=ai team=Team_Human_Sol unit=Light Striker kind=attack tgt=Shocker(Clone) (Target)
[ORDER] commander=ai team=Team_Human_Sol unit=Light Striker kind=attack tgt=Shocker(Clone) (Target)
[ORDER] commander=ai team=Team_Human_Sol unit=Light Quad kind=attack tgt=Crab(Clone) (Target)
[ORDER] commander=ai team=Team_Human_Sol unit=Light Quad kind=attack tgt=Crab(Clone) (Target)
[ORDER] commander=ai team=Team_Human_Sol unit=Heavy Quad kind=attack tgt=Crab(Clone) (Target)
[AI] [Team_Human_Sol] tick=56 reqs=4 type={Construct:4} task={} prio(min/avg/max)=10/77.5/100 groups=0
[ORDER] commander=ai team=Team_Alien unit=Squid kind=move dst=(-113,103,-637)
[ORDER] commander=ai team=Team_Alien unit=Squid kind=move dst=(-113,103,-637)
[SPAWN_U] team=Team_Alien unit=Shrimp
[ORDER] commander=ai team=Team_Human_Centauri unit=Squad Transport kind=move dst=(-681,70,-540)
[P31] team=Team_Alien preset=Combat stock=Crab ours=Crab agree=True rationale=swarm floor (have 7/16)
[P31] team=Team_Alien preset=Combat stock=Crab ours=Crab agree=True rationale=swarm floor (have 7/16)
[P31] team=Team_Alien preset=Harvest stock=Shrimp ours=Shrimp agree=True rationale=biotic cap (have 19/70)
[ORDER] commander=ai team=Team_Alien unit=Shocker kind=attack tgt=Sol_Light_LightStriker(Clone) (Target)
[ORDER] commander=ai team=Team_Alien unit=Shocker kind=attack tgt=Sol_Light_LightStriker(Clone) (Target)
[ORDER] commander=ai team=Team_Alien unit=Crab kind=attack tgt=Sol_Light_LightStriker(Clone) (Target)
[ORDER] commander=ai team=Team_Alien unit=Hunter kind=attack tgt=Sol_Light_PlatoonHauler(Clone) (Target)
[ORDER] commander=ai team=Team_Alien unit=Hunter kind=attack tgt=Sol_Light_PlatoonHauler(Clone) (Target)
[ORDER] commander=ai team=Team_Alien unit=Squid kind=attack tgt=Sol_Light_LightStriker(Clone) (Target)
[AI] [Team_Alien] tick=56 reqs=6 type={Construct:6} task={} prio(min/avg/max)=6/35.7/62 groups=0
[ORDER] commander=ai team=Team_Human_Sol unit=Light Quad kind=move dst=(84,20,-76)
[ORDER] commander=ai team=Team_Alien unit=Squid kind=move dst=(325,13,57)
[ORDER] commander=ai team=Team_Alien unit=Shocker kind=move dst=(507,27,-261)
[ORDER] commander=ai team=Team_Human_Centauri unit=Light Raider kind=move dst=(-488,94,-326)
[ORDER] commander=ai team=Team_Human_Centauri unit=Light Raider kind=move dst=(-488,94,-326)
[ORDER] commander=ai team=Team_Human_Centauri unit=Heavy Raider kind=move dst=(-488,94,-326)
[ORDER] commander=ai team=Team_Alien unit=Hunter kind=move dst=(507,27,-261)
[ORDER] commander=ai team=Team_Alien unit=Squid kind=move dst=(-113,103,-637)
[ORDER] commander=ai team=Team_Alien unit=Squid kind=move dst=(-113,103,-637)
[ORDER] commander=ai team=Team_Alien unit=Squid kind=move dst=(-113,103,-637)
[ORDER] commander=ai team=Team_Human_Centauri unit=Squad Transport kind=move dst=(-681,70,-540)
[ORDER] commander=ai team=Team_Alien unit=Shocker kind=move dst=(503,26,-268)
[ORDER] commander=ai team=Team_Alien unit=Hunter kind=move dst=(503,26,-268)
[ORDER] commander=ai team=Team_Alien unit=Squid kind=move dst=(-113,103,-637)
[ORDER] commander=ai team=Team_Alien unit=Squid kind=move dst=(-113,103,-637)
[ORDER] commander=ai team=Team_Human_Centauri unit=Squad Transport kind=move dst=(-681,70,-540)
[ORDER] commander=ai team=Team_Human_Sol unit=Platoon Hauler kind=move dst=(467,25,41)
[H2] team=Team_Human_Centauri fire=Headquarters argmaxCell=(29,74) val=50 atWorld=(-320,1480) hqCount=2
[AI] [Team_Human_Centauri] tick=57 reqs=3 type={Construct:3} task={} prio(min/avg/max)=10/47.0/81 groups=0
[SPAWN_U] team=Team_Alien unit=Shrimp
[ORDER] commander=ai team=Team_Alien unit=Shocker kind=move dst=(495,25,-271)
[ORDER] commander=ai team=Team_Alien unit=Hunter kind=move dst=(495,25,-271)
[ORDER] commander=ai team=Team_Human_Sol unit=Platoon Hauler kind=move dst=(171,30,-309)
[ORDER] commander=ai team=Team_Human_Sol unit=Platoon Hauler kind=move dst=(-317,99,60)
[ORDER] commander=ai team=Team_Human_Sol unit=Scout kind=move dst=(1190,39,-332)
[ORDER] commander=ai team=Team_Human_Sol unit=Scout kind=move dst=(1190,39,-332)
[ORDER] commander=ai team=Team_Human_Sol unit=Scout kind=move dst=(1190,39,-332)
[ORDER] commander=ai team=Team_Human_Sol unit=Rifleman kind=move dst=(1190,39,-332)
[ORDER] commander=ai team=Team_Human_Sol unit=Scout kind=attack tgt=Shocker(Clone) (Target)
[ORDER] commander=ai team=Team_Human_Sol unit=Scout kind=attack tgt=Shocker(Clone) (Target)
[ORDER] commander=ai team=Team_Human_Sol unit=Scout kind=attack tgt=Shocker(Clone) (Target)
[ORDER] commander=ai team=Team_Human_Sol unit=Rifleman kind=attack tgt=Shocker(Clone) (Target)
[ORDER] commander=ai team=Team_Human_Sol unit=Platoon Hauler kind=attack tgt=Crab(Clone) (Target)
[H1] team=Team_Human_Sol fire=Refinery atBalterium=(1294,1066) refCount=1
[H1] team=Team_Human_Sol fire=Refinery atBalterium=(715,897) refCount=2
[AI] [Team_Human_Sol] tick=57 reqs=4 type={Construct:4} task={} prio(min/avg/max)=10/77.5/100 groups=0
[ORDER] commander=ai team=Team_Alien unit=Squid kind=move dst=(-113,103,-637)
[ORDER] commander=ai team=Team_Alien unit=Squid kind=move dst=(-113,103,-637)
[ORDER] commander=ai team=Team_Alien unit=Squid kind=move dst=(-113,103,-637)
[ORDER] commander=ai team=Team_Human_Centauri unit=Squad Transport kind=move dst=(-681,70,-540)
[P31] team=Team_Alien preset=Combat stock=Crab ours=Crab agree=True rationale=swarm floor (have 7/16)
[P31] team=Team_Alien preset=Combat stock=Crab ours=Crab agree=True rationale=swarm floor (have 7/16)
[ORDER] commander=ai team=Team_Alien unit=Wasp kind=move dst=(-728,117,-610)
[ORDER] commander=ai team=Team_Alien unit=Squid kind=move dst=(-728,117,-610)
[ORDER] commander=ai team=Team_Alien unit=Squid kind=move dst=(-728,117,-610)
[ORDER] commander=ai team=Team_Alien unit=Squid kind=move dst=(-728,117,-610)
[ORDER] commander=ai team=Team_Alien unit=Wasp kind=attack tgt=Sol_Light_LightStriker(Clone) (Target)
[ORDER] commander=ai team=Team_Alien unit=Squid kind=attack tgt=Sol_Light_LightStriker(Clone) (Target)
[ORDER] commander=ai team=Team_Alien unit=Squid kind=attack tgt=Sol_Light_LightStriker(Clone) (Target)
[ORDER] commander=ai team=Team_Alien unit=Squid kind=attack tgt=Sol_Light_LightStriker(Clone) (Target)
[AI] [Team_Alien] tick=57 reqs=5 type={Construct:5} task={} prio(min/avg/max)=5/34.0/62 groups=0
[ORDER] commander=ai team=Team_Alien unit=Shocker kind=move dst=(492,24,-270)
[ORDER] commander=ai team=Team_Alien unit=Hunter kind=move dst=(492,24,-270)
[ORDER] commander=ai team=Team_Alien unit=Wasp kind=stop
[ORDER] commander=ai team=Team_Alien unit=Squid kind=move dst=(-113,103,-637)
[ORDER] commander=ai team=Team_Alien unit=Squid kind=move dst=(-113,103,-637)
[ORDER] commander=ai team=Team_Alien unit=Squid kind=move dst=(-113,103,-637)
[ORDER] commander=ai team=Team_Human_Centauri unit=Squad Transport kind=move dst=(-681,70,-540)
[ORDER] commander=ai team=Team_Human_Sol unit=Light Striker kind=stop
[ORDER] commander=ai team=Team_Human_Sol unit=Light Striker kind=move dst=(495,33,746)
[ORDER] commander=ai team=Team_Human_Sol unit=Heavy Quad kind=move dst=(495,33,746)
[ORDER] commander=ai team=Team_Alien unit=Shocker kind=move dst=(495,25,-268)
[ORDER] commander=ai team=Team_Alien unit=Hunter kind=move dst=(495,25,-268)
[ORDER] commander=ai team=Team_Alien unit=Squid kind=move dst=(-113,103,-637)
[ORDER] commander=ai team=Team_Alien unit=Squid kind=move dst=(-113,103,-637)
[ORDER] commander=ai team=Team_Human_Centauri unit=Squad Transport kind=move dst=(-681,70,-540)
[H2] team=Team_Human_Centauri fire=Headquarters argmaxCell=(29,74) val=50 atWorld=(-320,1480) hqCount=2
[AI] [Team_Human_Centauri] tick=58 reqs=3 type={Construct:3} task={} prio(min/avg/max)=10/47.0/81 groups=0
[ORDER] commander=ai team=Team_Alien unit=Shocker kind=move dst=(495,25,-268)
[ORDER] commander=ai team=Team_Alien unit=Hunter kind=move dst=(495,25,-268)
[ORDER] commander=ai team=Team_Human_Sol unit=Heavy Quad kind=move dst=(-355,23,27)
[ORDER] commander=ai team=Team_Human_Sol unit=Light Striker kind=move dst=(-355,23,27)
[ORDER] commander=ai team=Team_Human_Sol unit=Light Striker kind=move dst=(-355,23,27)
[ORDER] commander=ai team=Team_Human_Sol unit=Heavy Quad kind=attack tgt=Shocker(Clone) (Target)
[ORDER] commander=ai team=Team_Human_Sol unit=Light Striker kind=attack tgt=Shocker(Clone) (Target)
[ORDER] commander=ai team=Team_Human_Sol unit=Light Striker kind=attack tgt=Shocker(Clone) (Target)
[ORDER] commander=ai team=Team_Human_Sol unit=Platoon Hauler kind=attack tgt=Crab(Clone) (Target)
[AI] [Team_Human_Sol] tick=58 reqs=4 type={Construct:4} task={} prio(min/avg/max)=10/77.5/100 groups=0
[ORDER] commander=ai team=Team_Alien unit=Squid kind=move dst=(-113,103,-637)
[ORDER] commander=ai team=Team_Alien unit=Squid kind=move dst=(-113,103,-637)
[ORDER] commander=ai team=Team_Alien unit=Squid kind=move dst=(-113,103,-637)
[ORDER] commander=ai team=Team_Human_Centauri unit=Squad Transport kind=move dst=(-681,70,-540)
[ORDER] commander=ai team=Team_Human_Sol unit=Light Striker kind=move dst=(123,27,-39)
[ORDER] commander=ai team=Team_Human_Sol unit=Heavy Quad kind=move dst=(123,27,-39)
[P31] team=Team_Alien preset=Combat stock=Crab ours=Crab agree=True rationale=swarm floor (have 7/16)
[P31] team=Team_Alien preset=Combat stock=Crab ours=Crab agree=True rationale=swarm floor (have 7/16)
[AI] [Team_Alien] tick=58 reqs=5 type={Construct:5} task={} prio(min/avg/max)=5/34.0/62 groups=0
[ORDER] commander=ai team=Team_Alien unit=Shocker kind=move dst=(494,25,-268)
[ORDER] commander=ai team=Team_Alien unit=Hunter kind=move dst=(494,25,-268)
[ORDER] commander=ai team=Team_Alien unit=Squid kind=move dst=(-113,103,-637)
[ORDER] commander=ai team=Team_Alien unit=Squid kind=move dst=(-113,103,-637)
[ORDER] commander=ai team=Team_Alien unit=Squid kind=move dst=(-113,103,-637)
[ORDER] commander=ai team=Team_Human_Centauri unit=Squad Transport kind=move dst=(-681,70,-540)
[ORDER] commander=ai team=Team_Human_Centauri unit=Militia kind=stop
[ORDER] commander=ai team=Team_Human_Centauri unit=Militia kind=move dst=(-435,25,76)
[ORDER] commander=ai team=Team_Human_Centauri unit=Militia kind=move dst=(-435,25,76)
[ORDER] commander=ai team=Team_Human_Centauri unit=Trooper kind=move dst=(-435,25,76)
[ORDER] commander=ai team=Team_Alien unit=Shocker kind=move dst=(495,25,-268)
[ORDER] commander=ai team=Team_Alien unit=Hunter kind=move dst=(495,25,-268)
[ORDER] commander=ai team=Team_Alien unit=Squid kind=move dst=(-113,103,-637)
[ORDER] commander=ai team=Team_Alien unit=Squid kind=move dst=(-113,103,-637)
[ORDER] commander=ai team=Team_Human_Centauri unit=Squad Transport kind=move dst=(-681,70,-540)
[H2] team=Team_Human_Centauri fire=Headquarters argmaxCell=(29,74) val=50 atWorld=(-320,1480) hqCount=2
[AI] [Team_Human_Centauri] tick=59 reqs=3 type={Construct:3} task={} prio(min/avg/max)=10/47.0/81 groups=0
[ORDER] commander=ai team=Team_Alien unit=Shocker kind=move dst=(495,25,-268)
[ORDER] commander=ai team=Team_Alien unit=Hunter kind=move dst=(495,25,-268)
[ORDER] commander=ai team=Team_Human_Sol unit=Heavy Quad kind=move dst=(-317,99,60)
[ORDER] commander=ai team=Team_Human_Sol unit=Light Striker kind=move dst=(-317,99,60)
[ORDER] commander=ai team=Team_Human_Sol unit=Light Striker kind=move dst=(-317,99,60)
[ORDER] commander=ai team=Team_Human_Sol unit=Platoon Hauler kind=move dst=(-355,23,27)
[ORDER] commander=ai team=Team_Human_Sol unit=Heavy Quad kind=attack tgt=Shocker(Clone) (Target)
[ORDER] commander=ai team=Team_Human_Sol unit=Light Striker kind=attack tgt=Shocker(Clone) (Target)
[ORDER] commander=ai team=Team_Human_Sol unit=Light Striker kind=attack tgt=Shocker(Clone) (Target)
[ORDER] commander=ai team=Team_Human_Sol unit=Platoon Hauler kind=attack tgt=Crab(Clone) (Target)
[H1] team=Team_Human_Sol fire=Refinery atBalterium=(1294,1066) refCount=1
[H1] team=Team_Human_Sol fire=Refinery atBalterium=(715,897) refCount=2
[AI] [Team_Human_Sol] tick=59 reqs=4 type={Construct:4} task={} prio(min/avg/max)=10/77.5/100 groups=0
[ORDER] commander=ai team=Team_Alien unit=Squid kind=move dst=(-113,103,-637)
[ORDER] commander=ai team=Team_Alien unit=Squid kind=move dst=(-113,103,-637)
[ORDER] commander=ai team=Team_Alien unit=Squid kind=move dst=(-113,103,-637)
[ORDER] commander=ai team=Team_Human_Centauri unit=Squad Transport kind=move dst=(-681,70,-540)
[P31] team=Team_Alien preset=Combat stock=Crab ours=Crab agree=True rationale=swarm floor (have 7/16)
[P31] team=Team_Alien preset=Combat stock=Crab ours=Crab agree=True rationale=swarm floor (have 7/16)
[AI] [Team_Alien] tick=59 reqs=5 type={Construct:5} task={} prio(min/avg/max)=5/34.0/62 groups=0
[ORDER] commander=ai team=Team_Human_Centauri unit=Militia kind=move dst=(-355,23,27)
[ORDER] commander=ai team=Team_Human_Centauri unit=Militia kind=move dst=(-355,23,27)
[ORDER] commander=ai team=Team_Alien unit=Shocker kind=move dst=(495,25,-267)
[ORDER] commander=ai team=Team_Alien unit=Shocker kind=move dst=(225,10,46)
[ORDER] commander=ai team=Team_Alien unit=Crab kind=move dst=(225,10,46)
[ORDER] commander=ai team=Team_Alien unit=Hunter kind=move dst=(495,25,-266)
[ORDER] commander=ai team=Team_Alien unit=Squid kind=move dst=(-113,103,-637)
[ORDER] commander=ai team=Team_Alien unit=Squid kind=move dst=(-113,103,-637)
[ORDER] commander=ai team=Team_Human_Centauri unit=Squad Transport kind=move dst=(-681,70,-540)
[ORDER] commander=ai team=Team_Human_Sol unit=Light Striker kind=move dst=(153,20,-8)
[SPAWN_S] team=Team_Alien structure=Node at=(-390,155)
[ORDER] commander=ai team=Team_Alien unit=Shocker kind=move dst=(496,25,-265)
[ORDER] commander=ai team=Team_Alien unit=Hunter kind=move dst=(496,25,-264)
[ORDER] commander=ai team=Team_Alien unit=Squid kind=move dst=(-113,103,-637)
[ORDER] commander=ai team=Team_Alien unit=Squid kind=move dst=(-113,103,-637)
[ORDER] commander=ai team=Team_Alien unit=Squid kind=move dst=(-113,103,-637)
[ORDER] commander=ai team=Team_Human_Centauri unit=Squad Transport kind=move dst=(-681,70,-540)
[H2] team=Team_Human_Centauri fire=Headquarters argmaxCell=(29,74) val=50 atWorld=(-320,1480) hqCount=2
[AI] [Team_Human_Centauri] tick=60 reqs=3 type={Construct:3} task={} prio(min/avg/max)=10/47.0/81 groups=0
[ORDER] commander=ai team=Team_Alien unit=Shocker kind=move dst=(495,25,-259)
[ORDER] commander=ai team=Team_Alien unit=Shocker kind=move dst=(208,9,39)
[ORDER] commander=ai team=Team_Alien unit=Hunter kind=move dst=(495,25,-259)
[ORDER] commander=ai team=Team_Human_Sol unit=Heavy Quad kind=move dst=(-317,99,60)
[ORDER] commander=ai team=Team_Human_Sol unit=Light Striker kind=move dst=(-317,99,60)
[ORDER] commander=ai team=Team_Human_Sol unit=Light Striker kind=move dst=(-317,99,60)
[ORDER] commander=ai team=Team_Human_Sol unit=Platoon Hauler kind=move dst=(-355,23,27)
[ORDER] commander=ai team=Team_Human_Sol unit=Heavy Quad kind=attack tgt=Shocker(Clone) (Target)
[ORDER] commander=ai team=Team_Human_Sol unit=Light Striker kind=attack tgt=Shocker(Clone) (Target)
[ORDER] commander=ai team=Team_Human_Sol unit=Light Striker kind=attack tgt=Shocker(Clone) (Target)
[ORDER] commander=ai team=Team_Human_Sol unit=Platoon Hauler kind=attack tgt=Crab(Clone) (Target)
[AI] [Team_Human_Sol] tick=60 reqs=4 type={Construct:4} task={} prio(min/avg/max)=10/77.5/100 groups=0
[ORDER] commander=ai team=Team_Alien unit=Squid kind=move dst=(-113,103,-637)
[ORDER] commander=ai team=Team_Alien unit=Squid kind=move dst=(-113,103,-637)
[ORDER] commander=ai team=Team_Alien unit=Squid kind=move dst=(-113,103,-637)
[ORDER] commander=ai team=Team_Alien unit=Crab kind=stop
[ORDER] commander=ai team=Team_Alien unit=Crab kind=move dst=(-329,92,-300)
[ORDER] commander=ai team=Team_Alien unit=Crab kind=move dst=(-329,92,-300)
[ORDER] commander=ai team=Team_Alien unit=Crab kind=move dst=(-329,92,-300)
[ORDER] commander=ai team=Team_Human_Centauri unit=Squad Transport kind=move dst=(-681,70,-540)
[P31] team=Team_Alien preset=Combat stock=Crab ours=Crab agree=True rationale=swarm floor (have 7/16)
[P31] team=Team_Alien preset=Combat stock=Crab ours=Crab agree=True rationale=swarm floor (have 7/16)
[ORDER] commander=ai team=Team_Alien unit=Queen kind=attack tgt=Cent_Light_AssaultCar(Clone) (Target)
[AI] [Team_Alien] tick=60 reqs=5 type={Construct:5} task={} prio(min/avg/max)=5/37.8/62 groups=0
[ORDER] commander=ai team=Team_Alien unit=Crab kind=move dst=(-311,98,-158)
[ORDER] commander=ai team=Team_Alien unit=Horned Crab kind=move dst=(-311,98,-158)
[ORDER] commander=ai team=Team_Alien unit=Horned Crab kind=move dst=(-311,98,-158)
[ORDER] commander=ai team=Team_Alien unit=Shocker kind=stop
[ORDER] commander=ai team=Team_Alien unit=Shocker kind=move dst=(493,23,-251)
[ORDER] commander=ai team=Team_Alien unit=Hunter kind=move dst=(493,23,-251)
[ORDER] commander=ai team=Team_Alien unit=Queen kind=move dst=(-751,15,309)
[ORDER] commander=ai team=Team_Alien unit=Squid kind=move dst=(-113,103,-637)
[ORDER] commander=ai team=Team_Alien unit=Squid kind=move dst=(-113,103,-637)
[ORDER] commander=ai team=Team_Human_Centauri unit=Squad Transport kind=move dst=(-681,70,-540)
[ORDER] commander=ai team=Team_Human_Sol unit=Scout kind=move dst=(158,20,-7)
[ORDER] commander=ai team=Team_Alien unit=Shocker kind=move dst=(492,21,-241)
[ORDER] commander=ai team=Team_Alien unit=Hunter kind=move dst=(492,21,-240)
[ORDER] commander=ai team=Team_Alien unit=Squid kind=move dst=(-113,103,-637)
[ORDER] commander=ai team=Team_Alien unit=Squid kind=move dst=(-113,103,-637)
[ORDER] commander=ai team=Team_Alien unit=Crab kind=move dst=(491,21,-237)
[ORDER] commander=ai team=Team_Alien unit=Crab kind=move dst=(491,21,-237)
[ORDER] commander=ai team=Team_Alien unit=Crab kind=move dst=(491,21,-237)
[ORDER] commander=ai team=Team_Human_Centauri unit=Squad Transport kind=move dst=(-681,70,-540)
[ORDER] commander=ai team=Team_Human_Sol unit=Light Striker kind=stop
[ORDER] commander=ai team=Team_Human_Sol unit=Light Striker kind=move dst=(443,34,671)
[ORDER] commander=ai team=Team_Human_Sol unit=Heavy Quad kind=move dst=(443,34,671)
[H2] team=Team_Human_Centauri fire=Headquarters argmaxCell=(29,74) val=50 atWorld=(-320,1480) hqCount=2
[AI] [Team_Human_Centauri] tick=61 reqs=3 type={Construct:3} task={} prio(min/avg/max)=10/47.0/81 groups=0
[ORDER] commander=ai team=Team_Alien unit=Crab kind=move dst=(490,21,-229)
[ORDER] commander=ai team=Team_Alien unit=Horned Crab kind=move dst=(490,21,-229)
[ORDER] commander=ai team=Team_Alien unit=Horned Crab kind=move dst=(490,21,-229)
[ORDER] commander=ai team=Team_Alien unit=Shocker kind=move dst=(490,21,-229)
[ORDER] commander=ai team=Team_Alien unit=Shocker kind=move dst=(490,21,-229)
[ORDER] commander=ai team=Team_Alien unit=Crab kind=move dst=(191,11,26)
[ORDER] commander=ai team=Team_Alien unit=Hunter kind=move dst=(490,21,-228)
[ORDER] commander=ai team=Team_Human_Sol unit=Platoon Hauler kind=move dst=(171,30,-309)
[ORDER] commander=ai team=Team_Human_Sol unit=Heavy Quad kind=move dst=(-317,99,60)
[ORDER] commander=ai team=Team_Human_Sol unit=Light Striker kind=move dst=(-317,99,60)
[ORDER] commander=ai team=Team_Human_Sol unit=Light Striker kind=move dst=(-317,99,60)
[ORDER] commander=ai team=Team_Human_Sol unit=Platoon Hauler kind=move dst=(-355,23,27)
[ORDER] commander=ai team=Team_Human_Sol unit=Light Striker kind=attack tgt=Shocker(Clone) (Target)
[ORDER] commander=ai team=Team_Human_Sol unit=Light Striker kind=attack tgt=Shocker(Clone) (Target)
[ORDER] commander=ai team=Team_Human_Sol unit=Heavy Quad kind=attack tgt=Shocker(Clone) (Target)
[ORDER] commander=ai team=Team_Human_Sol unit=Light Quad kind=attack tgt=Hunter(Clone) (Target)
[ORDER] commander=ai team=Team_Human_Sol unit=Light Quad kind=attack tgt=Hunter(Clone) (Target)
[ORDER] commander=ai team=Team_Human_Sol unit=Heavy Quad kind=attack tgt=Hunter(Clone) (Target)
[ORDER] commander=ai team=Team_Human_Sol unit=Heavy Quad kind=attack tgt=Crab(Clone) (Target)
[ORDER] commander=ai team=Team_Human_Sol unit=Light Striker kind=attack tgt=Crab(Clone) (Target)
[ORDER] commander=ai team=Team_Human_Sol unit=Light Striker kind=attack tgt=Crab(Clone) (Target)
[ORDER] commander=ai team=Team_Human_Sol unit=Platoon Hauler kind=attack tgt=Shocker(Clone) (Target)
[H1] team=Team_Human_Sol fire=Refinery atBalterium=(1294,1066) refCount=1
[H1] team=Team_Human_Sol fire=Refinery atBalterium=(715,897) refCount=2
[AI] [Team_Human_Sol] tick=61 reqs=4 type={Construct:4} task={} prio(min/avg/max)=10/77.5/100 groups=0
[ORDER] commander=ai team=Team_Alien unit=Squid kind=move dst=(-113,103,-637)
[ORDER] commander=ai team=Team_Alien unit=Squid kind=move dst=(-113,103,-637)
[ORDER] commander=ai team=Team_Alien unit=Squid kind=move dst=(-113,103,-637)
[ORDER] commander=ai team=Team_Human_Centauri unit=Squad Transport kind=move dst=(-681,70,-540)
[ORDER] commander=ai team=Team_Human_Sol unit=Light Striker kind=move dst=(437,35,665)
[ORDER] commander=ai team=Team_Human_Sol unit=Heavy Quad kind=move dst=(437,35,665)
[P31] team=Team_Alien preset=Combat stock=Crab ours=Crab agree=True rationale=swarm floor (have 7/16)
[P31] team=Team_Alien preset=Combat stock=Crab ours=Crab agree=True rationale=swarm floor (have 7/16)
[AI] [Team_Alien] tick=61 reqs=5 type={Construct:5} task={} prio(min/avg/max)=5/37.8/62 groups=0
[SPAWN_S] team=Team_Alien structure=Node at=(-630,-470)
[SPAWN_U] team=Team_Alien unit=Shrimp
[ORDER] commander=ai team=Team_Alien unit=Shocker kind=move dst=(488,23,-219)
[ORDER] commander=ai team=Team_Alien unit=Hunter kind=move dst=(488,23,-219)
[ORDER] commander=ai team=Team_Alien unit=Shocker kind=move dst=(187,12,23)
[ORDER] commander=ai team=Team_Alien unit=Crab kind=move dst=(187,12,23)
[ORDER] commander=ai team=Team_Alien unit=Squid kind=move dst=(-113,103,-637)
[ORDER] commander=ai team=Team_Alien unit=Squid kind=move dst=(-113,103,-637)
[ORDER] commander=ai team=Team_Alien unit=Squid kind=move dst=(-113,103,-637)
[ORDER] commander=ai team=Team_Human_Centauri unit=Squad Transport kind=move dst=(-681,70,-540)
[ORDER] commander=ai team=Team_Human_Sol unit=Light Striker kind=stop
[ORDER] commander=ai team=Team_Human_Sol unit=Heavy Quad kind=move dst=(181,13,25)
[ORDER] commander=ai team=Team_Alien unit=Shocker kind=move dst=(487,23,-210)
[ORDER] commander=ai team=Team_Alien unit=Hunter kind=move dst=(487,23,-209)
[ORDER] commander=ai team=Team_Alien unit=Squid kind=move dst=(-113,103,-637)
[ORDER] commander=ai team=Team_Alien unit=Squid kind=move dst=(-113,103,-637)
[ORDER] commander=ai team=Team_Alien unit=Squid kind=move dst=(-113,103,-637)
[ORDER] commander=ai team=Team_Alien unit=Crab kind=stop
[ORDER] commander=ai team=Team_Alien unit=Crab kind=move dst=(-317,91,-298)
[ORDER] commander=ai team=Team_Alien unit=Crab kind=move dst=(-317,91,-298)
[ORDER] commander=ai team=Team_Alien unit=Crab kind=move dst=(-317,91,-298)
[ORDER] commander=ai team=Team_Human_Centauri unit=Squad Transport kind=move dst=(-681,70,-540)
[ORDER] commander=ai team=Team_Human_Sol unit=Light Striker kind=move dst=(61,12,4)
[ORDER] commander=ai team=Team_Human_Sol unit=Heavy Quad kind=move dst=(61,12,4)
[ORDER] commander=ai team=Team_Human_Centauri unit=Light Raider kind=attack tgt=Alien_Node(Clone) (Target)
[ORDER] commander=ai team=Team_Human_Centauri unit=Heavy Raider kind=attack tgt=Alien_Node(Clone) (Target)
[ORDER] commander=ai team=Team_Human_Centauri unit=Assault Car kind=attack tgt=Alien_Node(Clone) (Target)
[H2] team=Team_Human_Centauri fire=Headquarters argmaxCell=(29,74) val=50 atWorld=(-320,1480) hqCount=2
[AI] [Team_Human_Centauri] tick=62 reqs=3 type={Construct:3} task={} prio(min/avg/max)=10/47.0/81 groups=0
[ORDER] commander=ai team=Team_Human_Centauri unit=Heavy Raider kind=move dst=(-630,74,-470)
[ORDER] commander=ai team=Team_Alien unit=Shocker kind=move dst=(486,22,-196)
[ORDER] commander=ai team=Team_Alien unit=Hunter kind=move dst=(486,22,-195)
[ORDER] commander=ai team=Team_Human_Sol unit=Platoon Hauler kind=move dst=(171,30,-309)
[ORDER] commander=ai team=Team_Human_Sol unit=Platoon Hauler kind=move dst=(-317,99,60)
[ORDER] commander=ai team=Team_Human_Sol unit=Heavy Quad kind=move dst=(-355,23,27)
[ORDER] commander=ai team=Team_Human_Sol unit=Light Striker kind=move dst=(-355,23,27)
[ORDER] commander=ai team=Team_Human_Sol unit=Heavy Quad kind=attack tgt=Shocker(Clone) (Target)
[ORDER] commander=ai team=Team_Human_Sol unit=Light Striker kind=attack tgt=Shocker(Clone) (Target)
[ORDER] commander=ai team=Team_Human_Sol unit=Platoon Hauler kind=attack tgt=Shocker(Clone) (Target)
[ORDER] commander=ai team=Team_Human_Sol unit=Platoon Hauler kind=attack tgt=Hunter(Clone) (Target)
[AI] [Team_Human_Sol] tick=62 reqs=4 type={Construct:4} task={} prio(min/avg/max)=10/77.5/100 groups=0
[ORDER] commander=ai team=Team_Alien unit=Squid kind=move dst=(-113,103,-637)
[ORDER] commander=ai team=Team_Alien unit=Squid kind=move dst=(-113,103,-637)
[ORDER] commander=ai team=Team_Human_Sol unit=Light Raider kind=move dst=(179,15,23)
[ORDER] commander=ai team=Team_Alien unit=Crab kind=move dst=(-303,92,-292)
[ORDER] commander=ai team=Team_Alien unit=Crab kind=move dst=(-303,92,-292)
[ORDER] commander=ai team=Team_Alien unit=Crab kind=move dst=(-303,92,-292)
[ORDER] commander=ai team=Team_Human_Centauri unit=Squad Transport kind=move dst=(-681,70,-540)
[P31] team=Team_Alien preset=Combat stock=Crab ours=Crab agree=True rationale=swarm floor (have 6/16)
[P31] team=Team_Alien preset=Combat stock=Crab ours=Crab agree=True rationale=swarm floor (have 6/16)
[P31] team=Team_Alien preset=Harvest stock=Shrimp ours=Shrimp agree=True rationale=biotic cap (have 21/70)
[ORDER] commander=ai team=Team_Alien unit=Shrimp kind=move dst=(97,100,-379)
[AI] [Team_Alien] tick=62 reqs=7 type={Construct:7} task={} prio(min/avg/max)=3/45.0/81 groups=0
[SPAWN_U] team=Team_Alien unit=Shrimp
[ORDER] commander=ai team=Team_Alien unit=Shocker kind=move dst=(485,19,-179)
[ORDER] commander=ai team=Team_Alien unit=Hunter kind=move dst=(485,19,-178)
[ORDER] commander=ai team=Team_Alien unit=Squid kind=move dst=(-113,103,-637)
[ORDER] commander=ai team=Team_Alien unit=Squid kind=move dst=(-113,103,-637)
[ORDER] commander=ai team=Team_Alien unit=Crab kind=move dst=(484,19,-173)
[ORDER] commander=ai team=Team_Alien unit=Crab kind=move dst=(484,19,-173)
[ORDER] commander=ai team=Team_Alien unit=Crab kind=move dst=(484,19,-173)
[ORDER] commander=ai team=Team_Human_Centauri unit=Squad Transport kind=move dst=(-681,70,-540)
[ORDER] commander=ai team=Team_Human_Sol unit=Heavy Quad kind=move dst=(179,14,28)
[ORDER] commander=ai team=Team_Alien unit=Shocker kind=move dst=(482,18,-162)
[ORDER] commander=ai team=Team_Alien unit=Hunter kind=move dst=(482,18,-162)
[ORDER] commander=ai team=Team_Alien unit=Squid kind=move dst=(-113,103,-637)
[ORDER] commander=ai team=Team_Alien unit=Squid kind=move dst=(-113,103,-637)
[ORDER] commander=ai team=Team_Alien unit=Squid kind=move dst=(-113,103,-637)
[ORDER] commander=ai team=Team_Human_Centauri unit=Squad Transport kind=move dst=(-681,70,-540)
[ORDER] commander=ai team=Team_Human_Centauri unit=Militia kind=move dst=(-355,23,27)
[ORDER] commander=ai team=Team_Human_Centauri unit=Militia kind=move dst=(-355,23,27)
[ORDER] commander=ai team=Team_Human_Centauri unit=Militia kind=move dst=(-355,23,27)
[ORDER] commander=ai team=Team_Human_Centauri unit=Trooper kind=move dst=(-355,23,27)
[H2] team=Team_Human_Centauri fire=Headquarters argmaxCell=(29,74) val=50 atWorld=(-320,1480) hqCount=2
[AI] [Team_Human_Centauri] tick=63 reqs=3 type={Construct:3} task={} prio(min/avg/max)=10/47.0/81 groups=0
[ORDER] commander=ai team=Team_Alien unit=Shocker kind=move dst=(479,14,-147)
[ORDER] commander=ai team=Team_Alien unit=Hunter kind=move dst=(478,14,-146)
[ORDER] commander=ai team=Team_Human_Sol unit=Scout kind=move dst=(171,30,-309)
[ORDER] commander=ai team=Team_Human_Sol unit=Scout kind=move dst=(171,30,-309)
[ORDER] commander=ai team=Team_Human_Sol unit=Scout kind=move dst=(171,30,-309)
[ORDER] commander=ai team=Team_Human_Sol unit=Rifleman kind=move dst=(171,30,-309)
[ORDER] commander=ai team=Team_Human_Sol unit=Heavy Quad kind=move dst=(-317,99,60)
[ORDER] commander=ai team=Team_Human_Sol unit=Light Raider kind=move dst=(-317,99,60)
[ORDER] commander=ai team=Team_Human_Sol unit=Light Raider kind=move dst=(-317,99,60)
[ORDER] commander=ai team=Team_Human_Sol unit=Scout kind=move dst=(-355,23,27)
[ORDER] commander=ai team=Team_Human_Sol unit=Scout kind=move dst=(-355,23,27)
[ORDER] commander=ai team=Team_Human_Sol unit=Scout kind=move dst=(-355,23,27)
[ORDER] commander=ai team=Team_Human_Sol unit=Rifleman kind=move dst=(-355,23,27)
[ORDER] commander=ai team=Team_Human_Sol unit=Scout kind=attack tgt=Shocker(Clone) (Target)
[ORDER] commander=ai team=Team_Human_Sol unit=Scout kind=attack tgt=Shocker(Clone) (Target)
[ORDER] commander=ai team=Team_Human_Sol unit=Scout kind=attack tgt=Shocker(Clone) (Target)
[ORDER] commander=ai team=Team_Human_Sol unit=Rifleman kind=attack tgt=Shocker(Clone) (Target)
[ORDER] commander=ai team=Team_Human_Sol unit=Scout kind=attack tgt=Shocker(Clone) (Target)
[ORDER] commander=ai team=Team_Human_Sol unit=Scout kind=attack tgt=Shocker(Clone) (Target)
[ORDER] commander=ai team=Team_Human_Sol unit=Scout kind=attack tgt=Shocker(Clone) (Target)
[ORDER] commander=ai team=Team_Human_Sol unit=Rifleman kind=attack tgt=Shocker(Clone) (Target)
[ORDER] commander=ai team=Team_Human_Sol unit=Heavy Quad kind=attack tgt=Hunter(Clone) (Target)
[ORDER] commander=ai team=Team_Human_Sol unit=Light Raider kind=attack tgt=Hunter(Clone) (Target)
[ORDER] commander=ai team=Team_Human_Sol unit=Light Raider kind=attack tgt=Hunter(Clone) (Target)
[H1] team=Team_Human_Sol fire=Refinery atBalterium=(1294,1066) refCount=1
[H1] team=Team_Human_Sol fire=Refinery atBalterium=(715,897) refCount=2
[AI] [Team_Human_Sol] tick=63 reqs=4 type={Construct:4} task={} prio(min/avg/max)=10/77.5/100 groups=0
[ORDER] commander=ai team=Team_Alien unit=Squid kind=move dst=(-113,103,-637)
[ORDER] commander=ai team=Team_Alien unit=Squid kind=move dst=(-113,103,-637)
[ORDER] commander=ai team=Team_Human_Sol unit=Heavy Quad kind=move dst=(387,27,-184)
[ORDER] commander=ai team=Team_Human_Sol unit=Light Raider kind=move dst=(387,27,-184)
[ORDER] commander=ai team=Team_Human_Sol unit=Light Raider kind=move dst=(387,27,-184)
[ORDER] commander=ai team=Team_Human_Centauri unit=Squad Transport kind=move dst=(-681,70,-540)
[ORDER] commander=ai team=Team_Human_Sol unit=Light Striker kind=move dst=(110,13,14)
[P31] team=Team_Alien preset=Combat stock=Crab ours=Crab agree=True rationale=swarm floor (have 6/16)
[P31] team=Team_Alien preset=Harvest stock=Shrimp ours=Shrimp agree=True rationale=biotic cap (have 22/70)
[AI] [Team_Alien] tick=63 reqs=6 type={Construct:6} task={} prio(min/avg/max)=2/35.8/62 groups=0
[ORDER] commander=ai team=Team_Human_Sol unit=Heavy Quad kind=move dst=(180,15,22)
[ORDER] commander=ai team=Team_Alien unit=Shocker kind=move dst=(469,15,-136)
[ORDER] commander=ai team=Team_Alien unit=Hunter kind=move dst=(468,15,-136)
[ORDER] commander=ai team=Team_Alien unit=Squid kind=move dst=(-113,103,-637)
[ORDER] commander=ai team=Team_Alien unit=Squid kind=move dst=(-113,103,-637)
[ORDER] commander=ai team=Team_Alien unit=Squid kind=move dst=(-113,103,-637)
[ORDER] commander=ai team=Team_Human_Centauri unit=Squad Transport kind=move dst=(-681,70,-540)
[ORDER] commander=ai team=Team_Alien unit=Shocker kind=move dst=(459,18,-129)
[ORDER] commander=ai team=Team_Alien unit=Hunter kind=move dst=(459,18,-129)
[ORDER] commander=ai team=Team_Alien unit=Squid kind=move dst=(-113,103,-637)
[ORDER] commander=ai team=Team_Alien unit=Squid kind=move dst=(-113,103,-637)
[ORDER] commander=ai team=Team_Human_Centauri unit=Squad Transport kind=move dst=(-681,70,-540)
[ORDER] commander=ai team=Team_Human_Centauri unit=Militia kind=move dst=(-355,23,27)
[ORDER] commander=ai team=Team_Human_Centauri unit=Militia kind=move dst=(-355,23,27)
[ORDER] commander=ai team=Team_Human_Centauri unit=Militia kind=move dst=(-355,23,27)
[ORDER] commander=ai team=Team_Human_Centauri unit=Trooper kind=move dst=(-355,23,27)
[H2] team=Team_Human_Centauri fire=Headquarters argmaxCell=(29,74) val=50 atWorld=(-320,1480) hqCount=2
[AI] [Team_Human_Centauri] tick=64 reqs=3 type={Construct:3} task={} prio(min/avg/max)=10/47.0/81 groups=0
[ORDER] commander=ai team=Team_Alien unit=Shocker kind=move dst=(451,19,-123)
[ORDER] commander=ai team=Team_Alien unit=Hunter kind=move dst=(451,19,-123)
[ORDER] commander=ai team=Team_Human_Sol unit=Scout kind=move dst=(171,30,-309)
[ORDER] commander=ai team=Team_Human_Sol unit=Scout kind=move dst=(171,30,-309)
[ORDER] commander=ai team=Team_Human_Sol unit=Scout kind=move dst=(171,30,-309)
[ORDER] commander=ai team=Team_Human_Sol unit=Rifleman kind=move dst=(171,30,-309)
[ORDER] commander=ai team=Team_Human_Sol unit=Heavy Quad kind=move dst=(-317,99,60)
[ORDER] commander=ai team=Team_Human_Sol unit=Light Striker kind=move dst=(-317,99,60)
[ORDER] commander=ai team=Team_Human_Sol unit=Platoon Hauler kind=move dst=(-355,23,27)
[ORDER] commander=ai team=Team_Human_Sol unit=Rifleman kind=attack tgt=SpecialContainer_Long_01_Large(Clone) (Target)
[ORDER] commander=ai team=Team_Human_Sol unit=Scout kind=attack tgt=Shocker(Clone) (Target)
[ORDER] commander=ai team=Team_Human_Sol unit=Scout kind=attack tgt=Shocker(Clone) (Target)
[ORDER] commander=ai team=Team_Human_Sol unit=Scout kind=attack tgt=Shocker(Clone) (Target)
[ORDER] commander=ai team=Team_Human_Sol unit=Rifleman kind=attack tgt=Shocker(Clone) (Target)
[ORDER] commander=ai team=Team_Human_Sol unit=Heavy Quad kind=attack tgt=Hunter(Clone) (Target)
[ORDER] commander=ai team=Team_Human_Sol unit=Light Striker kind=attack tgt=Hunter(Clone) (Target)
[AI] [Team_Human_Sol] tick=64 reqs=4 type={Construct:4} task={} prio(min/avg/max)=10/77.5/100 groups=0
[ORDER] commander=ai team=Team_Alien unit=Squid kind=move dst=(-113,103,-637)
[ORDER] commander=ai team=Team_Alien unit=Squid kind=move dst=(-113,103,-637)
[ORDER] commander=ai team=Team_Human_Centauri unit=Squad Transport kind=move dst=(-681,70,-540)
[P31] team=Team_Alien preset=Combat stock=Crab ours=Crab agree=True rationale=swarm floor (have 6/16)
[P31] team=Team_Alien preset=Combat stock=Crab ours=Crab agree=True rationale=swarm floor (have 6/16)
[P31] team=Team_Alien preset=Harvest stock=Shrimp ours=Shrimp agree=True rationale=biotic cap (have 22/70)
[P32] team=Team_Alien fire=Node towardPatchAt=(-627,8) distToOwned=279m nodesOwned=20 anchorAt=(-45,-735)
[AI] [Team_Alien] tick=64 reqs=7 type={Construct:7} task={} prio(min/avg/max)=2/36.9/62 groups=0
[ORDER] commander=ai team=Team_Human_Sol unit=Light Quad kind=move dst=(401,27,-168)
[ORDER] commander=ai team=Team_Human_Sol unit=Heavy Quad kind=move dst=(401,27,-168)
[ORDER] commander=ai team=Team_Alien unit=Shocker kind=move dst=(446,18,-115)
[ORDER] commander=ai team=Team_Alien unit=Hunter kind=move dst=(446,18,-115)
[ORDER] commander=ai team=Team_Alien unit=Squid kind=move dst=(-113,103,-637)
[ORDER] commander=ai team=Team_Alien unit=Squid kind=move dst=(-113,103,-637)
[ORDER] commander=ai team=Team_Alien unit=Squid kind=move dst=(-113,103,-637)
[ORDER] commander=ai team=Team_Human_Centauri unit=Squad Transport kind=move dst=(-681,70,-540)
[ORDER] commander=ai team=Team_Alien unit=Shocker kind=move dst=(450,18,-111)
[ORDER] commander=ai team=Team_Alien unit=Hunter kind=move dst=(450,18,-111)
[ORDER] commander=ai team=Team_Alien unit=Squid kind=move dst=(-113,103,-637)
[ORDER] commander=ai team=Team_Alien unit=Squid kind=move dst=(-113,103,-637)
[ORDER] commander=ai team=Team_Alien unit=Squid kind=move dst=(-113,103,-637)
[ORDER] commander=ai team=Team_Human_Centauri unit=Squad Transport kind=move dst=(-681,70,-540)
[ORDER] commander=ai team=Team_Human_Centauri unit=Militia kind=move dst=(-355,23,27)
[ORDER] commander=ai team=Team_Human_Centauri unit=Militia kind=move dst=(-355,23,27)
[ORDER] commander=ai team=Team_Human_Centauri unit=Militia kind=move dst=(-355,23,27)
[ORDER] commander=ai team=Team_Human_Centauri unit=Trooper kind=move dst=(-355,23,27)
[ORDER] commander=ai team=Team_Human_Centauri unit=Assault Car kind=attack tgt=ConstructionSite_Alien_Node(Clone) (Target)
[H2] team=Team_Human_Centauri fire=Headquarters argmaxCell=(29,74) val=50 atWorld=(-320,1480) hqCount=2
[AI] [Team_Human_Centauri] tick=65 reqs=3 type={Construct:3} task={} prio(min/avg/max)=10/47.0/81 groups=0
[ORDER] commander=ai team=Team_Alien unit=Shocker kind=move dst=(451,17,-104)
[ORDER] commander=ai team=Team_Alien unit=Hunter kind=move dst=(450,17,-104)
[ORDER] commander=ai team=Team_Human_Sol unit=Scout kind=move dst=(171,30,-309)
[ORDER] commander=ai team=Team_Human_Sol unit=Scout kind=move dst=(171,30,-309)
[ORDER] commander=ai team=Team_Human_Sol unit=Scout kind=move dst=(171,30,-309)
[ORDER] commander=ai team=Team_Human_Sol unit=Rifleman kind=move dst=(171,30,-309)
[ORDER] commander=ai team=Team_Human_Sol unit=Platoon Hauler kind=move dst=(-317,99,60)
[ORDER] commander=ai team=Team_Human_Sol unit=Scout kind=attack tgt=Shocker(Clone) (Target)
[ORDER] commander=ai team=Team_Human_Sol unit=Scout kind=attack tgt=Shocker(Clone) (Target)
[ORDER] commander=ai team=Team_Human_Sol unit=Scout kind=attack tgt=Shocker(Clone) (Target)
[ORDER] commander=ai team=Team_Human_Sol unit=Rifleman kind=attack tgt=Shocker(Clone) (Target)
[ORDER] commander=ai team=Team_Human_Sol unit=Light Striker kind=move dst=(1190,39,-332)
[ORDER] commander=ai team=Team_Human_Sol unit=Light Striker kind=move dst=(1190,39,-332)
[ORDER] commander=ai team=Team_Human_Sol unit=Heavy Quad kind=move dst=(1190,39,-332)
[ORDER] commander=ai team=Team_Human_Sol unit=Scout kind=attack tgt=Shocker(Clone) (Target)
[ORDER] commander=ai team=Team_Human_Sol unit=Scout kind=attack tgt=Shocker(Clone) (Target)
[ORDER] commander=ai team=Team_Human_Sol unit=Scout kind=attack tgt=Shocker(Clone) (Target)
[ORDER] commander=ai team=Team_Human_Sol unit=Rifleman kind=attack tgt=Shocker(Clone) (Target)
[H1] team=Team_Human_Sol fire=Refinery atBalterium=(1294,1066) refCount=1
[H1] team=Team_Human_Sol fire=Refinery atBalterium=(715,897) refCount=2
[AI] [Team_Human_Sol] tick=65 reqs=4 type={Construct:4} task={} prio(min/avg/max)=10/77.5/100 groups=0
[ORDER] commander=ai team=Team_Alien unit=Squid kind=move dst=(-113,103,-637)
[ORDER] commander=ai team=Team_Alien unit=Squid kind=move dst=(-113,103,-637)
[ORDER] commander=ai team=Team_Human_Centauri unit=Squad Transport kind=move dst=(-681,70,-540)
[P31] team=Team_Alien preset=Combat stock=Crab ours=Crab agree=True rationale=swarm floor (have 6/16)
[P31] team=Team_Alien preset=Combat stock=Crab ours=Crab agree=True rationale=swarm floor (have 6/16)
[P31] team=Team_Alien preset=Harvest stock=Shrimp ours=Shrimp agree=True rationale=biotic cap (have 22/70)
[AI] [Team_Alien] tick=65 reqs=7 type={Construct:7} task={} prio(min/avg/max)=2/39.3/62 groups=0
[ORDER] commander=ai team=Team_Alien unit=Hunter kind=move dst=(210,10,36)
[ORDER] commander=ai team=Team_Alien unit=Shocker kind=move dst=(447,17,-96)
[ORDER] commander=ai team=Team_Alien unit=Hunter kind=move dst=(447,17,-96)
[ORDER] commander=ai team=Team_Alien unit=Squid kind=move dst=(-113,103,-637)
[ORDER] commander=ai team=Team_Alien unit=Squid kind=move dst=(-113,103,-637)
[ORDER] commander=ai team=Team_Human_Centauri unit=Squad Transport kind=move dst=(-681,70,-540)
[ORDER] commander=ai team=Team_Alien unit=Hunter kind=move dst=(199,12,27)
[ORDER] commander=ai team=Team_Alien unit=Shocker kind=move dst=(440,15,-90)
[ORDER] commander=ai team=Team_Alien unit=Hunter kind=move dst=(439,15,-90)
[ORDER] commander=ai team=Team_Alien unit=Hunter kind=move dst=(439,15,-90)
[ORDER] commander=ai team=Team_Alien unit=Squid kind=move dst=(-113,103,-637)
[ORDER] commander=ai team=Team_Alien unit=Squid kind=move dst=(-113,103,-637)
[ORDER] commander=ai team=Team_Alien unit=Squid kind=move dst=(-113,103,-637)
[ORDER] commander=ai team=Team_Human_Centauri unit=Squad Transport kind=move dst=(-681,70,-540)
[ORDER] commander=ai team=Team_Human_Centauri unit=Militia kind=move dst=(-355,23,27)
[ORDER] commander=ai team=Team_Human_Centauri unit=Militia kind=move dst=(-355,23,27)
[ORDER] commander=ai team=Team_Human_Centauri unit=Militia kind=move dst=(-355,23,27)
[ORDER] commander=ai team=Team_Human_Centauri unit=Trooper kind=move dst=(-355,23,27)
[H2] team=Team_Human_Centauri fire=Headquarters argmaxCell=(29,74) val=50 atWorld=(-320,1480) hqCount=2
[H3] team=Team_Human_Centauri fire=Research Facility nearHq=(-1125,870)
[AI] [Team_Human_Centauri] tick=66 reqs=3 type={Construct:3} task={} prio(min/avg/max)=10/47.0/81 groups=0
[ORDER] commander=ai team=Team_Human_Centauri unit=Light Raider kind=move dst=(-841,25,639)
[ORDER] commander=ai team=Team_Human_Centauri unit=Heavy Raider kind=move dst=(-841,25,639)
[ORDER] commander=ai team=Team_Human_Centauri unit=Assault Car kind=stop
[ORDER] commander=ai team=Team_Alien unit=Shocker kind=move dst=(429,12,-90)
[ORDER] commander=ai team=Team_Alien unit=Hunter kind=move dst=(429,12,-90)
[ORDER] commander=ai team=Team_Alien unit=Hunter kind=move dst=(429,12,-90)
[ORDER] commander=ai team=Team_Human_Sol unit=Scout kind=move dst=(171,30,-309)
[ORDER] commander=ai team=Team_Human_Sol unit=Scout kind=move dst=(171,30,-309)
[ORDER] commander=ai team=Team_Human_Sol unit=Scout kind=move dst=(171,30,-309)
[ORDER] commander=ai team=Team_Human_Sol unit=Rifleman kind=move dst=(171,30,-309)
[ORDER] commander=ai team=Team_Human_Sol unit=Scout kind=attack tgt=Hunter(Clone) (Target)
[ORDER] commander=ai team=Team_Human_Sol unit=Scout kind=attack tgt=Hunter(Clone) (Target)
[ORDER] commander=ai team=Team_Human_Sol unit=Scout kind=attack tgt=Hunter(Clone) (Target)
[ORDER] commander=ai team=Team_Human_Sol unit=Rifleman kind=attack tgt=Hunter(Clone) (Target)
[ORDER] commander=ai team=Team_Human_Sol unit=Scout kind=attack tgt=Hunter(Clone) (Target)
[ORDER] commander=ai team=Team_Human_Sol unit=Scout kind=attack tgt=Hunter(Clone) (Target)
[ORDER] commander=ai team=Team_Human_Sol unit=Scout kind=attack tgt=Hunter(Clone) (Target)
[ORDER] commander=ai team=Team_Human_Sol unit=Rifleman kind=attack tgt=Hunter(Clone) (Target)
[AI] [Team_Human_Sol] tick=66 reqs=4 type={Construct:4} task={} prio(min/avg/max)=10/77.5/100 groups=0
[ORDER] commander=ai team=Team_Alien unit=Squid kind=move dst=(-113,103,-637)
[ORDER] commander=ai team=Team_Alien unit=Squid kind=move dst=(-113,103,-637)
[ORDER] commander=ai team=Team_Human_Centauri unit=Squad Transport kind=move dst=(-681,70,-540)
[P31] team=Team_Alien preset=Combat stock=Crab ours=Crab agree=True rationale=swarm floor (have 6/16)
[P31] team=Team_Alien preset=Combat stock=Crab ours=Crab agree=True rationale=swarm floor (have 6/16)
[P31] team=Team_Alien preset=Harvest stock=Shrimp ours=Shrimp agree=True rationale=biotic cap (have 22/70)
[P32] team=Team_Alien fire=Node towardPatchAt=(94,332) distToOwned=515m nodesOwned=21 anchorAt=(-45,-735)
[AI] [Team_Alien] tick=66 reqs=7 type={Construct:7} task={} prio(min/avg/max)=2/43.6/81 groups=0
[ORDER] commander=ai team=Team_Alien unit=Crab kind=move dst=(-226,96,-155)
[ORDER] commander=ai team=Team_Alien unit=Horned Crab kind=move dst=(-226,96,-155)
[ORDER] commander=ai team=Team_Alien unit=Horned Crab kind=move dst=(-226,96,-155)
[ORDER] commander=ai team=Team_Alien unit=Shocker kind=stop
[ORDER] commander=ai team=Team_Human_Centauri unit=Light Raider kind=move dst=(-843,25,632)
[ORDER] commander=ai team=Team_Human_Centauri unit=Heavy Raider kind=move dst=(-843,25,632)
[ORDER] commander=ai team=Team_Alien unit=Shocker kind=move dst=(417,10,-91)
[ORDER] commander=ai team=Team_Alien unit=Hunter kind=move dst=(417,10,-91)
[ORDER] commander=ai team=Team_Alien unit=Squid kind=move dst=(-113,103,-637)
[ORDER] commander=ai team=Team_Alien unit=Squid kind=move dst=(-113,103,-637)
[ORDER] commander=ai team=Team_Alien unit=Squid kind=move dst=(-113,103,-637)
[SPAWN_U] team=Team_Alien unit=Shrimp
[ORDER] commander=ai team=Team_Human_Sol unit=Heavy Quad kind=move dst=(413,15,-134)
[ORDER] commander=ai team=Team_Human_Sol unit=Light Raider kind=move dst=(413,15,-134)
[ORDER] commander=ai team=Team_Human_Centauri unit=Squad Transport kind=move dst=(-681,70,-540)
[ORDER] commander=ai team=Team_Alien unit=Shocker kind=move dst=(406,9,-93)
[ORDER] commander=ai team=Team_Alien unit=Hunter kind=move dst=(405,9,-93)
[ORDER] commander=ai team=Team_Alien unit=Squid kind=move dst=(-113,103,-637)
[ORDER] commander=ai team=Team_Alien unit=Squid kind=move dst=(-113,103,-637)
[ORDER] commander=ai team=Team_Human_Centauri unit=Squad Transport kind=move dst=(-681,70,-540)
[ORDER] commander=ai team=Team_Human_Centauri unit=Militia kind=move dst=(171,30,-309)
[ORDER] commander=ai team=Team_Human_Centauri unit=Militia kind=move dst=(171,30,-309)
[ORDER] commander=ai team=Team_Human_Centauri unit=Militia kind=move dst=(171,30,-309)
[ORDER] commander=ai team=Team_Human_Centauri unit=Trooper kind=move dst=(171,30,-309)
[H2] team=Team_Human_Centauri fire=Headquarters argmaxCell=(29,74) val=50 atWorld=(-320,1480) hqCount=2
[AI] [Team_Human_Centauri] tick=67 reqs=3 type={Construct:3} task={} prio(min/avg/max)=10/47.0/81 groups=0
[ORDER] commander=ai team=Team_Alien unit=Shocker kind=move dst=(396,10,-95)
[ORDER] commander=ai team=Team_Alien unit=Hunter kind=move dst=(395,10,-95)
[ORDER] commander=ai team=Team_Human_Sol unit=Platoon Hauler kind=move dst=(171,30,-309)
[ORDER] commander=ai team=Team_Human_Sol unit=Heavy Quad kind=move dst=(-317,99,60)
[ORDER] commander=ai team=Team_Human_Sol unit=Light Striker kind=move dst=(-317,99,60)
[ORDER] commander=ai team=Team_Human_Sol unit=Scout kind=attack tgt=Hunter(Clone) (Target)
[ORDER] commander=ai team=Team_Human_Sol unit=Scout kind=attack tgt=Hunter(Clone) (Target)
[ORDER] commander=ai team=Team_Human_Sol unit=Scout kind=attack tgt=Hunter(Clone) (Target)
[ORDER] commander=ai team=Team_Human_Sol unit=Rifleman kind=attack tgt=Hunter(Clone) (Target)
[ORDER] commander=ai team=Team_Human_Sol unit=Light Striker kind=attack tgt=Crab(Clone) (Target)
[ORDER] commander=ai team=Team_Human_Sol unit=Light Striker kind=attack tgt=Crab(Clone) (Target)
[ORDER] commander=ai team=Team_Human_Sol unit=Heavy Quad kind=attack tgt=Crab(Clone) (Target)
[ORDER] commander=ai team=Team_Human_Sol unit=Platoon Hauler kind=attack tgt=Hunter(Clone) (Target)
[ORDER] commander=ai team=Team_Human_Sol unit=Heavy Quad kind=attack tgt=Hunter(Clone) (Target)
[ORDER] commander=ai team=Team_Human_Sol unit=Light Striker kind=attack tgt=Hunter(Clone) (Target)
[H1] team=Team_Human_Sol fire=Refinery atBalterium=(1294,1066) refCount=1
[H1] team=Team_Human_Sol fire=Refinery atBalterium=(715,897) refCount=2
[AI] [Team_Human_Sol] tick=67 reqs=4 type={Construct:4} task={} prio(min/avg/max)=10/77.5/100 groups=0
[ORDER] commander=ai team=Team_Alien unit=Squid kind=move dst=(-113,103,-637)
[ORDER] commander=ai team=Team_Alien unit=Squid kind=move dst=(-113,103,-637)
[ORDER] commander=ai team=Team_Alien unit=Squid kind=move dst=(-113,103,-637)
[ORDER] commander=ai team=Team_Human_Centauri unit=Squad Transport kind=move dst=(-681,70,-540)
[ORDER] commander=ai team=Team_Human_Sol unit=Light Striker kind=move dst=(147,18,17)
[ORDER] commander=ai team=Team_Human_Sol unit=Light Striker kind=move dst=(147,18,17)
[ORDER] commander=ai team=Team_Human_Sol unit=Heavy Quad kind=move dst=(147,18,17)
[P31] team=Team_Alien preset=Combat stock=Crab ours=Crab agree=True rationale=swarm floor (have 6/16)
[P31] team=Team_Alien preset=Combat stock=Crab ours=Crab agree=True rationale=swarm floor (have 6/16)
[P31] team=Team_Alien preset=Harvest stock=Shrimp ours=Shrimp agree=True rationale=biotic cap (have 23/70)
[AI] [Team_Alien] tick=67 reqs=7 type={Construct:7} task={} prio(min/avg/max)=1/40.6/81 groups=0
[ORDER] commander=ai team=Team_Alien unit=Hunter kind=move dst=(128,22,-15)
[ORDER] commander=ai team=Team_Alien unit=Crab kind=move dst=(388,11,-96)
[ORDER] commander=ai team=Team_Alien unit=Horned Crab kind=move dst=(388,11,-96)
[ORDER] commander=ai team=Team_Alien unit=Shocker kind=move dst=(388,11,-96)
[ORDER] commander=ai team=Team_Human_Centauri unit=Light Raider kind=move dst=(-630,74,-470)
[ORDER] commander=ai team=Team_Human_Centauri unit=Heavy Raider kind=move dst=(-630,74,-470)
[ORDER] commander=ai team=Team_Human_Centauri unit=Assault Car kind=move dst=(-630,74,-470)
[ORDER] commander=ai team=Team_Alien unit=Shocker kind=move dst=(388,11,-96)
[SPAWN_U] team=Team_Alien unit=Shrimp
[ORDER] commander=ai team=Team_Alien unit=Hunter kind=move dst=(387,12,-97)
[ORDER] commander=ai team=Team_Alien unit=Squid kind=move dst=(-113,103,-637)
[ORDER] commander=ai team=Team_Alien unit=Squid kind=move dst=(-113,103,-637)
[ORDER] commander=ai team=Team_Alien unit=Squid kind=move dst=(-113,103,-637)
[ORDER] commander=ai team=Team_Human_Sol unit=Heavy Quad kind=stop
[ORDER] commander=ai team=Team_Human_Sol unit=Light Raider kind=move dst=(383,13,-103)
[ORDER] commander=ai team=Team_Human_Sol unit=Light Raider kind=move dst=(383,13,-103)
[ORDER] commander=ai team=Team_Human_Centauri unit=Squad Transport kind=move dst=(-681,70,-540)
[ORDER] commander=ai team=Team_Alien unit=Crab kind=move dst=(-220,96,-154)
[ORDER] commander=ai team=Team_Alien unit=Horned Crab kind=move dst=(-220,96,-154)
[ORDER] commander=ai team=Team_Alien unit=Shocker kind=stop
[ORDER] commander=ai team=Team_Alien unit=Shocker kind=move dst=(380,13,-98)
[ORDER] commander=ai team=Team_Alien unit=Hunter kind=move dst=(380,13,-98)
[ORDER] commander=ai team=Team_Alien unit=Squid kind=move dst=(-113,103,-637)
[ORDER] commander=ai team=Team_Alien unit=Squid kind=move dst=(-113,103,-637)
[ORDER] commander=ai team=Team_Human_Sol unit=Heavy Quad kind=move dst=(402,19,-130)
[ORDER] commander=ai team=Team_Human_Sol unit=Light Raider kind=move dst=(402,19,-130)
[ORDER] commander=ai team=Team_Human_Centauri unit=Squad Transport kind=move dst=(-681,70,-540)
[H2] team=Team_Human_Centauri fire=Headquarters argmaxCell=(29,74) val=50 atWorld=(-320,1480) hqCount=2
[AI] [Team_Human_Centauri] tick=68 reqs=3 type={Construct:3} task={} prio(min/avg/max)=10/47.0/81 groups=0
[ORDER] commander=ai team=Team_Alien unit=Shocker kind=move dst=(376,15,-104)
[ORDER] commander=ai team=Team_Alien unit=Hunter kind=move dst=(376,15,-105)
[ORDER] commander=ai team=Team_Human_Sol unit=Platoon Hauler kind=move dst=(-317,99,60)
[ORDER] commander=ai team=Team_Human_Sol unit=Heavy Quad kind=move dst=(-355,23,27)
[ORDER] commander=ai team=Team_Human_Sol unit=Light Raider kind=move dst=(-355,23,27)
[ORDER] commander=ai team=Team_Human_Sol unit=Light Raider kind=move dst=(-355,23,27)
[ORDER] commander=ai team=Team_Human_Sol unit=Light Quad kind=move dst=(1190,39,-332)
[ORDER] commander=ai team=Team_Human_Sol unit=Light Quad kind=move dst=(1190,39,-332)
[ORDER] commander=ai team=Team_Human_Sol unit=Heavy Quad kind=move dst=(1190,39,-332)
[ORDER] commander=ai team=Team_Human_Sol unit=Platoon Hauler kind=attack tgt=Hunter(Clone) (Target)
[ORDER] commander=ai team=Team_Human_Sol unit=Light Quad kind=attack tgt=Hunter(Clone) (Target)
[ORDER] commander=ai team=Team_Human_Sol unit=Light Quad kind=attack tgt=Hunter(Clone) (Target)
[ORDER] commander=ai team=Team_Human_Sol unit=Heavy Quad kind=attack tgt=Hunter(Clone) (Target)
[AI] [Team_Human_Sol] tick=68 reqs=4 type={Construct:4} task={} prio(min/avg/max)=10/77.5/100 groups=0
[ORDER] commander=ai team=Team_Alien unit=Squid kind=move dst=(-113,103,-637)
[ORDER] commander=ai team=Team_Alien unit=Squid kind=move dst=(-113,103,-637)
[ORDER] commander=ai team=Team_Alien unit=Squid kind=move dst=(-113,103,-637)
[ORDER] commander=ai team=Team_Human_Centauri unit=Squad Transport kind=move dst=(-681,70,-540)
[P31] team=Team_Alien preset=Combat stock=Crab ours=Crab agree=True rationale=swarm floor (have 5/16)
[AI] [Team_Alien] tick=68 reqs=5 type={Construct:5} task={} prio(min/avg/max)=1/33.4/62 groups=0
[ORDER] commander=ai team=Team_Human_Sol unit=Light Quad kind=move dst=(11,13,55)
[ORDER] commander=ai team=Team_Human_Sol unit=Heavy Quad kind=move dst=(11,13,55)
[ORDER] commander=ai team=Team_Alien unit=Hunter kind=move dst=(98,21,-44)
[ORDER] commander=ai team=Team_Alien unit=Shocker kind=move dst=(374,16,-112)
[ORDER] commander=ai team=Team_Alien unit=Hunter kind=move dst=(374,16,-112)
[ORDER] commander=ai team=Team_Alien unit=Squid kind=move dst=(-113,103,-637)
[ORDER] commander=ai team=Team_Alien unit=Squid kind=move dst=(-113,103,-637)
[ORDER] commander=ai team=Team_Alien unit=Squid kind=move dst=(-113,103,-637)
[ORDER] commander=ai team=Team_Human_Centauri unit=Squad Transport kind=move dst=(-681,70,-540)
[ORDER] commander=ai team=Team_Alien unit=Hunter kind=move dst=(97,22,-54)
[ORDER] commander=ai team=Team_Alien unit=Shocker kind=move dst=(368,17,-117)
[ORDER] commander=ai team=Team_Alien unit=Hunter kind=move dst=(368,17,-117)
[ORDER] commander=ai team=Team_Alien unit=Squid kind=move dst=(-113,103,-637)
[ORDER] commander=ai team=Team_Alien unit=Squid kind=move dst=(-113,103,-637)
[ORDER] commander=ai team=Team_Human_Centauri unit=Squad Transport kind=move dst=(-681,70,-540)
[H2] team=Team_Human_Centauri fire=Headquarters argmaxCell=(29,74) val=50 atWorld=(-320,1480) hqCount=2
[AI] [Team_Human_Centauri] tick=69 reqs=3 type={Construct:3} task={} prio(min/avg/max)=10/47.0/81 groups=0
[ORDER] commander=ai team=Team_Alien unit=Shocker kind=move dst=(360,20,-116)
[ORDER] commander=ai team=Team_Human_Centauri unit=Light Raider kind=move dst=(-942,24,-84)
[ORDER] commander=ai team=Team_Human_Centauri unit=Light Raider kind=move dst=(-942,24,-84)
[ORDER] commander=ai team=Team_Human_Centauri unit=Heavy Raider kind=stop
[ORDER] commander=ai team=Team_Alien unit=Hunter kind=move dst=(360,20,-116)
[ORDER] commander=ai team=Team_Human_Sol unit=Light Striker kind=move dst=(-317,99,60)
[ORDER] commander=ai team=Team_Human_Sol unit=Light Striker kind=move dst=(-317,99,60)
[ORDER] commander=ai team=Team_Human_Sol unit=Heavy Quad kind=move dst=(-317,99,60)
[H1] team=Team_Human_Sol fire=Refinery atBalterium=(1294,1066) refCount=1
[H1] team=Team_Human_Sol fire=Refinery atBalterium=(715,897) refCount=2
[AI] [Team_Human_Sol] tick=69 reqs=4 type={Construct:4} task={} prio(min/avg/max)=10/77.5/100 groups=0
[ORDER] commander=ai team=Team_Alien unit=Squid kind=move dst=(-113,103,-637)
[ORDER] commander=ai team=Team_Alien unit=Squid kind=move dst=(-113,103,-637)
[ORDER] commander=ai team=Team_Alien unit=Squid kind=move dst=(-113,103,-637)
[ORDER] commander=ai team=Team_Human_Centauri unit=Squad Transport kind=move dst=(-681,70,-540)
[P31] team=Team_Alien preset=Combat stock=Crab ours=Crab agree=True rationale=swarm floor (have 5/16)
[AI] [Team_Alien] tick=69 reqs=5 type={Construct:5} task={} prio(min/avg/max)=1/33.2/62 groups=0
[ORDER] commander=ai team=Team_Alien unit=Shocker kind=move dst=(354,22,-109)
[ORDER] commander=ai team=Team_Human_Centauri unit=Light Raider kind=move dst=(-942,25,-88)
[ORDER] commander=ai team=Team_Human_Centauri unit=Light Raider kind=move dst=(-942,25,-88)
[ORDER] commander=ai team=Team_Alien unit=Hunter kind=move dst=(354,22,-109)
[ORDER] commander=ai team=Team_Alien unit=Squid kind=move dst=(-113,103,-637)
[ORDER] commander=ai team=Team_Alien unit=Squid kind=move dst=(-113,103,-637)
[ORDER] commander=ai team=Team_Alien unit=Squid kind=move dst=(-113,103,-637)
[ORDER] commander=ai team=Team_Human_Sol unit=Heavy Quad kind=stop
[ORDER] commander=ai team=Team_Human_Sol unit=Light Raider kind=move dst=(362,19,-105)
[ORDER] commander=ai team=Team_Human_Sol unit=Light Raider kind=move dst=(362,19,-105)
[ORDER] commander=ai team=Team_Human_Centauri unit=Squad Transport kind=move dst=(-681,70,-540)
[ORDER] commander=ai team=Team_Alien unit=Hunter kind=move dst=(92,20,-90)
[ORDER] commander=ai team=Team_Alien unit=Shocker kind=move dst=(355,21,-98)
[ORDER] commander=ai team=Team_Alien unit=Hunter kind=move dst=(355,21,-98)
[ORDER] commander=ai team=Team_Alien unit=Squid kind=move dst=(-113,103,-637)
[ORDER] commander=ai team=Team_Alien unit=Squid kind=move dst=(-113,103,-637)
[ORDER] commander=ai team=Team_Human_Sol unit=Light Raider kind=move dst=(362,19,-103)
[ORDER] commander=ai team=Team_Human_Sol unit=Light Raider kind=move dst=(362,19,-103)
[ORDER] commander=ai team=Team_Alien unit=Crab kind=move dst=(354,21,-97)
[ORDER] commander=ai team=Team_Human_Centauri unit=Squad Transport kind=move dst=(-681,70,-540)
[ORDER] commander=ai team=Team_Human_Centauri unit=Light Raider kind=attack tgt=Alien_Node(Clone) (Target)
[ORDER] commander=ai team=Team_Human_Centauri unit=Light Raider kind=attack tgt=Alien_Node(Clone) (Target)
[ORDER] commander=ai team=Team_Human_Centauri unit=Heavy Raider kind=attack tgt=Alien_Node(Clone) (Target)
[ORDER] commander=ai team=Team_Human_Centauri unit=Heavy Raider kind=move dst=(260,23,325)
[ORDER] commander=ai team=Team_Human_Centauri unit=Heavy Raider kind=move dst=(260,23,325)
[ORDER] commander=ai team=Team_Human_Centauri unit=Light Raider kind=move dst=(260,23,325)
[ORDER] commander=ai team=Team_Human_Centauri unit=Squad Transport kind=move dst=(150,9,52)
[H2] team=Team_Human_Centauri fire=Headquarters argmaxCell=(29,74) val=50 atWorld=(-320,1480) hqCount=2
[AI] [Team_Human_Centauri] tick=70 reqs=3 type={Construct:3} task={} prio(min/avg/max)=10/47.0/81 groups=0
[ORDER] commander=ai team=Team_Alien unit=Shocker kind=move dst=(354,21,-97)
[ORDER] commander=ai team=Team_Human_Centauri unit=Light Raider kind=move dst=(-942,25,-88)
[ORDER] commander=ai team=Team_Human_Centauri unit=Light Raider kind=move dst=(-942,25,-88)
[ORDER] commander=ai team=Team_Alien unit=Hunter kind=move dst=(354,21,-97)
[AI] [Team_Human_Sol] tick=70 reqs=4 type={Construct:4} task={} prio(min/avg/max)=10/77.5/100 groups=0
[ORDER] commander=ai team=Team_Alien unit=Squid kind=move dst=(-113,103,-637)
[ORDER] commander=ai team=Team_Alien unit=Squid kind=move dst=(-113,103,-637)
[ORDER] commander=ai team=Team_Alien unit=Squid kind=move dst=(-113,103,-637)
[ORDER] commander=ai team=Team_Human_Centauri unit=Squad Transport kind=move dst=(-681,70,-540)
[P31] team=Team_Alien preset=Combat stock=Crab ours=Crab agree=True rationale=swarm floor (have 5/16)
[AI] [Team_Alien] tick=70 reqs=5 type={Construct:5} task={} prio(min/avg/max)=1/32.2/62 groups=0
[ORDER] commander=ai team=Team_Alien unit=Hunter kind=move dst=(86,19,-122)
[ORDER] commander=ai team=Team_Alien unit=Shocker kind=move dst=(356,21,-98)
[ORDER] commander=ai team=Team_Human_Centauri unit=Heavy Raider kind=stop
[ORDER] commander=ai team=Team_Alien unit=Hunter kind=move dst=(356,21,-98)
[ORDER] commander=ai team=Team_Alien unit=Squid kind=move dst=(-113,103,-637)
[ORDER] commander=ai team=Team_Alien unit=Squid kind=move dst=(-113,103,-637)
[ORDER] commander=ai team=Team_Alien unit=Squid kind=move dst=(-113,103,-637)
[ORDER] commander=ai team=Team_Human_Sol unit=Heavy Quad kind=move dst=(-355,23,27)
[ORDER] commander=ai team=Team_Human_Centauri unit=Squad Transport kind=move dst=(-681,70,-540)
[ORDER] commander=ai team=Team_Human_Centauri unit=Militia kind=stop
[ORDER] commander=ai team=Team_Human_Centauri unit=Militia kind=move dst=(-687,53,-357)
[ORDER] commander=ai team=Team_Human_Centauri unit=Militia kind=move dst=(-687,53,-357)
[ORDER] commander=ai team=Team_Human_Centauri unit=Trooper kind=move dst=(-687,53,-357)
[ORDER] commander=ai team=Team_Alien unit=Crab kind=move dst=(503,25,-253)
[ORDER] commander=ai team=Team_Alien unit=Horned Crab kind=move dst=(503,25,-253)
[ORDER] commander=ai team=Team_Alien unit=Shocker kind=move dst=(503,25,-253)
[ORDER] commander=ai team=Team_Alien unit=Shocker kind=move dst=(503,24,-253)
[ORDER] commander=ai team=Team_Alien unit=Hunter kind=move dst=(503,24,-252)
[ORDER] commander=ai team=Team_Alien unit=Squid kind=move dst=(-113,103,-637)
[ORDER] commander=ai team=Team_Alien unit=Squid kind=move dst=(-113,103,-637)
[ORDER] commander=ai team=Team_Alien unit=Squid kind=move dst=(-113,103,-637)
[ORDER] commander=ai team=Team_Human_Centauri unit=Squad Transport kind=move dst=(-681,70,-540)
[ORDER] commander=ai team=Team_Human_Sol unit=Light Striker kind=stop
[ORDER] commander=ai team=Team_Human_Sol unit=Light Striker kind=move dst=(385,36,429)
[ORDER] commander=ai team=Team_Human_Sol unit=Heavy Quad kind=move dst=(385,36,429)
[H2] team=Team_Human_Centauri fire=Headquarters argmaxCell=(29,74) val=50 atWorld=(-320,1480) hqCount=2
[AI] [Team_Human_Centauri] tick=71 reqs=3 type={Construct:3} task={} prio(min/avg/max)=10/47.0/81 groups=0
[ORDER] commander=ai team=Team_Alien unit=Shocker kind=move dst=(501,23,-238)
[ORDER] commander=ai team=Team_Alien unit=Hunter kind=move dst=(501,23,-237)
[H1] team=Team_Human_Sol fire=Refinery atBalterium=(1294,1066) refCount=1
[H1] team=Team_Human_Sol fire=Refinery atBalterium=(715,897) refCount=2
[H2] team=Team_Human_Sol fire=Headquarters argmaxCell=(45,55) val=60 atWorld=(320,720) hqCount=2
[AI] [Team_Human_Sol] tick=71 reqs=4 type={Construct:4} task={} prio(min/avg/max)=10/77.5/100 groups=0
[ORDER] commander=ai team=Team_Alien unit=Squid kind=move dst=(-113,103,-637)
[ORDER] commander=ai team=Team_Alien unit=Squid kind=move dst=(-113,103,-637)
[ORDER] commander=ai team=Team_Alien unit=Squid kind=move dst=(-113,103,-637)
[ORDER] commander=ai team=Team_Human_Centauri unit=Squad Transport kind=move dst=(-681,70,-540)
[ORDER] commander=ai team=Team_Human_Sol unit=Light Striker kind=move dst=(386,35,422)
[ORDER] commander=ai team=Team_Human_Sol unit=Heavy Quad kind=move dst=(386,35,422)
[P31] team=Team_Alien preset=Combat stock=Crab ours=Crab agree=True rationale=swarm floor (have 5/16)
[P32] team=Team_Alien fire=Node towardPatchAt=(94,332) distToOwned=411m nodesOwned=22 anchorAt=(-45,-735)
[AI] [Team_Alien] tick=71 reqs=5 type={Construct:5} task={} prio(min/avg/max)=1/30.8/62 groups=0
[ORDER] commander=ai team=Team_Alien unit=Hunter kind=move dst=(95,29,-149)
[ORDER] commander=ai team=Team_Human_Centauri unit=Militia kind=move dst=(-728,117,-610)
[ORDER] commander=ai team=Team_Human_Centauri unit=Militia kind=move dst=(-728,117,-610)
[ORDER] commander=ai team=Team_Human_Centauri unit=Militia kind=move dst=(-728,117,-610)
[ORDER] commander=ai team=Team_Human_Sol unit=Heavy Quad kind=move dst=(56,12,14)
[ORDER] commander=ai team=Team_Alien unit=Shocker kind=move dst=(497,23,-223)
[ORDER] commander=ai team=Team_Human_Centauri unit=Light Raider kind=move dst=(-345,105,20)
[ORDER] commander=ai team=Team_Human_Centauri unit=Heavy Raider kind=move dst=(-345,105,20)
[ORDER] commander=ai team=Team_Alien unit=Hunter kind=move dst=(497,23,-223)
[SPAWN_S] team=Team_Alien structure=Node at=(-525,-90)
[ORDER] commander=ai team=Team_Alien unit=Squid kind=move dst=(-113,103,-637)
[ORDER] commander=ai team=Team_Alien unit=Squid kind=move dst=(-113,103,-637)
[ORDER] commander=ai team=Team_Alien unit=Squid kind=move dst=(-113,103,-637)
[ORDER] commander=ai team=Team_Alien unit=Crab kind=stop
[ORDER] commander=ai team=Team_Alien unit=Crab kind=move dst=(4,88,-262)
[ORDER] commander=ai team=Team_Alien unit=Crab kind=move dst=(4,88,-262)
[ORDER] commander=ai team=Team_Alien unit=Crab kind=move dst=(4,88,-262)
[ORDER] commander=ai team=Team_Human_Centauri unit=Squad Transport kind=move dst=(-681,70,-540)
[ORDER] commander=ai team=Team_Human_Sol unit=Light Striker kind=move dst=(-317,99,60)
[ORDER] commander=ai team=Team_Alien unit=Horned Crab kind=move dst=(494,24,-209)
[SPAWN_U] team=Team_Alien unit=Shrimp
[ORDER] commander=ai team=Team_Alien unit=Shocker kind=move dst=(494,24,-209)
[ORDER] commander=ai team=Team_Alien unit=Hunter kind=move dst=(494,24,-208)
[ORDER] commander=ai team=Team_Alien unit=Squid kind=move dst=(-113,103,-637)
[ORDER] commander=ai team=Team_Alien unit=Squid kind=move dst=(-113,103,-637)
[ORDER] commander=ai team=Team_Alien unit=Squid kind=move dst=(-113,103,-637)
[ORDER] commander=ai team=Team_Alien unit=Crab kind=move dst=(493,24,-204)
[ORDER] commander=ai team=Team_Alien unit=Crab kind=move dst=(493,24,-204)
[ORDER] commander=ai team=Team_Alien unit=Crab kind=move dst=(493,24,-204)
[ORDER] commander=ai team=Team_Human_Centauri unit=Squad Transport kind=move dst=(-681,70,-540)
[ORDER] commander=ai team=Team_Alien unit=Hunter kind=move dst=(105,37,-165)
[ORDER] commander=ai team=Team_Human_Centauri unit=Squad Transport kind=attack tgt=Alien_Node(Clone) (Target)
[H2] team=Team_Human_Centauri fire=Headquarters argmaxCell=(29,74) val=50 atWorld=(-320,1480) hqCount=2
[AI] [Team_Human_Centauri] tick=72 reqs=3 type={Construct:3} task={} prio(min/avg/max)=10/47.0/81 groups=0
[ORDER] commander=ai team=Team_Alien unit=Shocker kind=move dst=(491,23,-192)
[ORDER] commander=ai team=Team_Alien unit=Hunter kind=move dst=(491,22,-191)
[H2] team=Team_Human_Sol fire=Headquarters argmaxCell=(45,55) val=60 atWorld=(320,720) hqCount=2
[AI] [Team_Human_Sol] tick=72 reqs=4 type={Construct:4} task={} prio(min/avg/max)=10/77.5/100 groups=0
[ORDER] commander=ai team=Team_Alien unit=Squid kind=move dst=(-113,103,-637)
[ORDER] commander=ai team=Team_Alien unit=Squid kind=move dst=(-113,103,-637)
[ORDER] commander=ai team=Team_Alien unit=Squid kind=move dst=(-113,103,-637)
[ORDER] commander=ai team=Team_Human_Centauri unit=Squad Transport kind=move dst=(-681,70,-540)
[P31] team=Team_Alien preset=Combat stock=Crab ours=Crab agree=True rationale=swarm floor (have 5/16)
[P31] team=Team_Alien preset=Harvest stock=Shrimp ours=Shrimp agree=True rationale=biotic cap (have 25/70)
[ORDER] commander=ai team=Team_Alien unit=Wasp kind=attack tgt=Sol_Soldier_Scout(Clone) (Target)
[ORDER] commander=ai team=Team_Alien unit=Squid kind=attack tgt=Sol_Soldier_Scout(Clone) (Target)
[ORDER] commander=ai team=Team_Alien unit=Squid kind=attack tgt=Sol_Soldier_Scout(Clone) (Target)
[ORDER] commander=ai team=Team_Alien unit=Squid kind=attack tgt=Sol_Soldier_Scout(Clone) (Target)
[ORDER] commander=ai team=Team_Alien unit=Squid kind=attack tgt=Cent_Soldier_Trooper(Clone) (Target)
[ORDER] commander=ai team=Team_Alien unit=Shrimp kind=move dst=(-518,101,-449)
[AI] [Team_Alien] tick=72 reqs=5 type={Construct:5} task={} prio(min/avg/max)=10/46.4/81 groups=0
[ORDER] commander=ai team=Team_Human_Sol unit=Heavy Quad kind=move dst=(75,16,-18)
[ORDER] commander=ai team=Team_Human_Sol unit=Light Striker kind=move dst=(75,16,-18)
[ORDER] commander=ai team=Team_Human_Centauri unit=Light Raider kind=move dst=(-882,38,502)
[ORDER] commander=ai team=Team_Human_Centauri unit=Heavy Raider kind=move dst=(-882,38,502)
[ORDER] commander=ai team=Team_Human_Centauri unit=Assault Car kind=stop
[ORDER] commander=ai team=Team_Alien unit=Shocker kind=move dst=(486,19,-174)
[ORDER] commander=ai team=Team_Human_Centauri unit=Light Raider kind=move dst=(-345,105,20)
[ORDER] commander=ai team=Team_Alien unit=Hunter kind=move dst=(486,19,-173)
[ORDER] commander=ai team=Team_Alien unit=Wasp kind=stop
[ORDER] commander=ai team=Team_Alien unit=Squid kind=move dst=(-113,103,-637)
[ORDER] commander=ai team=Team_Alien unit=Squid kind=move dst=(-113,103,-637)
[ORDER] commander=ai team=Team_Alien unit=Squid kind=move dst=(-113,103,-637)
[ORDER] commander=ai team=Team_Human_Sol unit=Light Raider kind=move dst=(-355,23,27)
[ORDER] commander=ai team=Team_Human_Centauri unit=Squad Transport kind=move dst=(-681,70,-540)
[SPAWN_U] team=Team_Alien unit=Shrimp
[ORDER] commander=ai team=Team_Alien unit=Hunter kind=move dst=(107,38,-192)
[ORDER] commander=ai team=Team_Human_Centauri unit=Militia kind=stop
[ORDER] commander=ai team=Team_Human_Centauri unit=Militia kind=move dst=(-449,27,94)
[ORDER] commander=ai team=Team_Human_Centauri unit=Militia kind=move dst=(-449,27,94)
[ORDER] commander=ai team=Team_Human_Centauri unit=Trooper kind=move dst=(-449,27,94)
[ORDER] commander=ai team=Team_Human_Centauri unit=Light Raider kind=move dst=(-883,39,497)
[ORDER] commander=ai team=Team_Human_Centauri unit=Heavy Raider kind=move dst=(-883,39,497)
[ORDER] commander=ai team=Team_Alien unit=Shocker kind=move dst=(483,16,-156)
[ORDER] commander=ai team=Team_Alien unit=Hunter kind=move dst=(483,16,-155)
[ORDER] commander=ai team=Team_Alien unit=Squid kind=move dst=(-113,103,-637)
[ORDER] commander=ai team=Team_Alien unit=Squid kind=move dst=(-113,103,-637)
[ORDER] commander=ai team=Team_Alien unit=Squid kind=move dst=(-113,103,-637)
[ORDER] commander=ai team=Team_Human_Sol unit=Heavy Quad kind=stop
[ORDER] commander=ai team=Team_Human_Sol unit=Light Raider kind=move dst=(383,21,-61)
[ORDER] commander=ai team=Team_Human_Sol unit=Light Raider kind=move dst=(383,21,-61)
[ORDER] commander=ai team=Team_Human_Centauri unit=Squad Transport kind=move dst=(-681,70,-540)
[ORDER] commander=ai team=Team_Human_Sol unit=Heavy Quad kind=move dst=(-317,99,60)
[H2] team=Team_Human_Centauri fire=Headquarters argmaxCell=(29,74) val=50 atWorld=(-320,1480) hqCount=2
[AI] [Team_Human_Centauri] tick=73 reqs=3 type={Construct:3} task={} prio(min/avg/max)=10/47.0/81 groups=0
[ORDER] commander=ai team=Team_Alien unit=Shocker kind=move dst=(477,14,-139)
[ORDER] commander=ai team=Team_Alien unit=Hunter kind=move dst=(477,14,-139)
[H1] team=Team_Human_Sol fire=Refinery atBalterium=(1294,1066) refCount=1
[H1] team=Team_Human_Sol fire=Refinery atBalterium=(715,897) refCount=2
[H2] team=Team_Human_Sol fire=Headquarters argmaxCell=(45,55) val=60 atWorld=(320,720) hqCount=2
[AI] [Team_Human_Sol] tick=73 reqs=4 type={Construct:4} task={} prio(min/avg/max)=10/77.5/100 groups=0
[ORDER] commander=ai team=Team_Alien unit=Squid kind=move dst=(-113,103,-637)
[ORDER] commander=ai team=Team_Alien unit=Squid kind=move dst=(-113,103,-637)
[ORDER] commander=ai team=Team_Alien unit=Squid kind=move dst=(-113,103,-637)
[ORDER] commander=ai team=Team_Human_Sol unit=Light Raider kind=move dst=(384,22,-58)
[ORDER] commander=ai team=Team_Human_Sol unit=Light Raider kind=move dst=(384,22,-58)
[ORDER] commander=ai team=Team_Human_Centauri unit=Squad Transport kind=move dst=(-681,70,-540)
[ORDER] commander=ai team=Team_Human_Sol unit=Heavy Quad kind=move dst=(-317,99,60)
[P31] team=Team_Alien preset=Combat stock=Crab ours=Crab agree=True rationale=swarm floor (have 5/16)
[P31] team=Team_Alien preset=Harvest stock=Shrimp ours=Shrimp agree=True rationale=biotic cap (have 26/70)
[P32] team=Team_Alien fire=Node towardPatchAt=(-789,-616) distToOwned=347m nodesOwned=22 anchorAt=(-45,-735)
[AI] [Team_Alien] tick=73 reqs=5 type={Construct:5} task={} prio(min/avg/max)=10/43.2/62 groups=0
[ORDER] commander=ai team=Team_Alien unit=Shocker kind=move dst=(469,17,-127)
[ORDER] commander=ai team=Team_Alien unit=Hunter kind=move dst=(468,17,-126)
[ORDER] commander=ai team=Team_Alien unit=Squid kind=move dst=(-113,103,-637)
[ORDER] commander=ai team=Team_Alien unit=Squid kind=move dst=(-113,103,-637)
[ORDER] commander=ai team=Team_Alien unit=Squid kind=move dst=(-113,103,-637)
[ORDER] commander=ai team=Team_Human_Centauri unit=Squad Transport kind=move dst=(-681,70,-540)
[ORDER] commander=ai team=Team_Human_Sol unit=Light Striker kind=move dst=(-317,99,60)
[ORDER] commander=ai team=Team_Human_Sol unit=Light Quad kind=move dst=(108,38,-194)
[ORDER] commander=ai team=Team_Alien unit=Hunter kind=move dst=(113,41,-224)
[ORDER] commander=ai team=Team_Human_Centauri unit=Militia kind=move dst=(171,30,-309)
[ORDER] commander=ai team=Team_Human_Centauri unit=Militia kind=move dst=(171,30,-309)
[ORDER] commander=ai team=Team_Human_Sol unit=Heavy Quad kind=move dst=(109,39,-199)
[ORDER] commander=ai team=Team_Alien unit=Shocker kind=move dst=(461,16,-115)
[ORDER] commander=ai team=Team_Alien unit=Hunter kind=move dst=(460,16,-114)
[ORDER] commander=ai team=Team_Alien unit=Squid kind=move dst=(-113,103,-637)
[ORDER] commander=ai team=Team_Alien unit=Squid kind=move dst=(-113,103,-637)
[ORDER] commander=ai team=Team_Alien unit=Squid kind=move dst=(-113,103,-637)
[ORDER] commander=ai team=Team_Human_Centauri unit=Squad Transport kind=move dst=(-681,70,-540)
[ORDER] commander=ai team=Team_Human_Sol unit=Light Striker kind=stop
[ORDER] commander=ai team=Team_Human_Sol unit=Light Striker kind=move dst=(388,26,352)
[ORDER] commander=ai team=Team_Human_Sol unit=Heavy Quad kind=move dst=(388,26,352)
[ORDER] commander=ai team=Team_Human_Sol unit=Light Quad kind=move dst=(384,18,-67)
[ORDER] commander=ai team=Team_Human_Sol unit=Light Quad kind=move dst=(384,18,-67)
[ORDER] commander=ai team=Team_Human_Sol unit=Heavy Quad kind=stop
[ORDER] commander=ai team=Team_Human_Centauri unit=Squad Transport kind=move dst=(150,9,52)
[ORDER] commander=ai team=Team_Human_Centauri unit=Light Raider kind=move dst=(-1372,37,-1073)
[ORDER] commander=ai team=Team_Human_Centauri unit=Heavy Raider kind=move dst=(-1372,37,-1073)
[ORDER] commander=ai team=Team_Human_Centauri unit=Assault Car kind=move dst=(-1372,37,-1073)
[H2] team=Team_Human_Centauri fire=Headquarters argmaxCell=(29,74) val=50 atWorld=(-320,1480) hqCount=2
[AI] [Team_Human_Centauri] tick=74 reqs=3 type={Construct:3} task={} prio(min/avg/max)=10/47.0/81 groups=0
[ORDER] commander=ai team=Team_Human_Centauri unit=Light Raider kind=move dst=(-883,39,498)
[ORDER] commander=ai team=Team_Human_Centauri unit=Heavy Raider kind=move dst=(-883,39,498)
[ORDER] commander=ai team=Team_Human_Centauri unit=Assault Car kind=stop
[ORDER] commander=ai team=Team_Alien unit=Shocker kind=move dst=(453,17,-105)
[ORDER] commander=ai team=Team_Alien unit=Hunter kind=move dst=(453,17,-104)
[H2] team=Team_Human_Sol fire=Headquarters argmaxCell=(50,37) val=130 atWorld=(520,0) hqCount=2
[AI] [Team_Human_Sol] tick=74 reqs=4 type={Construct:4} task={} prio(min/avg/max)=10/77.5/100 groups=0
[ORDER] commander=ai team=Team_Alien unit=Squid kind=move dst=(-113,103,-637)
[ORDER] commander=ai team=Team_Alien unit=Squid kind=move dst=(-113,103,-637)
[ORDER] commander=ai team=Team_Alien unit=Squid kind=move dst=(-113,103,-637)
[ORDER] commander=ai team=Team_Human_Centauri unit=Squad Transport kind=move dst=(-681,70,-540)
[ORDER] commander=ai team=Team_Human_Sol unit=Light Striker kind=move dst=(388,25,342)
[ORDER] commander=ai team=Team_Human_Sol unit=Heavy Quad kind=move dst=(388,25,342)
[P31] team=Team_Alien preset=Combat stock=Crab ours=Crab agree=True rationale=swarm floor (have 5/16)
[P31] team=Team_Alien preset=Harvest stock=Shrimp ours=Shrimp agree=True rationale=biotic cap (have 26/70)
[P32] team=Team_Alien fire=Node towardPatchAt=(94,332) distToOwned=291m nodesOwned=23 anchorAt=(-45,-735)
[AI] [Team_Alien] tick=74 reqs=5 type={Construct:5} task={} prio(min/avg/max)=10/43.4/62 groups=0
[ORDER] commander=ai team=Team_Alien unit=Hunter kind=move dst=(113,41,-224)
[ORDER] commander=ai team=Team_Alien unit=Shocker kind=move dst=(447,17,-97)
[ORDER] commander=ai team=Team_Human_Centauri unit=Light Raider kind=move dst=(-930,34,-155)
[ORDER] commander=ai team=Team_Human_Centauri unit=Light Raider kind=move dst=(-930,34,-155)
[ORDER] commander=ai team=Team_Human_Centauri unit=Heavy Raider kind=stop
[ORDER] commander=ai team=Team_Alien unit=Hunter kind=move dst=(446,17,-97)
[ORDER] commander=ai team=Team_Alien unit=Squid kind=move dst=(-113,103,-637)
[ORDER] commander=ai team=Team_Alien unit=Squid kind=move dst=(-113,103,-637)
[ORDER] commander=ai team=Team_Alien unit=Squid kind=move dst=(-113,103,-637)
[ORDER] commander=ai team=Team_Human_Centauri unit=Squad Transport kind=move dst=(-681,70,-540)
[ORDER] commander=ai team=Team_Alien unit=Hunter kind=move dst=(113,41,-224)
[ORDER] commander=ai team=Team_Alien unit=Shocker kind=move dst=(438,15,-91)
[ORDER] commander=ai team=Team_Human_Centauri unit=Light Raider kind=move dst=(-929,34,-162)
[ORDER] commander=ai team=Team_Human_Centauri unit=Light Raider kind=move dst=(-929,34,-162)
[ORDER] commander=ai team=Team_Alien unit=Hunter kind=move dst=(438,15,-91)
[ORDER] commander=ai team=Team_Alien unit=Squid kind=move dst=(-113,103,-637)
[ORDER] commander=ai team=Team_Alien unit=Squid kind=move dst=(-113,103,-637)
[ORDER] commander=ai team=Team_Alien unit=Squid kind=move dst=(-113,103,-637)
[ORDER] commander=ai team=Team_Human_Centauri unit=Squad Transport kind=move dst=(-681,70,-540)
[ORDER] commander=ai team=Team_Alien unit=Hunter kind=move dst=(113,41,-224)
[ORDER] commander=ai team=Team_Human_Centauri unit=Squad Transport kind=attack tgt=ConstructionSite_Alien_Node(Clone) (Target)
[H2] team=Team_Human_Centauri fire=Headquarters argmaxCell=(29,74) val=50 atWorld=(-320,1480) hqCount=2
[AI] [Team_Human_Centauri] tick=75 reqs=3 type={Construct:3} task={} prio(min/avg/max)=10/47.0/81 groups=0
[ORDER] commander=ai team=Team_Human_Sol unit=Light Striker kind=move dst=(111,40,-217)
[ORDER] commander=ai team=Team_Alien unit=Shocker kind=move dst=(428,12,-86)
[ORDER] commander=ai team=Team_Alien unit=Hunter kind=move dst=(427,12,-86)
[ORDER] commander=ai team=Team_Human_Sol unit=Scout kind=move dst=(-45,59,-735)
[ORDER] commander=ai team=Team_Human_Sol unit=Scout kind=move dst=(-45,59,-735)
[ORDER] commander=ai team=Team_Human_Sol unit=Scout kind=move dst=(-45,59,-735)
[ORDER] commander=ai team=Team_Human_Sol unit=Rifleman kind=move dst=(-45,59,-735)
[ORDER] commander=ai team=Team_Human_Sol unit=Scout kind=attack tgt=Hunter(Clone) (Target)
[ORDER] commander=ai team=Team_Human_Sol unit=Scout kind=attack tgt=Hunter(Clone) (Target)
[ORDER] commander=ai team=Team_Human_Sol unit=Scout kind=attack tgt=Hunter(Clone) (Target)
[ORDER] commander=ai team=Team_Human_Sol unit=Rifleman kind=attack tgt=Hunter(Clone) (Target)
[H1] team=Team_Human_Sol fire=Refinery atBalterium=(1294,1066) refCount=1
[H1] team=Team_Human_Sol fire=Refinery atBalterium=(715,897) refCount=2
[H2] team=Team_Human_Sol fire=Headquarters argmaxCell=(45,55) val=60 atWorld=(320,720) hqCount=2
[AI] [Team_Human_Sol] tick=75 reqs=4 type={Construct:4} task={} prio(min/avg/max)=10/77.5/100 groups=0
[ORDER] commander=ai team=Team_Alien unit=Squid kind=move dst=(-113,103,-637)
[ORDER] commander=ai team=Team_Alien unit=Squid kind=move dst=(-113,103,-637)
[ORDER] commander=ai team=Team_Alien unit=Squid kind=move dst=(-113,103,-637)
[ORDER] commander=ai team=Team_Human_Sol unit=Heavy Quad kind=move dst=(-355,23,27)
[ORDER] commander=ai team=Team_Human_Sol unit=Light Raider kind=move dst=(-355,23,27)
[ORDER] commander=ai team=Team_Human_Sol unit=Light Raider kind=move dst=(-355,23,27)
[ORDER] commander=ai team=Team_Human_Centauri unit=Squad Transport kind=move dst=(-681,70,-540)
[ORDER] commander=ai team=Team_Human_Sol unit=Light Striker kind=move dst=(-317,99,60)
[ORDER] commander=ai team=Team_Human_Centauri unit=Squad Transport kind=move dst=(-390,73,155)
[P31] team=Team_Alien preset=Combat stock=Crab ours=Crab agree=True rationale=swarm floor (have 5/16)
[P31] team=Team_Alien preset=Harvest stock=Shrimp ours=Shrimp agree=True rationale=biotic cap (have 26/70)
[AI] [Team_Alien] tick=75 reqs=5 type={Construct:5} task={} prio(min/avg/max)=10/43.2/62 groups=0
[ORDER] commander=ai team=Team_Human_Centauri unit=Light Raider kind=move dst=(-1372,37,-1073)
[ORDER] commander=ai team=Team_Human_Centauri unit=Heavy Raider kind=move dst=(-1372,37,-1073)
[ORDER] commander=ai team=Team_Human_Centauri unit=Assault Car kind=move dst=(-1372,37,-1073)
[ORDER] commander=ai team=Team_Alien unit=Shocker kind=move dst=(415,10,-80)
[ORDER] commander=ai team=Team_Human_Centauri unit=Light Raider kind=move dst=(-345,105,20)
[ORDER] commander=ai team=Team_Human_Centauri unit=Light Raider kind=move dst=(-345,105,20)
[ORDER] commander=ai team=Team_Human_Centauri unit=Heavy Raider kind=move dst=(-345,105,20)
[ORDER] commander=ai team=Team_Alien unit=Hunter kind=move dst=(415,10,-80)
[ORDER] commander=ai team=Team_Alien unit=Squid kind=move dst=(-113,103,-637)
[ORDER] commander=ai team=Team_Alien unit=Squid kind=move dst=(-113,103,-637)
[ORDER] commander=ai team=Team_Alien unit=Squid kind=move dst=(-113,103,-637)
[ORDER] commander=ai team=Team_Human_Centauri unit=Squad Transport kind=move dst=(-681,70,-540)
[ORDER] commander=ai team=Team_Human_Sol unit=Light Quad kind=move dst=(0,0,0)
[ORDER] commander=ai team=Team_Alien unit=Shocker kind=move dst=(403,12,-75)
[ORDER] commander=ai team=Team_Alien unit=Hunter kind=move dst=(402,12,-74)
[ORDER] commander=ai team=Team_Alien unit=Squid kind=move dst=(-113,103,-637)
[ORDER] commander=ai team=Team_Alien unit=Squid kind=move dst=(-113,103,-637)
[ORDER] commander=ai team=Team_Alien unit=Squid kind=move dst=(-113,103,-637)
[ORDER] commander=ai team=Team_Human_Centauri unit=Squad Transport kind=move dst=(-681,70,-540)
[ORDER] commander=ai team=Team_Human_Centauri unit=Squad Transport kind=move dst=(150,9,52)
[H2] team=Team_Human_Centauri fire=Headquarters argmaxCell=(29,74) val=50 atWorld=(-320,1480) hqCount=2
[AI] [Team_Human_Centauri] tick=76 reqs=3 type={Construct:3} task={} prio(min/avg/max)=10/47.0/81 groups=0
[ORDER] commander=ai team=Team_Human_Centauri unit=Militia kind=move dst=(171,30,-309)
[ORDER] commander=ai team=Team_Alien unit=Shocker kind=move dst=(390,15,-69)
[ORDER] commander=ai team=Team_Alien unit=Hunter kind=move dst=(389,15,-69)
[ORDER] commander=ai team=Team_Human_Sol unit=Scout kind=move dst=(-45,59,-735)
[ORDER] commander=ai team=Team_Human_Sol unit=Scout kind=move dst=(-45,59,-735)
[ORDER] commander=ai team=Team_Human_Sol unit=Scout kind=move dst=(-45,59,-735)
[ORDER] commander=ai team=Team_Human_Sol unit=Rifleman kind=move dst=(-45,59,-735)
[ORDER] commander=ai team=Team_Human_Sol unit=Heavy Quad kind=attack tgt=Crab(Clone) (Target)
[ORDER] commander=ai team=Team_Human_Sol unit=Light Striker kind=attack tgt=Crab(Clone) (Target)
[ORDER] commander=ai team=Team_Human_Sol unit=Light Quad kind=attack tgt=SpecialContainer_Long_01_Small(Clone) (Target)
[ORDER] commander=ai team=Team_Human_Sol unit=Light Quad kind=attack tgt=SpecialContainer_Long_01_Small(Clone) (Target)
[ORDER] commander=ai team=Team_Human_Sol unit=Heavy Quad kind=attack tgt=SpecialContainer_Long_01_Small(Clone) (Target)
[ORDER] commander=ai team=Team_Human_Sol unit=Scout kind=move dst=(1190,39,-332)
[ORDER] commander=ai team=Team_Human_Sol unit=Scout kind=move dst=(1190,39,-332)
[ORDER] commander=ai team=Team_Human_Sol unit=Scout kind=move dst=(1190,39,-332)
[ORDER] commander=ai team=Team_Human_Sol unit=Rifleman kind=move dst=(1190,39,-332)
[ORDER] commander=ai team=Team_Human_Sol unit=Platoon Hauler kind=move dst=(-228,31,1229)
[ORDER] commander=ai team=Team_Human_Sol unit=Platoon Hauler kind=move dst=(852,46,-689)
[ORDER] commander=ai team=Team_Human_Sol unit=Platoon Hauler kind=attack tgt=Crab(Clone) (Target)
[H2] team=Team_Human_Sol fire=Headquarters argmaxCell=(45,55) val=60 atWorld=(320,720) hqCount=2
[AI] [Team_Human_Sol] tick=76 reqs=4 type={Construct:4} task={} prio(min/avg/max)=10/77.5/100 groups=0
[ORDER] commander=ai team=Team_Alien unit=Squid kind=move dst=(-113,103,-637)
[ORDER] commander=ai team=Team_Alien unit=Squid kind=move dst=(-113,103,-637)
[ORDER] commander=ai team=Team_Alien unit=Squid kind=move dst=(-113,103,-637)
[ORDER] commander=ai team=Team_Human_Sol unit=Platoon Hauler kind=move dst=(100,58,-229)
[ORDER] commander=ai team=Team_Human_Centauri unit=Squad Transport kind=move dst=(-681,70,-540)
[ORDER] commander=ai team=Team_Human_Sol unit=Heavy Quad kind=move dst=(-317,99,60)
[P31] team=Team_Alien preset=Combat stock=Crab ours=Crab agree=True rationale=swarm floor (have 5/16)
[P31] team=Team_Alien preset=Harvest stock=Shrimp ours=Shrimp agree=True rationale=biotic cap (have 26/70)
[ORDER] commander=ai team=Team_Alien unit=Wasp kind=attack tgt=Sol_Soldier_Scout(Clone) (Target)
[ORDER] commander=ai team=Team_Alien unit=Squid kind=attack tgt=Sol_Soldier_Scout(Clone) (Target)
[ORDER] commander=ai team=Team_Alien unit=Squid kind=attack tgt=Sol_Soldier_Scout(Clone) (Target)
[ORDER] commander=ai team=Team_Alien unit=Squid kind=attack tgt=Sol_Soldier_Scout(Clone) (Target)
[AI] [Team_Alien] tick=76 reqs=5 type={Construct:5} task={} prio(min/avg/max)=10/42.2/62 groups=0
[ORDER] commander=ai team=Team_Human_Centauri unit=Militia kind=stop
[ORDER] commander=ai team=Team_Human_Centauri unit=Militia kind=move dst=(-608,70,-404)
[ORDER] commander=ai team=Team_Human_Centauri unit=Militia kind=move dst=(-608,70,-404)
[ORDER] commander=ai team=Team_Human_Centauri unit=Trooper kind=move dst=(-608,70,-404)
[ORDER] commander=ai team=Team_Alien unit=Shocker kind=move dst=(383,17,-70)
[ORDER] commander=ai team=Team_Alien unit=Hunter kind=move dst=(383,17,-70)
[ORDER] commander=ai team=Team_Alien unit=Wasp kind=stop
[ORDER] commander=ai team=Team_Alien unit=Squid kind=move dst=(-113,103,-637)
[ORDER] commander=ai team=Team_Alien unit=Squid kind=move dst=(-113,103,-637)
[ORDER] commander=ai team=Team_Alien unit=Squid kind=move dst=(-113,103,-637)
[ORDER] commander=ai team=Team_Human_Centauri unit=Squad Transport kind=move dst=(-681,70,-540)
[ORDER] commander=ai team=Team_Human_Centauri unit=Militia kind=move dst=(-728,117,-610)
[ORDER] commander=ai team=Team_Alien unit=Shocker kind=move dst=(376,18,-73)
[ORDER] commander=ai team=Team_Alien unit=Hunter kind=move dst=(376,18,-73)
[ORDER] commander=ai team=Team_Alien unit=Squid kind=move dst=(-113,103,-637)
[ORDER] commander=ai team=Team_Alien unit=Squid kind=move dst=(-113,103,-637)
[ORDER] commander=ai team=Team_Alien unit=Squid kind=move dst=(-113,103,-637)
[ORDER] commander=ai team=Team_Human_Centauri unit=Squad Transport kind=move dst=(-681,70,-540)
[ORDER] commander=ai team=Team_Human_Sol unit=Light Striker kind=move dst=(-317,99,60)
[SPAWN_U] team=Team_Alien unit=Shrimp
[H2] team=Team_Human_Centauri fire=Headquarters argmaxCell=(29,74) val=50 atWorld=(-320,1480) hqCount=2
[AI] [Team_Human_Centauri] tick=77 reqs=3 type={Construct:3} task={} prio(min/avg/max)=10/47.0/81 groups=0
[ORDER] commander=ai team=Team_Alien unit=Shocker kind=move dst=(371,17,-82)
[ORDER] commander=ai team=Team_Alien unit=Hunter kind=move dst=(370,17,-83)
[ORDER] commander=ai team=Team_Human_Sol unit=Platoon Hauler kind=attack tgt=Crab(Clone) (Target)
[H1] team=Team_Human_Sol fire=Refinery atBalterium=(1294,1066) refCount=1
[H1] team=Team_Human_Sol fire=Refinery atBalterium=(715,897) refCount=2
[H2] team=Team_Human_Sol fire=Headquarters argmaxCell=(45,55) val=60 atWorld=(320,720) hqCount=2
[AI] [Team_Human_Sol] tick=77 reqs=4 type={Construct:4} task={} prio(min/avg/max)=10/77.5/100 groups=0
[ORDER] commander=ai team=Team_Alien unit=Squid kind=move dst=(-113,103,-637)
[ORDER] commander=ai team=Team_Alien unit=Squid kind=move dst=(-113,103,-637)
[ORDER] commander=ai team=Team_Alien unit=Squid kind=move dst=(-113,103,-637)
[ORDER] commander=ai team=Team_Human_Centauri unit=Squad Transport kind=move dst=(-681,70,-540)
[P31] team=Team_Alien preset=Combat stock=Crab ours=Crab agree=True rationale=swarm floor (have 5/16)
[P31] team=Team_Alien preset=Harvest stock=Shrimp ours=Shrimp agree=True rationale=biotic cap (have 27/70)
[P32] team=Team_Alien fire=Node towardPatchAt=(-789,-616) distToOwned=347m nodesOwned=24 anchorAt=(-45,-735)
[AI] [Team_Alien] tick=77 reqs=4 type={Construct:4} task={} prio(min/avg/max)=10/41.3/62 groups=0
[ORDER] commander=ai team=Team_Human_Sol unit=Light Quad kind=move dst=(399,16,-59)
[ORDER] commander=ai team=Team_Human_Sol unit=Light Quad kind=move dst=(399,16,-59)
[ORDER] commander=ai team=Team_Human_Sol unit=Heavy Quad kind=stop
[ORDER] commander=ai team=Team_Human_Centauri unit=Militia kind=move dst=(-728,117,-610)
[ORDER] commander=ai team=Team_Alien unit=Shocker kind=move dst=(371,17,-82)
[ORDER] commander=ai team=Team_Alien unit=Hunter kind=move dst=(370,17,-83)
[ORDER] commander=ai team=Team_Alien unit=Squid kind=move dst=(-113,103,-637)
[ORDER] commander=ai team=Team_Alien unit=Squid kind=move dst=(-113,103,-637)
[ORDER] commander=ai team=Team_Alien unit=Squid kind=move dst=(-113,103,-637)
[SPAWN_S] team=Team_Alien structure=Node at=(-190,35)
[ORDER] commander=ai team=Team_Human_Centauri unit=Squad Transport kind=move dst=(-681,70,-540)
[ORDER] commander=ai team=Team_Human_Sol unit=Light Quad kind=move dst=(404,15,-60)
[ORDER] commander=ai team=Team_Human_Sol unit=Light Quad kind=move dst=(404,15,-60)
[ORDER] commander=ai team=Team_Human_Centauri unit=Militia kind=stop
[ORDER] commander=ai team=Team_Human_Centauri unit=Militia kind=move dst=(-602,71,-422)
[ORDER] commander=ai team=Team_Human_Centauri unit=Militia kind=move dst=(-602,71,-422)
[ORDER] commander=ai team=Team_Human_Centauri unit=Trooper kind=move dst=(-602,71,-422)
[SPAWN_U] team=Team_Alien unit=Shrimp
[ORDER] commander=ai team=Team_Alien unit=Shocker kind=move dst=(371,17,-82)
[ORDER] commander=ai team=Team_Alien unit=Hunter kind=move dst=(370,17,-83)
[ORDER] commander=ai team=Team_Alien unit=Squid kind=move dst=(-113,103,-637)
[ORDER] commander=ai team=Team_Alien unit=Squid kind=move dst=(-113,103,-637)
[ORDER] commander=ai team=Team_Alien unit=Squid kind=move dst=(-113,103,-637)
[ORDER] commander=ai team=Team_Human_Centauri unit=Squad Transport kind=move dst=(-681,70,-540)
[ORDER] commander=ai team=Team_Human_Sol unit=Light Quad kind=move dst=(278,63,-293)
[ORDER] commander=ai team=Team_Human_Sol unit=Light Quad kind=move dst=(278,63,-293)
[ORDER] commander=ai team=Team_Human_Sol unit=Heavy Quad kind=move dst=(278,63,-293)
[ORDER] commander=ai team=Team_Human_Centauri unit=Squad Transport kind=move dst=(-904,134,-760)
[H2] team=Team_Human_Centauri fire=Headquarters argmaxCell=(29,74) val=50 atWorld=(-320,1480) hqCount=2
[AI] [Team_Human_Centauri] tick=78 reqs=3 type={Construct:3} task={} prio(min/avg/max)=10/47.0/81 groups=0
[ORDER] commander=ai team=Team_Human_Centauri unit=Trooper kind=move dst=(171,30,-309)
[ORDER] commander=ai team=Team_Human_Centauri unit=Militia kind=move dst=(-728,117,-610)
[ORDER] commander=ai team=Team_Alien unit=Shocker kind=move dst=(371,17,-82)
[ORDER] commander=ai team=Team_Alien unit=Hunter kind=move dst=(370,17,-83)
[H2] team=Team_Human_Sol fire=Headquarters argmaxCell=(45,55) val=60 atWorld=(320,720) hqCount=2
[AI] [Team_Human_Sol] tick=78 reqs=4 type={Construct:4} task={} prio(min/avg/max)=10/77.5/100 groups=0
[ORDER] commander=ai team=Team_Alien unit=Squid kind=move dst=(-113,103,-637)
[ORDER] commander=ai team=Team_Alien unit=Squid kind=move dst=(-113,103,-637)
[ORDER] commander=ai team=Team_Alien unit=Squid kind=move dst=(-113,103,-637)
[ORDER] commander=ai team=Team_Human_Centauri unit=Squad Transport kind=move dst=(-904,134,-760)
[ORDER] commander=ai team=Team_Human_Centauri unit=Squad Transport kind=move dst=(-681,70,-540)
[P31] team=Team_Alien preset=Combat stock=Crab ours=Crab agree=True rationale=swarm floor (have 5/16)
[ORDER] commander=ai team=Team_Alien unit=Crab kind=attack tgt=Sol_Light_PlatoonHauler(Clone) (Target)
[ORDER] commander=ai team=Team_Alien unit=Crab kind=attack tgt=Sol_Light_PlatoonHauler(Clone) (Target)
[ORDER] commander=ai team=Team_Alien unit=Crab kind=attack tgt=Sol_Light_PlatoonHauler(Clone) (Target)
[ORDER] commander=ai team=Team_Alien unit=Crab kind=attack tgt=Sol_Light_PlatoonHauler(Clone) (Target)
[ORDER] commander=ai team=Team_Alien unit=Hunter kind=move dst=(-728,117,-610)
[ORDER] commander=ai team=Team_Alien unit=Shocker kind=move dst=(-854,33,-1256)
[ORDER] commander=ai team=Team_Alien unit=Shocker kind=move dst=(-854,33,-1256)
[ORDER] commander=ai team=Team_Alien unit=Crab kind=move dst=(873,35,-299)
[ORDER] commander=ai team=Team_Alien unit=Horned Crab kind=move dst=(873,35,-299)
[ORDER] commander=ai team=Team_Alien unit=Horned Crab kind=move dst=(873,35,-299)
[ORDER] commander=ai team=Team_Alien unit=Shocker kind=move dst=(873,35,-299)
[ORDER] commander=ai team=Team_Alien unit=Hunter kind=attack tgt=Sol_Soldier_Scout(Clone) (Target)
[ORDER] commander=ai team=Team_Alien unit=Crab kind=attack tgt=Sol_Light_PlatoonHauler(Clone) (Target)
[ORDER] commander=ai team=Team_Alien unit=Horned Crab kind=attack tgt=Sol_Light_PlatoonHauler(Clone) (Target)
[ORDER] commander=ai team=Team_Alien unit=Horned Crab kind=attack tgt=Sol_Light_PlatoonHauler(Clone) (Target)
[ORDER] commander=ai team=Team_Alien unit=Shocker kind=attack tgt=Sol_Light_PlatoonHauler(Clone) (Target)
[AI] [Team_Alien] tick=78 reqs=3 type={Construct:3} task={} prio(min/avg/max)=10/40.7/62 groups=0
[ORDER] commander=ai team=Team_Alien unit=Shocker kind=move dst=(-854,33,-1256)
[ORDER] commander=ai team=Team_Alien unit=Hunter kind=move dst=(303,49,-380)
[ORDER] commander=ai team=Team_Alien unit=Squid kind=move dst=(-113,103,-637)
[ORDER] commander=ai team=Team_Alien unit=Squid kind=move dst=(-113,103,-637)
[ORDER] commander=ai team=Team_Alien unit=Squid kind=move dst=(-113,103,-637)
[ORDER] commander=ai team=Team_Human_Centauri unit=Squad Transport kind=move dst=(-904,134,-760)
[ORDER] commander=ai team=Team_Human_Centauri unit=Squad Transport kind=move dst=(-681,70,-540)
[ORDER] commander=ai team=Team_Human_Centauri unit=Militia kind=stop
[ORDER] commander=ai team=Team_Human_Centauri unit=Militia kind=move dst=(-600,74,-435)
[ORDER] commander=ai team=Team_Human_Centauri unit=Militia kind=move dst=(-600,74,-435)
[ORDER] commander=ai team=Team_Human_Centauri unit=Trooper kind=move dst=(-600,74,-435)
[ORDER] commander=ai team=Team_Alien unit=Shocker kind=move dst=(-854,33,-1256)
[ORDER] commander=ai team=Team_Alien unit=Hunter kind=move dst=(302,44,-384)
[ORDER] commander=ai team=Team_Alien unit=Squid kind=move dst=(-113,103,-637)
[ORDER] commander=ai team=Team_Alien unit=Squid kind=move dst=(-113,103,-637)
[ORDER] commander=ai team=Team_Alien unit=Squid kind=move dst=(-113,103,-637)
[ORDER] commander=ai team=Team_Alien unit=Crab kind=stop
[ORDER] commander=ai team=Team_Alien unit=Crab kind=move dst=(168,94,-197)
[ORDER] commander=ai team=Team_Alien unit=Crab kind=move dst=(168,94,-197)
[ORDER] commander=ai team=Team_Alien unit=Crab kind=move dst=(168,94,-197)
[ORDER] commander=ai team=Team_Human_Centauri unit=Squad Transport kind=move dst=(-904,134,-760)
[ORDER] commander=ai team=Team_Human_Centauri unit=Squad Transport kind=move dst=(-681,70,-540)
[ORDER] commander=ai team=Team_Human_Centauri unit=Squad Transport kind=attack tgt=ConstructionSite_Alien_Node(Clone) (Target)
[H2] team=Team_Human_Centauri fire=Headquarters argmaxCell=(29,74) val=50 atWorld=(-320,1480) hqCount=2
[AI] [Team_Human_Centauri] tick=79 reqs=3 type={Construct:3} task={} prio(min/avg/max)=10/47.0/81 groups=0
[ORDER] commander=ai team=Team_Human_Centauri unit=Militia kind=move dst=(-728,117,-610)
[ORDER] commander=ai team=Team_Alien unit=Shocker kind=move dst=(-854,33,-1256)
[ORDER] commander=ai team=Team_Alien unit=Hunter kind=move dst=(302,44,-387)
[ORDER] commander=ai team=Team_Human_Sol unit=Light Quad kind=attack tgt=Crab(Clone) (Target)
[ORDER] commander=ai team=Team_Human_Sol unit=Light Quad kind=attack tgt=Crab(Clone) (Target)
[ORDER] commander=ai team=Team_Human_Sol unit=Heavy Quad kind=attack tgt=Crab(Clone) (Target)
[ORDER] commander=ai team=Team_Human_Sol unit=Heavy Quad kind=attack tgt=Crab(Clone) (Target)
[ORDER] commander=ai team=Team_Human_Sol unit=Light Raider kind=attack tgt=Crab(Clone) (Target)
[ORDER] commander=ai team=Team_Human_Sol unit=Light Raider kind=attack tgt=Crab(Clone) (Target)
[H1] team=Team_Human_Sol fire=Refinery atBalterium=(1294,1066) refCount=1
[H1] team=Team_Human_Sol fire=Refinery atBalterium=(715,897) refCount=2
[H2] team=Team_Human_Sol fire=Headquarters argmaxCell=(45,55) val=60 atWorld=(320,720) hqCount=2
[AI] [Team_Human_Sol] tick=79 reqs=4 type={Construct:4} task={} prio(min/avg/max)=10/77.5/100 groups=0
[ORDER] commander=ai team=Team_Alien unit=Squid kind=move dst=(-113,103,-637)
[ORDER] commander=ai team=Team_Alien unit=Squid kind=move dst=(-113,103,-637)
[ORDER] commander=ai team=Team_Alien unit=Squid kind=move dst=(-113,103,-637)
[ORDER] commander=ai team=Team_Human_Centauri unit=Squad Transport kind=move dst=(-681,70,-540)
[P31] team=Team_Alien preset=Combat stock=Crab ours=Crab agree=True rationale=swarm floor (have 4/16)
[P31] team=Team_Alien preset=Combat stock=Crab ours=Crab agree=True rationale=swarm floor (have 4/16)
[ORDER] commander=ai team=Team_Alien unit=Shocker kind=move dst=(-728,117,-610)
[ORDER] commander=ai team=Team_Alien unit=Shocker kind=move dst=(-728,117,-610)
[ORDER] commander=ai team=Team_Alien unit=Shocker kind=attack tgt=Sol_Light_PlatoonHauler(Clone) (Target)
[ORDER] commander=ai team=Team_Alien unit=Shocker kind=attack tgt=Sol_Light_PlatoonHauler(Clone) (Target)
[AI] [Team_Alien] tick=79 reqs=4 type={Construct:4} task={} prio(min/avg/max)=10/41.3/62 groups=0
[ORDER] commander=ai team=Team_Alien unit=Shocker kind=move dst=(84,20,-103)
[ORDER] commander=ai team=Team_Alien unit=Hunter kind=move dst=(301,42,-396)
[ORDER] commander=ai team=Team_Alien unit=Squid kind=move dst=(-113,103,-637)
[ORDER] commander=ai team=Team_Alien unit=Squid kind=move dst=(-113,103,-637)
[ORDER] commander=ai team=Team_Alien unit=Squid kind=move dst=(-113,103,-637)
[ORDER] commander=ai team=Team_Alien unit=Crab kind=move dst=(85,21,-106)
[ORDER] commander=ai team=Team_Human_Centauri unit=Squad Transport kind=move dst=(-681,70,-540)
[ORDER] commander=ai team=Team_Human_Centauri unit=Militia kind=stop
[ORDER] commander=ai team=Team_Human_Centauri unit=Militia kind=move dst=(-597,78,-447)
[ORDER] commander=ai team=Team_Human_Centauri unit=Militia kind=move dst=(-597,78,-447)
[ORDER] commander=ai team=Team_Human_Centauri unit=Trooper kind=move dst=(-597,78,-447)
[ORDER] commander=ai team=Team_Alien unit=Shocker kind=move dst=(88,20,-113)
[ORDER] commander=ai team=Team_Alien unit=Hunter kind=move dst=(300,41,-404)
[ORDER] commander=ai team=Team_Alien unit=Squid kind=move dst=(-113,103,-637)
[ORDER] commander=ai team=Team_Alien unit=Squid kind=move dst=(-113,103,-637)
[ORDER] commander=ai team=Team_Alien unit=Squid kind=move dst=(-113,103,-637)
[ORDER] commander=ai team=Team_Alien unit=Crab kind=stop
[ORDER] commander=ai team=Team_Human_Centauri unit=Squad Transport kind=move dst=(-681,70,-540)
[ORDER] commander=ai team=Team_Human_Centauri unit=Squad Transport kind=attack tgt=Alien_Node(Clone) (Target)
[H2] team=Team_Human_Centauri fire=Headquarters argmaxCell=(29,74) val=50 atWorld=(-320,1480) hqCount=2
[AI] [Team_Human_Centauri] tick=80 reqs=3 type={Construct:3} task={} prio(min/avg/max)=10/47.0/81 groups=0
[ORDER] commander=ai team=Team_Human_Centauri unit=Militia kind=move dst=(-728,117,-610)
[ORDER] commander=ai team=Team_Alien unit=Shocker kind=move dst=(91,21,-123)
[ORDER] commander=ai team=Team_Alien unit=Hunter kind=move dst=(298,41,-409)
[ORDER] commander=ai team=Team_Human_Sol unit=Platoon Hauler kind=move dst=(-355,23,27)
[ORDER] commander=ai team=Team_Human_Sol unit=Light Quad kind=attack tgt=Crab(Clone) (Target)
[ORDER] commander=ai team=Team_Human_Sol unit=Light Quad kind=attack tgt=Crab(Clone) (Target)
[ORDER] commander=ai team=Team_Human_Sol unit=Heavy Quad kind=attack tgt=Crab(Clone) (Target)
[ORDER] commander=ai team=Team_Human_Sol unit=Heavy Quad kind=attack tgt=SpecialContainer_Long_01_Small(Clone) (Target)
[ORDER] commander=ai team=Team_Human_Sol unit=Light Striker kind=attack tgt=SpecialContainer_Long_01_Small(Clone) (Target)
[ORDER] commander=ai team=Team_Human_Sol unit=Platoon Hauler kind=move dst=(-228,31,1229)
[ORDER] commander=ai team=Team_Human_Sol unit=Scout kind=attack tgt=Crab(Clone) (Target)
[ORDER] commander=ai team=Team_Human_Sol unit=Scout kind=attack tgt=Crab(Clone) (Target)
[ORDER] commander=ai team=Team_Human_Sol unit=Scout kind=attack tgt=Crab(Clone) (Target)
[ORDER] commander=ai team=Team_Human_Sol unit=Rifleman kind=attack tgt=Crab(Clone) (Target)
[ORDER] commander=ai team=Team_Human_Sol unit=Light Striker kind=attack tgt=Crab(Clone) (Target)
[ORDER] commander=ai team=Team_Human_Sol unit=Light Striker kind=attack tgt=Crab(Clone) (Target)
[ORDER] commander=ai team=Team_Human_Sol unit=Heavy Quad kind=attack tgt=Crab(Clone) (Target)
[H2] team=Team_Human_Sol fire=Headquarters argmaxCell=(45,55) val=60 atWorld=(320,720) hqCount=2
[AI] [Team_Human_Sol] tick=80 reqs=4 type={Construct:4} task={} prio(min/avg/max)=10/77.5/100 groups=0
[ORDER] commander=ai team=Team_Alien unit=Squid kind=move dst=(-113,103,-637)
[ORDER] commander=ai team=Team_Alien unit=Squid kind=move dst=(-113,103,-637)
[ORDER] commander=ai team=Team_Alien unit=Squid kind=move dst=(-113,103,-637)
[ORDER] commander=ai team=Team_Alien unit=Crab kind=move dst=(162,94,-186)
[ORDER] commander=ai team=Team_Alien unit=Crab kind=move dst=(162,94,-186)
[ORDER] commander=ai team=Team_Human_Centauri unit=Squad Transport kind=move dst=(-681,70,-540)
[P31] team=Team_Alien preset=Combat stock=Crab ours=Crab agree=True rationale=swarm floor (have 4/16)
[P31] team=Team_Alien preset=Combat stock=Crab ours=Crab agree=True rationale=swarm floor (have 4/16)
[P31] team=Team_Alien preset=Combat stock=Crab ours=Crab agree=True rationale=swarm floor (have 4/16)
[P32] team=Team_Alien fire=Node towardPatchAt=(-789,-616) distToOwned=347m nodesOwned=23 anchorAt=(-45,-735)
[AI] [Team_Alien] tick=80 reqs=5 type={Construct:5} task={} prio(min/avg/max)=10/41.6/62 groups=0
[ORDER] commander=ai team=Team_Alien unit=Shocker kind=move dst=(94,24,-133)
[ORDER] commander=ai team=Team_Alien unit=Hunter kind=move dst=(295,42,-409)
[ORDER] commander=ai team=Team_Alien unit=Squid kind=move dst=(-113,103,-637)
[ORDER] commander=ai team=Team_Alien unit=Squid kind=move dst=(-113,103,-637)
[ORDER] commander=ai team=Team_Alien unit=Squid kind=move dst=(-113,103,-637)
[ORDER] commander=ai team=Team_Human_Centauri unit=Squad Transport kind=move dst=(-681,70,-540)
[ORDER] commander=ai team=Team_Human_Sol unit=Light Quad kind=move dst=(390,11,-86)
[ORDER] commander=ai team=Team_Human_Sol unit=Light Quad kind=move dst=(390,11,-86)
[ORDER] commander=ai team=Team_Human_Sol unit=Heavy Quad kind=stop
[ORDER] commander=ai team=Team_Human_Centauri unit=Militia kind=stop
[ORDER] commander=ai team=Team_Human_Centauri unit=Militia kind=move dst=(-593,81,-460)
[ORDER] commander=ai team=Team_Human_Centauri unit=Militia kind=move dst=(-593,81,-460)
[ORDER] commander=ai team=Team_Human_Centauri unit=Trooper kind=move dst=(-593,81,-460)
[ORDER] commander=ai team=Team_Alien unit=Shocker kind=move dst=(90,26,-144)
[ORDER] commander=ai team=Team_Alien unit=Hunter kind=move dst=(286,43,-407)
[ORDER] commander=ai team=Team_Alien unit=Squid kind=move dst=(-113,103,-637)
[ORDER] commander=ai team=Team_Alien unit=Squid kind=move dst=(-113,103,-637)
[ORDER] commander=ai team=Team_Alien unit=Squid kind=move dst=(-113,103,-637)
[ORDER] commander=ai team=Team_Human_Centauri unit=Squad Transport kind=move dst=(-681,70,-540)
[ORDER] commander=ai team=Team_Human_Centauri unit=Squad Transport kind=attack tgt=Alien_Node(Clone) (Target)
[ORDER] commander=ai team=Team_Human_Centauri unit=Light Raider kind=attack tgt=Alien_Node(Clone) (Target)
[ORDER] commander=ai team=Team_Human_Centauri unit=Heavy Raider kind=attack tgt=Alien_Node(Clone) (Target)
[ORDER] commander=ai team=Team_Human_Centauri unit=Assault Car kind=attack tgt=Alien_Node(Clone) (Target)
[H2] team=Team_Human_Centauri fire=Headquarters argmaxCell=(29,74) val=50 atWorld=(-320,1480) hqCount=2
[AI] [Team_Human_Centauri] tick=81 reqs=3 type={Construct:3} task={} prio(min/avg/max)=10/47.0/81 groups=0
[ORDER] commander=ai team=Team_Human_Centauri unit=Militia kind=move dst=(-728,117,-610)
[ORDER] commander=ai team=Team_Human_Centauri unit=Light Raider kind=move dst=(-390,89,-145)
[ORDER] commander=ai team=Team_Human_Centauri unit=Assault Car kind=move dst=(-390,89,-145)
[ORDER] commander=ai team=Team_Alien unit=Shocker kind=move dst=(81,26,-151)
[ORDER] commander=ai team=Team_Alien unit=Hunter kind=move dst=(279,44,-404)
[ORDER] commander=ai team=Team_Human_Sol unit=Heavy Quad kind=move dst=(-317,99,60)
[ORDER] commander=ai team=Team_Human_Sol unit=Light Raider kind=move dst=(-317,99,60)
[ORDER] commander=ai team=Team_Human_Sol unit=Light Raider kind=move dst=(-317,99,60)
[ORDER] commander=ai team=Team_Human_Sol unit=Scout kind=move dst=(-45,59,-735)
[ORDER] commander=ai team=Team_Human_Sol unit=Scout kind=move dst=(-45,59,-735)
[ORDER] commander=ai team=Team_Human_Sol unit=Scout kind=move dst=(-45,59,-735)
[ORDER] commander=ai team=Team_Human_Sol unit=Rifleman kind=move dst=(-45,59,-735)
[ORDER] commander=ai team=Team_Human_Sol unit=Platoon Hauler kind=attack tgt=Crab(Clone) (Target)
[H1] team=Team_Human_Sol fire=Refinery atBalterium=(1294,1066) refCount=1
[H1] team=Team_Human_Sol fire=Refinery atBalterium=(715,897) refCount=2
[H2] team=Team_Human_Sol fire=Headquarters argmaxCell=(45,55) val=60 atWorld=(320,720) hqCount=2
[AI] [Team_Human_Sol] tick=81 reqs=4 type={Construct:4} task={} prio(min/avg/max)=10/77.5/100 groups=0
[ORDER] commander=ai team=Team_Alien unit=Squid kind=move dst=(-113,103,-637)
[ORDER] commander=ai team=Team_Alien unit=Squid kind=move dst=(-113,103,-637)
[ORDER] commander=ai team=Team_Alien unit=Squid kind=move dst=(-113,103,-637)
[ORDER] commander=ai team=Team_Human_Sol unit=Platoon Hauler kind=move dst=(149,81,-214)
[ORDER] commander=ai team=Team_Human_Centauri unit=Squad Transport kind=move dst=(-681,70,-540)
[P31] team=Team_Alien preset=Combat stock=Crab ours=Crab agree=True rationale=swarm floor (have 3/16)
[P31] team=Team_Alien preset=Combat stock=Crab ours=Crab agree=True rationale=swarm floor (have 3/16)
[P31] team=Team_Alien preset=Combat stock=Crab ours=Crab agree=True rationale=swarm floor (have 3/16)
[AI] [Team_Alien] tick=81 reqs=6 type={Construct:6} task={} prio(min/avg/max)=10/45.3/81 groups=0
[ORDER] commander=ai team=Team_Human_Sol unit=Heavy Quad kind=move dst=(149,81,-214)
[ORDER] commander=ai team=Team_Alien unit=Shocker kind=move dst=(73,26,-152)
[ORDER] commander=ai team=Team_Alien unit=Hunter kind=move dst=(273,44,-402)
[ORDER] commander=ai team=Team_Alien unit=Squid kind=move dst=(-113,103,-637)
[ORDER] commander=ai team=Team_Alien unit=Squid kind=move dst=(-113,103,-637)
[ORDER] commander=ai team=Team_Alien unit=Squid kind=move dst=(-113,103,-637)
[ORDER] commander=ai team=Team_Human_Centauri unit=Squad Transport kind=move dst=(-681,70,-540)
[SPAWN_S] team=Team_Human_Centauri structure=Research Facility at=(-1215,780)
[ORDER] commander=ai team=Team_Human_Centauri unit=Militia kind=stop
[ORDER] commander=ai team=Team_Human_Centauri unit=Militia kind=move dst=(-586,85,-472)
[ORDER] commander=ai team=Team_Human_Centauri unit=Militia kind=move dst=(-586,85,-472)
[ORDER] commander=ai team=Team_Human_Centauri unit=Trooper kind=move dst=(-586,85,-472)
[ORDER] commander=ai team=Team_Alien unit=Horned Crab kind=move dst=(72,26,-152)
[ORDER] commander=ai team=Team_Alien unit=Shocker kind=move dst=(72,26,-152)
[ORDER] commander=ai team=Team_Alien unit=Hunter kind=move dst=(276,46,-409)
[ORDER] commander=ai team=Team_Alien unit=Squid kind=move dst=(-113,103,-637)
[ORDER] commander=ai team=Team_Alien unit=Squid kind=move dst=(-113,103,-637)
[ORDER] commander=ai team=Team_Alien unit=Squid kind=move dst=(-113,103,-637)
[ORDER] commander=ai team=Team_Human_Centauri unit=Squad Transport kind=move dst=(-681,70,-540)
[ORDER] commander=ai team=Team_Human_Centauri unit=Heavy Raider kind=attack tgt=ConstructionSite_Alien_Node(Clone) (Target)
[ORDER] commander=ai team=Team_Human_Centauri unit=Heavy Raider kind=attack tgt=ConstructionSite_Alien_Node(Clone) (Target)
[ORDER] commander=ai team=Team_Human_Centauri unit=Light Raider kind=attack tgt=ConstructionSite_Alien_Node(Clone) (Target)
[H2] team=Team_Human_Centauri fire=Headquarters argmaxCell=(29,74) val=50 atWorld=(-320,1480) hqCount=2
[AI] [Team_Human_Centauri] tick=82 reqs=3 type={Construct:3} task={} prio(min/avg/max)=10/47.0/81 groups=0
[ORDER] commander=ai team=Team_Human_Centauri unit=Militia kind=move dst=(-728,117,-610)
[ORDER] commander=ai team=Team_Alien unit=Shocker kind=move dst=(72,26,-151)
[ORDER] commander=ai team=Team_Alien unit=Hunter kind=move dst=(280,45,-418)
[ORDER] commander=ai team=Team_Human_Sol unit=Platoon Hauler kind=move dst=(-355,23,27)
[H2] team=Team_Human_Sol fire=Headquarters argmaxCell=(45,55) val=60 atWorld=(320,720) hqCount=2
[AI] [Team_Human_Sol] tick=82 reqs=4 type={Construct:4} task={} prio(min/avg/max)=10/77.5/100 groups=0
[ORDER] commander=ai team=Team_Alien unit=Squid kind=move dst=(-113,103,-637)
[ORDER] commander=ai team=Team_Alien unit=Squid kind=move dst=(-113,103,-637)
[ORDER] commander=ai team=Team_Alien unit=Squid kind=move dst=(-113,103,-637)
[ORDER] commander=ai team=Team_Human_Centauri unit=Light Raider kind=move dst=(-630,74,-470)
[ORDER] commander=ai team=Team_Human_Sol unit=Heavy Quad kind=stop
[ORDER] commander=ai team=Team_Human_Sol unit=Light Raider kind=move dst=(231,11,47)
[ORDER] commander=ai team=Team_Human_Sol unit=Light Raider kind=move dst=(231,11,47)
[SPAWN_U] team=Team_Alien unit=Shrimp
[ORDER] commander=ai team=Team_Human_Centauri unit=Squad Transport kind=move dst=(-681,70,-540)
[P31] team=Team_Alien preset=Combat stock=Crab ours=Crab agree=True rationale=swarm floor (have 3/16)
[P31] team=Team_Alien preset=Combat stock=Crab ours=Crab agree=True rationale=swarm floor (have 3/16)
[P31] team=Team_Alien preset=Combat stock=Crab ours=Crab agree=True rationale=swarm floor (have 3/16)
[P31] team=Team_Alien preset=Harvest stock=Shrimp ours=Shrimp agree=True rationale=biotic cap (have 29/70)
[ORDER] commander=ai team=Team_Alien unit=Wasp kind=attack tgt=HeavyQuad_Intro(Clone) (Target)
[ORDER] commander=ai team=Team_Alien unit=Squid kind=attack tgt=HeavyQuad_Intro(Clone) (Target)
[ORDER] commander=ai team=Team_Alien unit=Squid kind=attack tgt=HeavyQuad_Intro(Clone) (Target)
[ORDER] commander=ai team=Team_Alien unit=Squid kind=attack tgt=HeavyQuad_Intro(Clone) (Target)
[ORDER] commander=ai team=Team_Alien unit=Shrimp kind=move dst=(-627,115,-518)
[AI] [Team_Alien] tick=82 reqs=8 type={Construct:8} task={} prio(min/avg/max)=1/45.1/81 groups=0
[ORDER] commander=ai team=Team_Alien unit=Shocker kind=move dst=(133,40,-242)
[ORDER] commander=ai team=Team_Alien unit=Hunter kind=move dst=(283,45,-426)
[ORDER] commander=ai team=Team_Alien unit=Wasp kind=stop
[ORDER] commander=ai team=Team_Alien unit=Squid kind=move dst=(-113,103,-637)
[ORDER] commander=ai team=Team_Alien unit=Squid kind=move dst=(-113,103,-637)
[ORDER] commander=ai team=Team_Alien unit=Squid kind=move dst=(-113,103,-637)
[ORDER] commander=ai team=Team_Human_Sol unit=Light Raider kind=move dst=(221,10,44)
[ORDER] commander=ai team=Team_Human_Sol unit=Light Raider kind=move dst=(221,10,44)
[ORDER] commander=ai team=Team_Human_Centauri unit=Squad Transport kind=move dst=(-681,70,-540)
[ORDER] commander=ai team=Team_Human_Centauri unit=Militia kind=move dst=(-728,117,-610)
[ORDER] commander=ai team=Team_Human_Centauri unit=Militia kind=move dst=(-728,117,-610)
[ORDER] commander=ai team=Team_Alien unit=Shocker kind=move dst=(138,38,-253)
[ORDER] commander=ai team=Team_Alien unit=Hunter kind=move dst=(285,45,-429)
[ORDER] commander=ai team=Team_Alien unit=Squid kind=move dst=(-112,103,-637)
[ORDER] commander=ai team=Team_Alien unit=Squid kind=move dst=(-112,103,-637)
[ORDER] commander=ai team=Team_Alien unit=Squid kind=move dst=(-112,103,-637)
[ORDER] commander=ai team=Team_Human_Centauri unit=Squad Transport kind=move dst=(-681,70,-540)
[SPAWN_U] team=Team_Alien unit=Shrimp
[ORDER] commander=ai team=Team_Human_Sol unit=Light Quad kind=move dst=(153,84,-216)
[ORDER] commander=ai team=Team_Human_Centauri unit=Heavy Raider kind=attack tgt=ConstructionSite_Alien_Node(Clone) (Target)
[ORDER] commander=ai team=Team_Human_Centauri unit=Heavy Raider kind=attack tgt=ConstructionSite_Alien_Node(Clone) (Target)
[ORDER] commander=ai team=Team_Human_Centauri unit=Light Raider kind=attack tgt=ConstructionSite_Alien_Node(Clone) (Target)
[H2] team=Team_Human_Centauri fire=Headquarters argmaxCell=(29,74) val=50 atWorld=(-320,1480) hqCount=2
[AI] [Team_Human_Centauri] tick=83 reqs=3 type={Construct:3} task={} prio(min/avg/max)=10/47.0/81 groups=0
[ORDER] commander=ai team=Team_Human_Centauri unit=Militia kind=stop
[ORDER] commander=ai team=Team_Human_Centauri unit=Militia kind=move dst=(-575,92,-487)
[ORDER] commander=ai team=Team_Human_Centauri unit=Militia kind=move dst=(-575,92,-487)
[ORDER] commander=ai team=Team_Human_Centauri unit=Trooper kind=move dst=(-575,92,-487)
[ORDER] commander=ai team=Team_Alien unit=Shocker kind=move dst=(145,33,-267)
[ORDER] commander=ai team=Team_Alien unit=Hunter kind=move dst=(284,45,-429)
[H1] team=Team_Human_Sol fire=Refinery atBalterium=(1294,1066) refCount=1
[H1] team=Team_Human_Sol fire=Refinery atBalterium=(715,897) refCount=2
[H2] team=Team_Human_Sol fire=Headquarters argmaxCell=(45,55) val=60 atWorld=(320,720) hqCount=2
[AI] [Team_Human_Sol] tick=83 reqs=4 type={Construct:4} task={} prio(min/avg/max)=10/77.5/100 groups=0
[ORDER] commander=ai team=Team_Alien unit=Squid kind=move dst=(-112,103,-637)
[ORDER] commander=ai team=Team_Alien unit=Squid kind=move dst=(-112,103,-637)
[ORDER] commander=ai team=Team_Alien unit=Squid kind=move dst=(-112,103,-637)
[ORDER] commander=ai team=Team_Human_Centauri unit=Heavy Raider kind=move dst=(-110,20,125)
[ORDER] commander=ai team=Team_Human_Centauri unit=Light Raider kind=move dst=(-110,20,125)
[ORDER] commander=ai team=Team_Human_Centauri unit=Squad Transport kind=move dst=(-681,70,-540)
[P31] team=Team_Alien preset=Combat stock=Crab ours=Crab agree=True rationale=swarm floor (have 3/16)
[P31] team=Team_Alien preset=Combat stock=Crab ours=Crab agree=True rationale=swarm floor (have 3/16)
[P31] team=Team_Alien preset=Combat stock=Crab ours=Crab agree=True rationale=swarm floor (have 3/16)
[P31] team=Team_Alien preset=Harvest stock=Shrimp ours=Shrimp agree=True rationale=biotic cap (have 30/70)
[ORDER] commander=ai team=Team_Alien unit=Hunter kind=attack tgt=Cent_Soldier_Militia(Clone) (Target)
[P32] team=Team_Alien fire=Cyst phase=starter atBcAt=(-115,-900) cystOwned=2/3
[P32] team=Team_Alien fire=Cyst phase=starter atBcAt=(45,-890) cystOwned=2/3
[AI] [Team_Alien] tick=83 reqs=8 type={Construct:8} task={} prio(min/avg/max)=1/43.4/81 groups=0
[ORDER] commander=ai team=Team_Human_Sol unit=Light Quad kind=move dst=(153,86,-215)
[ORDER] commander=ai team=Team_Human_Centauri unit=Militia kind=move dst=(-728,117,-610)
[ORDER] commander=ai team=Team_Alien unit=Shocker kind=move dst=(152,32,-282)
[ORDER] commander=ai team=Team_Alien unit=Hunter kind=move dst=(-575,92,-488)
[ORDER] commander=ai team=Team_Alien unit=Squid kind=move dst=(-112,103,-637)
[ORDER] commander=ai team=Team_Alien unit=Squid kind=move dst=(-112,103,-637)
[ORDER] commander=ai team=Team_Alien unit=Squid kind=move dst=(-112,103,-637)
[ORDER] commander=ai team=Team_Human_Centauri unit=Squad Transport kind=move dst=(-681,70,-540)
[ORDER] commander=ai team=Team_Alien unit=Shocker kind=move dst=(161,31,-292)
[ORDER] commander=ai team=Team_Alien unit=Hunter kind=move dst=(-573,93,-491)
[ORDER] commander=ai team=Team_Alien unit=Squid kind=move dst=(-112,103,-637)
[ORDER] commander=ai team=Team_Alien unit=Squid kind=move dst=(-112,103,-637)
[ORDER] commander=ai team=Team_Alien unit=Squid kind=move dst=(-112,103,-637)
[ORDER] commander=ai team=Team_Human_Centauri unit=Squad Transport kind=move dst=(-681,70,-540)
[ORDER] commander=ai team=Team_Human_Sol unit=Light Quad kind=move dst=(427,12,-84)
[ORDER] commander=ai team=Team_Human_Sol unit=Light Quad kind=move dst=(427,12,-84)
[ORDER] commander=ai team=Team_Human_Sol unit=Heavy Quad kind=stop
[H2] team=Team_Human_Centauri fire=Headquarters argmaxCell=(29,74) val=50 atWorld=(-320,1480) hqCount=2
[AI] [Team_Human_Centauri] tick=84 reqs=3 type={Construct:3} task={} prio(min/avg/max)=10/47.0/81 groups=0
[ORDER] commander=ai team=Team_Human_Centauri unit=Militia kind=move dst=(-728,117,-610)
[ORDER] commander=ai team=Team_Alien unit=Shocker kind=move dst=(173,30,-298)
[ORDER] commander=ai team=Team_Alien unit=Hunter kind=move dst=(-567,96,-496)
[ORDER] commander=ai team=Team_Human_Sol unit=Heavy Quad kind=attack tgt=Crab(Clone) (Target)
[ORDER] commander=ai team=Team_Human_Sol unit=Light Striker kind=attack tgt=Crab(Clone) (Target)
[ORDER] commander=ai team=Team_Human_Sol unit=Scout kind=attack tgt=SpecialContainer_Long_01_Small(Clone) (Target)
[ORDER] commander=ai team=Team_Human_Sol unit=Scout kind=attack tgt=SpecialContainer_Long_01_Small(Clone) (Target)
[ORDER] commander=ai team=Team_Human_Sol unit=Scout kind=attack tgt=SpecialContainer_Long_01_Small(Clone) (Target)
[ORDER] commander=ai team=Team_Human_Sol unit=Rifleman kind=attack tgt=SpecialContainer_Long_01_Small(Clone) (Target)
[ORDER] commander=ai team=Team_Human_Sol unit=Scout kind=attack tgt=Crab(Clone) (Target)
[ORDER] commander=ai team=Team_Human_Sol unit=Scout kind=attack tgt=Crab(Clone) (Target)
[ORDER] commander=ai team=Team_Human_Sol unit=Scout kind=attack tgt=Crab(Clone) (Target)
[ORDER] commander=ai team=Team_Human_Sol unit=Rifleman kind=attack tgt=Crab(Clone) (Target)
[H2] team=Team_Human_Sol fire=Headquarters argmaxCell=(45,55) val=60 atWorld=(320,720) hqCount=2
[AI] [Team_Human_Sol] tick=84 reqs=4 type={Construct:4} task={} prio(min/avg/max)=10/77.5/100 groups=0
[ORDER] commander=ai team=Team_Alien unit=Squid kind=move dst=(-112,103,-637)
[ORDER] commander=ai team=Team_Alien unit=Squid kind=move dst=(-112,103,-637)
[ORDER] commander=ai team=Team_Alien unit=Squid kind=move dst=(-112,103,-637)
[SPAWN_S] team=Team_Alien structure=Node at=(-110,125)
[ORDER] commander=ai team=Team_Human_Centauri unit=Squad Transport kind=move dst=(-681,70,-540)
[P31] team=Team_Alien preset=Combat stock=Crab ours=Crab agree=True rationale=swarm floor (have 3/16)
[P31] team=Team_Alien preset=Combat stock=Crab ours=Crab agree=True rationale=swarm floor (have 3/16)
[P31] team=Team_Alien preset=Combat stock=Crab ours=Crab agree=True rationale=swarm floor (have 3/16)
[P31] team=Team_Alien preset=Harvest stock=Shrimp ours=Shrimp agree=True rationale=biotic cap (have 30/70)
[AI] [Team_Alien] tick=84 reqs=7 type={Construct:7} task={} prio(min/avg/max)=10/49.9/81 groups=0
[ORDER] commander=ai team=Team_Human_Centauri unit=Militia kind=stop
[ORDER] commander=ai team=Team_Human_Centauri unit=Militia kind=move dst=(-563,97,-501)
[ORDER] commander=ai team=Team_Human_Centauri unit=Militia kind=move dst=(-563,97,-501)
[ORDER] commander=ai team=Team_Human_Centauri unit=Trooper kind=move dst=(-563,97,-501)
[ORDER] commander=ai team=Team_Alien unit=Shocker kind=move dst=(182,30,-303)
[ORDER] commander=ai team=Team_Alien unit=Hunter kind=move dst=(-562,98,-502)
[ORDER] commander=ai team=Team_Alien unit=Squid kind=move dst=(-112,103,-637)
[ORDER] commander=ai team=Team_Alien unit=Squid kind=move dst=(-112,103,-637)
[ORDER] commander=ai team=Team_Alien unit=Squid kind=move dst=(-112,103,-637)
[ORDER] commander=ai team=Team_Human_Centauri unit=Squad Transport kind=move dst=(-681,70,-540)
[ORDER] commander=ai team=Team_Human_Sol unit=Light Quad kind=move dst=(151,67,-226)
[ORDER] commander=ai team=Team_Human_Sol unit=Light Quad kind=move dst=(151,67,-226)
[ORDER] commander=ai team=Team_Human_Sol unit=Heavy Quad kind=move dst=(151,67,-226)
[ORDER] commander=ai team=Team_Alien unit=Shocker kind=move dst=(190,31,-308)
[ORDER] commander=ai team=Team_Alien unit=Hunter kind=move dst=(-562,98,-502)
[ORDER] commander=ai team=Team_Alien unit=Squid kind=move dst=(-112,103,-637)
[ORDER] commander=ai team=Team_Alien unit=Squid kind=move dst=(-112,103,-637)
[ORDER] commander=ai team=Team_Alien unit=Squid kind=move dst=(-112,103,-637)
[ORDER] commander=ai team=Team_Human_Sol unit=Heavy Quad kind=move dst=(-317,99,60)
[ORDER] commander=ai team=Team_Human_Centauri unit=Squad Transport kind=move dst=(-681,70,-540)
[H2] team=Team_Human_Centauri fire=Headquarters argmaxCell=(29,74) val=50 atWorld=(-320,1480) hqCount=2
[AI] [Team_Human_Centauri] tick=85 reqs=3 type={Construct:3} task={} prio(min/avg/max)=10/47.0/81 groups=0
[ORDER] commander=ai team=Team_Human_Centauri unit=Militia kind=move dst=(-728,117,-610)
[ORDER] commander=ai team=Team_Human_Centauri unit=Militia kind=move dst=(-728,117,-610)
[ORDER] commander=ai team=Team_Alien unit=Shocker kind=move dst=(197,32,-315)
[ORDER] commander=ai team=Team_Alien unit=Hunter kind=move dst=(-562,98,-502)
[ORDER] commander=ai team=Team_Human_Sol unit=Scout kind=move dst=(-45,59,-735)
[ORDER] commander=ai team=Team_Human_Sol unit=Scout kind=move dst=(-45,59,-735)
[ORDER] commander=ai team=Team_Human_Sol unit=Scout kind=move dst=(-45,59,-735)
[ORDER] commander=ai team=Team_Human_Sol unit=Rifleman kind=move dst=(-45,59,-735)
[ORDER] commander=ai team=Team_Human_Sol unit=Scout kind=attack tgt=Crab_Horned(Clone) (Target)
[ORDER] commander=ai team=Team_Human_Sol unit=Scout kind=attack tgt=Crab_Horned(Clone) (Target)
[ORDER] commander=ai team=Team_Human_Sol unit=Scout kind=attack tgt=Crab_Horned(Clone) (Target)
[ORDER] commander=ai team=Team_Human_Sol unit=Rifleman kind=attack tgt=Crab_Horned(Clone) (Target)
[ORDER] commander=ai team=Team_Human_Sol unit=Platoon Hauler kind=attack tgt=Alien_Node(Clone) (Target)
[ORDER] commander=ai team=Team_Human_Sol unit=Scout kind=attack tgt=Crab(Clone) (Target)
[ORDER] commander=ai team=Team_Human_Sol unit=Scout kind=attack tgt=Crab(Clone) (Target)
[ORDER] commander=ai team=Team_Human_Sol unit=Scout kind=attack tgt=Crab(Clone) (Target)
[ORDER] commander=ai team=Team_Human_Sol unit=Rifleman kind=attack tgt=Crab(Clone) (Target)
[ORDER] commander=ai team=Team_Human_Sol unit=Heavy Quad kind=attack tgt=Crab_Horned(Clone) (Target)
[ORDER] commander=ai team=Team_Human_Sol unit=Light Raider kind=attack tgt=Crab_Horned(Clone) (Target)
[ORDER] commander=ai team=Team_Human_Sol unit=Light Raider kind=attack tgt=Crab_Horned(Clone) (Target)
[H1] team=Team_Human_Sol fire=Refinery atBalterium=(1294,1066) refCount=1
[H1] team=Team_Human_Sol fire=Refinery atBalterium=(715,897) refCount=2
[H2] team=Team_Human_Sol fire=Headquarters argmaxCell=(45,55) val=60 atWorld=(320,720) hqCount=2
[AI] [Team_Human_Sol] tick=85 reqs=4 type={Construct:4} task={} prio(min/avg/max)=10/77.5/100 groups=0
[ORDER] commander=ai team=Team_Alien unit=Squid kind=move dst=(-112,103,-637)
[ORDER] commander=ai team=Team_Alien unit=Squid kind=move dst=(-112,103,-637)
[ORDER] commander=ai team=Team_Alien unit=Squid kind=move dst=(-112,103,-637)
[ORDER] commander=ai team=Team_Human_Sol unit=Heavy Quad kind=move dst=(58,23,-143)
[ORDER] commander=ai team=Team_Human_Sol unit=Light Raider kind=move dst=(58,23,-143)
[ORDER] commander=ai team=Team_Human_Sol unit=Light Raider kind=move dst=(58,23,-143)
[ORDER] commander=ai team=Team_Human_Centauri unit=Squad Transport kind=move dst=(-681,70,-540)
[P31] team=Team_Alien preset=Combat stock=Crab ours=Crab agree=True rationale=swarm floor (have 3/16)
[P31] team=Team_Alien preset=Combat stock=Crab ours=Crab agree=True rationale=swarm floor (have 3/16)
[P31] team=Team_Alien preset=Combat stock=Crab ours=Crab agree=True rationale=swarm floor (have 3/16)
[P31] team=Team_Alien preset=Harvest stock=Shrimp ours=Shrimp agree=True rationale=biotic cap (have 30/70)
[AI] [Team_Alien] tick=85 reqs=7 type={Construct:7} task={} prio(min/avg/max)=10/50.0/81 groups=0
[ORDER] commander=ai team=Team_Alien unit=Shocker kind=move dst=(206,32,-325)
[ORDER] commander=ai team=Team_Alien unit=Hunter kind=move dst=(-562,98,-502)
[ORDER] commander=ai team=Team_Alien unit=Squid kind=move dst=(-112,103,-637)
[ORDER] commander=ai team=Team_Alien unit=Squid kind=move dst=(-112,103,-637)
[ORDER] commander=ai team=Team_Alien unit=Squid kind=move dst=(-112,103,-637)
[ORDER] commander=ai team=Team_Human_Centauri unit=Squad Transport kind=move dst=(-681,70,-540)
[ORDER] commander=ai team=Team_Human_Centauri unit=Militia kind=move dst=(-728,117,-610)
[ORDER] commander=ai team=Team_Alien unit=Shocker kind=move dst=(217,32,-336)
[ORDER] commander=ai team=Team_Alien unit=Hunter kind=move dst=(-562,98,-502)
[ORDER] commander=ai team=Team_Alien unit=Squid kind=move dst=(-112,103,-637)
[ORDER] commander=ai team=Team_Alien unit=Squid kind=move dst=(-112,103,-637)
[ORDER] commander=ai team=Team_Alien unit=Squid kind=move dst=(-112,103,-637)
[ORDER] commander=ai team=Team_Human_Centauri unit=Squad Transport kind=move dst=(-681,70,-540)
[ORDER] commander=ai team=Team_Human_Sol unit=Light Quad kind=move dst=(429,12,-100)
[ORDER] commander=ai team=Team_Human_Sol unit=Light Quad kind=move dst=(429,12,-100)
[ORDER] commander=ai team=Team_Human_Sol unit=Heavy Quad kind=stop
[H2] team=Team_Human_Centauri fire=Headquarters argmaxCell=(29,74) val=50 atWorld=(-320,1480) hqCount=2
[AI] [Team_Human_Centauri] tick=86 reqs=3 type={Construct:3} task={} prio(min/avg/max)=10/47.0/81 groups=0
[ORDER] commander=ai team=Team_Alien unit=Shocker kind=move dst=(228,33,-348)
[ORDER] commander=ai team=Team_Alien unit=Hunter kind=move dst=(-562,98,-502)
[ORDER] commander=ai team=Team_Human_Sol unit=Platoon Hauler kind=move dst=(-317,99,60)
[ORDER] commander=ai team=Team_Human_Sol unit=Scout kind=move dst=(-45,59,-735)
[ORDER] commander=ai team=Team_Human_Sol unit=Scout kind=move dst=(-45,59,-735)
[ORDER] commander=ai team=Team_Human_Sol unit=Scout kind=move dst=(-45,59,-735)
[ORDER] commander=ai team=Team_Human_Sol unit=Rifleman kind=move dst=(-45,59,-735)
[ORDER] commander=ai team=Team_Human_Sol unit=Heavy Quad kind=attack tgt=Crab_Horned(Clone) (Target)
[ORDER] commander=ai team=Team_Human_Sol unit=Light Striker kind=attack tgt=Crab_Horned(Clone) (Target)
[ORDER] commander=ai team=Team_Human_Sol unit=Scout kind=attack tgt=Crab_Horned(Clone) (Target)
[ORDER] commander=ai team=Team_Human_Sol unit=Scout kind=attack tgt=Crab_Horned(Clone) (Target)
[ORDER] commander=ai team=Team_Human_Sol unit=Scout kind=attack tgt=Crab_Horned(Clone) (Target)
[ORDER] commander=ai team=Team_Human_Sol unit=Rifleman kind=attack tgt=Crab_Horned(Clone) (Target)
[ORDER] commander=ai team=Team_Human_Sol unit=Platoon Hauler kind=attack tgt=Crab_Horned(Clone) (Target)
[H2] team=Team_Human_Sol fire=Headquarters argmaxCell=(45,55) val=60 atWorld=(320,720) hqCount=2
[AI] [Team_Human_Sol] tick=86 reqs=4 type={Construct:4} task={} prio(min/avg/max)=10/77.5/100 groups=0
[ORDER] commander=ai team=Team_Alien unit=Squid kind=move dst=(-112,103,-637)
[ORDER] commander=ai team=Team_Alien unit=Squid kind=move dst=(-112,103,-637)
[ORDER] commander=ai team=Team_Alien unit=Squid kind=move dst=(-112,103,-637)
[ORDER] commander=ai team=Team_Human_Centauri unit=Squad Transport kind=move dst=(-681,70,-540)
[P31] team=Team_Alien preset=Combat stock=Crab ours=Crab agree=True rationale=swarm floor (have 3/16)
[P31] team=Team_Alien preset=Combat stock=Crab ours=Crab agree=True rationale=swarm floor (have 3/16)
[P31] team=Team_Alien preset=Combat stock=Crab ours=Crab agree=True rationale=swarm floor (have 3/16)
[P31] team=Team_Alien preset=Harvest stock=Shrimp ours=Shrimp agree=True rationale=biotic cap (have 30/70)
[ORDER] commander=ai team=Team_Alien unit=Hunter kind=attack tgt=Cent_Light_SquadTransport(Clone) (Target)
[AI] [Team_Alien] tick=86 reqs=7 type={Construct:7} task={} prio(min/avg/max)=10/52.6/81 groups=0
[ORDER] commander=ai team=Team_Human_Sol unit=Light Quad kind=move dst=(152,79,-216)
[ORDER] commander=ai team=Team_Human_Sol unit=Heavy Quad kind=move dst=(152,79,-216)
[ORDER] commander=ai team=Team_Alien unit=Shocker kind=move dst=(236,35,-356)
[ORDER] commander=ai team=Team_Alien unit=Hunter kind=move dst=(-486,101,-494)
[ORDER] commander=ai team=Team_Alien unit=Squid kind=move dst=(-112,103,-637)
[ORDER] commander=ai team=Team_Alien unit=Squid kind=move dst=(-112,103,-637)
[ORDER] commander=ai team=Team_Alien unit=Squid kind=move dst=(-112,103,-637)
[ORDER] commander=ai team=Team_Human_Centauri unit=Squad Transport kind=move dst=(-681,70,-540)
[ORDER] commander=ai team=Team_Alien unit=Shocker kind=move dst=(238,36,-365)
[ORDER] commander=ai team=Team_Alien unit=Hunter kind=move dst=(-481,99,-484)
[ORDER] commander=ai team=Team_Alien unit=Squid kind=move dst=(-112,103,-637)
[ORDER] commander=ai team=Team_Alien unit=Squid kind=move dst=(-112,103,-637)
[ORDER] commander=ai team=Team_Alien unit=Squid kind=move dst=(-112,103,-637)
[ORDER] commander=ai team=Team_Alien unit=Crab kind=move dst=(236,36,-368)
[ORDER] commander=ai team=Team_Alien unit=Crab kind=move dst=(236,36,-368)
[ORDER] commander=ai team=Team_Human_Centauri unit=Squad Transport kind=move dst=(-681,70,-540)
[H2] team=Team_Human_Centauri fire=Headquarters argmaxCell=(29,74) val=50 atWorld=(-320,1480) hqCount=2
[AI] [Team_Human_Centauri] tick=87 reqs=3 type={Construct:3} task={} prio(min/avg/max)=10/47.0/81 groups=0
[ORDER] commander=ai team=Team_Alien unit=Shocker kind=move dst=(231,37,-372)
[ORDER] commander=ai team=Team_Alien unit=Hunter kind=move dst=(-480,99,-472)
[ORDER] commander=ai team=Team_Human_Sol unit=Heavy Quad kind=move dst=(-317,99,60)
[ORDER] commander=ai team=Team_Human_Sol unit=Light Raider kind=move dst=(-317,99,60)
[ORDER] commander=ai team=Team_Human_Sol unit=Light Raider kind=move dst=(-317,99,60)
[ORDER] commander=ai team=Team_Human_Sol unit=Scout kind=move dst=(-45,59,-735)
[ORDER] commander=ai team=Team_Human_Sol unit=Scout kind=move dst=(-45,59,-735)
[ORDER] commander=ai team=Team_Human_Sol unit=Scout kind=move dst=(-45,59,-735)
[ORDER] commander=ai team=Team_Human_Sol unit=Rifleman kind=move dst=(-45,59,-735)
[ORDER] commander=ai team=Team_Human_Sol unit=Scout kind=attack tgt=Alien_Node(Clone) (Target)
[ORDER] commander=ai team=Team_Human_Sol unit=Scout kind=attack tgt=Alien_Node(Clone) (Target)
[ORDER] commander=ai team=Team_Human_Sol unit=Scout kind=attack tgt=Alien_Node(Clone) (Target)
[ORDER] commander=ai team=Team_Human_Sol unit=Rifleman kind=attack tgt=Alien_Node(Clone) (Target)
[ORDER] commander=ai team=Team_Human_Sol unit=Scout kind=attack tgt=Shocker(Clone) (Target)
[ORDER] commander=ai team=Team_Human_Sol unit=Scout kind=attack tgt=Shocker(Clone) (Target)
[ORDER] commander=ai team=Team_Human_Sol unit=Scout kind=attack tgt=Shocker(Clone) (Target)
[ORDER] commander=ai team=Team_Human_Sol unit=Rifleman kind=attack tgt=Shocker(Clone) (Target)
[H1] team=Team_Human_Sol fire=Refinery atBalterium=(1294,1066) refCount=1
[H1] team=Team_Human_Sol fire=Refinery atBalterium=(715,897) refCount=2
[H2] team=Team_Human_Sol fire=Headquarters argmaxCell=(45,55) val=60 atWorld=(320,720) hqCount=2
[AI] [Team_Human_Sol] tick=87 reqs=4 type={Construct:4} task={} prio(min/avg/max)=10/77.5/100 groups=0
[ORDER] commander=ai team=Team_Alien unit=Squid kind=move dst=(-112,103,-637)
[ORDER] commander=ai team=Team_Alien unit=Squid kind=move dst=(-112,103,-637)
[ORDER] commander=ai team=Team_Alien unit=Squid kind=move dst=(-112,103,-637)
[ORDER] commander=ai team=Team_Human_Centauri unit=Squad Transport kind=move dst=(-681,70,-540)
[P31] team=Team_Alien preset=Combat stock=Crab ours=Crab agree=True rationale=swarm floor (have 2/16)
[P31] team=Team_Alien preset=Combat stock=Crab ours=Crab agree=True rationale=swarm floor (have 2/16)
[P31] team=Team_Alien preset=Combat stock=Crab ours=Crab agree=True rationale=swarm floor (have 2/16)
[P31] team=Team_Alien preset=Harvest stock=Shrimp ours=Shrimp agree=True rationale=biotic cap (have 30/70)
[AI] [Team_Alien] tick=87 reqs=7 type={Construct:7} task={} prio(min/avg/max)=10/56.1/81 groups=0
[ORDER] commander=ai team=Team_Human_Sol unit=Light Quad kind=move dst=(200,67,-255)
[ORDER] commander=ai team=Team_Alien unit=Shocker kind=move dst=(221,37,-370)
[ORDER] commander=ai team=Team_Alien unit=Hunter kind=move dst=(-481,101,-462)
[SPAWN_U] team=Team_Alien unit=Shrimp
[ORDER] commander=ai team=Team_Alien unit=Squid kind=move dst=(-112,103,-637)
[ORDER] commander=ai team=Team_Alien unit=Squid kind=move dst=(-112,103,-637)
[ORDER] commander=ai team=Team_Alien unit=Squid kind=move dst=(-112,103,-637)
[ORDER] commander=ai team=Team_Human_Centauri unit=Squad Transport kind=move dst=(-681,70,-540)
[ORDER] commander=ai team=Team_Alien unit=Shocker kind=move dst=(214,36,-363)
[ORDER] commander=ai team=Team_Alien unit=Hunter kind=move dst=(-482,98,-453)
[ORDER] commander=ai team=Team_Alien unit=Squid kind=move dst=(-112,103,-637)
[ORDER] commander=ai team=Team_Alien unit=Squid kind=move dst=(-112,103,-637)
[ORDER] commander=ai team=Team_Alien unit=Squid kind=move dst=(-112,103,-637)
[ORDER] commander=ai team=Team_Human_Centauri unit=Squad Transport kind=move dst=(-681,70,-540)
[ORDER] commander=ai team=Team_Human_Centauri unit=Squad Transport kind=attack tgt=Alien_Node(Clone) (Target)
[H2] team=Team_Human_Centauri fire=Headquarters argmaxCell=(29,74) val=50 atWorld=(-320,1480) hqCount=2
[AI] [Team_Human_Centauri] tick=88 reqs=3 type={Construct:3} task={} prio(min/avg/max)=10/47.0/81 groups=0
[ORDER] commander=ai team=Team_Alien unit=Shocker kind=move dst=(208,36,-354)
[SPAWN_U] team=Team_Alien unit=Shrimp
[ORDER] commander=ai team=Team_Alien unit=Hunter kind=move dst=(-484,97,-443)
[ORDER] commander=ai team=Team_Human_Sol unit=Scout kind=move dst=(-45,59,-735)
[ORDER] commander=ai team=Team_Human_Sol unit=Scout kind=move dst=(-45,59,-735)
[ORDER] commander=ai team=Team_Human_Sol unit=Scout kind=move dst=(-45,59,-735)
[ORDER] commander=ai team=Team_Human_Sol unit=Rifleman kind=move dst=(-45,59,-735)
[ORDER] commander=ai team=Team_Human_Sol unit=Heavy Quad kind=attack tgt=Crab(Clone) (Target)
[ORDER] commander=ai team=Team_Human_Sol unit=Light Striker kind=attack tgt=Crab(Clone) (Target)
[ORDER] commander=ai team=Team_Human_Sol unit=Platoon Hauler kind=attack tgt=SpecialContainer_Long_01_Small(Clone) (Target)
[ORDER] commander=ai team=Team_Human_Sol unit=Platoon Hauler kind=attack tgt=Crab(Clone) (Target)
[H2] team=Team_Human_Sol fire=Headquarters argmaxCell=(45,55) val=60 atWorld=(320,720) hqCount=2
[AI] [Team_Human_Sol] tick=88 reqs=4 type={Construct:4} task={} prio(min/avg/max)=10/77.5/100 groups=0
[ORDER] commander=ai team=Team_Alien unit=Squid kind=move dst=(-112,103,-637)
[ORDER] commander=ai team=Team_Alien unit=Squid kind=move dst=(-112,103,-637)
[ORDER] commander=ai team=Team_Alien unit=Squid kind=move dst=(-112,103,-637)
[ORDER] commander=ai team=Team_Human_Sol unit=Platoon Hauler kind=move dst=(164,80,-233)
[ORDER] commander=ai team=Team_Human_Centauri unit=Squad Transport kind=move dst=(-681,70,-540)
[P31] team=Team_Alien preset=Combat stock=Crab ours=Crab agree=True rationale=swarm floor (have 2/16)
[P31] team=Team_Alien preset=Combat stock=Crab ours=Crab agree=True rationale=swarm floor (have 2/16)
[P32] team=Team_Alien fire=Node towardPatchAt=(-688,-480) distToOwned=278m nodesOwned=23 anchorAt=(-45,-735)
[AI] [Team_Alien] tick=88 reqs=5 type={Construct:5} task={} prio(min/avg/max)=10/51.2/81 groups=0
[ORDER] commander=ai team=Team_Alien unit=Shocker kind=move dst=(204,36,-348)
[ORDER] commander=ai team=Team_Alien unit=Hunter kind=move dst=(-485,98,-438)
[ORDER] commander=ai team=Team_Alien unit=Squid kind=move dst=(-112,103,-637)
[ORDER] commander=ai team=Team_Alien unit=Squid kind=move dst=(-112,103,-637)
[ORDER] commander=ai team=Team_Alien unit=Squid kind=move dst=(-112,103,-637)
[ORDER] commander=ai team=Team_Human_Centauri unit=Squad Transport kind=move dst=(-681,70,-540)
[ORDER] commander=ai team=Team_Alien unit=Shocker kind=move dst=(204,34,-339)
[ORDER] commander=ai team=Team_Alien unit=Hunter kind=move dst=(-484,99,-432)
[ORDER] commander=ai team=Team_Alien unit=Squid kind=move dst=(-112,103,-637)
[ORDER] commander=ai team=Team_Alien unit=Squid kind=move dst=(-112,103,-637)
[ORDER] commander=ai team=Team_Alien unit=Squid kind=move dst=(-112,103,-637)
[ORDER] commander=ai team=Team_Human_Centauri unit=Squad Transport kind=move dst=(-681,70,-540)
[H2] team=Team_Human_Centauri fire=Headquarters argmaxCell=(29,74) val=50 atWorld=(-320,1480) hqCount=2
[AI] [Team_Human_Centauri] tick=89 reqs=3 type={Construct:3} task={} prio(min/avg/max)=10/47.0/81 groups=0
[ORDER] commander=ai team=Team_Human_Centauri unit=Militia kind=stop
[ORDER] commander=ai team=Team_Human_Centauri unit=Militia kind=move dst=(-189,27,132)
[ORDER] commander=ai team=Team_Human_Centauri unit=Militia kind=move dst=(-189,27,132)
[ORDER] commander=ai team=Team_Human_Centauri unit=Trooper kind=move dst=(-189,27,132)
[ORDER] commander=ai team=Team_Alien unit=Shocker kind=move dst=(211,32,-334)
[ORDER] commander=ai team=Team_Alien unit=Hunter kind=move dst=(-480,99,-424)
[ORDER] commander=ai team=Team_Human_Sol unit=Platoon Hauler kind=move dst=(-355,23,27)
[ORDER] commander=ai team=Team_Human_Sol unit=Platoon Hauler kind=attack tgt=Crab(Clone) (Target)
[H1] team=Team_Human_Sol fire=Refinery atBalterium=(1294,1066) refCount=1
[H1] team=Team_Human_Sol fire=Refinery atBalterium=(715,897) refCount=2
[H2] team=Team_Human_Sol fire=Headquarters argmaxCell=(45,55) val=60 atWorld=(320,720) hqCount=2
[AI] [Team_Human_Sol] tick=89 reqs=4 type={Construct:4} task={} prio(min/avg/max)=10/77.5/100 groups=0
[ORDER] commander=ai team=Team_Alien unit=Squid kind=move dst=(-112,103,-637)
[ORDER] commander=ai team=Team_Alien unit=Squid kind=move dst=(-112,103,-637)
[ORDER] commander=ai team=Team_Alien unit=Squid kind=move dst=(-112,103,-637)
[ORDER] commander=ai team=Team_Human_Sol unit=Platoon Hauler kind=move dst=(174,68,-236)
[ORDER] commander=ai team=Team_Human_Centauri unit=Squad Transport kind=move dst=(-681,70,-540)
[P31] team=Team_Alien preset=Combat stock=Crab ours=Crab agree=True rationale=swarm floor (have 2/16)
[P31] team=Team_Alien preset=Combat stock=Crab ours=Crab agree=True rationale=swarm floor (have 2/16)
[AI] [Team_Alien] tick=89 reqs=5 type={Construct:5} task={} prio(min/avg/max)=10/51.2/81 groups=0
[ORDER] commander=ai team=Team_Human_Centauri unit=Militia kind=move dst=(171,30,-309)
[ORDER] commander=ai team=Team_Alien unit=Shocker kind=move dst=(220,32,-334)
[ORDER] commander=ai team=Team_Alien unit=Hunter kind=move dst=(-473,97,-418)
[ORDER] commander=ai team=Team_Alien unit=Squid kind=move dst=(-112,103,-637)
[ORDER] commander=ai team=Team_Alien unit=Squid kind=move dst=(-112,103,-637)
[ORDER] commander=ai team=Team_Alien unit=Squid kind=move dst=(-112,103,-637)
[ORDER] commander=ai team=Team_Human_Centauri unit=Squad Transport kind=move dst=(-681,70,-540)
[ORDER] commander=ai team=Team_Human_Centauri unit=Militia kind=move dst=(171,30,-309)
[ORDER] commander=ai team=Team_Alien unit=Shocker kind=move dst=(227,32,-340)
[ORDER] commander=ai team=Team_Alien unit=Hunter kind=move dst=(-464,96,-414)
[ORDER] commander=ai team=Team_Alien unit=Squid kind=move dst=(-112,103,-637)
[ORDER] commander=ai team=Team_Alien unit=Squid kind=move dst=(-112,103,-637)
[ORDER] commander=ai team=Team_Alien unit=Squid kind=move dst=(-112,103,-637)
[ORDER] commander=ai team=Team_Human_Centauri unit=Squad Transport kind=move dst=(-681,70,-540)
[H2] team=Team_Human_Centauri fire=Headquarters argmaxCell=(29,74) val=50 atWorld=(-320,1480) hqCount=2
[AI] [Team_Human_Centauri] tick=90 reqs=3 type={Construct:3} task={} prio(min/avg/max)=10/47.0/81 groups=0
[ORDER] commander=ai team=Team_Alien unit=Shocker kind=move dst=(232,33,-348)
[ORDER] commander=ai team=Team_Alien unit=Hunter kind=move dst=(-456,97,-414)
[ORDER] commander=ai team=Team_Human_Sol unit=Platoon Hauler kind=move dst=(-355,23,27)
[ORDER] commander=ai team=Team_Human_Sol unit=Scout kind=attack tgt=Crab(Clone) (Target)
[ORDER] commander=ai team=Team_Human_Sol unit=Scout kind=attack tgt=Crab(Clone) (Target)
[ORDER] commander=ai team=Team_Human_Sol unit=Scout kind=attack tgt=Crab(Clone) (Target)
[ORDER] commander=ai team=Team_Human_Sol unit=Rifleman kind=attack tgt=Crab(Clone) (Target)
[ORDER] commander=ai team=Team_Human_Sol unit=Platoon Hauler kind=attack tgt=Crab(Clone) (Target)
[H2] team=Team_Human_Sol fire=Headquarters argmaxCell=(45,55) val=60 atWorld=(320,720) hqCount=2
[AI] [Team_Human_Sol] tick=90 reqs=4 type={Construct:4} task={} prio(min/avg/max)=10/77.5/100 groups=0
[ORDER] commander=ai team=Team_Alien unit=Squid kind=move dst=(-112,103,-637)
[ORDER] commander=ai team=Team_Alien unit=Squid kind=move dst=(-112,103,-637)
[ORDER] commander=ai team=Team_Alien unit=Squid kind=move dst=(-112,103,-637)
[ORDER] commander=ai team=Team_Human_Sol unit=Platoon Hauler kind=move dst=(156,70,-229)
[ORDER] commander=ai team=Team_Human_Centauri unit=Squad Transport kind=move dst=(-681,70,-540)
[P31] team=Team_Alien preset=Combat stock=Crab ours=Crab agree=True rationale=swarm floor (have 1/16)
[P31] team=Team_Alien preset=Combat stock=Crab ours=Crab agree=True rationale=swarm floor (have 1/16)
[AI] [Team_Alien] tick=90 reqs=5 type={Construct:5} task={} prio(min/avg/max)=10/53.4/81 groups=0
[ORDER] commander=ai team=Team_Alien unit=Shocker kind=move dst=(239,35,-357)
[ORDER] commander=ai team=Team_Alien unit=Hunter kind=move dst=(-447,99,-416)
[ORDER] commander=ai team=Team_Alien unit=Squid kind=move dst=(-112,103,-637)
[ORDER] commander=ai team=Team_Alien unit=Squid kind=move dst=(-112,103,-637)
[ORDER] commander=ai team=Team_Alien unit=Squid kind=move dst=(-112,103,-637)
[ORDER] commander=ai team=Team_Human_Centauri unit=Squad Transport kind=move dst=(-681,70,-540)
[ORDER] commander=ai team=Team_Alien unit=Shocker kind=move dst=(247,37,-366)
[ORDER] commander=ai team=Team_Alien unit=Hunter kind=move dst=(-440,97,-420)
[ORDER] commander=ai team=Team_Alien unit=Squid kind=move dst=(-112,103,-637)
[SPAWN_S] team=Team_Alien structure=Node at=(-5,225)
[ORDER] commander=ai team=Team_Human_Centauri unit=Squad Transport kind=move dst=(-681,70,-540)
[H2] team=Team_Human_Centauri fire=Headquarters argmaxCell=(29,74) val=50 atWorld=(-320,1480) hqCount=2
[AI] [Team_Human_Centauri] tick=91 reqs=3 type={Construct:3} task={} prio(min/avg/max)=10/47.0/81 groups=0
[ORDER] commander=ai team=Team_Alien unit=Shocker kind=move dst=(256,38,-375)
[ORDER] commander=ai team=Team_Alien unit=Hunter kind=move dst=(-436,95,-429)
[ORDER] commander=ai team=Team_Human_Sol unit=Platoon Hauler kind=move dst=(-355,23,27)
[ORDER] commander=ai team=Team_Human_Sol unit=Platoon Hauler kind=attack tgt=Crab(Clone) (Target)
[H1] team=Team_Human_Sol fire=Refinery atBalterium=(1294,1066) refCount=1
[H1] team=Team_Human_Sol fire=Refinery atBalterium=(715,897) refCount=2
[H2] team=Team_Human_Sol fire=Headquarters argmaxCell=(45,55) val=60 atWorld=(320,720) hqCount=2
[AI] [Team_Human_Sol] tick=91 reqs=4 type={Construct:4} task={} prio(min/avg/max)=10/77.5/100 groups=0
[ORDER] commander=ai team=Team_Alien unit=Squid kind=move dst=(-112,103,-637)
[ORDER] commander=ai team=Team_Alien unit=Squid kind=move dst=(-112,103,-637)
[ORDER] commander=ai team=Team_Human_Sol unit=Platoon Hauler kind=move dst=(157,71,-235)
[ORDER] commander=ai team=Team_Human_Centauri unit=Squad Transport kind=move dst=(-681,70,-540)
[P31] team=Team_Alien preset=Combat stock=Crab ours=Crab agree=True rationale=swarm floor (have 1/16)
[P31] team=Team_Alien preset=Combat stock=Crab ours=Crab agree=True rationale=swarm floor (have 1/16)
[ORDER] commander=ai team=Team_Alien unit=Wasp kind=attack tgt=Sol_Light_PlatoonHauler(Clone) (Target)
[ORDER] commander=ai team=Team_Alien unit=Squid kind=attack tgt=Sol_Light_PlatoonHauler(Clone) (Target)
[ORDER] commander=ai team=Team_Alien unit=Squid kind=attack tgt=Sol_Light_PlatoonHauler(Clone) (Target)
[ORDER] commander=ai team=Team_Alien unit=Squid kind=attack tgt=Sol_Light_PlatoonHauler(Clone) (Target)
[AI] [Team_Alien] tick=91 reqs=5 type={Construct:5} task={} prio(min/avg/max)=10/54.2/81 groups=0
[ORDER] commander=ai team=Team_Alien unit=Shocker kind=move dst=(263,39,-383)
[ORDER] commander=ai team=Team_Alien unit=Hunter kind=move dst=(-434,95,-438)
[ORDER] commander=ai team=Team_Alien unit=Wasp kind=stop
[ORDER] commander=ai team=Team_Alien unit=Squid kind=move dst=(-112,103,-637)
[ORDER] commander=ai team=Team_Alien unit=Squid kind=move dst=(-112,103,-637)
[ORDER] commander=ai team=Team_Alien unit=Squid kind=move dst=(-112,103,-637)
[ORDER] commander=ai team=Team_Human_Centauri unit=Squad Transport kind=move dst=(-681,70,-540)
[ORDER] commander=ai team=Team_Alien unit=Shocker kind=move dst=(271,41,-391)
[ORDER] commander=ai team=Team_Alien unit=Hunter kind=move dst=(-434,95,-448)
[ORDER] commander=ai team=Team_Human_Centauri unit=Squad Transport kind=move dst=(-681,70,-540)
[ORDER] commander=ai team=Team_Human_Sol unit=Light Quad kind=move dst=(462,18,-170)
[ORDER] commander=ai team=Team_Human_Sol unit=Light Quad kind=move dst=(462,18,-170)
[ORDER] commander=ai team=Team_Human_Sol unit=Heavy Quad kind=stop
[H2] team=Team_Human_Centauri fire=Headquarters argmaxCell=(29,74) val=50 atWorld=(-320,1480) hqCount=2
[AI] [Team_Human_Centauri] tick=92 reqs=3 type={Construct:3} task={} prio(min/avg/max)=10/47.0/81 groups=0
[ORDER] commander=ai team=Team_Alien unit=Shocker kind=move dst=(278,43,-399)
[ORDER] commander=ai team=Team_Alien unit=Hunter kind=move dst=(-435,96,-458)
[ORDER] commander=ai team=Team_Human_Sol unit=Platoon Hauler kind=move dst=(-355,23,27)
[ORDER] commander=ai team=Team_Human_Sol unit=Platoon Hauler kind=attack tgt=Crab(Clone) (Target)
[H2] team=Team_Human_Sol fire=Headquarters argmaxCell=(45,55) val=60 atWorld=(320,720) hqCount=2
[AI] [Team_Human_Sol] tick=92 reqs=4 type={Construct:4} task={} prio(min/avg/max)=10/77.5/100 groups=0
[ORDER] commander=ai team=Team_Alien unit=Squid kind=move dst=(-112,103,-637)
[ORDER] commander=ai team=Team_Alien unit=Squid kind=move dst=(-112,103,-637)
[ORDER] commander=ai team=Team_Alien unit=Squid kind=move dst=(-112,103,-637)
[ORDER] commander=ai team=Team_Human_Sol unit=Platoon Hauler kind=move dst=(179,46,-273)
[ORDER] commander=ai team=Team_Human_Centauri unit=Squad Transport kind=move dst=(-681,70,-540)
[P31] team=Team_Alien preset=Combat stock=Crab ours=Crab agree=True rationale=swarm floor (have 1/16)
[P31] team=Team_Alien preset=Combat stock=Crab ours=Crab agree=True rationale=swarm floor (have 1/16)
[AI] [Team_Alien] tick=92 reqs=5 type={Construct:5} task={} prio(min/avg/max)=10/54.4/81 groups=0
[ORDER] commander=ai team=Team_Human_Sol unit=Light Quad kind=move dst=(464,19,-174)
[ORDER] commander=ai team=Team_Human_Sol unit=Light Quad kind=move dst=(464,19,-174)
[ORDER] commander=ai team=Team_Human_Centauri unit=Militia kind=move dst=(171,30,-309)
[ORDER] commander=ai team=Team_Alien unit=Shocker kind=move dst=(283,44,-408)
[ORDER] commander=ai team=Team_Alien unit=Hunter kind=move dst=(-437,96,-471)
[ORDER] commander=ai team=Team_Alien unit=Squid kind=move dst=(-112,103,-637)
[ORDER] commander=ai team=Team_Alien unit=Squid kind=move dst=(-112,103,-637)
[ORDER] commander=ai team=Team_Human_Centauri unit=Squad Transport kind=move dst=(-681,70,-540)
[ORDER] commander=ai team=Team_Human_Sol unit=Heavy Quad kind=move dst=(200,67,-255)
[SPAWN_U] team=Team_Alien unit=Shrimp
[ORDER] commander=ai team=Team_Alien unit=Shocker kind=move dst=(286,44,-418)
[ORDER] commander=ai team=Team_Alien unit=Hunter kind=move dst=(-441,97,-490)
[ORDER] commander=ai team=Team_Alien unit=Squid kind=move dst=(-112,103,-637)
[ORDER] commander=ai team=Team_Alien unit=Squid kind=move dst=(-112,103,-637)
[ORDER] commander=ai team=Team_Human_Centauri unit=Squad Transport kind=move dst=(-681,70,-540)
[ORDER] commander=ai team=Team_Human_Sol unit=Light Striker kind=stop
[ORDER] commander=ai team=Team_Human_Sol unit=Light Striker kind=move dst=(487,20,-229)
[ORDER] commander=ai team=Team_Human_Sol unit=Heavy Quad kind=move dst=(487,20,-229)
[H2] team=Team_Human_Centauri fire=Headquarters argmaxCell=(29,74) val=50 atWorld=(-320,1480) hqCount=2
[AI] [Team_Human_Centauri] tick=93 reqs=3 type={Construct:3} task={} prio(min/avg/max)=10/47.0/81 groups=0
[ORDER] commander=ai team=Team_Human_Centauri unit=Trooper kind=move dst=(-728,117,-610)
[ORDER] commander=ai team=Team_Alien unit=Shocker kind=move dst=(287,44,-429)
[ORDER] commander=ai team=Team_Alien unit=Hunter kind=move dst=(-444,101,-507)
[ORDER] commander=ai team=Team_Human_Sol unit=Platoon Hauler kind=move dst=(-355,23,27)
[H1] team=Team_Human_Sol fire=Refinery atBalterium=(1294,1066) refCount=1
[H1] team=Team_Human_Sol fire=Refinery atBalterium=(715,897) refCount=2
[H2] team=Team_Human_Sol fire=Headquarters argmaxCell=(45,55) val=60 atWorld=(320,720) hqCount=2
[AI] [Team_Human_Sol] tick=93 reqs=4 type={Construct:4} task={} prio(min/avg/max)=10/77.5/100 groups=0
[ORDER] commander=ai team=Team_Alien unit=Squid kind=move dst=(-112,103,-637)
[ORDER] commander=ai team=Team_Human_Centauri unit=Squad Transport kind=move dst=(-681,70,-540)
[ORDER] commander=ai team=Team_Human_Sol unit=Light Striker kind=move dst=(489,20,-235)
[ORDER] commander=ai team=Team_Human_Sol unit=Heavy Quad kind=move dst=(489,20,-235)
[P31] team=Team_Alien preset=Combat stock=Crab ours=Crab agree=True rationale=swarm floor (have 0/16)
[P31] team=Team_Alien preset=Harvest stock=Shrimp ours=Shrimp agree=True rationale=biotic cap (have 33/70)
[ORDER] commander=ai team=Team_Alien unit=Shrimp kind=move dst=(61,100,-268)
[AI] [Team_Alien] tick=93 reqs=6 type={Construct:6} task={} prio(min/avg/max)=0/45.8/81 groups=0
[SPAWN_U] team=Team_Alien unit=Shrimp
[ORDER] commander=ai team=Team_Alien unit=Shocker kind=move dst=(290,46,-442)
[ORDER] commander=ai team=Team_Alien unit=Hunter kind=move dst=(-447,100,-521)
[ORDER] commander=ai team=Team_Alien unit=Squid kind=move dst=(-112,103,-637)
[ORDER] commander=ai team=Team_Alien unit=Squid kind=move dst=(-112,103,-637)
[ORDER] commander=ai team=Team_Human_Centauri unit=Squad Transport kind=move dst=(-681,70,-540)
[ORDER] commander=ai team=Team_Alien unit=Shocker kind=move dst=(293,48,-454)
[ORDER] commander=ai team=Team_Alien unit=Hunter kind=move dst=(-447,96,-535)
[ORDER] commander=ai team=Team_Alien unit=Squid kind=move dst=(-112,103,-637)
[ORDER] commander=ai team=Team_Alien unit=Squid kind=move dst=(-112,103,-637)
[ORDER] commander=ai team=Team_Human_Centauri unit=Squad Transport kind=move dst=(-681,70,-540)
[ORDER] commander=ai team=Team_Human_Sol unit=Light Quad kind=move dst=(200,67,-255)
[H2] team=Team_Human_Centauri fire=Headquarters argmaxCell=(29,74) val=50 atWorld=(-320,1480) hqCount=2
[AI] [Team_Human_Centauri] tick=94 reqs=3 type={Construct:3} task={} prio(min/avg/max)=10/47.0/81 groups=0
[ORDER] commander=ai team=Team_Alien unit=Shocker kind=move dst=(295,50,-465)
[ORDER] commander=ai team=Team_Alien unit=Hunter kind=move dst=(-442,95,-548)
[H2] team=Team_Human_Sol fire=Headquarters argmaxCell=(45,55) val=60 atWorld=(320,720) hqCount=2
[AI] [Team_Human_Sol] tick=94 reqs=4 type={Construct:4} task={} prio(min/avg/max)=10/77.5/100 groups=0
[ORDER] commander=ai team=Team_Alien unit=Squid kind=move dst=(-112,103,-637)
[ORDER] commander=ai team=Team_Human_Centauri unit=Squad Transport kind=move dst=(-681,70,-540)
[P31] team=Team_Alien preset=Combat stock=Crab ours=Crab agree=True rationale=swarm floor (have 0/16)
[P31] team=Team_Alien preset=Harvest stock=Shrimp ours=Shrimp agree=True rationale=biotic cap (have 34/70)
[P32] team=Team_Alien fire=Node towardPatchAt=(-627,8) distToOwned=279m nodesOwned=23 anchorAt=(-45,-735)
[AI] [Team_Alien] tick=94 reqs=6 type={Construct:6} task={} prio(min/avg/max)=0/42.7/81 groups=0
[ORDER] commander=ai team=Team_Alien unit=Shocker kind=move dst=(296,53,-475)
[ORDER] commander=ai team=Team_Alien unit=Hunter kind=move dst=(-432,94,-556)
[ORDER] commander=ai team=Team_Alien unit=Wasp kind=move dst=(112,27,-45)
[ORDER] commander=ai team=Team_Alien unit=Squid kind=move dst=(112,27,-45)
[ORDER] commander=ai team=Team_Alien unit=Squid kind=move dst=(112,27,-45)
[ORDER] commander=ai team=Team_Human_Centauri unit=Squad Transport kind=move dst=(-681,70,-540)
[ORDER] commander=ai team=Team_Human_Sol unit=Light Striker kind=move dst=(200,67,-255)
[ORDER] commander=ai team=Team_Human_Sol unit=Light Striker kind=move dst=(200,67,-255)
[ORDER] commander=ai team=Team_Human_Sol unit=Heavy Quad kind=move dst=(200,67,-255)
[ORDER] commander=ai team=Team_Human_Sol unit=Light Quad kind=move dst=(482,21,-222)
[ORDER] commander=ai team=Team_Human_Sol unit=Light Quad kind=move dst=(482,21,-222)
[ORDER] commander=ai team=Team_Human_Sol unit=Heavy Quad kind=stop
[ORDER] commander=ai team=Team_Alien unit=Shocker kind=move dst=(297,55,-485)
[ORDER] commander=ai team=Team_Human_Centauri unit=Light Raider kind=move dst=(-374,88,-229)
[ORDER] commander=ai team=Team_Human_Centauri unit=Light Raider kind=move dst=(-374,88,-229)
[ORDER] commander=ai team=Team_Human_Centauri unit=Heavy Raider kind=stop
[ORDER] commander=ai team=Team_Alien unit=Hunter kind=move dst=(-422,94,-558)
[ORDER] commander=ai team=Team_Alien unit=Squid kind=move dst=(100,23,-56)
[ORDER] commander=ai team=Team_Human_Centauri unit=Squad Transport kind=move dst=(-420,94,-555)
[ORDER] commander=ai team=Team_Human_Centauri unit=Squad Transport kind=move dst=(-681,70,-540)
[ORDER] commander=ai team=Team_Human_Sol unit=Light Quad kind=move dst=(484,20,-228)
[ORDER] commander=ai team=Team_Human_Sol unit=Light Quad kind=move dst=(484,20,-228)
[SPAWN_S] team=Team_Alien structure=Lesser Spawning Cyst at=(-120,-895)
[ORDER] commander=ai team=Team_Human_Centauri unit=Squad Transport kind=attack tgt=ConstructionSite_Alien_Node(Clone) (Target)
[H2] team=Team_Human_Centauri fire=Headquarters argmaxCell=(29,74) val=50 atWorld=(-320,1480) hqCount=2
[AI] [Team_Human_Centauri] tick=95 reqs=3 type={Construct:3} task={} prio(min/avg/max)=10/47.0/81 groups=0
[SPAWN_S] team=Team_Alien structure=Lesser Spawning Cyst at=(55,-905)
[ORDER] commander=ai team=Team_Alien unit=Shocker kind=move dst=(298,58,-498)
[ORDER] commander=ai team=Team_Human_Centauri unit=Light Raider kind=move dst=(-372,88,-225)
[ORDER] commander=ai team=Team_Human_Centauri unit=Light Raider kind=move dst=(-372,88,-225)
[ORDER] commander=ai team=Team_Alien unit=Hunter kind=move dst=(-418,94,-558)
[H1] team=Team_Human_Sol fire=Refinery atBalterium=(1294,1066) refCount=1
[H1] team=Team_Human_Sol fire=Refinery atBalterium=(715,897) refCount=2
[H2] team=Team_Human_Sol fire=Headquarters argmaxCell=(50,37) val=130 atWorld=(520,0) hqCount=2
[AI] [Team_Human_Sol] tick=95 reqs=4 type={Construct:4} task={} prio(min/avg/max)=10/77.5/100 groups=0
[ORDER] commander=ai team=Team_Human_Centauri unit=Squad Transport kind=move dst=(-681,70,-540)
[P31] team=Team_Alien preset=Combat stock=Crab ours=Crab agree=True rationale=swarm floor (have 0/16)
[P31] team=Team_Alien preset=Harvest stock=Shrimp ours=Shrimp agree=True rationale=biotic cap (have 34/70)
[AI] [Team_Alien] tick=95 reqs=6 type={Construct:6} task={} prio(min/avg/max)=0/42.7/81 groups=0
[ORDER] commander=ai team=Team_Human_Sol unit=Light Quad kind=move dst=(200,67,-255)
[ORDER] commander=ai team=Team_Human_Sol unit=Light Quad kind=move dst=(200,67,-255)
[ORDER] commander=ai team=Team_Human_Sol unit=Heavy Quad kind=move dst=(200,67,-255)
[ORDER] commander=ai team=Team_Human_Centauri unit=Militia kind=stop
[ORDER] commander=ai team=Team_Human_Centauri unit=Militia kind=move dst=(-505,124,-635)
[ORDER] commander=ai team=Team_Human_Centauri unit=Militia kind=move dst=(-505,124,-635)
[ORDER] commander=ai team=Team_Human_Centauri unit=Trooper kind=move dst=(-505,124,-635)
[ORDER] commander=ai team=Team_Alien unit=Shocker kind=move dst=(295,61,-509)
[ORDER] commander=ai team=Team_Alien unit=Hunter kind=move dst=(-415,94,-557)
[ORDER] commander=ai team=Team_Human_Centauri unit=Squad Transport kind=move dst=(-681,70,-540)
[ORDER] commander=ai team=Team_Human_Centauri unit=Trooper kind=move dst=(171,30,-309)
[ORDER] commander=ai team=Team_Human_Centauri unit=Militia kind=move dst=(-728,117,-610)
[ORDER] commander=ai team=Team_Human_Centauri unit=Trooper kind=move dst=(-728,117,-610)
[SPAWN_S] team=Team_Alien structure=Node at=(-565,-605)
[ORDER] commander=ai team=Team_Alien unit=Shocker kind=move dst=(289,65,-517)
[ORDER] commander=ai team=Team_Human_Centauri unit=Heavy Raider kind=move dst=(-345,105,20)
[ORDER] commander=ai team=Team_Alien unit=Hunter kind=move dst=(-412,94,-556)
[ORDER] commander=ai team=Team_Alien unit=Wasp kind=stop
[ORDER] commander=ai team=Team_Alien unit=Squid kind=move dst=(-118,104,-637)
[ORDER] commander=ai team=Team_Alien unit=Squid kind=move dst=(-118,104,-637)
[ORDER] commander=ai team=Team_Alien unit=Squid kind=move dst=(-118,104,-637)
[ORDER] commander=ai team=Team_Human_Centauri unit=Squad Transport kind=move dst=(-681,70,-540)
[H2] team=Team_Human_Centauri fire=Headquarters argmaxCell=(29,74) val=50 atWorld=(-320,1480) hqCount=2
[AI] [Team_Human_Centauri] tick=96 reqs=3 type={Construct:3} task={} prio(min/avg/max)=10/47.0/81 groups=0
[ORDER] commander=ai team=Team_Human_Centauri unit=Militia kind=stop
[ORDER] commander=ai team=Team_Human_Centauri unit=Militia kind=move dst=(-507,124,-631)
[ORDER] commander=ai team=Team_Human_Centauri unit=Militia kind=move dst=(-507,124,-631)
[ORDER] commander=ai team=Team_Human_Centauri unit=Trooper kind=move dst=(-507,124,-631)
[ORDER] commander=ai team=Team_Alien unit=Shocker kind=move dst=(279,68,-522)
[ORDER] commander=ai team=Team_Alien unit=Hunter kind=move dst=(-412,94,-556)
[ORDER] commander=ai team=Team_Human_Sol unit=Platoon Hauler kind=attack tgt=Cent_Soldier_Militia(Clone) (Target)
[ORDER] commander=ai team=Team_Human_Sol unit=Scout kind=attack tgt=Cent_Soldier_Militia(Clone) (Target)
[ORDER] commander=ai team=Team_Human_Sol unit=Scout kind=attack tgt=Cent_Soldier_Militia(Clone) (Target)
[ORDER] commander=ai team=Team_Human_Sol unit=Scout kind=attack tgt=Cent_Soldier_Militia(Clone) (Target)
[ORDER] commander=ai team=Team_Human_Sol unit=Rifleman kind=attack tgt=Cent_Soldier_Militia(Clone) (Target)
[H2] team=Team_Human_Sol fire=Headquarters argmaxCell=(45,55) val=60 atWorld=(320,720) hqCount=2
[AI] [Team_Human_Sol] tick=96 reqs=4 type={Construct:4} task={} prio(min/avg/max)=10/77.5/100 groups=0
[ORDER] commander=ai team=Team_Alien unit=Squid kind=move dst=(-118,103,-637)
[ORDER] commander=ai team=Team_Human_Centauri unit=Squad Transport kind=move dst=(-681,70,-540)
[P31] team=Team_Alien preset=Combat stock=Crab ours=Crab agree=True rationale=swarm floor (have 0/16)
[P31] team=Team_Alien preset=Harvest stock=Shrimp ours=Shrimp agree=True rationale=biotic cap (have 34/70)
[AI] [Team_Alien] tick=96 reqs=7 type={Construct:7} task={} prio(min/avg/max)=0/36.6/81 groups=0
[ORDER] commander=ai team=Team_Human_Centauri unit=Militia kind=move dst=(-728,117,-610)
[ORDER] commander=ai team=Team_Human_Centauri unit=Trooper kind=move dst=(-728,117,-610)
[ORDER] commander=ai team=Team_Alien unit=Shocker kind=move dst=(269,72,-518)
[ORDER] commander=ai team=Team_Alien unit=Hunter kind=move dst=(-415,94,-557)
[ORDER] commander=ai team=Team_Alien unit=Squid kind=move dst=(-118,103,-637)
[ORDER] commander=ai team=Team_Human_Centauri unit=Squad Transport kind=move dst=(-681,70,-540)
[ORDER] commander=ai team=Team_Alien unit=Shocker kind=move dst=(263,74,-508)
[ORDER] commander=ai team=Team_Human_Centauri unit=Light Raider kind=move dst=(-345,105,20)
[ORDER] commander=ai team=Team_Alien unit=Hunter kind=move dst=(-420,94,-560)
[ORDER] commander=ai team=Team_Alien unit=Squid kind=move dst=(-118,103,-637)
[ORDER] commander=ai team=Team_Human_Centauri unit=Squad Transport kind=move dst=(-681,70,-540)
[ORDER] commander=ai team=Team_Human_Centauri unit=Light Raider kind=attack tgt=Sol_Soldier_Scout(Clone) (Target)
[ORDER] commander=ai team=Team_Human_Centauri unit=Light Raider kind=attack tgt=Sol_Soldier_Scout(Clone) (Target)
[ORDER] commander=ai team=Team_Human_Centauri unit=Heavy Raider kind=attack tgt=Sol_Soldier_Scout(Clone) (Target)
[H2] team=Team_Human_Centauri fire=Headquarters argmaxCell=(29,74) val=50 atWorld=(-320,1480) hqCount=2
[AI] [Team_Human_Centauri] tick=97 reqs=3 type={Construct:3} task={} prio(min/avg/max)=10/47.0/81 groups=0
[ORDER] commander=ai team=Team_Human_Centauri unit=Militia kind=stop
[ORDER] commander=ai team=Team_Human_Centauri unit=Militia kind=move dst=(-510,124,-630)
[ORDER] commander=ai team=Team_Human_Centauri unit=Militia kind=move dst=(-510,124,-630)
[ORDER] commander=ai team=Team_Human_Centauri unit=Trooper kind=move dst=(-510,124,-630)
[ORDER] commander=ai team=Team_Alien unit=Shocker kind=move dst=(256,77,-499)
[ORDER] commander=ai team=Team_Human_Centauri unit=Light Raider kind=move dst=(36,21,-35)
[ORDER] commander=ai team=Team_Alien unit=Hunter kind=move dst=(-421,94,-561)
[ORDER] commander=ai team=Team_Human_Sol unit=Scout kind=move dst=(-45,59,-735)
[ORDER] commander=ai team=Team_Human_Sol unit=Scout kind=move dst=(-45,59,-735)
[ORDER] commander=ai team=Team_Human_Sol unit=Scout kind=move dst=(-45,59,-735)
[ORDER] commander=ai team=Team_Human_Sol unit=Rifleman kind=move dst=(-45,59,-735)
[ORDER] commander=ai team=Team_Human_Sol unit=Scout kind=attack tgt=Cent_Soldier_Militia(Clone) (Target)
[ORDER] commander=ai team=Team_Human_Sol unit=Scout kind=attack tgt=Cent_Soldier_Militia(Clone) (Target)
[ORDER] commander=ai team=Team_Human_Sol unit=Scout kind=attack tgt=Cent_Soldier_Militia(Clone) (Target)
[ORDER] commander=ai team=Team_Human_Sol unit=Rifleman kind=attack tgt=Cent_Soldier_Militia(Clone) (Target)
[H1] team=Team_Human_Sol fire=Refinery atBalterium=(1294,1066) refCount=1
[H1] team=Team_Human_Sol fire=Refinery atBalterium=(715,897) refCount=2
[H2] team=Team_Human_Sol fire=Headquarters argmaxCell=(45,55) val=60 atWorld=(320,720) hqCount=2
[AI] [Team_Human_Sol] tick=97 reqs=4 type={Construct:4} task={} prio(min/avg/max)=10/77.5/100 groups=0
[ORDER] commander=ai team=Team_Alien unit=Squid kind=move dst=(-118,103,-637)
[ORDER] commander=ai team=Team_Human_Centauri unit=Squad Transport kind=move dst=(-681,70,-540)
[P31] team=Team_Alien preset=Combat stock=Crab ours=Crab agree=True rationale=swarm floor (have 0/16)
[P31] team=Team_Alien preset=Harvest stock=Shrimp ours=Shrimp agree=True rationale=biotic cap (have 34/70)
[ORDER] commander=ai team=Team_Alien unit=Wasp kind=attack tgt=Cent_Light_HeavyRaider(Clone) (Target)
[ORDER] commander=ai team=Team_Alien unit=Squid kind=attack tgt=Cent_Light_HeavyRaider(Clone) (Target)
[ORDER] commander=ai team=Team_Alien unit=Squid kind=attack tgt=Cent_Light_HeavyRaider(Clone) (Target)
[ORDER] commander=ai team=Team_Alien unit=Squid kind=attack tgt=Cent_Light_HeavyRaider(Clone) (Target)
[ORDER] commander=ai team=Team_Alien unit=Shrimp kind=move dst=(-277,127,-932)
[ORDER] commander=ai team=Team_Alien unit=Shrimp kind=move dst=(-277,127,-932)
[ORDER] commander=ai team=Team_Alien unit=Shrimp kind=move dst=(-277,127,-932)
[ORDER] commander=ai team=Team_Alien unit=Shrimp kind=move dst=(-277,127,-932)
[ORDER] commander=ai team=Team_Alien unit=Shrimp kind=move dst=(75,134,-922)
[ORDER] commander=ai team=Team_Alien unit=Shrimp kind=move dst=(75,134,-922)
[ORDER] commander=ai team=Team_Alien unit=Shrimp kind=move dst=(75,134,-922)
[ORDER] commander=ai team=Team_Alien unit=Shrimp kind=move dst=(75,134,-922)
[ORDER] commander=ai team=Team_Alien unit=Shrimp kind=move dst=(242,125,-673)
[ORDER] commander=ai team=Team_Alien unit=Shrimp kind=move dst=(242,125,-673)
[ORDER] commander=ai team=Team_Alien unit=Shrimp kind=move dst=(242,125,-673)
[ORDER] commander=ai team=Team_Alien unit=Shrimp kind=move dst=(242,125,-673)
[ORDER] commander=ai team=Team_Alien unit=Shrimp kind=move dst=(97,100,-379)
[ORDER] commander=ai team=Team_Alien unit=Shrimp kind=move dst=(97,100,-379)
[AI] [Team_Alien] tick=97 reqs=7 type={Construct:7} task={} prio(min/avg/max)=0/37.9/81 groups=0
[ORDER] commander=ai team=Team_Alien unit=Shocker kind=move dst=(248,80,-487)
[ORDER] commander=ai team=Team_Alien unit=Hunter kind=move dst=(-421,94,-561)
[ORDER] commander=ai team=Team_Alien unit=Wasp kind=stop
[ORDER] commander=ai team=Team_Alien unit=Squid kind=move dst=(-118,103,-637)
[ORDER] commander=ai team=Team_Alien unit=Squid kind=move dst=(-118,103,-637)
[ORDER] commander=ai team=Team_Alien unit=Squid kind=move dst=(-118,103,-637)
[ORDER] commander=ai team=Team_Human_Centauri unit=Squad Transport kind=move dst=(-390,73,155)
[ORDER] commander=ai team=Team_Human_Centauri unit=Squad Transport kind=move dst=(-681,70,-540)
[ORDER] commander=ai team=Team_Alien unit=Shocker kind=move dst=(240,83,-476)
[ORDER] commander=ai team=Team_Alien unit=Hunter kind=move dst=(-419,94,-557)
[SPAWN_U] team=Team_Alien unit=Shrimp
[ORDER] commander=ai team=Team_Human_Centauri unit=Squad Transport kind=move dst=(-390,73,155)
[ORDER] commander=ai team=Team_Human_Centauri unit=Squad Transport kind=move dst=(-681,70,-540)
[ORDER] commander=ai team=Team_Human_Centauri unit=Assault Car kind=attack tgt=Sol_Light_PlatoonHauler(Clone) (Target)
[ORDER] commander=ai team=Team_Human_Centauri unit=Militia kind=attack tgt=Sol_Light_PlatoonHauler(Clone) (Target)
[ORDER] commander=ai team=Team_Human_Centauri unit=Militia kind=attack tgt=Sol_Light_PlatoonHauler(Clone) (Target)
[ORDER] commander=ai team=Team_Human_Centauri unit=Militia kind=attack tgt=Sol_Light_PlatoonHauler(Clone) (Target)
[ORDER] commander=ai team=Team_Human_Centauri unit=Trooper kind=attack tgt=Sol_Light_PlatoonHauler(Clone) (Target)
[H2] team=Team_Human_Centauri fire=Headquarters argmaxCell=(29,74) val=50 atWorld=(-320,1480) hqCount=2
[AI] [Team_Human_Centauri] tick=98 reqs=3 type={Construct:3} task={} prio(min/avg/max)=10/47.0/81 groups=0
[ORDER] commander=ai team=Team_Human_Centauri unit=Militia kind=move dst=(9,23,-2)
[ORDER] commander=ai team=Team_Human_Centauri unit=Militia kind=move dst=(9,23,-2)
[ORDER] commander=ai team=Team_Human_Centauri unit=Militia kind=move dst=(9,23,-2)
[ORDER] commander=ai team=Team_Human_Centauri unit=Trooper kind=move dst=(9,23,-2)
[ORDER] commander=ai team=Team_Alien unit=Shocker kind=move dst=(231,86,-464)
[ORDER] commander=ai team=Team_Alien unit=Hunter kind=move dst=(-418,93,-553)
[ORDER] commander=ai team=Team_Human_Sol unit=Scout kind=move dst=(-45,59,-735)
[ORDER] commander=ai team=Team_Human_Sol unit=Scout kind=move dst=(-45,59,-735)
[ORDER] commander=ai team=Team_Human_Sol unit=Scout kind=move dst=(-45,59,-735)
[ORDER] commander=ai team=Team_Human_Sol unit=Rifleman kind=move dst=(-45,59,-735)
[ORDER] commander=ai team=Team_Human_Sol unit=Scout kind=attack tgt=Cent_Soldier_Militia(Clone) (Target)
[ORDER] commander=ai team=Team_Human_Sol unit=Scout kind=attack tgt=Cent_Soldier_Militia(Clone) (Target)
[ORDER] commander=ai team=Team_Human_Sol unit=Scout kind=attack tgt=Cent_Soldier_Militia(Clone) (Target)
[ORDER] commander=ai team=Team_Human_Sol unit=Rifleman kind=attack tgt=Cent_Soldier_Militia(Clone) (Target)
[H2] team=Team_Human_Sol fire=Headquarters argmaxCell=(45,55) val=60 atWorld=(320,720) hqCount=2
[AI] [Team_Human_Sol] tick=98 reqs=4 type={Construct:4} task={} prio(min/avg/max)=10/77.5/100 groups=0
[ORDER] commander=ai team=Team_Human_Centauri unit=Squad Transport kind=move dst=(-390,73,155)
[ORDER] commander=ai team=Team_Human_Centauri unit=Squad Transport kind=move dst=(-420,94,-555)
[ORDER] commander=ai team=Team_Human_Centauri unit=Squad Transport kind=move dst=(-681,70,-540)
[P31] team=Team_Alien preset=Combat stock=Crab ours=Crab agree=True rationale=swarm floor (have 0/16)
[P31] team=Team_Alien preset=Harvest stock=Shrimp ours=Shrimp agree=True rationale=biotic cap (have 35/70)
[AI] [Team_Alien] tick=98 reqs=7 type={Construct:7} task={} prio(min/avg/max)=0/34.6/81 groups=0
[ORDER] commander=ai team=Team_Human_Centauri unit=Militia kind=stop
[ORDER] commander=ai team=Team_Human_Centauri unit=Militia kind=move dst=(-510,124,-631)
[ORDER] commander=ai team=Team_Human_Centauri unit=Militia kind=move dst=(-510,124,-631)
[ORDER] commander=ai team=Team_Human_Centauri unit=Trooper kind=move dst=(-510,124,-631)
[ORDER] commander=ai team=Team_Alien unit=Shocker kind=move dst=(224,88,-454)
[SPAWN_U] team=Team_Alien unit=Shrimp
[ORDER] commander=ai team=Team_Alien unit=Hunter kind=move dst=(-418,93,-553)
[ORDER] commander=ai team=Team_Alien unit=Squid kind=move dst=(-118,103,-637)
[ORDER] commander=ai team=Team_Alien unit=Squid kind=move dst=(-118,103,-637)
[ORDER] commander=ai team=Team_Human_Centauri unit=Squad Transport kind=move dst=(-390,73,155)
[ORDER] commander=ai team=Team_Human_Centauri unit=Squad Transport kind=move dst=(-681,70,-540)
[ORDER] commander=ai team=Team_Alien unit=Shocker kind=move dst=(217,90,-445)
[ORDER] commander=ai team=Team_Alien unit=Hunter kind=move dst=(-418,93,-553)
[ORDER] commander=ai team=Team_Human_Centauri unit=Squad Transport kind=move dst=(-390,73,155)
[ORDER] commander=ai team=Team_Human_Centauri unit=Squad Transport kind=move dst=(-681,70,-540)
[ORDER] commander=ai team=Team_Human_Centauri unit=Militia kind=move dst=(-728,117,-610)
[ORDER] commander=ai team=Team_Human_Centauri unit=Militia kind=move dst=(-728,117,-610)
[ORDER] commander=ai team=Team_Human_Centauri unit=Militia kind=move dst=(-728,117,-610)
[ORDER] commander=ai team=Team_Human_Centauri unit=Trooper kind=move dst=(-728,117,-610)
[ORDER] commander=ai team=Team_Human_Centauri unit=Militia kind=attack tgt=Sol_Light_PlatoonHauler(Clone) (Target)
[ORDER] commander=ai team=Team_Human_Centauri unit=Militia kind=attack tgt=Sol_Light_PlatoonHauler(Clone) (Target)
[ORDER] commander=ai team=Team_Human_Centauri unit=Militia kind=attack tgt=Sol_Light_PlatoonHauler(Clone) (Target)
[ORDER] commander=ai team=Team_Human_Centauri unit=Trooper kind=attack tgt=Sol_Light_PlatoonHauler(Clone) (Target)
[H2] team=Team_Human_Centauri fire=Headquarters argmaxCell=(29,74) val=50 atWorld=(-320,1480) hqCount=2
[AI] [Team_Human_Centauri] tick=99 reqs=3 type={Construct:3} task={} prio(min/avg/max)=10/47.0/81 groups=0
[ORDER] commander=ai team=Team_Human_Centauri unit=Militia kind=move dst=(-510,124,-632)
[ORDER] commander=ai team=Team_Human_Centauri unit=Militia kind=move dst=(-510,124,-632)
[ORDER] commander=ai team=Team_Human_Centauri unit=Trooper kind=move dst=(-510,124,-632)
[ORDER] commander=ai team=Team_Alien unit=Shocker kind=move dst=(215,91,-443)
[ORDER] commander=ai team=Team_Alien unit=Hunter kind=move dst=(-418,93,-553)
[ORDER] commander=ai team=Team_Human_Sol unit=Scout kind=move dst=(-45,59,-735)
[ORDER] commander=ai team=Team_Human_Sol unit=Scout kind=move dst=(-45,59,-735)
[ORDER] commander=ai team=Team_Human_Sol unit=Scout kind=move dst=(-45,59,-735)
[ORDER] commander=ai team=Team_Human_Sol unit=Rifleman kind=move dst=(-45,59,-735)
[ORDER] commander=ai team=Team_Human_Sol unit=Scout kind=attack tgt=Cent_Soldier_Militia(Clone) (Target)
[ORDER] commander=ai team=Team_Human_Sol unit=Scout kind=attack tgt=Cent_Soldier_Militia(Clone) (Target)
[ORDER] commander=ai team=Team_Human_Sol unit=Scout kind=attack tgt=Cent_Soldier_Militia(Clone) (Target)
[ORDER] commander=ai team=Team_Human_Sol unit=Rifleman kind=attack tgt=Cent_Soldier_Militia(Clone) (Target)
[ORDER] commander=ai team=Team_Human_Sol unit=Scout kind=attack tgt=Cent_Soldier_Militia(Clone) (Target)
[ORDER] commander=ai team=Team_Human_Sol unit=Scout kind=attack tgt=Cent_Soldier_Militia(Clone) (Target)
[ORDER] commander=ai team=Team_Human_Sol unit=Scout kind=attack tgt=Cent_Soldier_Militia(Clone) (Target)
[ORDER] commander=ai team=Team_Human_Sol unit=Rifleman kind=attack tgt=Cent_Soldier_Militia(Clone) (Target)
[ORDER] commander=ai team=Team_Human_Sol unit=Heavy Quad kind=attack tgt=Cent_Soldier_Militia(Clone) (Target)
[ORDER] commander=ai team=Team_Human_Sol unit=Light Raider kind=attack tgt=Cent_Soldier_Militia(Clone) (Target)
[ORDER] commander=ai team=Team_Human_Sol unit=Light Raider kind=attack tgt=Cent_Soldier_Militia(Clone) (Target)
[H1] team=Team_Human_Sol fire=Refinery atBalterium=(1294,1066) refCount=1
[H1] team=Team_Human_Sol fire=Refinery atBalterium=(715,897) refCount=2
[H2] team=Team_Human_Sol fire=Headquarters argmaxCell=(45,55) val=60 atWorld=(320,720) hqCount=2
[AI] [Team_Human_Sol] tick=99 reqs=4 type={Construct:4} task={} prio(min/avg/max)=10/77.5/100 groups=0
[ORDER] commander=ai team=Team_Human_Sol unit=Heavy Quad kind=move dst=(-77,23,73)
[ORDER] commander=ai team=Team_Human_Sol unit=Light Raider kind=move dst=(-77,23,73)
[ORDER] commander=ai team=Team_Human_Sol unit=Light Raider kind=move dst=(-77,23,73)
[ORDER] commander=ai team=Team_Human_Centauri unit=Squad Transport kind=move dst=(-390,73,155)
[ORDER] commander=ai team=Team_Human_Centauri unit=Squad Transport kind=move dst=(-681,70,-540)
[P31] team=Team_Alien preset=Combat stock=Crab ours=Crab agree=True rationale=swarm floor (have 0/16)
[AI] [Team_Alien] tick=99 reqs=6 type={Construct:6} task={} prio(min/avg/max)=0/33.0/81 groups=0
[ORDER] commander=ai team=Team_Human_Centauri unit=Militia kind=stop
[ORDER] commander=ai team=Team_Alien unit=Shocker kind=move dst=(215,91,-443)
[ORDER] commander=ai team=Team_Alien unit=Hunter kind=move dst=(-418,93,-553)
[ORDER] commander=ai team=Team_Human_Centauri unit=Squad Transport kind=move dst=(-390,73,155)
[ORDER] commander=ai team=Team_Human_Centauri unit=Squad Transport kind=move dst=(-681,70,-540)
[ORDER] commander=ai team=Team_Alien unit=Shocker kind=move dst=(215,91,-443)
[ORDER] commander=ai team=Team_Alien unit=Hunter kind=move dst=(-418,93,-553)
[ORDER] commander=ai team=Team_Human_Centauri unit=Squad Transport kind=move dst=(-390,73,155)
[ORDER] commander=ai team=Team_Human_Centauri unit=Squad Transport kind=move dst=(-681,70,-540)
[ORDER] commander=ai team=Team_Human_Centauri unit=Militia kind=move dst=(-728,117,-610)
[ORDER] commander=ai team=Team_Human_Centauri unit=Militia kind=move dst=(-728,117,-610)
[ORDER] commander=ai team=Team_Human_Centauri unit=Militia kind=move dst=(-728,117,-610)
[ORDER] commander=ai team=Team_Human_Centauri unit=Trooper kind=move dst=(-728,117,-610)
[ORDER] commander=ai team=Team_Human_Centauri unit=Militia kind=attack tgt=Sol_Light_PlatoonHauler(Clone) (Target)
[ORDER] commander=ai team=Team_Human_Centauri unit=Militia kind=attack tgt=Sol_Light_PlatoonHauler(Clone) (Target)
[ORDER] commander=ai team=Team_Human_Centauri unit=Militia kind=attack tgt=Sol_Light_PlatoonHauler(Clone) (Target)
[ORDER] commander=ai team=Team_Human_Centauri unit=Trooper kind=attack tgt=Sol_Light_PlatoonHauler(Clone) (Target)
[H2] team=Team_Human_Centauri fire=Headquarters argmaxCell=(29,74) val=50 atWorld=(-320,1480) hqCount=2
[AI] [Team_Human_Centauri] tick=100 reqs=3 type={Construct:3} task={} prio(min/avg/max)=10/47.0/81 groups=0
[ORDER] commander=ai team=Team_Human_Centauri unit=Trooper kind=move dst=(-510,124,-632)
[ORDER] commander=ai team=Team_Alien unit=Shocker kind=move dst=(215,91,-443)
[ORDER] commander=ai team=Team_Alien unit=Hunter kind=move dst=(-418,93,-552)
[ORDER] commander=ai team=Team_Human_Sol unit=Platoon Hauler kind=move dst=(-317,99,60)
[ORDER] commander=ai team=Team_Human_Sol unit=Scout kind=move dst=(-45,59,-735)
[ORDER] commander=ai team=Team_Human_Sol unit=Scout kind=move dst=(-45,59,-735)
[ORDER] commander=ai team=Team_Human_Sol unit=Scout kind=move dst=(-45,59,-735)
[ORDER] commander=ai team=Team_Human_Sol unit=Rifleman kind=move dst=(-45,59,-735)
[ORDER] commander=ai team=Team_Human_Sol unit=Scout kind=attack tgt=Cent_Soldier_Militia(Clone) (Target)
[ORDER] commander=ai team=Team_Human_Sol unit=Scout kind=attack tgt=Cent_Soldier_Militia(Clone) (Target)
[ORDER] commander=ai team=Team_Human_Sol unit=Scout kind=attack tgt=Cent_Soldier_Militia(Clone) (Target)
[ORDER] commander=ai team=Team_Human_Sol unit=Rifleman kind=attack tgt=Cent_Soldier_Militia(Clone) (Target)
[H2] team=Team_Human_Sol fire=Headquarters argmaxCell=(45,55) val=60 atWorld=(320,720) hqCount=2
[AI] [Team_Human_Sol] tick=100 reqs=4 type={Construct:4} task={} prio(min/avg/max)=10/77.5/100 groups=0
[ORDER] commander=ai team=Team_Human_Centauri unit=Squad Transport kind=move dst=(-390,73,155)
[ORDER] commander=ai team=Team_Human_Centauri unit=Squad Transport kind=move dst=(-681,70,-540)
[P31] team=Team_Alien preset=Combat stock=Crab ours=Crab agree=True rationale=swarm floor (have 0/16)
[AI] [Team_Alien] tick=100 reqs=6 type={Construct:6} task={} prio(min/avg/max)=0/32.8/81 groups=0
[SPAWN_U] team=Team_Alien unit=Shrimp
[SPAWN_U] team=Team_Alien unit=Shrimp
[ORDER] commander=ai team=Team_Human_Centauri unit=Militia kind=stop
[ORDER] commander=ai team=Team_Human_Centauri unit=Militia kind=move dst=(-510,124,-632)
[ORDER] commander=ai team=Team_Human_Centauri unit=Militia kind=move dst=(-510,124,-632)
[ORDER] commander=ai team=Team_Alien unit=Shocker kind=move dst=(215,91,-443)
[ORDER] commander=ai team=Team_Alien unit=Hunter kind=move dst=(-418,93,-552)
[ORDER] commander=ai team=Team_Human_Centauri unit=Squad Transport kind=move dst=(-390,73,155)
[ORDER] commander=ai team=Team_Human_Centauri unit=Squad Transport kind=move dst=(-681,70,-540)
[ORDER] commander=ai team=Team_Alien unit=Shocker kind=move dst=(215,91,-443)
[ORDER] commander=ai team=Team_Alien unit=Hunter kind=move dst=(-418,93,-552)
[ORDER] commander=ai team=Team_Human_Centauri unit=Squad Transport kind=move dst=(-390,73,155)
[ORDER] commander=ai team=Team_Human_Centauri unit=Squad Transport kind=move dst=(-681,70,-540)
[ORDER] commander=ai team=Team_Human_Centauri unit=Militia kind=move dst=(-728,117,-610)
[ORDER] commander=ai team=Team_Human_Centauri unit=Militia kind=move dst=(-728,117,-610)
[ORDER] commander=ai team=Team_Human_Centauri unit=Militia kind=move dst=(-728,117,-610)
[ORDER] commander=ai team=Team_Human_Centauri unit=Trooper kind=move dst=(-728,117,-610)
[ORDER] commander=ai team=Team_Human_Centauri unit=Militia kind=attack tgt=Sol_Light_PlatoonHauler(Clone) (Target)
[ORDER] commander=ai team=Team_Human_Centauri unit=Militia kind=attack tgt=Sol_Light_PlatoonHauler(Clone) (Target)
[ORDER] commander=ai team=Team_Human_Centauri unit=Militia kind=attack tgt=Sol_Light_PlatoonHauler(Clone) (Target)
[ORDER] commander=ai team=Team_Human_Centauri unit=Trooper kind=attack tgt=Sol_Light_PlatoonHauler(Clone) (Target)
[H2] team=Team_Human_Centauri fire=Headquarters argmaxCell=(29,74) val=50 atWorld=(-320,1480) hqCount=2
[AI] [Team_Human_Centauri] tick=101 reqs=3 type={Construct:3} task={} prio(min/avg/max)=10/47.0/81 groups=0
[ORDER] commander=ai team=Team_Human_Centauri unit=Trooper kind=move dst=(-510,124,-632)
[ORDER] commander=ai team=Team_Alien unit=Shocker kind=move dst=(215,91,-443)
[ORDER] commander=ai team=Team_Alien unit=Hunter kind=move dst=(-418,93,-552)
[ORDER] commander=ai team=Team_Human_Sol unit=Scout kind=move dst=(-45,59,-735)
[ORDER] commander=ai team=Team_Human_Sol unit=Scout kind=move dst=(-45,59,-735)
[ORDER] commander=ai team=Team_Human_Sol unit=Scout kind=move dst=(-45,59,-735)
[ORDER] commander=ai team=Team_Human_Sol unit=Rifleman kind=move dst=(-45,59,-735)
[ORDER] commander=ai team=Team_Human_Sol unit=Scout kind=attack tgt=Cent_Soldier_Militia(Clone) (Target)
[ORDER] commander=ai team=Team_Human_Sol unit=Scout kind=attack tgt=Cent_Soldier_Militia(Clone) (Target)
[ORDER] commander=ai team=Team_Human_Sol unit=Scout kind=attack tgt=Cent_Soldier_Militia(Clone) (Target)
[ORDER] commander=ai team=Team_Human_Sol unit=Rifleman kind=attack tgt=Cent_Soldier_Militia(Clone) (Target)
[H1] team=Team_Human_Sol fire=Refinery atBalterium=(1294,1066) refCount=1
[H1] team=Team_Human_Sol fire=Refinery atBalterium=(715,897) refCount=2
[H2] team=Team_Human_Sol fire=Headquarters argmaxCell=(45,55) val=60 atWorld=(320,720) hqCount=2
[AI] [Team_Human_Sol] tick=101 reqs=4 type={Construct:4} task={} prio(min/avg/max)=10/77.5/100 groups=0
[ORDER] commander=ai team=Team_Human_Centauri unit=Squad Transport kind=move dst=(-390,73,155)
[ORDER] commander=ai team=Team_Human_Centauri unit=Squad Transport kind=move dst=(-681,70,-540)
[P31] team=Team_Alien preset=Combat stock=Crab ours=Crab agree=True rationale=swarm floor (have 0/16)
[P31] team=Team_Alien preset=Harvest stock=Shrimp ours=Shrimp agree=True rationale=biotic cap (have 38/70)
[ORDER] commander=ai team=Team_Alien unit=Wasp kind=attack tgt=Cent_Light_LightRaider(Clone) (Target)
[ORDER] commander=ai team=Team_Alien unit=Squid kind=attack tgt=Cent_Light_LightRaider(Clone) (Target)
[ORDER] commander=ai team=Team_Alien unit=Squid kind=attack tgt=Cent_Light_LightRaider(Clone) (Target)
[ORDER] commander=ai team=Team_Alien unit=Squid kind=attack tgt=Cent_Light_LightRaider(Clone) (Target)
[ORDER] commander=ai team=Team_Alien unit=Shrimp kind=move dst=(61,100,-268)
[ORDER] commander=ai team=Team_Alien unit=Shrimp kind=move dst=(61,100,-268)
[AI] [Team_Alien] tick=101 reqs=7 type={Construct:7} task={} prio(min/avg/max)=0/36.7/81 groups=0
[ORDER] commander=ai team=Team_Human_Centauri unit=Militia kind=stop
[ORDER] commander=ai team=Team_Human_Centauri unit=Militia kind=move dst=(-510,124,-632)
[ORDER] commander=ai team=Team_Human_Centauri unit=Militia kind=move dst=(-510,124,-632)
[ORDER] commander=ai team=Team_Alien unit=Shocker kind=move dst=(215,91,-443)
[ORDER] commander=ai team=Team_Alien unit=Hunter kind=move dst=(-418,93,-552)
[SPAWN_S] team=Team_Alien structure=Node at=(-525,-90)
[ORDER] commander=ai team=Team_Alien unit=Wasp kind=stop
[ORDER] commander=ai team=Team_Alien unit=Squid kind=move dst=(-118,103,-637)
[ORDER] commander=ai team=Team_Alien unit=Squid kind=move dst=(-118,103,-637)
[ORDER] commander=ai team=Team_Alien unit=Squid kind=move dst=(-118,103,-637)
[ORDER] commander=ai team=Team_Human_Centauri unit=Squad Transport kind=move dst=(-390,73,155)
[ORDER] commander=ai team=Team_Human_Centauri unit=Squad Transport kind=move dst=(-681,70,-540)
[ORDER] commander=ai team=Team_Alien unit=Shocker kind=move dst=(215,91,-443)
[ORDER] commander=ai team=Team_Alien unit=Hunter kind=move dst=(-418,93,-552)
[ORDER] commander=ai team=Team_Human_Centauri unit=Squad Transport kind=move dst=(-390,73,155)
[ORDER] commander=ai team=Team_Human_Centauri unit=Squad Transport kind=move dst=(-681,70,-540)
[ORDER] commander=ai team=Team_Human_Centauri unit=Militia kind=move dst=(-728,117,-610)
[ORDER] commander=ai team=Team_Human_Centauri unit=Militia kind=move dst=(-728,117,-610)
[ORDER] commander=ai team=Team_Human_Centauri unit=Militia kind=move dst=(-728,117,-610)
[ORDER] commander=ai team=Team_Human_Centauri unit=Trooper kind=move dst=(-728,117,-610)
[ORDER] commander=ai team=Team_Human_Centauri unit=Militia kind=attack tgt=Sol_Light_PlatoonHauler(Clone) (Target)
[ORDER] commander=ai team=Team_Human_Centauri unit=Militia kind=attack tgt=Sol_Light_PlatoonHauler(Clone) (Target)
[ORDER] commander=ai team=Team_Human_Centauri unit=Militia kind=attack tgt=Sol_Light_PlatoonHauler(Clone) (Target)
[ORDER] commander=ai team=Team_Human_Centauri unit=Trooper kind=attack tgt=Sol_Light_PlatoonHauler(Clone) (Target)
[H2] team=Team_Human_Centauri fire=Headquarters argmaxCell=(29,74) val=50 atWorld=(-320,1480) hqCount=2
[AI] [Team_Human_Centauri] tick=102 reqs=4 type={Construct:4} task={} prio(min/avg/max)=0/35.3/81 groups=0
[ORDER] commander=ai team=Team_Human_Centauri unit=Trooper kind=move dst=(-510,124,-632)
[ORDER] commander=ai team=Team_Alien unit=Shocker kind=move dst=(215,91,-443)
[ORDER] commander=ai team=Team_Alien unit=Hunter kind=move dst=(-418,93,-552)
[ORDER] commander=ai team=Team_Human_Sol unit=Scout kind=move dst=(-45,59,-735)
[ORDER] commander=ai team=Team_Human_Sol unit=Scout kind=move dst=(-45,59,-735)
[ORDER] commander=ai team=Team_Human_Sol unit=Scout kind=move dst=(-45,59,-735)
[ORDER] commander=ai team=Team_Human_Sol unit=Rifleman kind=move dst=(-45,59,-735)
[ORDER] commander=ai team=Team_Human_Sol unit=Scout kind=attack tgt=Cent_Soldier_Militia(Clone) (Target)
[ORDER] commander=ai team=Team_Human_Sol unit=Scout kind=attack tgt=Cent_Soldier_Militia(Clone) (Target)
[ORDER] commander=ai team=Team_Human_Sol unit=Scout kind=attack tgt=Cent_Soldier_Militia(Clone) (Target)
[ORDER] commander=ai team=Team_Human_Sol unit=Rifleman kind=attack tgt=Cent_Soldier_Militia(Clone) (Target)
[H2] team=Team_Human_Sol fire=Headquarters argmaxCell=(45,55) val=60 atWorld=(320,720) hqCount=2
[AI] [Team_Human_Sol] tick=102 reqs=4 type={Construct:4} task={} prio(min/avg/max)=10/77.5/100 groups=0
[ORDER] commander=ai team=Team_Human_Centauri unit=Squad Transport kind=move dst=(-390,73,155)
[ORDER] commander=ai team=Team_Human_Centauri unit=Squad Transport kind=move dst=(-681,70,-540)
[P31] team=Team_Alien preset=Combat stock=Crab ours=Crab agree=True rationale=swarm floor (have 0/16)
[P31] team=Team_Alien preset=Harvest stock=Shrimp ours=Shrimp agree=True rationale=biotic cap (have 38/70)
[AI] [Team_Alien] tick=102 reqs=7 type={Construct:7} task={} prio(min/avg/max)=0/36.4/81 groups=0
[ORDER] commander=ai team=Team_Human_Centauri unit=Militia kind=stop
[ORDER] commander=ai team=Team_Human_Centauri unit=Militia kind=move dst=(-510,124,-632)
[ORDER] commander=ai team=Team_Human_Centauri unit=Militia kind=move dst=(-510,124,-632)
[ORDER] commander=ai team=Team_Alien unit=Shocker kind=move dst=(215,91,-443)
[ORDER] commander=ai team=Team_Alien unit=Hunter kind=move dst=(-418,93,-552)
[ORDER] commander=ai team=Team_Human_Centauri unit=Squad Transport kind=move dst=(-390,73,155)
[ORDER] commander=ai team=Team_Human_Centauri unit=Squad Transport kind=move dst=(-681,70,-540)
[ORDER] commander=ai team=Team_Alien unit=Shocker kind=move dst=(216,91,-443)
[ORDER] commander=ai team=Team_Alien unit=Hunter kind=move dst=(-418,93,-552)
[ORDER] commander=ai team=Team_Human_Centauri unit=Squad Transport kind=move dst=(-390,73,155)
[ORDER] commander=ai team=Team_Human_Centauri unit=Squad Transport kind=move dst=(-681,70,-540)
[ORDER] commander=ai team=Team_Human_Centauri unit=Militia kind=move dst=(-728,117,-610)
[ORDER] commander=ai team=Team_Human_Centauri unit=Militia kind=move dst=(-728,117,-610)
[ORDER] commander=ai team=Team_Human_Centauri unit=Militia kind=move dst=(-728,117,-610)
[ORDER] commander=ai team=Team_Human_Centauri unit=Trooper kind=move dst=(-728,117,-610)
[ORDER] commander=ai team=Team_Human_Centauri unit=Militia kind=attack tgt=Sol_Light_PlatoonHauler(Clone) (Target)
[ORDER] commander=ai team=Team_Human_Centauri unit=Militia kind=attack tgt=Sol_Light_PlatoonHauler(Clone) (Target)
[ORDER] commander=ai team=Team_Human_Centauri unit=Militia kind=attack tgt=Sol_Light_PlatoonHauler(Clone) (Target)
[ORDER] commander=ai team=Team_Human_Centauri unit=Trooper kind=attack tgt=Sol_Light_PlatoonHauler(Clone) (Target)
[H2] team=Team_Human_Centauri fire=Headquarters argmaxCell=(29,74) val=50 atWorld=(-320,1480) hqCount=2
[AI] [Team_Human_Centauri] tick=103 reqs=4 type={Construct:4} task={} prio(min/avg/max)=0/35.3/81 groups=0
[SPAWN_U] team=Team_Alien unit=Shrimp
[ORDER] commander=ai team=Team_Human_Centauri unit=Trooper kind=move dst=(-510,124,-632)
[ORDER] commander=ai team=Team_Alien unit=Shocker kind=move dst=(216,91,-443)
[ORDER] commander=ai team=Team_Alien unit=Hunter kind=move dst=(-418,93,-552)
[ORDER] commander=ai team=Team_Human_Sol unit=Scout kind=move dst=(-45,59,-735)
[ORDER] commander=ai team=Team_Human_Sol unit=Scout kind=move dst=(-45,59,-735)
[ORDER] commander=ai team=Team_Human_Sol unit=Scout kind=move dst=(-45,59,-735)
[ORDER] commander=ai team=Team_Human_Sol unit=Rifleman kind=move dst=(-45,59,-735)
[ORDER] commander=ai team=Team_Human_Sol unit=Scout kind=attack tgt=Cent_Soldier_Militia(Clone) (Target)
[ORDER] commander=ai team=Team_Human_Sol unit=Scout kind=attack tgt=Cent_Soldier_Militia(Clone) (Target)
[ORDER] commander=ai team=Team_Human_Sol unit=Scout kind=attack tgt=Cent_Soldier_Militia(Clone) (Target)
[ORDER] commander=ai team=Team_Human_Sol unit=Rifleman kind=attack tgt=Cent_Soldier_Militia(Clone) (Target)
[H1] team=Team_Human_Sol fire=Refinery atBalterium=(1294,1066) refCount=1
[H1] team=Team_Human_Sol fire=Refinery atBalterium=(715,897) refCount=2
[H2] team=Team_Human_Sol fire=Headquarters argmaxCell=(45,55) val=60 atWorld=(320,720) hqCount=2
[AI] [Team_Human_Sol] tick=103 reqs=4 type={Construct:4} task={} prio(min/avg/max)=10/77.5/100 groups=0
[ORDER] commander=ai team=Team_Human_Centauri unit=Squad Transport kind=move dst=(-390,73,155)
[ORDER] commander=ai team=Team_Human_Centauri unit=Squad Transport kind=move dst=(-681,70,-540)
[P31] team=Team_Alien preset=Combat stock=Crab ours=Crab agree=True rationale=swarm floor (have 0/16)
[P31] team=Team_Alien preset=Harvest stock=Shrimp ours=Shrimp agree=True rationale=biotic cap (have 39/70)
[AI] [Team_Alien] tick=103 reqs=7 type={Construct:7} task={} prio(min/avg/max)=0/33.6/81 groups=0
[ORDER] commander=ai team=Team_Human_Centauri unit=Militia kind=stop
[ORDER] commander=ai team=Team_Human_Centauri unit=Militia kind=move dst=(-510,124,-632)
[ORDER] commander=ai team=Team_Human_Centauri unit=Militia kind=move dst=(-510,124,-632)
[ORDER] commander=ai team=Team_Alien unit=Shocker kind=move dst=(216,91,-443)
[ORDER] commander=ai team=Team_Alien unit=Hunter kind=move dst=(-418,93,-552)
[ORDER] commander=ai team=Team_Human_Centauri unit=Squad Transport kind=move dst=(-390,73,155)
[ORDER] commander=ai team=Team_Human_Centauri unit=Squad Transport kind=move dst=(-681,70,-540)
[SPAWN_U] team=Team_Alien unit=Shrimp
[ORDER] commander=ai team=Team_Alien unit=Shocker kind=move dst=(216,91,-443)
[ORDER] commander=ai team=Team_Alien unit=Hunter kind=move dst=(-418,93,-552)
[ORDER] commander=ai team=Team_Human_Centauri unit=Squad Transport kind=move dst=(-390,73,155)
[ORDER] commander=ai team=Team_Human_Centauri unit=Squad Transport kind=move dst=(-681,70,-540)
[ORDER] commander=ai team=Team_Human_Centauri unit=Militia kind=move dst=(-728,117,-610)
[ORDER] commander=ai team=Team_Human_Centauri unit=Militia kind=move dst=(-728,117,-610)
[ORDER] commander=ai team=Team_Human_Centauri unit=Militia kind=move dst=(-728,117,-610)
[ORDER] commander=ai team=Team_Human_Centauri unit=Trooper kind=move dst=(-728,117,-610)
[ORDER] commander=ai team=Team_Human_Centauri unit=Militia kind=attack tgt=Sol_Light_PlatoonHauler(Clone) (Target)
[ORDER] commander=ai team=Team_Human_Centauri unit=Militia kind=attack tgt=Sol_Light_PlatoonHauler(Clone) (Target)
[ORDER] commander=ai team=Team_Human_Centauri unit=Militia kind=attack tgt=Sol_Light_PlatoonHauler(Clone) (Target)
[ORDER] commander=ai team=Team_Human_Centauri unit=Trooper kind=attack tgt=Sol_Light_PlatoonHauler(Clone) (Target)
[H2] team=Team_Human_Centauri fire=Headquarters argmaxCell=(29,74) val=50 atWorld=(-320,1480) hqCount=2
[AI] [Team_Human_Centauri] tick=104 reqs=4 type={Construct:4} task={} prio(min/avg/max)=0/35.3/81 groups=0
[ORDER] commander=ai team=Team_Human_Centauri unit=Trooper kind=move dst=(-510,124,-632)
[ORDER] commander=ai team=Team_Alien unit=Shocker kind=move dst=(216,91,-443)
[ORDER] commander=ai team=Team_Alien unit=Hunter kind=move dst=(-418,93,-552)
[ORDER] commander=ai team=Team_Human_Sol unit=Scout kind=move dst=(-45,59,-735)
[ORDER] commander=ai team=Team_Human_Sol unit=Scout kind=move dst=(-45,59,-735)
[ORDER] commander=ai team=Team_Human_Sol unit=Scout kind=move dst=(-45,59,-735)
[ORDER] commander=ai team=Team_Human_Sol unit=Rifleman kind=move dst=(-45,59,-735)
[ORDER] commander=ai team=Team_Human_Sol unit=Scout kind=attack tgt=Cent_Soldier_Militia(Clone) (Target)
[ORDER] commander=ai team=Team_Human_Sol unit=Scout kind=attack tgt=Cent_Soldier_Militia(Clone) (Target)
[ORDER] commander=ai team=Team_Human_Sol unit=Scout kind=attack tgt=Cent_Soldier_Militia(Clone) (Target)
[ORDER] commander=ai team=Team_Human_Sol unit=Rifleman kind=attack tgt=Cent_Soldier_Militia(Clone) (Target)
[H2] team=Team_Human_Sol fire=Headquarters argmaxCell=(45,55) val=60 atWorld=(320,720) hqCount=2
[AI] [Team_Human_Sol] tick=104 reqs=4 type={Construct:4} task={} prio(min/avg/max)=10/77.5/100 groups=0
[ORDER] commander=ai team=Team_Human_Centauri unit=Squad Transport kind=move dst=(-390,73,155)
[ORDER] commander=ai team=Team_Human_Centauri unit=Squad Transport kind=move dst=(-681,70,-540)
[P31] team=Team_Alien preset=Combat stock=Crab ours=Crab agree=True rationale=swarm floor (have 0/16)
[AI] [Team_Alien] tick=104 reqs=6 type={Construct:6} task={} prio(min/avg/max)=0/32.3/81 groups=0
[ORDER] commander=ai team=Team_Human_Centauri unit=Militia kind=stop
[ORDER] commander=ai team=Team_Human_Centauri unit=Militia kind=move dst=(-510,124,-632)
[ORDER] commander=ai team=Team_Human_Centauri unit=Militia kind=move dst=(-510,124,-632)
[ORDER] commander=ai team=Team_Alien unit=Shocker kind=move dst=(216,91,-443)
[ORDER] commander=ai team=Team_Alien unit=Hunter kind=move dst=(-418,93,-552)
[ORDER] commander=ai team=Team_Human_Centauri unit=Squad Transport kind=move dst=(-390,73,155)
[ORDER] commander=ai team=Team_Human_Centauri unit=Squad Transport kind=move dst=(-681,70,-540)
[ORDER] commander=ai team=Team_Alien unit=Shocker kind=move dst=(216,91,-443)
[ORDER] commander=ai team=Team_Alien unit=Hunter kind=move dst=(-418,93,-552)
[ORDER] commander=ai team=Team_Human_Centauri unit=Squad Transport kind=move dst=(-390,73,155)
[ORDER] commander=ai team=Team_Human_Centauri unit=Squad Transport kind=move dst=(-681,70,-540)
[ORDER] commander=ai team=Team_Human_Centauri unit=Militia kind=move dst=(-728,117,-610)
[ORDER] commander=ai team=Team_Human_Centauri unit=Militia kind=move dst=(-728,117,-610)
[ORDER] commander=ai team=Team_Human_Centauri unit=Militia kind=move dst=(-728,117,-610)
[ORDER] commander=ai team=Team_Human_Centauri unit=Trooper kind=move dst=(-728,117,-610)
[ORDER] commander=ai team=Team_Human_Centauri unit=Squad Transport kind=attack tgt=Sol_Light_PlatoonHauler(Clone) (Target)
[ORDER] commander=ai team=Team_Human_Centauri unit=Militia kind=attack tgt=Sol_Light_PlatoonHauler(Clone) (Target)
[ORDER] commander=ai team=Team_Human_Centauri unit=Militia kind=attack tgt=Sol_Light_PlatoonHauler(Clone) (Target)
[ORDER] commander=ai team=Team_Human_Centauri unit=Militia kind=attack tgt=Sol_Light_PlatoonHauler(Clone) (Target)
[ORDER] commander=ai team=Team_Human_Centauri unit=Trooper kind=attack tgt=Sol_Light_PlatoonHauler(Clone) (Target)
[ORDER] commander=ai team=Team_Human_Centauri unit=Squad Transport kind=attack tgt=Sol_Light_PlatoonHauler(Clone) (Target)
[H2] team=Team_Human_Centauri fire=Headquarters argmaxCell=(29,74) val=50 atWorld=(-320,1480) hqCount=2
[AI] [Team_Human_Centauri] tick=105 reqs=4 type={Construct:4} task={} prio(min/avg/max)=0/35.3/81 groups=0
[ORDER] commander=ai team=Team_Human_Centauri unit=Trooper kind=move dst=(-510,124,-632)
[ORDER] commander=ai team=Team_Alien unit=Shocker kind=move dst=(216,91,-443)
[ORDER] commander=ai team=Team_Alien unit=Hunter kind=move dst=(-418,93,-552)
[ORDER] commander=ai team=Team_Human_Sol unit=Scout kind=move dst=(-45,59,-735)
[ORDER] commander=ai team=Team_Human_Sol unit=Scout kind=move dst=(-45,59,-735)
[ORDER] commander=ai team=Team_Human_Sol unit=Scout kind=move dst=(-45,59,-735)
[ORDER] commander=ai team=Team_Human_Sol unit=Rifleman kind=move dst=(-45,59,-735)
[ORDER] commander=ai team=Team_Human_Sol unit=Scout kind=attack tgt=Cent_Soldier_Militia(Clone) (Target)
[ORDER] commander=ai team=Team_Human_Sol unit=Scout kind=attack tgt=Cent_Soldier_Militia(Clone) (Target)
[ORDER] commander=ai team=Team_Human_Sol unit=Scout kind=attack tgt=Cent_Soldier_Militia(Clone) (Target)
[ORDER] commander=ai team=Team_Human_Sol unit=Rifleman kind=attack tgt=Cent_Soldier_Militia(Clone) (Target)
[H1] team=Team_Human_Sol fire=Refinery atBalterium=(1294,1066) refCount=1
[H1] team=Team_Human_Sol fire=Refinery atBalterium=(715,897) refCount=2
[H2] team=Team_Human_Sol fire=Headquarters argmaxCell=(45,55) val=60 atWorld=(320,720) hqCount=2
[AI] [Team_Human_Sol] tick=105 reqs=4 type={Construct:4} task={} prio(min/avg/max)=10/77.5/100 groups=0
[P31] team=Team_Alien preset=Combat stock=Crab ours=Crab agree=True rationale=swarm floor (have 0/16)
[AI] [Team_Alien] tick=105 reqs=6 type={Construct:6} task={} prio(min/avg/max)=0/32.3/81 groups=0
[SPAWN_U] team=Team_Alien unit=Shrimp
[ORDER] commander=ai team=Team_Human_Centauri unit=Militia kind=stop
[ORDER] commander=ai team=Team_Human_Centauri unit=Militia kind=move dst=(-510,124,-632)
[ORDER] commander=ai team=Team_Human_Centauri unit=Militia kind=move dst=(-510,124,-632)
[ORDER] commander=ai team=Team_Alien unit=Shocker kind=move dst=(216,91,-443)
[ORDER] commander=ai team=Team_Alien unit=Hunter kind=move dst=(-418,93,-552)
[ORDER] commander=ai team=Team_Alien unit=Shocker kind=move dst=(216,91,-443)
[ORDER] commander=ai team=Team_Alien unit=Hunter kind=move dst=(-418,93,-552)
[ORDER] commander=ai team=Team_Human_Centauri unit=Squad Transport kind=move dst=(-728,117,-610)
[ORDER] commander=ai team=Team_Human_Centauri unit=Squad Transport kind=attack tgt=Sol_Light_PlatoonHauler(Clone) (Target)
[H2] team=Team_Human_Centauri fire=Headquarters argmaxCell=(29,74) val=50 atWorld=(-320,1480) hqCount=2
[AI] [Team_Human_Centauri] tick=106 reqs=4 type={Construct:4} task={} prio(min/avg/max)=0/35.3/81 groups=0
[ORDER] commander=ai team=Team_Alien unit=Shocker kind=move dst=(216,91,-443)
[ORDER] commander=ai team=Team_Alien unit=Hunter kind=move dst=(-418,93,-552)
[ORDER] commander=ai team=Team_Human_Sol unit=Scout kind=move dst=(-45,59,-735)
[ORDER] commander=ai team=Team_Human_Sol unit=Scout kind=move dst=(-45,59,-735)
[ORDER] commander=ai team=Team_Human_Sol unit=Scout kind=move dst=(-45,59,-735)
[ORDER] commander=ai team=Team_Human_Sol unit=Rifleman kind=move dst=(-45,59,-735)
[ORDER] commander=ai team=Team_Human_Sol unit=Scout kind=attack tgt=Cent_Soldier_Militia(Clone) (Target)
[ORDER] commander=ai team=Team_Human_Sol unit=Scout kind=attack tgt=Cent_Soldier_Militia(Clone) (Target)
[ORDER] commander=ai team=Team_Human_Sol unit=Scout kind=attack tgt=Cent_Soldier_Militia(Clone) (Target)
[ORDER] commander=ai team=Team_Human_Sol unit=Rifleman kind=attack tgt=Cent_Soldier_Militia(Clone) (Target)
[H2] team=Team_Human_Sol fire=Headquarters argmaxCell=(45,55) val=60 atWorld=(320,720) hqCount=2
[AI] [Team_Human_Sol] tick=106 reqs=4 type={Construct:4} task={} prio(min/avg/max)=10/77.5/100 groups=0
[P31] team=Team_Alien preset=Combat stock=Crab ours=Crab agree=True rationale=swarm floor (have 0/16)
[P31] team=Team_Alien preset=Harvest stock=Shrimp ours=Shrimp agree=True rationale=biotic cap (have 41/70)
[ORDER] commander=ai team=Team_Alien unit=Shrimp kind=move dst=(-412,96,-324)
[AI] [Team_Alien] tick=106 reqs=7 type={Construct:7} task={} prio(min/avg/max)=0/39.3/81 groups=0
[ORDER] commander=ai team=Team_Alien unit=Shocker kind=move dst=(216,91,-443)
[ORDER] commander=ai team=Team_Alien unit=Hunter kind=move dst=(-418,93,-552)
[SPAWN_U] team=Team_Alien unit=Shrimp
[ORDER] commander=ai team=Team_Alien unit=Shocker kind=move dst=(216,91,-443)
[ORDER] commander=ai team=Team_Alien unit=Hunter kind=move dst=(-418,93,-552)
[ORDER] commander=ai team=Team_Human_Centauri unit=Squad Transport kind=move dst=(-728,117,-610)
[ORDER] commander=ai team=Team_Human_Centauri unit=Squad Transport kind=attack tgt=Sol_Light_PlatoonHauler(Clone) (Target)
[H2] team=Team_Human_Centauri fire=Headquarters argmaxCell=(29,74) val=50 atWorld=(-320,1480) hqCount=2
[AI] [Team_Human_Centauri] tick=107 reqs=4 type={Construct:4} task={} prio(min/avg/max)=0/35.3/81 groups=0
[ORDER] commander=ai team=Team_Alien unit=Shocker kind=move dst=(216,91,-443)
[ORDER] commander=ai team=Team_Alien unit=Hunter kind=move dst=(-418,93,-552)
[ORDER] commander=ai team=Team_Human_Sol unit=Scout kind=move dst=(-45,59,-735)
[ORDER] commander=ai team=Team_Human_Sol unit=Scout kind=move dst=(-45,59,-735)
[ORDER] commander=ai team=Team_Human_Sol unit=Scout kind=move dst=(-45,59,-735)
[ORDER] commander=ai team=Team_Human_Sol unit=Rifleman kind=move dst=(-45,59,-735)
[ORDER] commander=ai team=Team_Human_Sol unit=Scout kind=attack tgt=Cent_Soldier_Militia(Clone) (Target)
[ORDER] commander=ai team=Team_Human_Sol unit=Scout kind=attack tgt=Cent_Soldier_Militia(Clone) (Target)
[ORDER] commander=ai team=Team_Human_Sol unit=Scout kind=attack tgt=Cent_Soldier_Militia(Clone) (Target)
[ORDER] commander=ai team=Team_Human_Sol unit=Rifleman kind=attack tgt=Cent_Soldier_Militia(Clone) (Target)
[H1] team=Team_Human_Sol fire=Refinery atBalterium=(1294,1066) refCount=1
[H1] team=Team_Human_Sol fire=Refinery atBalterium=(715,897) refCount=2
[H2] team=Team_Human_Sol fire=Headquarters argmaxCell=(45,55) val=60 atWorld=(320,720) hqCount=2
[AI] [Team_Human_Sol] tick=107 reqs=4 type={Construct:4} task={} prio(min/avg/max)=10/77.5/100 groups=0
[P31] team=Team_Alien preset=Combat stock=Crab ours=Crab agree=True rationale=swarm floor (have 0/16)
[P31] team=Team_Alien preset=Harvest stock=Shrimp ours=Shrimp agree=True rationale=biotic cap (have 42/70)
[AI] [Team_Alien] tick=107 reqs=7 type={Construct:7} task={} prio(min/avg/max)=0/36.4/81 groups=0
[ORDER] commander=ai team=Team_Alien unit=Shocker kind=move dst=(216,91,-443)
[ORDER] commander=ai team=Team_Alien unit=Hunter kind=move dst=(-418,93,-552)
[ORDER] commander=ai team=Team_Alien unit=Shocker kind=move dst=(216,91,-443)
[ORDER] commander=ai team=Team_Alien unit=Hunter kind=move dst=(-418,93,-552)
[ORDER] commander=ai team=Team_Human_Centauri unit=Squad Transport kind=move dst=(-728,117,-610)
[ORDER] commander=ai team=Team_Human_Centauri unit=Squad Transport kind=attack tgt=Sol_Light_PlatoonHauler(Clone) (Target)
[H2] team=Team_Human_Centauri fire=Headquarters argmaxCell=(29,74) val=50 atWorld=(-320,1480) hqCount=2
[AI] [Team_Human_Centauri] tick=108 reqs=4 type={Construct:4} task={} prio(min/avg/max)=0/35.3/81 groups=0
[ORDER] commander=ai team=Team_Alien unit=Shocker kind=move dst=(216,91,-443)
[ORDER] commander=ai team=Team_Alien unit=Hunter kind=move dst=(-418,93,-552)
[ORDER] commander=ai team=Team_Human_Sol unit=Scout kind=move dst=(-45,59,-735)
[ORDER] commander=ai team=Team_Human_Sol unit=Scout kind=move dst=(-45,59,-735)
[ORDER] commander=ai team=Team_Human_Sol unit=Scout kind=move dst=(-45,59,-735)
[ORDER] commander=ai team=Team_Human_Sol unit=Rifleman kind=move dst=(-45,59,-735)
[ORDER] commander=ai team=Team_Human_Sol unit=Scout kind=attack tgt=Cent_Soldier_Militia(Clone) (Target)
[ORDER] commander=ai team=Team_Human_Sol unit=Scout kind=attack tgt=Cent_Soldier_Militia(Clone) (Target)
[ORDER] commander=ai team=Team_Human_Sol unit=Scout kind=attack tgt=Cent_Soldier_Militia(Clone) (Target)
[ORDER] commander=ai team=Team_Human_Sol unit=Rifleman kind=attack tgt=Cent_Soldier_Militia(Clone) (Target)
[H2] team=Team_Human_Sol fire=Headquarters argmaxCell=(45,55) val=60 atWorld=(320,720) hqCount=2
[AI] [Team_Human_Sol] tick=108 reqs=4 type={Construct:4} task={} prio(min/avg/max)=10/77.5/100 groups=0
[P31] team=Team_Alien preset=Combat stock=Crab ours=Crab agree=True rationale=swarm floor (have 0/16)
[P31] team=Team_Alien preset=Harvest stock=Shrimp ours=Shrimp agree=True rationale=biotic cap (have 42/70)
[AI] [Team_Alien] tick=108 reqs=7 type={Construct:7} task={} prio(min/avg/max)=0/36.4/81 groups=0
[ORDER] commander=ai team=Team_Alien unit=Shocker kind=move dst=(216,91,-443)
[ORDER] commander=ai team=Team_Alien unit=Hunter kind=move dst=(-418,93,-552)
[ORDER] commander=ai team=Team_Alien unit=Shocker kind=move dst=(216,91,-443)
[ORDER] commander=ai team=Team_Alien unit=Hunter kind=move dst=(-418,93,-552)
[ORDER] commander=ai team=Team_Human_Centauri unit=Squad Transport kind=move dst=(-728,117,-610)
[ORDER] commander=ai team=Team_Human_Centauri unit=Squad Transport kind=attack tgt=Sol_Light_PlatoonHauler(Clone) (Target)
[H2] team=Team_Human_Centauri fire=Headquarters argmaxCell=(29,74) val=50 atWorld=(-320,1480) hqCount=2
[AI] [Team_Human_Centauri] tick=109 reqs=4 type={Construct:4} task={} prio(min/avg/max)=0/35.3/81 groups=0
[ORDER] commander=ai team=Team_Alien unit=Shocker kind=move dst=(216,91,-443)
[ORDER] commander=ai team=Team_Alien unit=Hunter kind=move dst=(-418,93,-552)
[ORDER] commander=ai team=Team_Human_Sol unit=Scout kind=move dst=(-45,59,-735)
[ORDER] commander=ai team=Team_Human_Sol unit=Scout kind=move dst=(-45,59,-735)
[ORDER] commander=ai team=Team_Human_Sol unit=Scout kind=move dst=(-45,59,-735)
[ORDER] commander=ai team=Team_Human_Sol unit=Rifleman kind=move dst=(-45,59,-735)
[ORDER] commander=ai team=Team_Human_Sol unit=Scout kind=attack tgt=Cent_Soldier_Militia(Clone) (Target)
[ORDER] commander=ai team=Team_Human_Sol unit=Scout kind=attack tgt=Cent_Soldier_Militia(Clone) (Target)
[ORDER] commander=ai team=Team_Human_Sol unit=Scout kind=attack tgt=Cent_Soldier_Militia(Clone) (Target)
[ORDER] commander=ai team=Team_Human_Sol unit=Rifleman kind=attack tgt=Cent_Soldier_Militia(Clone) (Target)
[H1] team=Team_Human_Sol fire=Refinery atBalterium=(1294,1066) refCount=1
[H1] team=Team_Human_Sol fire=Refinery atBalterium=(715,897) refCount=2
[H2] team=Team_Human_Sol fire=Headquarters argmaxCell=(45,55) val=60 atWorld=(320,720) hqCount=2
[AI] [Team_Human_Sol] tick=109 reqs=4 type={Construct:4} task={} prio(min/avg/max)=10/77.5/100 groups=0
[SPAWN_U] team=Team_Alien unit=Shrimp
[P31] team=Team_Alien preset=Combat stock=Crab ours=Crab agree=True rationale=swarm floor (have 0/16)
[P31] team=Team_Alien preset=Harvest stock=Shrimp ours=Shrimp agree=True rationale=biotic cap (have 43/70)
[AI] [Team_Alien] tick=109 reqs=7 type={Construct:7} task={} prio(min/avg/max)=0/34.1/81 groups=0
[ORDER] commander=ai team=Team_Alien unit=Shocker kind=move dst=(216,91,-443)
[ORDER] commander=ai team=Team_Alien unit=Hunter kind=move dst=(-418,93,-552)
[ORDER] commander=ai team=Team_Alien unit=Shocker kind=move dst=(216,91,-443)
[SPAWN_U] team=Team_Alien unit=Shrimp
[ORDER] commander=ai team=Team_Alien unit=Hunter kind=move dst=(-418,93,-552)
[ORDER] commander=ai team=Team_Human_Centauri unit=Squad Transport kind=move dst=(-728,117,-610)
[ORDER] commander=ai team=Team_Human_Centauri unit=Squad Transport kind=attack tgt=Sol_Light_PlatoonHauler(Clone) (Target)
[H2] team=Team_Human_Centauri fire=Headquarters argmaxCell=(29,74) val=50 atWorld=(-320,1480) hqCount=2
[AI] [Team_Human_Centauri] tick=110 reqs=4 type={Construct:4} task={} prio(min/avg/max)=0/35.3/81 groups=0
[ORDER] commander=ai team=Team_Alien unit=Shocker kind=move dst=(216,91,-443)
[ORDER] commander=ai team=Team_Alien unit=Hunter kind=move dst=(-418,93,-552)
[ORDER] commander=ai team=Team_Human_Sol unit=Scout kind=move dst=(-45,59,-735)
[ORDER] commander=ai team=Team_Human_Sol unit=Scout kind=move dst=(-45,59,-735)
[ORDER] commander=ai team=Team_Human_Sol unit=Scout kind=move dst=(-45,59,-735)
[ORDER] commander=ai team=Team_Human_Sol unit=Rifleman kind=move dst=(-45,59,-735)
[ORDER] commander=ai team=Team_Human_Sol unit=Scout kind=attack tgt=Cent_Soldier_Militia(Clone) (Target)
[ORDER] commander=ai team=Team_Human_Sol unit=Scout kind=attack tgt=Cent_Soldier_Militia(Clone) (Target)
[ORDER] commander=ai team=Team_Human_Sol unit=Scout kind=attack tgt=Cent_Soldier_Militia(Clone) (Target)
[ORDER] commander=ai team=Team_Human_Sol unit=Rifleman kind=attack tgt=Cent_Soldier_Militia(Clone) (Target)
[H2] team=Team_Human_Sol fire=Headquarters argmaxCell=(45,55) val=60 atWorld=(320,720) hqCount=2
[AI] [Team_Human_Sol] tick=110 reqs=4 type={Construct:4} task={} prio(min/avg/max)=10/77.5/100 groups=0
[P31] team=Team_Alien preset=Combat stock=Crab ours=Crab agree=True rationale=swarm floor (have 0/16)
[P32] team=Team_Alien fire=BC patchAt=(242,-673) minDistToOwned=7m bcAttempts=6
[P32] team=Team_Alien fire=BC patchAt=(-355,134) minDistToOwned=41m bcAttempts=7
[P32] team=Team_Alien fire=BC patchAt=(-214,-600) minDistToOwned=60m bcAttempts=8
[AI] [Team_Alien] tick=110 reqs=6 type={Construct:6} task={} prio(min/avg/max)=0/32.7/81 groups=0
[SPAWN_U] team=Team_Alien unit=Shrimp
[P32] team=Team_Alien fire=Cyst phase=eager-at-BC atBcAt=(-365,125)
[P32] team=Team_Alien fire=Cyst phase=eager-at-BC atBcAt=(230,-685)
[P32] team=Team_Alien fire=Cyst phase=eager-at-BC atBcAt=(-210,-610)
[ORDER] commander=ai team=Team_Alien unit=Shocker kind=move dst=(216,91,-444)
[ORDER] commander=ai team=Team_Alien unit=Hunter kind=move dst=(-418,93,-552)
[P32] team=Team_Alien constructed=Cyst atBcAt=(230,-685) landedAt=(215,-700) result=Success
[P32] team=Team_Alien constructed=Cyst atBcAt=(-210,-610) landedAt=(-225,-625) result=Success
[P32] team=Team_Alien constructed=Cyst atBcAt=(-365,125) landedAt=(-355,110) result=Success
[ORDER] commander=ai team=Team_Alien unit=Shocker kind=move dst=(216,91,-444)
[ORDER] commander=ai team=Team_Alien unit=Hunter kind=move dst=(-418,93,-552)
[ORDER] commander=ai team=Team_Human_Centauri unit=Squad Transport kind=move dst=(-728,117,-610)
[ORDER] commander=ai team=Team_Human_Centauri unit=Squad Transport kind=attack tgt=Sol_Light_PlatoonHauler(Clone) (Target)
[H2] team=Team_Human_Centauri fire=Headquarters argmaxCell=(29,74) val=50 atWorld=(-320,1480) hqCount=2
[AI] [Team_Human_Centauri] tick=111 reqs=4 type={Construct:4} task={} prio(min/avg/max)=0/35.3/81 groups=0
[ORDER] commander=ai team=Team_Alien unit=Shocker kind=move dst=(216,91,-444)
[ORDER] commander=ai team=Team_Alien unit=Hunter kind=move dst=(-418,93,-552)
[ORDER] commander=ai team=Team_Human_Sol unit=Scout kind=move dst=(-45,59,-735)
[ORDER] commander=ai team=Team_Human_Sol unit=Scout kind=move dst=(-45,59,-735)
[ORDER] commander=ai team=Team_Human_Sol unit=Scout kind=move dst=(-45,59,-735)
[ORDER] commander=ai team=Team_Human_Sol unit=Rifleman kind=move dst=(-45,59,-735)
[ORDER] commander=ai team=Team_Human_Sol unit=Scout kind=attack tgt=Cent_Soldier_Militia(Clone) (Target)
[ORDER] commander=ai team=Team_Human_Sol unit=Scout kind=attack tgt=Cent_Soldier_Militia(Clone) (Target)
[ORDER] commander=ai team=Team_Human_Sol unit=Scout kind=attack tgt=Cent_Soldier_Militia(Clone) (Target)
[ORDER] commander=ai team=Team_Human_Sol unit=Rifleman kind=attack tgt=Cent_Soldier_Militia(Clone) (Target)
[H1] team=Team_Human_Sol fire=Refinery atBalterium=(1294,1066) refCount=1
[H1] team=Team_Human_Sol fire=Refinery atBalterium=(715,897) refCount=2
[H2] team=Team_Human_Sol fire=Headquarters argmaxCell=(45,55) val=60 atWorld=(320,720) hqCount=2
[AI] [Team_Human_Sol] tick=111 reqs=4 type={Construct:4} task={} prio(min/avg/max)=10/77.5/100 groups=0
[P31] team=Team_Alien preset=Combat stock=Crab ours=Crab agree=True rationale=swarm floor (have 0/16)
[P31] team=Team_Alien preset=Harvest stock=Shrimp ours=Shrimp agree=True rationale=biotic cap (have 45/70)
[ORDER] commander=ai team=Team_Alien unit=Shrimp kind=move dst=(261,34,-287)
[AI] [Team_Alien] tick=111 reqs=6 type={Construct:6} task={} prio(min/avg/max)=0/46.0/81 groups=0
[ORDER] commander=ai team=Team_Alien unit=Shocker kind=move dst=(216,91,-444)
[ORDER] commander=ai team=Team_Alien unit=Hunter kind=move dst=(-418,93,-552)
[ORDER] commander=ai team=Team_Alien unit=Shocker kind=move dst=(216,91,-444)
[ORDER] commander=ai team=Team_Alien unit=Hunter kind=move dst=(-418,93,-552)
[ORDER] commander=ai team=Team_Human_Centauri unit=Squad Transport kind=move dst=(-728,117,-610)
[ORDER] commander=ai team=Team_Human_Centauri unit=Squad Transport kind=attack tgt=Shrimp(Clone) (Target)
[ORDER] commander=ai team=Team_Human_Centauri unit=Squad Transport kind=attack tgt=Sol_Light_PlatoonHauler(Clone) (Target)
[ORDER] commander=ai team=Team_Human_Centauri unit=Militia kind=attack tgt=Shrimp(Clone) (Target)
[ORDER] commander=ai team=Team_Human_Centauri unit=Militia kind=attack tgt=Shrimp(Clone) (Target)
[ORDER] commander=ai team=Team_Human_Centauri unit=Militia kind=attack tgt=Shrimp(Clone) (Target)
[ORDER] commander=ai team=Team_Human_Centauri unit=Trooper kind=attack tgt=Shrimp(Clone) (Target)
[H2] team=Team_Human_Centauri fire=Headquarters argmaxCell=(29,74) val=50 atWorld=(-320,1480) hqCount=2
[AI] [Team_Human_Centauri] tick=112 reqs=6 type={Construct:6} task={} prio(min/avg/max)=0/37.0/81 groups=0
[ORDER] commander=ai team=Team_Human_Centauri unit=Militia kind=move dst=(-404,97,-475)
[ORDER] commander=ai team=Team_Alien unit=Shocker kind=move dst=(216,91,-444)
[ORDER] commander=ai team=Team_Alien unit=Hunter kind=move dst=(-418,93,-552)
[ORDER] commander=ai team=Team_Human_Sol unit=Scout kind=move dst=(-45,59,-735)
[ORDER] commander=ai team=Team_Human_Sol unit=Scout kind=move dst=(-45,59,-735)
[ORDER] commander=ai team=Team_Human_Sol unit=Scout kind=move dst=(-45,59,-735)
[ORDER] commander=ai team=Team_Human_Sol unit=Rifleman kind=move dst=(-45,59,-735)
[ORDER] commander=ai team=Team_Human_Sol unit=Scout kind=attack tgt=Cent_Soldier_Militia(Clone) (Target)
[ORDER] commander=ai team=Team_Human_Sol unit=Scout kind=attack tgt=Cent_Soldier_Militia(Clone) (Target)
[ORDER] commander=ai team=Team_Human_Sol unit=Scout kind=attack tgt=Cent_Soldier_Militia(Clone) (Target)
[ORDER] commander=ai team=Team_Human_Sol unit=Rifleman kind=attack tgt=Cent_Soldier_Militia(Clone) (Target)
[H2] team=Team_Human_Sol fire=Headquarters argmaxCell=(45,55) val=60 atWorld=(320,720) hqCount=2
[AI] [Team_Human_Sol] tick=112 reqs=4 type={Construct:4} task={} prio(min/avg/max)=10/77.5/100 groups=0
[P31] team=Team_Alien preset=Combat stock=Crab ours=Crab agree=True rationale=swarm floor (have 0/16)
[P31] team=Team_Alien preset=Harvest stock=Shrimp ours=Shrimp agree=True rationale=biotic cap (have 45/70)
[AI] [Team_Alien] tick=112 reqs=6 type={Construct:6} task={} prio(min/avg/max)=0/46.0/81 groups=0
[ORDER] commander=ai team=Team_Alien unit=Shocker kind=move dst=(216,91,-444)
[ORDER] commander=ai team=Team_Alien unit=Hunter kind=move dst=(-418,93,-552)
[SPAWN_U] team=Team_Alien unit=Shrimp
[ORDER] commander=ai team=Team_Alien unit=Shocker kind=move dst=(216,91,-444)
[ORDER] commander=ai team=Team_Alien unit=Hunter kind=move dst=(-418,93,-552)
[ORDER] commander=ai team=Team_Human_Centauri unit=Squad Transport kind=move dst=(-728,117,-610)
[ORDER] commander=ai team=Team_Human_Centauri unit=Militia kind=move dst=(171,30,-309)
[ORDER] commander=ai team=Team_Human_Centauri unit=Militia kind=move dst=(171,30,-309)
[ORDER] commander=ai team=Team_Human_Centauri unit=Militia kind=move dst=(171,30,-309)
[ORDER] commander=ai team=Team_Human_Centauri unit=Trooper kind=move dst=(171,30,-309)
[ORDER] commander=ai team=Team_Human_Centauri unit=Squad Transport kind=attack tgt=Sol_Light_PlatoonHauler(Clone) (Target)
[ORDER] commander=ai team=Team_Human_Centauri unit=Militia kind=attack tgt=Shrimp(Clone) (Target)
[ORDER] commander=ai team=Team_Human_Centauri unit=Militia kind=attack tgt=Shrimp(Clone) (Target)
[ORDER] commander=ai team=Team_Human_Centauri unit=Militia kind=attack tgt=Shrimp(Clone) (Target)
[ORDER] commander=ai team=Team_Human_Centauri unit=Trooper kind=attack tgt=Shrimp(Clone) (Target)
[H2] team=Team_Human_Centauri fire=Headquarters argmaxCell=(29,74) val=50 atWorld=(-320,1480) hqCount=2
[AI] [Team_Human_Centauri] tick=113 reqs=6 type={Construct:6} task={} prio(min/avg/max)=0/37.0/81 groups=0
[ORDER] commander=ai team=Team_Human_Centauri unit=Militia kind=move dst=(-404,97,-475)
[ORDER] commander=ai team=Team_Alien unit=Shocker kind=move dst=(216,91,-444)
[ORDER] commander=ai team=Team_Alien unit=Hunter kind=move dst=(-418,93,-552)
[ORDER] commander=ai team=Team_Human_Sol unit=Scout kind=move dst=(-45,59,-735)
[ORDER] commander=ai team=Team_Human_Sol unit=Scout kind=move dst=(-45,59,-735)
[ORDER] commander=ai team=Team_Human_Sol unit=Scout kind=move dst=(-45,59,-735)
[ORDER] commander=ai team=Team_Human_Sol unit=Rifleman kind=move dst=(-45,59,-735)
[ORDER] commander=ai team=Team_Human_Sol unit=Scout kind=attack tgt=Cent_Soldier_Militia(Clone) (Target)
[ORDER] commander=ai team=Team_Human_Sol unit=Scout kind=attack tgt=Cent_Soldier_Militia(Clone) (Target)
[ORDER] commander=ai team=Team_Human_Sol unit=Scout kind=attack tgt=Cent_Soldier_Militia(Clone) (Target)
[ORDER] commander=ai team=Team_Human_Sol unit=Rifleman kind=attack tgt=Cent_Soldier_Militia(Clone) (Target)
[H1] team=Team_Human_Sol fire=Refinery atBalterium=(1294,1066) refCount=1
[H1] team=Team_Human_Sol fire=Refinery atBalterium=(715,897) refCount=2
[H2] team=Team_Human_Sol fire=Headquarters argmaxCell=(45,55) val=60 atWorld=(320,720) hqCount=2
[AI] [Team_Human_Sol] tick=113 reqs=4 type={Construct:4} task={} prio(min/avg/max)=10/77.5/100 groups=0
[P31] team=Team_Alien preset=Combat stock=Crab ours=Crab agree=True rationale=swarm floor (have 0/16)
[P31] team=Team_Alien preset=Harvest stock=Shrimp ours=Shrimp agree=True rationale=biotic cap (have 46/70)
[AI] [Team_Alien] tick=113 reqs=6 type={Construct:6} task={} prio(min/avg/max)=0/42.8/81 groups=0
[ORDER] commander=ai team=Team_Alien unit=Shocker kind=move dst=(216,91,-444)
[ORDER] commander=ai team=Team_Alien unit=Hunter kind=move dst=(-418,93,-552)
[ORDER] commander=ai team=Team_Alien unit=Shocker kind=move dst=(216,91,-444)
[ORDER] commander=ai team=Team_Alien unit=Hunter kind=move dst=(-418,93,-552)
[ORDER] commander=ai team=Team_Human_Centauri unit=Squad Transport kind=move dst=(-728,117,-610)
[ORDER] commander=ai team=Team_Human_Centauri unit=Militia kind=move dst=(171,30,-309)
[ORDER] commander=ai team=Team_Human_Centauri unit=Militia kind=move dst=(171,30,-309)
[ORDER] commander=ai team=Team_Human_Centauri unit=Militia kind=move dst=(171,30,-309)
[ORDER] commander=ai team=Team_Human_Centauri unit=Trooper kind=move dst=(171,30,-309)
[ORDER] commander=ai team=Team_Human_Centauri unit=Squad Transport kind=attack tgt=Sol_Light_PlatoonHauler(Clone) (Target)
[ORDER] commander=ai team=Team_Human_Centauri unit=Militia kind=attack tgt=Shrimp(Clone) (Target)
[ORDER] commander=ai team=Team_Human_Centauri unit=Militia kind=attack tgt=Shrimp(Clone) (Target)
[ORDER] commander=ai team=Team_Human_Centauri unit=Militia kind=attack tgt=Shrimp(Clone) (Target)
[ORDER] commander=ai team=Team_Human_Centauri unit=Trooper kind=attack tgt=Shrimp(Clone) (Target)
[H2] team=Team_Human_Centauri fire=Headquarters argmaxCell=(29,74) val=50 atWorld=(-320,1480) hqCount=2
[AI] [Team_Human_Centauri] tick=114 reqs=6 type={Construct:6} task={} prio(min/avg/max)=0/37.0/81 groups=0
[ORDER] commander=ai team=Team_Human_Centauri unit=Militia kind=move dst=(-404,97,-475)
[ORDER] commander=ai team=Team_Alien unit=Shocker kind=move dst=(216,91,-444)
[ORDER] commander=ai team=Team_Alien unit=Hunter kind=move dst=(-418,93,-552)
[ORDER] commander=ai team=Team_Human_Sol unit=Scout kind=move dst=(-45,59,-735)
[ORDER] commander=ai team=Team_Human_Sol unit=Scout kind=move dst=(-45,59,-735)
[ORDER] commander=ai team=Team_Human_Sol unit=Scout kind=move dst=(-45,59,-735)
[ORDER] commander=ai team=Team_Human_Sol unit=Rifleman kind=move dst=(-45,59,-735)
[ORDER] commander=ai team=Team_Human_Sol unit=Scout kind=attack tgt=Cent_Soldier_Militia(Clone) (Target)
[ORDER] commander=ai team=Team_Human_Sol unit=Scout kind=attack tgt=Cent_Soldier_Militia(Clone) (Target)
[ORDER] commander=ai team=Team_Human_Sol unit=Scout kind=attack tgt=Cent_Soldier_Militia(Clone) (Target)
[ORDER] commander=ai team=Team_Human_Sol unit=Rifleman kind=attack tgt=Cent_Soldier_Militia(Clone) (Target)
[H2] team=Team_Human_Sol fire=Headquarters argmaxCell=(45,55) val=60 atWorld=(320,720) hqCount=2
[AI] [Team_Human_Sol] tick=114 reqs=4 type={Construct:4} task={} prio(min/avg/max)=10/77.5/100 groups=0
[P31] team=Team_Alien preset=Combat stock=Crab ours=Crab agree=True rationale=swarm floor (have 0/16)
[P31] team=Team_Alien preset=Harvest stock=Shrimp ours=Shrimp agree=True rationale=biotic cap (have 46/70)
[AI] [Team_Alien] tick=114 reqs=6 type={Construct:6} task={} prio(min/avg/max)=0/42.8/81 groups=0
[ORDER] commander=ai team=Team_Alien unit=Shocker kind=move dst=(216,91,-444)
[ORDER] commander=ai team=Team_Alien unit=Hunter kind=move dst=(-418,93,-552)
[ORDER] commander=ai team=Team_Alien unit=Shocker kind=move dst=(216,91,-444)
[ORDER] commander=ai team=Team_Alien unit=Hunter kind=move dst=(-419,93,-552)
[ORDER] commander=ai team=Team_Human_Centauri unit=Squad Transport kind=move dst=(-728,117,-610)
[ORDER] commander=ai team=Team_Human_Centauri unit=Militia kind=move dst=(171,30,-309)
[ORDER] commander=ai team=Team_Human_Centauri unit=Militia kind=move dst=(171,30,-309)
[ORDER] commander=ai team=Team_Human_Centauri unit=Militia kind=move dst=(171,30,-309)
[ORDER] commander=ai team=Team_Human_Centauri unit=Trooper kind=move dst=(171,30,-309)
[ORDER] commander=ai team=Team_Human_Centauri unit=Squad Transport kind=attack tgt=Sol_Light_PlatoonHauler(Clone) (Target)
[ORDER] commander=ai team=Team_Human_Centauri unit=Militia kind=attack tgt=Shrimp(Clone) (Target)
[ORDER] commander=ai team=Team_Human_Centauri unit=Militia kind=attack tgt=Shrimp(Clone) (Target)
[ORDER] commander=ai team=Team_Human_Centauri unit=Militia kind=attack tgt=Shrimp(Clone) (Target)
[ORDER] commander=ai team=Team_Human_Centauri unit=Trooper kind=attack tgt=Shrimp(Clone) (Target)
[H2] team=Team_Human_Centauri fire=Headquarters argmaxCell=(29,74) val=50 atWorld=(-320,1480) hqCount=2
[AI] [Team_Human_Centauri] tick=115 reqs=6 type={Construct:6} task={} prio(min/avg/max)=0/37.0/81 groups=0
[ORDER] commander=ai team=Team_Human_Centauri unit=Militia kind=move dst=(-404,97,-475)
[ORDER] commander=ai team=Team_Alien unit=Shocker kind=move dst=(216,91,-444)
[ORDER] commander=ai team=Team_Alien unit=Hunter kind=move dst=(-419,93,-552)
[ORDER] commander=ai team=Team_Human_Sol unit=Scout kind=move dst=(-45,59,-735)
[ORDER] commander=ai team=Team_Human_Sol unit=Scout kind=move dst=(-45,59,-735)
[ORDER] commander=ai team=Team_Human_Sol unit=Scout kind=move dst=(-45,59,-735)
[ORDER] commander=ai team=Team_Human_Sol unit=Rifleman kind=move dst=(-45,59,-735)
[ORDER] commander=ai team=Team_Human_Sol unit=Scout kind=attack tgt=Cent_Soldier_Militia(Clone) (Target)
[ORDER] commander=ai team=Team_Human_Sol unit=Scout kind=attack tgt=Cent_Soldier_Militia(Clone) (Target)
[ORDER] commander=ai team=Team_Human_Sol unit=Scout kind=attack tgt=Cent_Soldier_Militia(Clone) (Target)
[ORDER] commander=ai team=Team_Human_Sol unit=Rifleman kind=attack tgt=Cent_Soldier_Militia(Clone) (Target)
[H1] team=Team_Human_Sol fire=Refinery atBalterium=(1294,1066) refCount=1
[H1] team=Team_Human_Sol fire=Refinery atBalterium=(715,897) refCount=2
[H2] team=Team_Human_Sol fire=Headquarters argmaxCell=(45,55) val=60 atWorld=(320,720) hqCount=2
[AI] [Team_Human_Sol] tick=115 reqs=4 type={Construct:4} task={} prio(min/avg/max)=10/77.5/100 groups=0
[P31] team=Team_Alien preset=Combat stock=Crab ours=Crab agree=True rationale=swarm floor (have 0/16)
[P31] team=Team_Alien preset=Harvest stock=Shrimp ours=Shrimp agree=True rationale=biotic cap (have 46/70)
[AI] [Team_Alien] tick=115 reqs=6 type={Construct:6} task={} prio(min/avg/max)=0/42.8/81 groups=0
[SPAWN_U] team=Team_Alien unit=Shrimp
[SPAWN_U] team=Team_Alien unit=Shrimp
[ORDER] commander=ai team=Team_Alien unit=Shocker kind=move dst=(216,90,-444)
[ORDER] commander=ai team=Team_Alien unit=Hunter kind=move dst=(-419,93,-552)
[ORDER] commander=ai team=Team_Alien unit=Shocker kind=move dst=(216,90,-444)
[ORDER] commander=ai team=Team_Alien unit=Hunter kind=move dst=(-419,93,-552)
[SPAWN_U] team=Team_Alien unit=Shrimp
[ORDER] commander=ai team=Team_Human_Centauri unit=Squad Transport kind=move dst=(-728,117,-610)
[ORDER] commander=ai team=Team_Human_Centauri unit=Militia kind=move dst=(171,30,-309)
[ORDER] commander=ai team=Team_Human_Centauri unit=Militia kind=move dst=(171,30,-309)
[ORDER] commander=ai team=Team_Human_Centauri unit=Militia kind=move dst=(171,30,-309)
[ORDER] commander=ai team=Team_Human_Centauri unit=Trooper kind=move dst=(171,30,-309)
[ORDER] commander=ai team=Team_Human_Centauri unit=Squad Transport kind=attack tgt=Sol_Light_PlatoonHauler(Clone) (Target)
[ORDER] commander=ai team=Team_Human_Centauri unit=Militia kind=attack tgt=Shrimp(Clone) (Target)
[ORDER] commander=ai team=Team_Human_Centauri unit=Militia kind=attack tgt=Shrimp(Clone) (Target)
[ORDER] commander=ai team=Team_Human_Centauri unit=Militia kind=attack tgt=Shrimp(Clone) (Target)
[ORDER] commander=ai team=Team_Human_Centauri unit=Trooper kind=attack tgt=Shrimp(Clone) (Target)
[H2] team=Team_Human_Centauri fire=Headquarters argmaxCell=(29,74) val=50 atWorld=(-320,1480) hqCount=2
[AI] [Team_Human_Centauri] tick=116 reqs=6 type={Construct:6} task={} prio(min/avg/max)=0/37.0/81 groups=0
[ORDER] commander=ai team=Team_Human_Centauri unit=Militia kind=move dst=(-404,97,-475)
[ORDER] commander=ai team=Team_Human_Centauri unit=Militia kind=move dst=(-404,97,-475)
[ORDER] commander=ai team=Team_Human_Centauri unit=Militia kind=move dst=(-404,97,-475)
[ORDER] commander=ai team=Team_Human_Centauri unit=Trooper kind=move dst=(-404,97,-475)
[ORDER] commander=ai team=Team_Alien unit=Shocker kind=move dst=(216,90,-444)
[ORDER] commander=ai team=Team_Alien unit=Hunter kind=move dst=(-419,93,-552)
[ORDER] commander=ai team=Team_Human_Sol unit=Scout kind=move dst=(-45,59,-735)
[ORDER] commander=ai team=Team_Human_Sol unit=Scout kind=move dst=(-45,59,-735)
[ORDER] commander=ai team=Team_Human_Sol unit=Scout kind=move dst=(-45,59,-735)
[ORDER] commander=ai team=Team_Human_Sol unit=Rifleman kind=move dst=(-45,59,-735)
[ORDER] commander=ai team=Team_Human_Sol unit=Scout kind=attack tgt=Cent_Soldier_Militia(Clone) (Target)
[ORDER] commander=ai team=Team_Human_Sol unit=Scout kind=attack tgt=Cent_Soldier_Militia(Clone) (Target)
[ORDER] commander=ai team=Team_Human_Sol unit=Scout kind=attack tgt=Cent_Soldier_Militia(Clone) (Target)
[ORDER] commander=ai team=Team_Human_Sol unit=Rifleman kind=attack tgt=Cent_Soldier_Militia(Clone) (Target)
[H2] team=Team_Human_Sol fire=Headquarters argmaxCell=(50,37) val=130 atWorld=(520,0) hqCount=2
[AI] [Team_Human_Sol] tick=116 reqs=4 type={Construct:4} task={} prio(min/avg/max)=10/77.5/100 groups=0
[P31] team=Team_Alien preset=Combat stock=Crab ours=Crab agree=True rationale=swarm floor (have 0/16)
[P31] team=Team_Alien preset=Harvest stock=Shrimp ours=Shrimp agree=True rationale=biotic cap (have 49/70)
[ORDER] commander=ai team=Team_Alien unit=Shrimp kind=move dst=(-688,72,-480)
[AI] [Team_Alien] tick=116 reqs=6 type={Construct:6} task={} prio(min/avg/max)=0/46.0/81 groups=0
[ORDER] commander=ai team=Team_Alien unit=Shocker kind=move dst=(216,90,-444)
[ORDER] commander=ai team=Team_Alien unit=Hunter kind=move dst=(-419,93,-552)
[ORDER] commander=ai team=Team_Alien unit=Shocker kind=move dst=(216,90,-444)
[ORDER] commander=ai team=Team_Alien unit=Hunter kind=move dst=(-419,93,-552)
[ORDER] commander=ai team=Team_Human_Centauri unit=Squad Transport kind=move dst=(-728,117,-610)
[ORDER] commander=ai team=Team_Human_Centauri unit=Militia kind=move dst=(171,30,-309)
[ORDER] commander=ai team=Team_Human_Centauri unit=Militia kind=move dst=(171,30,-309)
[ORDER] commander=ai team=Team_Human_Centauri unit=Militia kind=move dst=(171,30,-309)
[ORDER] commander=ai team=Team_Human_Centauri unit=Trooper kind=move dst=(171,30,-309)
[ORDER] commander=ai team=Team_Human_Centauri unit=Squad Transport kind=attack tgt=Sol_Light_PlatoonHauler(Clone) (Target)
[ORDER] commander=ai team=Team_Human_Centauri unit=Militia kind=attack tgt=Shrimp(Clone) (Target)
[ORDER] commander=ai team=Team_Human_Centauri unit=Militia kind=attack tgt=Shrimp(Clone) (Target)
[ORDER] commander=ai team=Team_Human_Centauri unit=Militia kind=attack tgt=Shrimp(Clone) (Target)
[ORDER] commander=ai team=Team_Human_Centauri unit=Trooper kind=attack tgt=Shrimp(Clone) (Target)
[H2] team=Team_Human_Centauri fire=Headquarters argmaxCell=(29,74) val=50 atWorld=(-320,1480) hqCount=2
[AI] [Team_Human_Centauri] tick=117 reqs=6 type={Construct:6} task={} prio(min/avg/max)=0/37.0/81 groups=0
[ORDER] commander=ai team=Team_Human_Centauri unit=Militia kind=move dst=(-404,97,-475)
[ORDER] commander=ai team=Team_Human_Centauri unit=Militia kind=move dst=(-404,97,-475)
[ORDER] commander=ai team=Team_Human_Centauri unit=Militia kind=move dst=(-404,97,-475)
[ORDER] commander=ai team=Team_Human_Centauri unit=Trooper kind=move dst=(-404,97,-475)
[ORDER] commander=ai team=Team_Alien unit=Shocker kind=move dst=(216,90,-444)
[ORDER] commander=ai team=Team_Alien unit=Hunter kind=move dst=(-419,93,-552)
[ORDER] commander=ai team=Team_Human_Sol unit=Scout kind=move dst=(-45,59,-735)
[ORDER] commander=ai team=Team_Human_Sol unit=Scout kind=move dst=(-45,59,-735)
[ORDER] commander=ai team=Team_Human_Sol unit=Scout kind=move dst=(-45,59,-735)
[ORDER] commander=ai team=Team_Human_Sol unit=Rifleman kind=move dst=(-45,59,-735)
[ORDER] commander=ai team=Team_Human_Sol unit=Scout kind=attack tgt=Cent_Soldier_Militia(Clone) (Target)
[ORDER] commander=ai team=Team_Human_Sol unit=Scout kind=attack tgt=Cent_Soldier_Militia(Clone) (Target)
[ORDER] commander=ai team=Team_Human_Sol unit=Scout kind=attack tgt=Cent_Soldier_Militia(Clone) (Target)
[ORDER] commander=ai team=Team_Human_Sol unit=Rifleman kind=attack tgt=Cent_Soldier_Militia(Clone) (Target)
[H1] team=Team_Human_Sol fire=Refinery atBalterium=(1294,1066) refCount=1
[H1] team=Team_Human_Sol fire=Refinery atBalterium=(715,897) refCount=2
[H2] team=Team_Human_Sol fire=Headquarters argmaxCell=(45,55) val=60 atWorld=(320,720) hqCount=2
[AI] [Team_Human_Sol] tick=117 reqs=4 type={Construct:4} task={} prio(min/avg/max)=10/77.5/100 groups=0
[P31] team=Team_Alien preset=Combat stock=Crab ours=Crab agree=True rationale=swarm floor (have 0/16)
[P31] team=Team_Alien preset=Harvest stock=Shrimp ours=Shrimp agree=True rationale=biotic cap (have 49/70)
[AI] [Team_Alien] tick=117 reqs=6 type={Construct:6} task={} prio(min/avg/max)=0/46.0/81 groups=0
[ORDER] commander=ai team=Team_Alien unit=Shocker kind=move dst=(216,90,-444)
[ORDER] commander=ai team=Team_Alien unit=Hunter kind=move dst=(-419,93,-552)
[ORDER] commander=ai team=Team_Alien unit=Shocker kind=move dst=(216,90,-444)
[ORDER] commander=ai team=Team_Alien unit=Hunter kind=move dst=(-419,93,-552)
[ORDER] commander=ai team=Team_Human_Centauri unit=Squad Transport kind=move dst=(-728,117,-610)
[ORDER] commander=ai team=Team_Human_Centauri unit=Militia kind=move dst=(171,30,-309)
[ORDER] commander=ai team=Team_Human_Centauri unit=Militia kind=move dst=(171,30,-309)
[ORDER] commander=ai team=Team_Human_Centauri unit=Militia kind=move dst=(171,30,-309)
[ORDER] commander=ai team=Team_Human_Centauri unit=Trooper kind=move dst=(171,30,-309)
[ORDER] commander=ai team=Team_Human_Centauri unit=Squad Transport kind=attack tgt=Sol_Light_PlatoonHauler(Clone) (Target)
[ORDER] commander=ai team=Team_Human_Centauri unit=Militia kind=attack tgt=Shrimp(Clone) (Target)
[ORDER] commander=ai team=Team_Human_Centauri unit=Militia kind=attack tgt=Shrimp(Clone) (Target)
[ORDER] commander=ai team=Team_Human_Centauri unit=Militia kind=attack tgt=Shrimp(Clone) (Target)
[ORDER] commander=ai team=Team_Human_Centauri unit=Trooper kind=attack tgt=Shrimp(Clone) (Target)
[H2] team=Team_Human_Centauri fire=Headquarters argmaxCell=(29,74) val=50 atWorld=(-320,1480) hqCount=2
[AI] [Team_Human_Centauri] tick=118 reqs=6 type={Construct:6} task={} prio(min/avg/max)=0/37.0/81 groups=0
[ORDER] commander=ai team=Team_Human_Centauri unit=Militia kind=move dst=(-404,97,-475)
[ORDER] commander=ai team=Team_Human_Centauri unit=Militia kind=move dst=(-404,97,-475)
[ORDER] commander=ai team=Team_Human_Centauri unit=Militia kind=move dst=(-404,97,-475)
[ORDER] commander=ai team=Team_Human_Centauri unit=Trooper kind=move dst=(-404,97,-475)
[ORDER] commander=ai team=Team_Alien unit=Shocker kind=move dst=(216,90,-444)
[ORDER] commander=ai team=Team_Alien unit=Hunter kind=move dst=(-419,93,-552)
[ORDER] commander=ai team=Team_Human_Sol unit=Scout kind=move dst=(-45,59,-735)
[ORDER] commander=ai team=Team_Human_Sol unit=Scout kind=move dst=(-45,59,-735)
[ORDER] commander=ai team=Team_Human_Sol unit=Scout kind=move dst=(-45,59,-735)
[ORDER] commander=ai team=Team_Human_Sol unit=Rifleman kind=move dst=(-45,59,-735)
[ORDER] commander=ai team=Team_Human_Sol unit=Scout kind=attack tgt=Cent_Soldier_Militia(Clone) (Target)
[ORDER] commander=ai team=Team_Human_Sol unit=Scout kind=attack tgt=Cent_Soldier_Militia(Clone) (Target)
[ORDER] commander=ai team=Team_Human_Sol unit=Scout kind=attack tgt=Cent_Soldier_Militia(Clone) (Target)
[ORDER] commander=ai team=Team_Human_Sol unit=Rifleman kind=attack tgt=Cent_Soldier_Militia(Clone) (Target)
[H2] team=Team_Human_Sol fire=Headquarters argmaxCell=(45,55) val=60 atWorld=(320,720) hqCount=2
[AI] [Team_Human_Sol] tick=118 reqs=4 type={Construct:4} task={} prio(min/avg/max)=10/77.5/100 groups=0
[P31] team=Team_Alien preset=Combat stock=Crab ours=Crab agree=True rationale=swarm floor (have 0/16)
[P31] team=Team_Alien preset=Harvest stock=Shrimp ours=Shrimp agree=True rationale=biotic cap (have 49/70)
[AI] [Team_Alien] tick=118 reqs=6 type={Construct:6} task={} prio(min/avg/max)=0/46.0/81 groups=0
[ORDER] commander=ai team=Team_Alien unit=Shocker kind=move dst=(216,90,-444)
[ORDER] commander=ai team=Team_Alien unit=Hunter kind=move dst=(-419,93,-552)
[ORDER] commander=ai team=Team_Alien unit=Shocker kind=move dst=(216,90,-444)
[ORDER] commander=ai team=Team_Alien unit=Hunter kind=move dst=(-419,93,-552)
[SPAWN_U] team=Team_Alien unit=Shrimp
[ORDER] commander=ai team=Team_Human_Centauri unit=Squad Transport kind=move dst=(-728,117,-610)
[ORDER] commander=ai team=Team_Human_Centauri unit=Militia kind=move dst=(171,30,-309)
[ORDER] commander=ai team=Team_Human_Centauri unit=Militia kind=move dst=(171,30,-309)
[ORDER] commander=ai team=Team_Human_Centauri unit=Militia kind=move dst=(171,30,-309)
[ORDER] commander=ai team=Team_Human_Centauri unit=Trooper kind=move dst=(171,30,-309)
[ORDER] commander=ai team=Team_Human_Centauri unit=Squad Transport kind=attack tgt=Sol_Light_PlatoonHauler(Clone) (Target)
[ORDER] commander=ai team=Team_Human_Centauri unit=Militia kind=attack tgt=Shrimp(Clone) (Target)
[ORDER] commander=ai team=Team_Human_Centauri unit=Militia kind=attack tgt=Shrimp(Clone) (Target)
[ORDER] commander=ai team=Team_Human_Centauri unit=Militia kind=attack tgt=Shrimp(Clone) (Target)
[ORDER] commander=ai team=Team_Human_Centauri unit=Trooper kind=attack tgt=Shrimp(Clone) (Target)
[H2] team=Team_Human_Centauri fire=Headquarters argmaxCell=(29,74) val=50 atWorld=(-320,1480) hqCount=2
[AI] [Team_Human_Centauri] tick=119 reqs=6 type={Construct:6} task={} prio(min/avg/max)=0/37.0/81 groups=0

========== ROUND SUMMARY ==========
--- Team_Alien ---
  structures: built=34 lost=4
    built:    Node×25, Bio Cache×4, Lesser Spawning Cyst×4, Nest×1
    lost:     Node×4
  units:      built=85 lost=27
    built:    Shrimp×50, Shocker×11, Crab×7, Squid×7, Hunter×6, Horned Crab×2, Queen×1, Wasp×1
    lost:     Shocker×10, Crab×7, Hunter×5, Squid×3, Horned Crab×2
  orders:     total=2894  commander(ai)=2894 commander(player)=0 piloted=0
    breakdown: cmdAI(m/a/s)=2219/591/84  cmdPlayer(m/a/s)=0/0/0  piloted(m/a/s)=0/0/0
  micro/unit: 34.0 orders per unit produced
  construction handler:  ticks=118
    avg BuildableStructures/tick = 3.8
    avg BuildableUnits/tick      = 1.6
    avg BuildableTechUpgrades    = 0.0
    avg MissingResources/tick    = 0
    ticks with 0 buildable structures = 0 (0%)
  unit handler: ticks=118  avg presets combat/explore/harvest = 11.0/3.0/1.0

--- Team_Human_Centauri ---
  structures: built=6 lost=0
    built:    Refinery×3, Headquarters×1, Barracks×1, Research Facility×1
    lost:     -
  units:      built=31 lost=1
    built:    Light Raider×6, Militia×6, Squad Transport×5, Heavy Raider×4, Assault Car×4, Trooper×3, Harvester×3
    lost:     Squad Transport×1
  orders:     total=964  commander(ai)=964 commander(player)=0 piloted=0
    breakdown: cmdAI(m/a/s)=765/153/46  cmdPlayer(m/a/s)=0/0/0  piloted(m/a/s)=0/0/0
  micro/unit: 31.1 orders per unit produced
  construction handler:  ticks=119
    avg BuildableStructures/tick = 4.1
    avg BuildableUnits/tick      = 1.6
    avg BuildableTechUpgrades    = 0.3
    avg MissingResources/tick    = 0
    ticks with 0 buildable structures = 0 (0%)
  unit handler: ticks=119  avg presets combat/explore/harvest = 15.0/6.0/1.0

--- Team_Human_Sol ---
  structures: built=1 lost=0
    built:    Headquarters×1
    lost:     -
  units:      built=24 lost=4
    built:    Scout×6, Platoon Hauler×5, Heavy Quad×4, Light Striker×4, Rifleman×3, Light Quad×2
    lost:     Platoon Hauler×3, Light Striker×1
  orders:     total=981  commander(ai)=981 commander(player)=0 piloted=0
    breakdown: cmdAI(m/a/s)=595/350/36  cmdPlayer(m/a/s)=0/0/0  piloted(m/a/s)=0/0/0
  micro/unit: 40.9 orders per unit produced
  construction handler:  ticks=118
    avg BuildableStructures/tick = 1.0
    avg BuildableUnits/tick      = 0.0
    avg BuildableTechUpgrades    = 0.0
    avg MissingResources/tick    = 0
    ticks with 0 buildable structures = 0 (0%)
  unit handler: ticks=118  avg presets combat/explore/harvest = 15.0/6.0/1.0

========== END ROUND SUMMARY ==========

--- Phase 3.1 (unit-production decision agreement) ---
  Team_Alien: samples=165 agree=165 differ=0 oursNotBuildable=0 overridesApplied=0 overrideEnabled=True

--- Phase 3.2 slice 1 (OWN Alien construction) ---
  BC fires:    attempts=8 success=7 fail=1
  Cyst fires:  attempts=11 success=11 fail=0
  Node fires:  attempts=30 success=30 fail=0
  Intelligent decisions:
    BC delayed — eco not at capacity:    1976
    BC delayed — cash below buffer:      0
    Cyst skipped — cluster already full: 0
    Max BC clusters detected on map:     0

--- Phase 3.2 slice 1 (direct Shrimp queuing at Cysts) ---
  Shrimps queued this round:  49
  Skipped (queue full / fail): 168

--- Human construction (Refinery + HQ + Barracks + Research) ---
  Refinery fires: attempts=121 success=3 fail=118
  HQ fires:       attempts=149  success=17  fail=131
  Barracks fires: attempts=2 success=2 fail=0
  Research fires: attempts=4 success=4 fail=0

--- Human tech research ---
  Marks queued this round:      4
  Skipped (queue full / fail):  0

