# Si_RTS_AI observability log — scene=NorthPolarCap startedAt=2026-07-03 22:13:00
# categories: [AI] commander Think summary, [ORDER] unit order (attack/move/stop), [SPAWN_S] structure, [SPAWN_U] unit, [PILOT] player controlled-unit change, [TEAM] player team change
# Phase 2 additions: AIConstructionHandler + AIUnitHandler observability rolled into the round-summary block at the end of this file.
[SPAWN_S] team=Team_Human_Sol structure=Headquarters at=(-1095,-870)
[SPAWN_S] team=Team_Human_Centauri structure=Headquarters at=(-1110,840)
[SPAWN_S] team=Team_Alien structure=Nest at=(1470,240)
[SPAWN_U] team=Team_Alien unit=Crab
[SPAWN_U] team=Team_Alien unit=Queen
[TEAM] player=RTSA_HeadlessBot Team? -> Team_Human_Sol
[H1] team=Team_Human_Centauri fire=Refinery atBalterium=(-1248,631) refCount=1
[H1] team=Team_Human_Centauri fire=Refinery atBalterium=(-962,1073) refCount=2
[H1] team=Team_Human_Centauri fire=Refinery atBalterium=(-1489,1092) refCount=3
[AI] [Team_Human_Centauri] tick=1 reqs=4 type={Construct:4} task={} prio(min/avg/max)=10/77.5/100 groups=0
[ORDER] commander=ai team=Team_Alien unit=Crab kind=move dst=(839,41,64)
[P32] team=Team_Alien fire=BC patchAt=(1578,301) minDistToOwned=124m bcAttempts=1
[P32] team=Team_Alien fire=BC patchAt=(1406,409) minDistToOwned=181m bcAttempts=2
[P32] team=Team_Alien fire=Node towardPatchAt=(1768,99) distToOwned=329m nodesOwned=1 anchorAt=(1470,240)
[P32] team=Team_Alien fire=Node towardPatchAt=(1102,28) distToOwned=425m nodesOwned=2 anchorAt=(1470,240)
[AI] [Team_Alien] tick=1 reqs=3 type={Construct:3} task={} prio(min/avg/max)=10/70.0/100 groups=0
[P32] team=Team_Alien fire=Cyst phase=eager-at-BC atBcAt=(1585,305)
[P32] team=Team_Alien fire=Cyst phase=eager-at-BC atBcAt=(1395,400)
[H1] team=Team_Human_Sol fire=Refinery atBalterium=(-1229,-735) refCount=1
[H1] team=Team_Human_Sol fire=Refinery atBalterium=(-910,-1047) refCount=2
[H1] team=Team_Human_Sol fire=Refinery atBalterium=(-1515,-1118) refCount=3
[H2] team=Team_Human_Sol fire=Headquarters argmaxCell=(111,135) val=30 atWorld=(-1684,-724) hqCount=2
[AI] [Team_Human_Sol] tick=1 reqs=4 type={Construct:4} task={} prio(min/avg/max)=10/77.5/100 groups=0
[P32] team=Team_Alien constructed=Cyst atBcAt=(1585,305) landedAt=(1565,285) result=UnmetPrerequisite
[AI] [Team_Human_Centauri] tick=2 reqs=4 type={Construct:4} task={} prio(min/avg/max)=10/77.5/100 groups=0
[P32] team=Team_Alien fire=BC patchAt=(1768,99) minDistToOwned=130m bcAttempts=3
[P32] team=Team_Alien fire=Node towardPatchAt=(914,139) distToOwned=547m nodesOwned=2 anchorAt=(1470,240)
[AI] [Team_Alien] tick=2 reqs=3 type={Construct:3} task={} prio(min/avg/max)=10/70.0/100 groups=0
[AI] [Team_Human_Sol] tick=2 reqs=4 type={Construct:4} task={} prio(min/avg/max)=10/77.5/100 groups=0
[P32] team=Team_Alien constructed=Cyst atBcAt=(1395,400) landedAt=(1420,360) result=UnmetPrerequisite
[H1] team=Team_Human_Centauri constructed=Refinery atBalterium=(-1248,631) landedAt=(-1365,750) yaw=180 result=Success
[H1] team=Team_Human_Centauri constructed=Refinery atBalterium=(-1489,1092) landedAt=(-1620,960) yaw=0 result=Success
[H1] team=Team_Human_Centauri constructed=Refinery atBalterium=(-962,1073) landedAt=(-825,945) yaw=360 result=Success
[H1] team=Team_Human_Sol constructed=Refinery atBalterium=(-910,-1047) landedAt=(-1050,-1185) yaw=90 result=Success
[H3] team=Team_Human_Centauri fire=Barracks nearHq=(-1110,840)
[H3] team=Team_Human_Centauri fire=Research Facility nearHq=(-1110,840)
[AI] [Team_Human_Centauri] tick=3 reqs=2 type={Construct:2} task={} prio(min/avg/max)=10/55.0/100 groups=0
[AI] [Team_Alien] tick=3 reqs=3 type={Construct:3} task={} prio(min/avg/max)=10/70.0/100 groups=0
[H1] team=Team_Human_Sol fire=Refinery atBalterium=(-1229,-735) refCount=2
[H1] team=Team_Human_Sol fire=Refinery atBalterium=(-1515,-1118) refCount=3
[H3] team=Team_Human_Sol fire=Barracks nearHq=(-1095,-870)
[H3] team=Team_Human_Sol fire=Research Facility nearHq=(-1095,-870)
[AI] [Team_Human_Sol] tick=3 reqs=4 type={Construct:4} task={} prio(min/avg/max)=10/77.5/100 groups=0
[AI] [Team_Human_Centauri] tick=4 reqs=2 type={Construct:2} task={} prio(min/avg/max)=10/55.0/100 groups=0
[P32] team=Team_Alien fire=Node towardPatchAt=(1102,28) distToOwned=301m nodesOwned=3 anchorAt=(1470,240)
[AI] [Team_Alien] tick=4 reqs=3 type={Construct:3} task={} prio(min/avg/max)=10/70.0/100 groups=0
[AI] [Team_Human_Sol] tick=4 reqs=4 type={Construct:4} task={} prio(min/avg/max)=10/77.5/100 groups=0
[AI] [Team_Human_Centauri] tick=5 reqs=2 type={Construct:2} task={} prio(min/avg/max)=10/55.0/100 groups=0
[P32] team=Team_Alien fire=BC patchAt=(1102,28) minDistToOwned=44m bcAttempts=4
[P32] team=Team_Alien fire=Node towardPatchAt=(914,139) distToOwned=260m nodesOwned=5 anchorAt=(1470,240)
[AI] [Team_Alien] tick=5 reqs=3 type={Construct:3} task={} prio(min/avg/max)=10/70.0/100 groups=0
[H1] team=Team_Human_Sol fire=Refinery atBalterium=(-1229,-735) refCount=2
[H1] team=Team_Human_Sol fire=Refinery atBalterium=(-1515,-1118) refCount=3
[H3] team=Team_Human_Sol fire=Barracks nearHq=(-1095,-870)
[H3] team=Team_Human_Sol fire=Research Facility nearHq=(-1095,-870)
[AI] [Team_Human_Sol] tick=5 reqs=4 type={Construct:4} task={} prio(min/avg/max)=10/77.5/100 groups=0
[SPAWN_S] team=Team_Human_Sol structure=Ultra Heavy Factory at=(0,0)
[SPAWN_U] team=Team_Human_Sol unit=Light Quad
[SPAWN_U] team=Team_Human_Sol unit=Light Quad
[SPAWN_U] team=Team_Human_Sol unit=Scout
[SPAWN_U] team=Team_Human_Sol unit=Scout
[SPAWN_U] team=Team_Human_Sol unit=Scout
[SPAWN_U] team=Team_Human_Sol unit=Scout
[SPAWN_U] team=Team_Human_Sol unit=Scout
[SPAWN_U] team=Team_Human_Sol unit=Scout
[SPAWN_U] team=Team_Human_Sol unit=Rifleman
[SPAWN_U] team=Team_Human_Sol unit=Rifleman
[SPAWN_U] team=Team_Human_Sol unit=Rifleman
[SPAWN_U] team=Team_Human_Sol unit=Heavy Quad
[SPAWN_U] team=Team_Human_Centauri unit=Light Raider
[SPAWN_U] team=Team_Human_Centauri unit=Light Raider
[SPAWN_U] team=Team_Human_Centauri unit=Militia
[SPAWN_U] team=Team_Human_Centauri unit=Militia
[SPAWN_U] team=Team_Human_Centauri unit=Militia
[SPAWN_U] team=Team_Human_Centauri unit=Militia
[SPAWN_U] team=Team_Human_Centauri unit=Militia
[SPAWN_U] team=Team_Human_Centauri unit=Militia
[SPAWN_U] team=Team_Human_Centauri unit=Trooper
[SPAWN_U] team=Team_Human_Centauri unit=Trooper
[SPAWN_U] team=Team_Human_Centauri unit=Trooper
[SPAWN_U] team=Team_Human_Centauri unit=Heavy Raider
[SPAWN_U] team=Team_Alien unit=Hunter
[SPAWN_U] team=Team_Alien unit=Horned Crab
[SPAWN_U] team=Team_Alien unit=Horned Crab
[SPAWN_U] team=Team_Alien unit=Shocker
[SPAWN_U] team=Team_Alien unit=Shocker
[SPAWN_U] team=Team_Alien unit=Shocker
[SPAWN_U] team=Team_Alien unit=Shocker
[SPAWN_U] team=Team_Alien unit=Crab
[SPAWN_U] team=Team_Alien unit=Crab
[SPAWN_U] team=Team_Alien unit=Crab
[SPAWN_U] team=Team_Alien unit=Crab
[SPAWN_U] team=Team_Alien unit=Crab
[SPAWN_U] team=Team_Alien unit=Crab
[SPAWN_U] team=Team_Alien unit=Shrimp
[SPAWN_U] team=Team_Alien unit=Shrimp
[SPAWN_U] team=Team_Alien unit=Shrimp
[ORDER] commander=ai team=Team_Human_Centauri unit=Militia kind=move dst=(-769,17,509)
[ORDER] commander=ai team=Team_Human_Centauri unit=Militia kind=move dst=(-769,17,509)
[ORDER] commander=ai team=Team_Human_Centauri unit=Militia kind=move dst=(-769,17,509)
[ORDER] commander=ai team=Team_Human_Centauri unit=Trooper kind=move dst=(-769,17,509)
[ORDER] commander=ai team=Team_Human_Centauri unit=Militia kind=move dst=(-667,113,1318)
[ORDER] commander=ai team=Team_Human_Centauri unit=Militia kind=move dst=(-667,113,1318)
[ORDER] commander=ai team=Team_Human_Centauri unit=Militia kind=move dst=(-667,113,1318)
[ORDER] commander=ai team=Team_Human_Centauri unit=Light Raider kind=move dst=(-393,51,773)
[ORDER] commander=ai team=Team_Human_Centauri unit=Light Raider kind=move dst=(-393,51,773)
[ORDER] commander=ai team=Team_Human_Centauri unit=Heavy Raider kind=move dst=(-393,51,773)
[ORDER] commander=ai team=Team_Human_Centauri unit=Trooper kind=move dst=(-1008,47,72)
[ORDER] commander=ai team=Team_Human_Centauri unit=Trooper kind=move dst=(-1008,47,72)
[AI] [Team_Human_Centauri] tick=6 reqs=2 type={Construct:2} task={} prio(min/avg/max)=10/55.0/100 groups=0
[ORDER] commander=ai team=Team_Alien unit=Shrimp kind=move dst=(1578,111,301)
[ORDER] commander=ai team=Team_Alien unit=Shrimp kind=move dst=(1578,111,301)
[ORDER] commander=ai team=Team_Alien unit=Shrimp kind=move dst=(1578,111,301)
[ORDER] commander=ai team=Team_Alien unit=Crab kind=move dst=(882,34,919)
[ORDER] commander=ai team=Team_Alien unit=Crab kind=move dst=(882,34,919)
[ORDER] commander=ai team=Team_Alien unit=Crab kind=move dst=(882,34,919)
[ORDER] commander=ai team=Team_Alien unit=Crab kind=move dst=(882,34,919)
[ORDER] commander=ai team=Team_Alien unit=Shocker kind=move dst=(739,55,-311)
[ORDER] commander=ai team=Team_Alien unit=Shocker kind=move dst=(739,55,-311)
[ORDER] commander=ai team=Team_Alien unit=Shocker kind=move dst=(739,55,-311)
[ORDER] commander=ai team=Team_Alien unit=Crab kind=move dst=(739,55,-311)
[ORDER] commander=ai team=Team_Alien unit=Hunter kind=attack tgt=Sol_UltraHeavyFactory(Clone) (Target)
[ORDER] commander=ai team=Team_Alien unit=Queen kind=attack tgt=SpecialContainer_Short_01_Small(Clone) (Target)
[ORDER] commander=ai team=Team_Alien unit=Crab kind=move dst=(1289,32,273)
[P32] team=Team_Alien fire=BC patchAt=(914,139) minDistToOwned=141m bcAttempts=5
[AI] [Team_Alien] tick=6 reqs=3 type={Construct:3} task={} prio(min/avg/max)=10/70.0/100 groups=0
[ORDER] commander=ai team=Team_Human_Centauri unit=Light Raider kind=move dst=(-1045,25,823)
[ORDER] commander=ai team=Team_Human_Centauri unit=Light Raider kind=move dst=(-1045,25,823)
[ORDER] commander=ai team=Team_Human_Centauri unit=Heavy Raider kind=stop
[ORDER] commander=ai team=Team_Human_Sol unit=Scout kind=attack tgt=SpecialContainer_Short_01_Small(Clone) (Target)
[ORDER] commander=ai team=Team_Human_Sol unit=Scout kind=attack tgt=SpecialContainer_Short_01_Small(Clone) (Target)
[ORDER] commander=ai team=Team_Human_Sol unit=Scout kind=attack tgt=SpecialContainer_Short_01_Small(Clone) (Target)
[ORDER] commander=ai team=Team_Human_Sol unit=Rifleman kind=attack tgt=SpecialContainer_Short_01_Small(Clone) (Target)
[ORDER] commander=ai team=Team_Human_Sol unit=Scout kind=move dst=(-598,46,-378)
[ORDER] commander=ai team=Team_Human_Sol unit=Scout kind=move dst=(-598,46,-378)
[ORDER] commander=ai team=Team_Human_Sol unit=Scout kind=move dst=(-598,46,-378)
[ORDER] commander=ai team=Team_Human_Sol unit=Rifleman kind=move dst=(-598,46,-378)
[ORDER] commander=ai team=Team_Human_Sol unit=Light Quad kind=move dst=(-345,25,-329)
[ORDER] commander=ai team=Team_Human_Sol unit=Light Quad kind=move dst=(-345,25,-329)
[ORDER] commander=ai team=Team_Human_Sol unit=Heavy Quad kind=move dst=(-345,25,-329)
[ORDER] commander=ai team=Team_Human_Sol unit=Rifleman kind=move dst=(-1727,114,-130)
[AI] [Team_Human_Sol] tick=6 reqs=4 type={Construct:4} task={} prio(min/avg/max)=10/77.5/100 groups=0
[ORDER] commander=ai team=Team_Alien unit=Horned Crab kind=move dst=(839,41,64)
[ORDER] commander=ai team=Team_Alien unit=Horned Crab kind=move dst=(839,41,64)
[ORDER] commander=ai team=Team_Alien unit=Shocker kind=move dst=(839,41,64)
[ORDER] commander=ai team=Team_Alien unit=Queen kind=move dst=(1132,84,-120)
[ORDER] commander=ai team=Team_Human_Centauri unit=Heavy Raider kind=move dst=(-393,51,773)
[ORDER] commander=ai team=Team_Human_Centauri unit=Trooper kind=attack tgt=SpecialContainer_Long_01_Large(Clone) (Target)
[ORDER] commander=ai team=Team_Human_Centauri unit=Trooper kind=attack tgt=SpecialContainer_Long_01_Large(Clone) (Target)
[AI] [Team_Human_Centauri] tick=7 reqs=2 type={Construct:2} task={} prio(min/avg/max)=10/55.0/100 groups=0
[ORDER] commander=ai team=Team_Alien unit=Crab kind=attack tgt=SpecialContainer_Short_01_Small(Clone) (Target)
[AI] [Team_Alien] tick=7 reqs=3 type={Construct:3} task={} prio(min/avg/max)=10/70.0/100 groups=0
[ORDER] commander=ai team=Team_Human_Centauri unit=Light Raider kind=move dst=(-393,51,773)
[ORDER] commander=ai team=Team_Human_Centauri unit=Light Raider kind=move dst=(-393,51,773)
[ORDER] commander=ai team=Team_Human_Centauri unit=Trooper kind=move dst=(-1638,43,1063)
[H1] team=Team_Human_Sol fire=Refinery atBalterium=(-1229,-735) refCount=2
[H1] team=Team_Human_Sol fire=Refinery atBalterium=(-1515,-1118) refCount=3
[H3] team=Team_Human_Sol fire=Barracks nearHq=(-1095,-870)
[H3] team=Team_Human_Sol fire=Research Facility nearHq=(-1095,-870)
[AI] [Team_Human_Sol] tick=7 reqs=4 type={Construct:4} task={} prio(min/avg/max)=10/77.5/100 groups=0
[SPAWN_U] team=Team_Alien unit=Hunter
[SPAWN_U] team=Team_Alien unit=Hunter
[SPAWN_U] team=Team_Alien unit=Hunter
[SPAWN_U] team=Team_Alien unit=Squid
[SPAWN_U] team=Team_Alien unit=Squid
[SPAWN_U] team=Team_Alien unit=Shocker
[SPAWN_U] team=Team_Alien unit=Shocker
[SPAWN_U] team=Team_Alien unit=Shocker
[SPAWN_U] team=Team_Alien unit=Shocker
[SPAWN_U] team=Team_Alien unit=Wasp
[SPAWN_U] team=Team_Human_Centauri unit=Squad Transport
[SPAWN_U] team=Team_Human_Centauri unit=Squad Transport
[SPAWN_U] team=Team_Human_Centauri unit=Assault Car
[SPAWN_U] team=Team_Human_Centauri unit=Assault Car
[SPAWN_U] team=Team_Human_Centauri unit=Heavy Raider
[SPAWN_U] team=Team_Human_Centauri unit=Heavy Raider
[SPAWN_U] team=Team_Human_Sol unit=Platoon Hauler
[SPAWN_U] team=Team_Human_Sol unit=Platoon Hauler
[SPAWN_U] team=Team_Human_Sol unit=Light Striker
[SPAWN_U] team=Team_Human_Sol unit=Light Striker
[SPAWN_U] team=Team_Human_Sol unit=Heavy Quad
[SPAWN_U] team=Team_Human_Sol unit=Heavy Quad
[SPAWN_U] team=Team_Human_Sol unit=Platoon Hauler
[SPAWN_U] team=Team_Human_Sol unit=Platoon Hauler
[SPAWN_U] team=Team_Human_Sol unit=Platoon Hauler
[SPAWN_U] team=Team_Human_Centauri unit=Light Raider
[SPAWN_U] team=Team_Human_Centauri unit=Light Raider
[SPAWN_U] team=Team_Human_Sol unit=Heavy Quad
[SPAWN_U] team=Team_Human_Sol unit=Light Striker
[SPAWN_U] team=Team_Human_Sol unit=Light Striker
[SPAWN_U] team=Team_Human_Centauri unit=Squad Transport
[SPAWN_U] team=Team_Human_Centauri unit=Squad Transport
[SPAWN_U] team=Team_Human_Centauri unit=Squad Transport
[SPAWN_U] team=Team_Human_Centauri unit=Light Raider
[SPAWN_U] team=Team_Human_Centauri unit=Light Raider
[SPAWN_U] team=Team_Human_Centauri unit=Heavy Raider
[SPAWN_U] team=Team_Human_Centauri unit=Assault Car
[SPAWN_U] team=Team_Human_Centauri unit=Assault Car
[SPAWN_U] team=Team_Alien unit=Hunter
[SPAWN_U] team=Team_Alien unit=Hunter
[SPAWN_U] team=Team_Alien unit=Shocker
[SPAWN_U] team=Team_Alien unit=Shocker
[SPAWN_U] team=Team_Alien unit=Shocker
[SPAWN_U] team=Team_Alien unit=Squid
[SPAWN_U] team=Team_Alien unit=Squid
[SPAWN_U] team=Team_Alien unit=Squid
[SPAWN_U] team=Team_Alien unit=Squid
[SPAWN_U] team=Team_Alien unit=Squid
[SPAWN_U] team=Team_Alien unit=Shrimp
[SPAWN_U] team=Team_Alien unit=Shrimp
[SPAWN_U] team=Team_Alien unit=Shrimp
[SPAWN_U] team=Team_Alien unit=Shrimp
[SPAWN_U] team=Team_Alien unit=Shrimp
[SPAWN_U] team=Team_Alien unit=Shrimp
[ORDER] commander=ai team=Team_Human_Centauri unit=Squad Transport kind=move dst=(-1008,47,72)
[ORDER] commander=ai team=Team_Human_Centauri unit=Assault Car kind=move dst=(-1190,67,46)
[ORDER] commander=ai team=Team_Human_Centauri unit=Assault Car kind=move dst=(-1190,67,46)
[ORDER] commander=ai team=Team_Human_Centauri unit=Heavy Raider kind=move dst=(-1573,22,1593)
[ORDER] commander=ai team=Team_Human_Centauri unit=Heavy Raider kind=move dst=(-1573,22,1593)
[AI] [Team_Human_Centauri] tick=8 reqs=2 type={Construct:2} task={} prio(min/avg/max)=10/55.0/100 groups=0
[ORDER] commander=ai team=Team_Alien unit=Shrimp kind=move dst=(1289,32,273)
[ORDER] commander=ai team=Team_Alien unit=Shrimp kind=move dst=(1406,105,409)
[ORDER] commander=ai team=Team_Alien unit=Shrimp kind=move dst=(1406,105,409)
[ORDER] commander=ai team=Team_Alien unit=Shrimp kind=move dst=(1406,105,409)
[ORDER] commander=ai team=Team_Alien unit=Shrimp kind=move dst=(1406,105,409)
[ORDER] commander=ai team=Team_Alien unit=Squid kind=move dst=(1289,32,273)
[ORDER] commander=ai team=Team_Alien unit=Squid kind=move dst=(1289,32,273)
[ORDER] commander=ai team=Team_Alien unit=Squid kind=move dst=(1289,32,273)
[ORDER] commander=ai team=Team_Alien unit=Squid kind=move dst=(1289,32,273)
[ORDER] commander=ai team=Team_Alien unit=Hunter kind=move dst=(1217,86,-280)
[ORDER] commander=ai team=Team_Alien unit=Hunter kind=move dst=(936,24,580)
[ORDER] commander=ai team=Team_Alien unit=Hunter kind=move dst=(936,24,580)
[P32] team=Team_Alien fire=BC patchAt=(1289,273) minDistToOwned=63m bcAttempts=6
[AI] [Team_Alien] tick=8 reqs=3 type={Construct:3} task={} prio(min/avg/max)=10/70.0/100 groups=0
[P32] team=Team_Alien fire=Cyst phase=eager-at-BC atBcAt=(1290,280)
[ORDER] commander=ai team=Team_Alien unit=Squid kind=move dst=(1537,61,143)
[ORDER] commander=ai team=Team_Alien unit=Squid kind=move dst=(1537,61,143)
[ORDER] commander=ai team=Team_Alien unit=Squid kind=move dst=(1537,61,143)
[ORDER] commander=ai team=Team_Alien unit=Shocker kind=move dst=(1038,32,211)
[ORDER] commander=ai team=Team_Alien unit=Shocker kind=move dst=(1038,32,211)
[ORDER] commander=ai team=Team_Alien unit=Shocker kind=move dst=(1038,32,211)
[ORDER] commander=ai team=Team_Alien unit=Shocker kind=move dst=(1582,86,201)
[ORDER] commander=ai team=Team_Alien unit=Shocker kind=move dst=(1582,86,201)
[ORDER] commander=ai team=Team_Alien unit=Shocker kind=move dst=(1582,86,201)
[ORDER] commander=ai team=Team_Human_Centauri unit=Light Raider kind=move dst=(-1195,27,925)
[ORDER] commander=ai team=Team_Human_Centauri unit=Light Raider kind=move dst=(-1195,27,925)
[ORDER] commander=ai team=Team_Human_Sol unit=Heavy Quad kind=move dst=(-1125,64,-130)
[ORDER] commander=ai team=Team_Human_Sol unit=Light Striker kind=move dst=(-1125,64,-130)
[ORDER] commander=ai team=Team_Human_Sol unit=Platoon Hauler kind=move dst=(-221,50,-1151)
[ORDER] commander=ai team=Team_Human_Sol unit=Heavy Quad kind=move dst=(-1190,67,46)
[ORDER] commander=ai team=Team_Human_Sol unit=Light Raider kind=move dst=(-1190,67,46)
[ORDER] commander=ai team=Team_Human_Sol unit=Light Raider kind=move dst=(-1190,67,46)
[AI] [Team_Human_Sol] tick=8 reqs=4 type={Construct:4} task={} prio(min/avg/max)=10/77.5/100 groups=0
[ORDER] commander=ai team=Team_Human_Sol unit=Light Striker kind=move dst=(-1155,18,-974)
[ORDER] commander=ai team=Team_Human_Sol unit=Heavy Quad kind=move dst=(-1155,18,-974)
[ORDER] commander=ai team=Team_Human_Sol unit=Heavy Quad kind=stop
[ORDER] commander=ai team=Team_Human_Sol unit=Light Raider kind=move dst=(-1035,29,-766)
[ORDER] commander=ai team=Team_Human_Sol unit=Light Raider kind=move dst=(-1035,29,-766)
[ORDER] commander=ai team=Team_Human_Sol unit=Scout kind=stop
[ORDER] commander=ai team=Team_Human_Sol unit=Scout kind=move dst=(-980,28,-827)
[ORDER] commander=ai team=Team_Human_Sol unit=Scout kind=move dst=(-980,28,-827)
[ORDER] commander=ai team=Team_Human_Sol unit=Rifleman kind=move dst=(-980,28,-827)
[ORDER] commander=ai team=Team_Human_Sol unit=Light Quad kind=move dst=(-996,24,-845)
[ORDER] commander=ai team=Team_Human_Sol unit=Light Quad kind=move dst=(-996,24,-845)
[ORDER] commander=ai team=Team_Human_Sol unit=Heavy Quad kind=stop
[ORDER] commander=ai team=Team_Human_Centauri unit=Squad Transport kind=move dst=(-408,29,383)
[ORDER] commander=ai team=Team_Human_Centauri unit=Squad Transport kind=move dst=(-1438,22,-53)
[ORDER] commander=ai team=Team_Human_Centauri unit=Squad Transport kind=move dst=(-610,63,926)
[ORDER] commander=ai team=Team_Human_Centauri unit=Squad Transport kind=move dst=(-1339,20,195)
[ORDER] commander=ai team=Team_Human_Centauri unit=Assault Car kind=move dst=(-1055,32,1399)
[ORDER] commander=ai team=Team_Human_Centauri unit=Assault Car kind=move dst=(-1055,32,1399)
[ORDER] commander=ai team=Team_Human_Centauri unit=Light Raider kind=move dst=(-969,32,760)
[ORDER] commander=ai team=Team_Human_Centauri unit=Light Raider kind=move dst=(-969,32,760)
[ORDER] commander=ai team=Team_Human_Centauri unit=Heavy Raider kind=move dst=(-969,32,760)
[AI] [Team_Human_Centauri] tick=9 reqs=2 type={Construct:2} task={} prio(min/avg/max)=10/55.0/100 groups=0
[ORDER] commander=ai team=Team_Alien unit=Squid kind=move dst=(1289,32,273)
[ORDER] commander=ai team=Team_Alien unit=Squid kind=move dst=(1289,32,273)
[ORDER] commander=ai team=Team_Alien unit=Squid kind=move dst=(1289,32,273)
[ORDER] commander=ai team=Team_Alien unit=Squid kind=move dst=(1289,32,273)
[ORDER] commander=ai team=Team_Alien unit=Hunter kind=move dst=(1006,22,847)
[ORDER] commander=ai team=Team_Alien unit=Hunter kind=move dst=(1006,22,847)
[ORDER] commander=ai team=Team_Alien unit=Shocker kind=move dst=(1948,39,849)
[ORDER] commander=ai team=Team_Alien unit=Shocker kind=move dst=(1948,39,849)
[ORDER] commander=ai team=Team_Alien unit=Shocker kind=move dst=(1948,39,849)
[ORDER] commander=ai team=Team_Alien unit=Shocker kind=move dst=(1948,39,849)
[ORDER] commander=ai team=Team_Alien unit=Wasp kind=move dst=(1948,70,-105)
[ORDER] commander=ai team=Team_Alien unit=Squid kind=move dst=(1948,70,-105)
[ORDER] commander=ai team=Team_Alien unit=Squid kind=move dst=(1948,70,-105)
[ORDER] commander=ai team=Team_Alien unit=Squid kind=move dst=(1948,70,-105)
[AI] [Team_Alien] tick=9 reqs=3 type={Construct:3} task={} prio(min/avg/max)=10/70.0/100 groups=0
[ORDER] commander=ai team=Team_Alien unit=Wasp kind=stop
[ORDER] commander=ai team=Team_Alien unit=Squid kind=move dst=(1537,61,143)
[ORDER] commander=ai team=Team_Alien unit=Squid kind=move dst=(1537,61,143)
[ORDER] commander=ai team=Team_Alien unit=Squid kind=move dst=(1537,61,143)
[ORDER] commander=ai team=Team_Human_Sol unit=Scout kind=move dst=(-598,46,-378)
[ORDER] commander=ai team=Team_Alien unit=Shocker kind=stop
[ORDER] commander=ai team=Team_Alien unit=Shocker kind=move dst=(1582,86,201)
[ORDER] commander=ai team=Team_Alien unit=Shocker kind=move dst=(1582,86,201)
[ORDER] commander=ai team=Team_Alien unit=Shocker kind=move dst=(1582,86,201)
[ORDER] commander=ai team=Team_Human_Centauri unit=Light Raider kind=move dst=(-1195,27,925)
[ORDER] commander=ai team=Team_Human_Centauri unit=Light Raider kind=move dst=(-1195,27,925)
[ORDER] commander=ai team=Team_Human_Centauri unit=Heavy Raider kind=stop
[ORDER] commander=ai team=Team_Human_Sol unit=Light Striker kind=move dst=(-1302,20,-980)
[ORDER] commander=ai team=Team_Human_Sol unit=Light Striker kind=move dst=(-1302,20,-980)
[ORDER] commander=ai team=Team_Human_Sol unit=Heavy Quad kind=move dst=(-1302,20,-980)
[ORDER] commander=ai team=Team_Human_Sol unit=Light Striker kind=move dst=(-1117,62,-233)
[ORDER] commander=ai team=Team_Human_Sol unit=Platoon Hauler kind=move dst=(-201,51,-985)
[ORDER] commander=ai team=Team_Human_Sol unit=Platoon Hauler kind=move dst=(-170,51,-1268)
[ORDER] commander=ai team=Team_Human_Sol unit=Platoon Hauler kind=move dst=(-831,33,-733)
[ORDER] commander=ai team=Team_Human_Sol unit=Platoon Hauler kind=move dst=(-1668,34,-577)
[H1] team=Team_Human_Sol fire=Refinery atBalterium=(-1229,-735) refCount=2
[H1] team=Team_Human_Sol fire=Refinery atBalterium=(-1515,-1118) refCount=3
[H3] team=Team_Human_Sol fire=Barracks nearHq=(-1095,-870)
[H3] team=Team_Human_Sol fire=Research Facility nearHq=(-1095,-870)
[AI] [Team_Human_Sol] tick=9 reqs=4 type={Construct:4} task={} prio(min/avg/max)=10/77.5/100 groups=0
[ORDER] commander=ai team=Team_Human_Sol unit=Light Quad kind=move dst=(-991,25,-843)
[ORDER] commander=ai team=Team_Human_Sol unit=Light Quad kind=move dst=(-991,25,-843)
[ORDER] commander=ai team=Team_Human_Sol unit=Light Striker kind=stop
[ORDER] commander=ai team=Team_Human_Sol unit=Light Striker kind=move dst=(-1155,18,-974)
[ORDER] commander=ai team=Team_Human_Sol unit=Heavy Quad kind=move dst=(-1155,18,-974)
[ORDER] commander=ai team=Team_Human_Sol unit=Scout kind=move dst=(-1034,27,-790)
[ORDER] commander=ai team=Team_Human_Sol unit=Scout kind=move dst=(-1034,27,-790)
[ORDER] commander=ai team=Team_Human_Sol unit=Scout kind=move dst=(-598,46,-378)
[ORDER] commander=ai team=Team_Human_Sol unit=Scout kind=move dst=(-598,46,-378)
[ORDER] commander=ai team=Team_Human_Centauri unit=Light Raider kind=move dst=(-1195,27,925)
[ORDER] commander=ai team=Team_Alien unit=Squid kind=stop
[ORDER] commander=ai team=Team_Alien unit=Squid kind=move dst=(1280,61,294)
[ORDER] commander=ai team=Team_Alien unit=Squid kind=move dst=(1280,61,294)
[ORDER] commander=ai team=Team_Alien unit=Squid kind=move dst=(1280,61,294)
[AI] [Team_Human_Centauri] tick=10 reqs=2 type={Construct:2} task={} prio(min/avg/max)=10/55.0/100 groups=0
[ORDER] commander=ai team=Team_Alien unit=Squid kind=move dst=(1287,62,297)
[ORDER] commander=ai team=Team_Alien unit=Squid kind=move dst=(1287,62,297)
[ORDER] commander=ai team=Team_Alien unit=Squid kind=move dst=(1287,62,297)
[ORDER] commander=ai team=Team_Alien unit=Squid kind=move dst=(1128,21,881)
[ORDER] commander=ai team=Team_Alien unit=Squid kind=move dst=(1128,21,881)
[ORDER] commander=ai team=Team_Alien unit=Squid kind=move dst=(1128,21,881)
[ORDER] commander=ai team=Team_Alien unit=Squid kind=move dst=(1128,21,881)
[AI] [Team_Alien] tick=10 reqs=3 type={Construct:3} task={} prio(min/avg/max)=10/70.0/100 groups=0
[AI] [Team_Human_Sol] tick=10 reqs=4 type={Construct:4} task={} prio(min/avg/max)=10/77.5/100 groups=0
[P32] team=Team_Alien constructed=Cyst atBcAt=(1290,280) landedAt=(1345,230) result=UnmetPrerequisite
[ORDER] commander=ai team=Team_Alien unit=Squid kind=stop
[ORDER] commander=ai team=Team_Alien unit=Squid kind=move dst=(1288,67,297)
[ORDER] commander=ai team=Team_Alien unit=Squid kind=move dst=(1288,67,297)
[ORDER] commander=ai team=Team_Alien unit=Squid kind=move dst=(1288,67,297)
[ORDER] commander=ai team=Team_Human_Sol unit=Scout kind=stop
[ORDER] commander=ai team=Team_Human_Sol unit=Scout kind=move dst=(-955,32,-802)
[ORDER] commander=ai team=Team_Human_Sol unit=Scout kind=move dst=(-955,32,-802)
[ORDER] commander=ai team=Team_Human_Sol unit=Rifleman kind=move dst=(-955,32,-802)
[SPAWN_S] team=Team_Alien structure=Node at=(1330,225)
[ORDER] commander=ai team=Team_Alien unit=Squid kind=move dst=(1290,73,299)
[ORDER] commander=ai team=Team_Alien unit=Squid kind=move dst=(1290,73,299)
[ORDER] commander=ai team=Team_Alien unit=Squid kind=move dst=(1290,73,299)
[ORDER] commander=ai team=Team_Alien unit=Squid kind=move dst=(1537,61,143)
[ORDER] commander=ai team=Team_Human_Sol unit=Scout kind=move dst=(-954,32,-800)
[ORDER] commander=ai team=Team_Human_Sol unit=Scout kind=move dst=(-954,32,-800)
[ORDER] commander=ai team=Team_Human_Sol unit=Rifleman kind=move dst=(-954,32,-800)
[ORDER] commander=ai team=Team_Alien unit=Shocker kind=move dst=(1948,39,849)
[ORDER] commander=ai team=Team_Human_Sol unit=Light Quad kind=move dst=(-345,25,-329)
[ORDER] commander=ai team=Team_Human_Sol unit=Heavy Quad kind=move dst=(-345,25,-329)
[AI] [Team_Human_Centauri] tick=11 reqs=2 type={Construct:2} task={} prio(min/avg/max)=10/55.0/100 groups=0
[ORDER] commander=ai team=Team_Alien unit=Squid kind=move dst=(1128,21,881)
[ORDER] commander=ai team=Team_Alien unit=Squid kind=move dst=(1128,21,881)
[ORDER] commander=ai team=Team_Alien unit=Squid kind=move dst=(1128,21,881)
[ORDER] commander=ai team=Team_Alien unit=Squid kind=move dst=(1128,21,881)
[P32] team=Team_Alien reject=BC-too-far patchAt=(1102,28) landedAt=(1190,100) dist=114m → will node instead
[P32] team=Team_Alien cleared force-node patchAt=(1102,28) distToOwned=44m — retrying BC placement
[AI] [Team_Alien] tick=11 reqs=3 type={Construct:3} task={} prio(min/avg/max)=10/70.0/100 groups=0
[SPAWN_S] team=Team_Alien structure=Bio Cache at=(1585,305)
[P32] team=Team_Alien reject=BC-too-far patchAt=(1768,99) landedAt=(1750,210) dist=112m → will node instead
[SPAWN_S] team=Team_Alien structure=Bio Cache at=(1395,400)
[ORDER] commander=ai team=Team_Alien unit=Squid kind=move dst=(1537,61,143)
[ORDER] commander=ai team=Team_Human_Sol unit=Scout kind=move dst=(-598,46,-378)
[ORDER] commander=ai team=Team_Human_Centauri unit=Light Raider kind=move dst=(-969,32,760)
[ORDER] commander=ai team=Team_Human_Centauri unit=Light Raider kind=move dst=(-969,32,760)
[ORDER] commander=ai team=Team_Human_Centauri unit=Heavy Raider kind=move dst=(-969,32,760)
[ORDER] commander=ai team=Team_Human_Sol unit=Scout kind=move dst=(-1092,36,-484)
[ORDER] commander=ai team=Team_Human_Sol unit=Scout kind=move dst=(-1092,36,-484)
[ORDER] commander=ai team=Team_Human_Sol unit=Scout kind=move dst=(-1092,36,-484)
[ORDER] commander=ai team=Team_Human_Sol unit=Rifleman kind=move dst=(-1092,36,-484)
[H1] team=Team_Human_Sol fire=Refinery atBalterium=(-1229,-735) refCount=2
[H1] team=Team_Human_Sol fire=Refinery atBalterium=(-1515,-1118) refCount=3
[H3] team=Team_Human_Sol fire=Barracks nearHq=(-1095,-870)
[H3] team=Team_Human_Sol fire=Research Facility nearHq=(-1095,-870)
[AI] [Team_Human_Sol] tick=11 reqs=4 type={Construct:4} task={} prio(min/avg/max)=10/77.5/100 groups=0
[ORDER] commander=ai team=Team_Human_Sol unit=Scout kind=move dst=(-598,46,-378)
[ORDER] commander=ai team=Team_Alien unit=Squid kind=move dst=(1537,61,143)
[ORDER] commander=ai team=Team_Alien unit=Squid kind=move dst=(1537,61,143)
[ORDER] commander=ai team=Team_Alien unit=Squid kind=move dst=(1537,61,143)
[ORDER] commander=ai team=Team_Human_Sol unit=Scout kind=stop
[ORDER] commander=ai team=Team_Human_Sol unit=Scout kind=move dst=(-942,34,-788)
[ORDER] commander=ai team=Team_Human_Sol unit=Scout kind=move dst=(-942,34,-788)
[ORDER] commander=ai team=Team_Human_Sol unit=Rifleman kind=move dst=(-942,34,-788)
[AI] [Team_Human_Centauri] tick=12 reqs=2 type={Construct:2} task={} prio(min/avg/max)=10/55.0/100 groups=0
[ORDER] commander=ai team=Team_Alien unit=Squid kind=stop
[ORDER] commander=ai team=Team_Alien unit=Squid kind=move dst=(1270,121,370)
[ORDER] commander=ai team=Team_Alien unit=Squid kind=move dst=(1270,121,370)
[ORDER] commander=ai team=Team_Alien unit=Squid kind=move dst=(1270,121,370)
[ORDER] commander=ai team=Team_Human_Sol unit=Light Striker kind=move dst=(-1302,20,-980)
[ORDER] commander=ai team=Team_Human_Sol unit=Light Striker kind=move dst=(-1302,20,-980)
[P32] team=Team_Alien fire=Node towardPatchAt=(1768,99) distToOwned=130m nodesOwned=6 anchorAt=(1470,240)
[P32] team=Team_Alien fire=Node towardPatchAt=(936,580) distToOwned=464m nodesOwned=7 anchorAt=(1470,240)
[AI] [Team_Alien] tick=12 reqs=2 type={Construct:2} task={} prio(min/avg/max)=5/7.5/10 groups=0
[ORDER] commander=ai team=Team_Human_Sol unit=Scout kind=move dst=(-598,46,-378)
[AI] [Team_Human_Sol] tick=12 reqs=4 type={Construct:4} task={} prio(min/avg/max)=10/77.5/100 groups=0
[ORDER] commander=ai team=Team_Alien unit=Squid kind=move dst=(1128,21,881)
[ORDER] commander=ai team=Team_Alien unit=Squid kind=move dst=(1128,21,881)
[ORDER] commander=ai team=Team_Alien unit=Squid kind=move dst=(1128,21,881)
[ORDER] commander=ai team=Team_Alien unit=Squid kind=move dst=(1537,61,143)
[ORDER] commander=ai team=Team_Alien unit=Squid kind=move dst=(1537,61,143)
[ORDER] commander=ai team=Team_Human_Sol unit=Scout kind=move dst=(-598,46,-378)
[ORDER] commander=ai team=Team_Alien unit=Squid kind=move dst=(1128,21,881)
[ORDER] commander=ai team=Team_Alien unit=Squid kind=move dst=(1537,61,143)
[ORDER] commander=ai team=Team_Alien unit=Squid kind=move dst=(1537,61,143)
[ORDER] commander=ai team=Team_Human_Sol unit=Scout kind=stop
[ORDER] commander=ai team=Team_Human_Sol unit=Scout kind=move dst=(-930,37,-775)
[ORDER] commander=ai team=Team_Human_Sol unit=Scout kind=move dst=(-930,37,-775)
[ORDER] commander=ai team=Team_Human_Sol unit=Rifleman kind=move dst=(-930,37,-775)
[ORDER] commander=ai team=Team_Human_Centauri unit=Light Raider kind=move dst=(-1179,27,941)
[ORDER] commander=ai team=Team_Human_Centauri unit=Light Raider kind=move dst=(-1179,27,941)
[ORDER] commander=ai team=Team_Human_Centauri unit=Heavy Raider kind=stop
[ORDER] commander=ai team=Team_Human_Sol unit=Light Quad kind=move dst=(-345,25,-329)
[AI] [Team_Human_Centauri] tick=13 reqs=2 type={Construct:2} task={} prio(min/avg/max)=10/55.0/100 groups=0
[ORDER] commander=ai team=Team_Alien unit=Shrimp kind=move dst=(1768,127,99)
[ORDER] commander=ai team=Team_Alien unit=Hunter kind=move dst=(936,24,580)
[ORDER] commander=ai team=Team_Alien unit=Hunter kind=move dst=(936,24,580)
[P32] team=Team_Alien cleared force-node patchAt=(1768,99) distToOwned=8m — retrying BC placement
[AI] [Team_Alien] tick=13 reqs=2 type={Construct:2} task={} prio(min/avg/max)=5/7.5/10 groups=0
[ORDER] commander=ai team=Team_Alien unit=Squid kind=move dst=(1537,61,143)
[ORDER] commander=ai team=Team_Alien unit=Squid kind=move dst=(1537,61,143)
[ORDER] commander=ai team=Team_Human_Sol unit=Scout kind=move dst=(-925,33,-769)
[ORDER] commander=ai team=Team_Human_Sol unit=Scout kind=move dst=(-925,33,-769)
[ORDER] commander=ai team=Team_Human_Sol unit=Rifleman kind=move dst=(-925,33,-769)
[ORDER] commander=ai team=Team_Human_Centauri unit=Light Raider kind=move dst=(-1175,27,940)
[ORDER] commander=ai team=Team_Human_Centauri unit=Light Raider kind=move dst=(-1175,27,940)
[H1] team=Team_Human_Sol fire=Refinery atBalterium=(-1229,-735) refCount=2
[H1] team=Team_Human_Sol fire=Refinery atBalterium=(-1515,-1118) refCount=3
[H3] team=Team_Human_Sol fire=Barracks nearHq=(-1095,-870)
[H3] team=Team_Human_Sol fire=Research Facility nearHq=(-1095,-870)
[AI] [Team_Human_Sol] tick=13 reqs=4 type={Construct:4} task={} prio(min/avg/max)=10/77.5/100 groups=0
[ORDER] commander=ai team=Team_Alien unit=Squid kind=move dst=(1537,61,143)
[ORDER] commander=ai team=Team_Alien unit=Squid kind=move dst=(1537,61,143)
[ORDER] commander=ai team=Team_Alien unit=Squid kind=move dst=(1537,61,143)
[ORDER] commander=ai team=Team_Human_Sol unit=Scout kind=move dst=(-598,46,-378)
[ORDER] commander=ai team=Team_Human_Sol unit=Heavy Quad kind=move dst=(-1190,67,46)
[ORDER] commander=ai team=Team_Human_Sol unit=Light Raider kind=move dst=(-1190,67,46)
[ORDER] commander=ai team=Team_Human_Centauri unit=Light Raider kind=move dst=(-830,32,833)
[ORDER] commander=ai team=Team_Human_Centauri unit=Light Raider kind=move dst=(-830,32,833)
[ORDER] commander=ai team=Team_Human_Centauri unit=Heavy Raider kind=stop
[ORDER] commander=ai team=Team_Alien unit=Squid kind=move dst=(1537,61,143)
[ORDER] commander=ai team=Team_Alien unit=Squid kind=move dst=(1537,61,143)
[AI] [Team_Human_Centauri] tick=14 reqs=2 type={Construct:2} task={} prio(min/avg/max)=10/55.0/100 groups=0
[ORDER] commander=ai team=Team_Alien unit=Hunter kind=move dst=(957,101,-318)
[ORDER] commander=ai team=Team_Alien unit=Hunter kind=move dst=(957,101,-318)
[P32] team=Team_Alien fire=Node towardPatchAt=(1128,881) distToOwned=550m nodesOwned=7 anchorAt=(1470,240)
[AI] [Team_Alien] tick=14 reqs=2 type={Construct:2} task={} prio(min/avg/max)=5/7.5/10 groups=0
[ORDER] commander=ai team=Team_Human_Centauri unit=Light Raider kind=move dst=(-822,32,833)
[ORDER] commander=ai team=Team_Human_Centauri unit=Light Raider kind=move dst=(-822,32,833)
[ORDER] commander=ai team=Team_Alien unit=Squid kind=move dst=(1537,61,143)
[ORDER] commander=ai team=Team_Alien unit=Squid kind=move dst=(1537,61,143)
[ORDER] commander=ai team=Team_Alien unit=Squid kind=move dst=(1537,61,143)
[ORDER] commander=ai team=Team_Human_Sol unit=Scout kind=stop
[ORDER] commander=ai team=Team_Human_Sol unit=Scout kind=move dst=(-916,34,-757)
[ORDER] commander=ai team=Team_Human_Sol unit=Scout kind=move dst=(-916,34,-757)
[ORDER] commander=ai team=Team_Human_Sol unit=Rifleman kind=move dst=(-916,34,-757)
[AI] [Team_Human_Sol] tick=14 reqs=4 type={Construct:4} task={} prio(min/avg/max)=10/77.5/100 groups=0
[ORDER] commander=ai team=Team_Human_Sol unit=Light Raider kind=move dst=(-1190,67,46)
[ORDER] commander=ai team=Team_Alien unit=Squid kind=move dst=(1537,61,143)
[ORDER] commander=ai team=Team_Alien unit=Squid kind=move dst=(1537,61,143)
[ORDER] commander=ai team=Team_Alien unit=Shocker kind=move dst=(1948,39,849)
[ORDER] commander=ai team=Team_Alien unit=Crab kind=move dst=(1242,24,194)
[ORDER] commander=ai team=Team_Alien unit=Horned Crab kind=move dst=(1242,24,194)
[ORDER] commander=ai team=Team_Alien unit=Horned Crab kind=move dst=(1242,24,194)
[ORDER] commander=ai team=Team_Alien unit=Shocker kind=stop
[ORDER] commander=ai team=Team_Alien unit=Squid kind=move dst=(1537,61,143)
[ORDER] commander=ai team=Team_Alien unit=Squid kind=move dst=(1537,61,143)
[ORDER] commander=ai team=Team_Alien unit=Squid kind=move dst=(1537,61,143)
[ORDER] commander=ai team=Team_Human_Sol unit=Scout kind=move dst=(-598,46,-378)
[ORDER] commander=ai team=Team_Human_Centauri unit=Light Raider kind=move dst=(-969,32,760)
[ORDER] commander=ai team=Team_Human_Centauri unit=Light Raider kind=move dst=(-969,32,760)
[ORDER] commander=ai team=Team_Human_Centauri unit=Heavy Raider kind=move dst=(-969,32,760)
[AI] [Team_Human_Centauri] tick=15 reqs=2 type={Construct:2} task={} prio(min/avg/max)=10/55.0/100 groups=0
[ORDER] commander=ai team=Team_Human_Sol unit=Heavy Quad kind=move dst=(-1302,20,-980)
[ORDER] commander=ai team=Team_Alien unit=Squid kind=move dst=(770,24,841)
[ORDER] commander=ai team=Team_Alien unit=Squid kind=move dst=(770,24,841)
[ORDER] commander=ai team=Team_Alien unit=Squid kind=move dst=(770,24,841)
[ORDER] commander=ai team=Team_Alien unit=Squid kind=move dst=(770,24,841)
[P32] team=Team_Alien fire=Node towardPatchAt=(936,580) distToOwned=321m nodesOwned=8 anchorAt=(1470,240)
[AI] [Team_Alien] tick=15 reqs=2 type={Construct:2} task={} prio(min/avg/max)=5/7.5/10 groups=0
[ORDER] commander=ai team=Team_Alien unit=Squid kind=move dst=(1537,61,143)
[ORDER] commander=ai team=Team_Alien unit=Squid kind=move dst=(1537,61,143)
[ORDER] commander=ai team=Team_Human_Sol unit=Scout kind=move dst=(-598,46,-378)
[H1] team=Team_Human_Sol fire=Refinery atBalterium=(-1229,-735) refCount=2
[H1] team=Team_Human_Sol fire=Refinery atBalterium=(-1515,-1118) refCount=3
[H3] team=Team_Human_Sol fire=Barracks nearHq=(-1095,-870)
[H3] team=Team_Human_Sol fire=Research Facility nearHq=(-1095,-870)
[AI] [Team_Human_Sol] tick=15 reqs=4 type={Construct:4} task={} prio(min/avg/max)=10/77.5/100 groups=0
[ORDER] commander=ai team=Team_Alien unit=Horned Crab kind=move dst=(839,41,64)
[ORDER] commander=ai team=Team_Alien unit=Shocker kind=move dst=(839,41,64)
[ORDER] commander=ai team=Team_Alien unit=Squid kind=move dst=(1537,61,143)
[ORDER] commander=ai team=Team_Alien unit=Squid kind=move dst=(1537,61,143)
[ORDER] commander=ai team=Team_Alien unit=Squid kind=move dst=(1537,61,143)
[ORDER] commander=ai team=Team_Human_Sol unit=Scout kind=stop
[ORDER] commander=ai team=Team_Human_Sol unit=Scout kind=move dst=(-904,34,-743)
[ORDER] commander=ai team=Team_Human_Sol unit=Scout kind=move dst=(-904,34,-743)
[ORDER] commander=ai team=Team_Human_Sol unit=Rifleman kind=move dst=(-904,34,-743)
[ORDER] commander=ai team=Team_Alien unit=Squid kind=move dst=(1537,61,143)
[ORDER] commander=ai team=Team_Alien unit=Squid kind=move dst=(1537,61,143)
[ORDER] commander=ai team=Team_Human_Sol unit=Scout kind=move dst=(-598,46,-378)
[ORDER] commander=ai team=Team_Human_Sol unit=Light Quad kind=move dst=(-932,34,-733)
[ORDER] commander=ai team=Team_Human_Sol unit=Light Quad kind=move dst=(-932,34,-733)
[ORDER] commander=ai team=Team_Human_Sol unit=Heavy Quad kind=stop
[AI] [Team_Human_Centauri] tick=16 reqs=2 type={Construct:2} task={} prio(min/avg/max)=10/55.0/100 groups=0
[P32] team=Team_Alien fire=Node towardPatchAt=(770,841) distToOwned=482m nodesOwned=9 anchorAt=(1470,240)
[AI] [Team_Alien] tick=16 reqs=2 type={Construct:2} task={} prio(min/avg/max)=5/7.5/10 groups=0
[ORDER] commander=ai team=Team_Alien unit=Squid kind=move dst=(1537,61,143)
[ORDER] commander=ai team=Team_Alien unit=Squid kind=move dst=(1537,61,143)
[ORDER] commander=ai team=Team_Alien unit=Squid kind=move dst=(1537,61,143)
[ORDER] commander=ai team=Team_Human_Sol unit=Scout kind=move dst=(-598,46,-378)
[AI] [Team_Human_Sol] tick=16 reqs=4 type={Construct:4} task={} prio(min/avg/max)=10/77.5/100 groups=0
[ORDER] commander=ai team=Team_Human_Sol unit=Light Quad kind=move dst=(-931,34,-723)
[ORDER] commander=ai team=Team_Human_Sol unit=Light Quad kind=move dst=(-931,34,-723)
[ORDER] commander=ai team=Team_Alien unit=Squid kind=move dst=(1537,61,143)
[ORDER] commander=ai team=Team_Alien unit=Squid kind=move dst=(1537,61,143)
[ORDER] commander=ai team=Team_Human_Sol unit=Scout kind=stop
[ORDER] commander=ai team=Team_Human_Sol unit=Scout kind=move dst=(-892,34,-728)
[ORDER] commander=ai team=Team_Human_Sol unit=Scout kind=move dst=(-892,34,-728)
[ORDER] commander=ai team=Team_Human_Sol unit=Rifleman kind=move dst=(-892,34,-728)
[ORDER] commander=ai team=Team_Alien unit=Shocker kind=move dst=(1948,39,849)
[ORDER] commander=ai team=Team_Human_Sol unit=Light Quad kind=move dst=(-345,25,-329)
[ORDER] commander=ai team=Team_Human_Sol unit=Light Quad kind=move dst=(-345,25,-329)
[ORDER] commander=ai team=Team_Human_Sol unit=Heavy Quad kind=move dst=(-345,25,-329)
[ORDER] commander=ai team=Team_Human_Centauri unit=Light Raider kind=move dst=(-393,51,773)
[ORDER] commander=ai team=Team_Human_Centauri unit=Light Raider kind=move dst=(-393,51,773)
[ORDER] commander=ai team=Team_Human_Centauri unit=Heavy Raider kind=move dst=(-393,51,773)
[ORDER] commander=ai team=Team_Alien unit=Squid kind=move dst=(1537,61,143)
[ORDER] commander=ai team=Team_Alien unit=Squid kind=move dst=(1537,61,143)
[ORDER] commander=ai team=Team_Alien unit=Squid kind=move dst=(1537,61,143)
[ORDER] commander=ai team=Team_Human_Sol unit=Scout kind=move dst=(-598,46,-378)
[ORDER] commander=ai team=Team_Alien unit=Horned Crab kind=move dst=(839,41,64)
[AI] [Team_Human_Centauri] tick=17 reqs=2 type={Construct:2} task={} prio(min/avg/max)=10/55.0/100 groups=0
[ORDER] commander=ai team=Team_Human_Sol unit=Light Striker kind=move dst=(0,0,0)
[ORDER] commander=ai team=Team_Human_Sol unit=Heavy Quad kind=move dst=(0,0,0)
[ORDER] commander=ai team=Team_Alien unit=Squid kind=move dst=(770,24,841)
[ORDER] commander=ai team=Team_Alien unit=Squid kind=move dst=(770,24,841)
[ORDER] commander=ai team=Team_Alien unit=Squid kind=move dst=(770,24,841)
[ORDER] commander=ai team=Team_Alien unit=Squid kind=move dst=(770,24,841)
[AI] [Team_Alien] tick=17 reqs=2 type={Construct:2} task={} prio(min/avg/max)=5/7.5/10 groups=0
[ORDER] commander=ai team=Team_Alien unit=Squid kind=move dst=(1537,61,143)
[ORDER] commander=ai team=Team_Alien unit=Squid kind=move dst=(1537,61,143)
[ORDER] commander=ai team=Team_Alien unit=Squid kind=move dst=(1537,61,143)
[ORDER] commander=ai team=Team_Human_Sol unit=Scout kind=move dst=(-598,46,-378)
[ORDER] commander=ai team=Team_Human_Sol unit=Light Striker kind=move dst=(-1879,25,-1377)
[ORDER] commander=ai team=Team_Human_Sol unit=Light Striker kind=move dst=(-1879,25,-1377)
[ORDER] commander=ai team=Team_Human_Sol unit=Heavy Quad kind=move dst=(-1879,25,-1377)
[H1] team=Team_Human_Sol fire=Refinery atBalterium=(-1229,-735) refCount=2
[H1] team=Team_Human_Sol fire=Refinery atBalterium=(-1515,-1118) refCount=3
[H3] team=Team_Human_Sol fire=Barracks nearHq=(-1095,-870)
[H3] team=Team_Human_Sol fire=Research Facility nearHq=(-1095,-870)
[AI] [Team_Human_Sol] tick=17 reqs=4 type={Construct:4} task={} prio(min/avg/max)=10/77.5/100 groups=0
[SPAWN_S] team=Team_Alien structure=Node at=(1215,135)
[SPAWN_S] team=Team_Human_Centauri structure=Refinery at=(-1365,750)
[SPAWN_U] team=Team_Human_Centauri unit=Harvester
[SPAWN_S] team=Team_Human_Centauri structure=Refinery at=(-1620,960)
[SPAWN_U] team=Team_Human_Centauri unit=Harvester
[ORDER] commander=ai team=Team_Alien unit=Squid kind=move dst=(1537,61,143)
[ORDER] commander=ai team=Team_Alien unit=Squid kind=move dst=(1537,61,143)
[ORDER] commander=ai team=Team_Alien unit=Squid kind=move dst=(1537,61,143)
[ORDER] commander=ai team=Team_Human_Sol unit=Scout kind=stop
[ORDER] commander=ai team=Team_Human_Sol unit=Scout kind=move dst=(-882,33,-714)
[ORDER] commander=ai team=Team_Human_Sol unit=Scout kind=move dst=(-882,33,-714)
[ORDER] commander=ai team=Team_Human_Sol unit=Rifleman kind=move dst=(-882,33,-714)
[SPAWN_S] team=Team_Human_Centauri structure=Refinery at=(-825,945)
[SPAWN_U] team=Team_Human_Centauri unit=Harvester
[SPAWN_S] team=Team_Human_Sol structure=Refinery at=(-1050,-1185)
[SPAWN_U] team=Team_Human_Sol unit=Harvester
[SPAWN_S] team=Team_Alien structure=Node at=(1680,195)
[ORDER] commander=ai team=Team_Alien unit=Squid kind=move dst=(1537,61,143)
[ORDER] commander=ai team=Team_Alien unit=Squid kind=move dst=(1537,61,143)
[ORDER] commander=ai team=Team_Alien unit=Squid kind=move dst=(1537,61,143)
[ORDER] commander=ai team=Team_Alien unit=Shocker kind=move dst=(1948,39,849)
[ORDER] commander=ai team=Team_Alien unit=Crab kind=move dst=(1167,31,146)
[ORDER] commander=ai team=Team_Alien unit=Horned Crab kind=move dst=(1167,31,146)
[ORDER] commander=ai team=Team_Alien unit=Horned Crab kind=move dst=(1167,31,146)
[ORDER] commander=ai team=Team_Alien unit=Shocker kind=stop
[ORDER] commander=ai team=Team_Human_Centauri unit=Harvester kind=move dst=(-1248,38,631)
[ORDER] commander=ai team=Team_Human_Centauri unit=Harvester kind=move dst=(-1489,43,1092)
[ORDER] commander=ai team=Team_Human_Centauri unit=Harvester kind=move dst=(-962,28,1073)
[AI] [Team_Human_Centauri] tick=18 reqs=1 type={Construct:1} task={} prio(min/avg/max)=10/10.0/10 groups=0
[ORDER] commander=ai team=Team_Alien unit=Squid kind=move dst=(770,24,841)
[ORDER] commander=ai team=Team_Alien unit=Squid kind=move dst=(770,24,841)
[ORDER] commander=ai team=Team_Alien unit=Squid kind=move dst=(770,24,841)
[ORDER] commander=ai team=Team_Alien unit=Squid kind=move dst=(770,24,841)
[P32] team=Team_Alien fire=Node towardPatchAt=(554,761) distToOwned=591m nodesOwned=9 anchorAt=(1470,240)
[AI] [Team_Alien] tick=18 reqs=2 type={Construct:2} task={} prio(min/avg/max)=5/7.5/10 groups=0
[SPAWN_S] team=Team_Alien structure=Bio Cache at=(1290,280)
[ORDER] commander=ai team=Team_Alien unit=Squid kind=move dst=(1537,61,143)
[ORDER] commander=ai team=Team_Alien unit=Squid kind=move dst=(1537,61,143)
[ORDER] commander=ai team=Team_Alien unit=Squid kind=move dst=(1537,61,143)
[ORDER] commander=ai team=Team_Human_Sol unit=Scout kind=move dst=(-598,46,-378)
[ORDER] commander=ai team=Team_Human_Sol unit=Harvester kind=move dst=(-910,21,-1047)
[ORDER] commander=ai team=Team_Human_Sol unit=Light Striker kind=move dst=(-1573,27,-1671)
[ORDER] commander=ai team=Team_Human_Sol unit=Light Striker kind=move dst=(-1573,27,-1671)
[ORDER] commander=ai team=Team_Human_Sol unit=Heavy Quad kind=move dst=(-1573,27,-1671)
[ORDER] commander=ai team=Team_Human_Sol unit=Platoon Hauler kind=move dst=(-72,32,-865)
[AI] [Team_Human_Sol] tick=18 reqs=2 type={Construct:2} task={} prio(min/avg/max)=7/8.5/10 groups=0
[ORDER] commander=ai team=Team_Alien unit=Crab kind=move dst=(1165,31,146)
[ORDER] commander=ai team=Team_Alien unit=Horned Crab kind=move dst=(1165,31,146)
[ORDER] commander=ai team=Team_Alien unit=Horned Crab kind=move dst=(1165,31,146)
[ORDER] commander=ai team=Team_Alien unit=Squid kind=move dst=(1537,61,143)
[ORDER] commander=ai team=Team_Alien unit=Squid kind=move dst=(1537,61,143)
[ORDER] commander=ai team=Team_Alien unit=Squid kind=move dst=(1537,61,143)
[ORDER] commander=ai team=Team_Human_Sol unit=Scout kind=move dst=(-598,46,-378)
[ORDER] commander=ai team=Team_Human_Sol unit=Scout kind=move dst=(-598,46,-378)
[ORDER] commander=ai team=Team_Alien unit=Horned Crab kind=move dst=(839,41,64)
[ORDER] commander=ai team=Team_Alien unit=Shocker kind=move dst=(839,41,64)
[ORDER] commander=ai team=Team_Alien unit=Squid kind=move dst=(1537,61,143)
[ORDER] commander=ai team=Team_Alien unit=Squid kind=move dst=(1537,61,143)
[ORDER] commander=ai team=Team_Alien unit=Squid kind=move dst=(1537,61,143)
[ORDER] commander=ai team=Team_Human_Sol unit=Scout kind=stop
[ORDER] commander=ai team=Team_Human_Sol unit=Scout kind=move dst=(-870,34,-700)
[ORDER] commander=ai team=Team_Human_Sol unit=Scout kind=move dst=(-870,34,-700)
[ORDER] commander=ai team=Team_Human_Sol unit=Rifleman kind=move dst=(-870,34,-700)
[AI] [Team_Human_Centauri] tick=19 reqs=1 type={Construct:1} task={} prio(min/avg/max)=10/10.0/10 groups=0
[ORDER] commander=ai team=Team_Alien unit=Squid kind=move dst=(1238,83,-664)
[ORDER] commander=ai team=Team_Alien unit=Squid kind=move dst=(1238,83,-664)
[ORDER] commander=ai team=Team_Alien unit=Squid kind=move dst=(1238,83,-664)
[ORDER] commander=ai team=Team_Alien unit=Squid kind=move dst=(1238,83,-664)
[ORDER] commander=ai team=Team_Alien unit=Hunter kind=move dst=(641,38,32)
[ORDER] commander=ai team=Team_Alien unit=Hunter kind=move dst=(641,38,32)
[P32] team=Team_Alien fire=Node towardPatchAt=(1128,881) distToOwned=292m nodesOwned=11 anchorAt=(1470,240)
[P32] team=Team_Alien fire=Node towardPatchAt=(565,938) distToOwned=459m nodesOwned=12 anchorAt=(1470,240)
[AI] [Team_Alien] tick=19 reqs=1 type={Construct:1} task={} prio(min/avg/max)=10/10.0/10 groups=0
[ORDER] commander=ai team=Team_Alien unit=Squid kind=move dst=(1537,61,143)
[ORDER] commander=ai team=Team_Alien unit=Squid kind=move dst=(1537,61,143)
[ORDER] commander=ai team=Team_Alien unit=Squid kind=move dst=(1537,61,143)
[ORDER] commander=ai team=Team_Human_Sol unit=Scout kind=move dst=(-598,46,-378)
[H1] team=Team_Human_Sol fire=Refinery atBalterium=(-1229,-735) refCount=2
[H1] team=Team_Human_Sol fire=Refinery atBalterium=(-1515,-1118) refCount=3
[H3] team=Team_Human_Sol fire=Barracks nearHq=(-1095,-870)
[H3] team=Team_Human_Sol fire=Research Facility nearHq=(-1095,-870)
[AI] [Team_Human_Sol] tick=19 reqs=2 type={Construct:2} task={} prio(min/avg/max)=7/8.5/10 groups=0
[ORDER] commander=ai team=Team_Alien unit=Squid kind=move dst=(1537,61,143)
[ORDER] commander=ai team=Team_Alien unit=Squid kind=move dst=(1537,61,143)
[ORDER] commander=ai team=Team_Alien unit=Squid kind=move dst=(1537,61,143)
[ORDER] commander=ai team=Team_Human_Sol unit=Scout kind=move dst=(-598,46,-378)
[ORDER] commander=ai team=Team_Human_Sol unit=Scout kind=move dst=(-598,46,-378)
[ORDER] commander=ai team=Team_Alien unit=Squid kind=move dst=(1537,61,143)
[ORDER] commander=ai team=Team_Alien unit=Squid kind=move dst=(1537,61,143)
[ORDER] commander=ai team=Team_Alien unit=Squid kind=move dst=(1537,61,143)
[ORDER] commander=ai team=Team_Human_Sol unit=Scout kind=stop
[ORDER] commander=ai team=Team_Human_Sol unit=Scout kind=move dst=(-859,33,-685)
[ORDER] commander=ai team=Team_Human_Sol unit=Scout kind=move dst=(-859,33,-685)
[ORDER] commander=ai team=Team_Human_Sol unit=Rifleman kind=move dst=(-859,33,-685)
[ORDER] commander=ai team=Team_Alien unit=Horned Crab kind=move dst=(839,41,64)
[AI] [Team_Human_Centauri] tick=20 reqs=1 type={Construct:1} task={} prio(min/avg/max)=10/10.0/10 groups=0
[ORDER] commander=ai team=Team_Alien unit=Hunter kind=move dst=(1217,86,-280)
[P32] team=Team_Alien fire=Node towardPatchAt=(1217,-280) distToOwned=309m nodesOwned=12 anchorAt=(1470,240)
[AI] [Team_Alien] tick=20 reqs=1 type={Construct:1} task={} prio(min/avg/max)=10/10.0/10 groups=0
[ORDER] commander=ai team=Team_Alien unit=Squid kind=move dst=(1537,61,143)
[ORDER] commander=ai team=Team_Alien unit=Squid kind=move dst=(1537,61,143)
[ORDER] commander=ai team=Team_Alien unit=Squid kind=move dst=(1537,61,143)
[ORDER] commander=ai team=Team_Human_Sol unit=Scout kind=move dst=(-598,46,-378)
[AI] [Team_Human_Sol] tick=20 reqs=2 type={Construct:2} task={} prio(min/avg/max)=7/8.5/10 groups=0
[ORDER] commander=ai team=Team_Human_Centauri unit=Light Raider kind=move dst=(-731,40,836)
[ORDER] commander=ai team=Team_Human_Centauri unit=Light Raider kind=move dst=(-731,40,836)
[ORDER] commander=ai team=Team_Human_Centauri unit=Heavy Raider kind=stop
[ORDER] commander=ai team=Team_Alien unit=Squid kind=move dst=(1537,61,143)
[ORDER] commander=ai team=Team_Alien unit=Squid kind=move dst=(1537,61,143)
[ORDER] commander=ai team=Team_Alien unit=Squid kind=move dst=(1537,61,143)
[ORDER] commander=ai team=Team_Human_Sol unit=Scout kind=move dst=(-598,46,-378)
[ORDER] commander=ai team=Team_Human_Sol unit=Scout kind=move dst=(-598,46,-378)
[ORDER] commander=ai team=Team_Human_Centauri unit=Light Raider kind=move dst=(-726,40,837)
[ORDER] commander=ai team=Team_Human_Centauri unit=Light Raider kind=move dst=(-726,40,837)
[ORDER] commander=ai team=Team_Alien unit=Squid kind=move dst=(1537,61,143)
[ORDER] commander=ai team=Team_Alien unit=Squid kind=move dst=(1537,61,143)
[ORDER] commander=ai team=Team_Alien unit=Squid kind=move dst=(1537,61,143)
[ORDER] commander=ai team=Team_Human_Sol unit=Scout kind=stop
[ORDER] commander=ai team=Team_Human_Sol unit=Scout kind=move dst=(-843,34,-677)
[ORDER] commander=ai team=Team_Human_Sol unit=Scout kind=move dst=(-843,34,-677)
[ORDER] commander=ai team=Team_Human_Sol unit=Rifleman kind=move dst=(-843,34,-677)
[ORDER] commander=ai team=Team_Human_Centauri unit=Squad Transport kind=move dst=(-1125,64,-130)
[H2] team=Team_Human_Centauri fire=Headquarters argmaxCell=(122,158) val=32 atWorld=(-1244,196) hqCount=2
[AI] [Team_Human_Centauri] tick=21 reqs=1 type={Construct:1} task={} prio(min/avg/max)=10/10.0/10 groups=0
[ORDER] commander=ai team=Team_Alien unit=Hunter kind=move dst=(434,20,-150)
[ORDER] commander=ai team=Team_Alien unit=Wasp kind=move dst=(1217,86,-280)
[ORDER] commander=ai team=Team_Alien unit=Squid kind=move dst=(1217,86,-280)
[ORDER] commander=ai team=Team_Alien unit=Squid kind=move dst=(1217,86,-280)
[ORDER] commander=ai team=Team_Alien unit=Squid kind=move dst=(1217,86,-280)
[P32] team=Team_Alien fire=Node towardPatchAt=(565,938) distToOwned=253m nodesOwned=14 anchorAt=(1470,240)
[AI] [Team_Alien] tick=21 reqs=1 type={Construct:1} task={} prio(min/avg/max)=10/10.0/10 groups=0
[ORDER] commander=ai team=Team_Alien unit=Wasp kind=stop
[ORDER] commander=ai team=Team_Alien unit=Squid kind=move dst=(1537,61,143)
[ORDER] commander=ai team=Team_Alien unit=Squid kind=move dst=(1537,61,143)
[ORDER] commander=ai team=Team_Alien unit=Squid kind=move dst=(1537,61,143)
[ORDER] commander=ai team=Team_Human_Sol unit=Scout kind=move dst=(-598,46,-378)
[H1] team=Team_Human_Sol fire=Refinery atBalterium=(-1229,-735) refCount=2
[H1] team=Team_Human_Sol fire=Refinery atBalterium=(-1515,-1118) refCount=3
[H3] team=Team_Human_Sol fire=Barracks nearHq=(-1095,-870)
[H3] team=Team_Human_Sol fire=Research Facility nearHq=(-1095,-870)
[AI] [Team_Human_Sol] tick=21 reqs=2 type={Construct:2} task={} prio(min/avg/max)=7/8.5/10 groups=0
[ORDER] commander=ai team=Team_Human_Centauri unit=Assault Car kind=move dst=(0,0,0)
[ORDER] commander=ai team=Team_Alien unit=Squid kind=move dst=(1537,61,143)
[ORDER] commander=ai team=Team_Alien unit=Squid kind=move dst=(1537,61,143)
[ORDER] commander=ai team=Team_Alien unit=Squid kind=move dst=(1537,61,143)
[ORDER] commander=ai team=Team_Human_Sol unit=Scout kind=move dst=(-598,46,-378)
[ORDER] commander=ai team=Team_Alien unit=Crab kind=move dst=(839,41,64)
[ORDER] commander=ai team=Team_Alien unit=Squid kind=move dst=(1537,61,143)
[ORDER] commander=ai team=Team_Alien unit=Squid kind=move dst=(1537,61,143)
[ORDER] commander=ai team=Team_Alien unit=Squid kind=move dst=(1537,61,143)
[ORDER] commander=ai team=Team_Human_Sol unit=Scout kind=stop
[ORDER] commander=ai team=Team_Human_Sol unit=Scout kind=move dst=(-828,33,-667)
[ORDER] commander=ai team=Team_Human_Sol unit=Scout kind=move dst=(-828,33,-667)
[ORDER] commander=ai team=Team_Human_Sol unit=Rifleman kind=move dst=(-828,33,-667)
[ORDER] commander=ai team=Team_Human_Centauri unit=Assault Car kind=move dst=(-1190,67,46)
[ORDER] commander=ai team=Team_Human_Centauri unit=Assault Car kind=move dst=(-1190,67,46)
[ORDER] commander=ai team=Team_Human_Centauri unit=Squad Transport kind=move dst=(-1290,58,-60)
[ORDER] commander=ai team=Team_Human_Centauri unit=Squad Transport kind=move dst=(-252,28,671)
[ORDER] commander=ai team=Team_Human_Centauri unit=Assault Car kind=move dst=(-1498,43,945)
[ORDER] commander=ai team=Team_Human_Centauri unit=Assault Car kind=move dst=(-1498,43,945)
[H2] team=Team_Human_Centauri fire=Headquarters argmaxCell=(132,152) val=46 atWorld=(-844,-44) hqCount=2
[AI] [Team_Human_Centauri] tick=22 reqs=1 type={Construct:1} task={} prio(min/avg/max)=10/10.0/10 groups=0
[ORDER] commander=ai team=Team_Alien unit=Wasp kind=move dst=(1082,75,-567)
[ORDER] commander=ai team=Team_Alien unit=Squid kind=move dst=(1082,75,-567)
[ORDER] commander=ai team=Team_Alien unit=Squid kind=move dst=(1082,75,-567)
[ORDER] commander=ai team=Team_Alien unit=Squid kind=move dst=(1082,75,-567)
[AI] [Team_Alien] tick=22 reqs=1 type={Construct:1} task={} prio(min/avg/max)=10/10.0/10 groups=0
[ORDER] commander=ai team=Team_Alien unit=Wasp kind=stop
[ORDER] commander=ai team=Team_Alien unit=Squid kind=move dst=(1537,61,143)
[ORDER] commander=ai team=Team_Alien unit=Squid kind=move dst=(1537,61,143)
[ORDER] commander=ai team=Team_Alien unit=Squid kind=move dst=(1537,61,143)
[ORDER] commander=ai team=Team_Human_Sol unit=Scout kind=move dst=(-598,46,-378)
[ORDER] commander=ai team=Team_Human_Sol unit=Heavy Quad kind=move dst=(-1589,18,-26)
[ORDER] commander=ai team=Team_Human_Sol unit=Light Striker kind=move dst=(-1589,18,-26)
[H2] team=Team_Human_Sol fire=Headquarters argmaxCell=(111,135) val=30 atWorld=(-1684,-724) hqCount=2
[AI] [Team_Human_Sol] tick=22 reqs=2 type={Construct:2} task={} prio(min/avg/max)=7/8.5/10 groups=0
[ORDER] commander=ai team=Team_Human_Centauri unit=Light Raider kind=move dst=(-393,51,773)
[ORDER] commander=ai team=Team_Human_Centauri unit=Light Raider kind=move dst=(-393,51,773)
[ORDER] commander=ai team=Team_Human_Centauri unit=Heavy Raider kind=move dst=(-393,51,773)
[ORDER] commander=ai team=Team_Alien unit=Squid kind=move dst=(1537,61,143)
[ORDER] commander=ai team=Team_Alien unit=Squid kind=move dst=(1537,61,143)
[ORDER] commander=ai team=Team_Alien unit=Squid kind=move dst=(1537,61,143)
[ORDER] commander=ai team=Team_Human_Sol unit=Scout kind=move dst=(-598,46,-378)
[ORDER] commander=ai team=Team_Alien unit=Shocker kind=stop
[ORDER] commander=ai team=Team_Alien unit=Shocker kind=move dst=(1685,76,514)
[ORDER] commander=ai team=Team_Alien unit=Shocker kind=move dst=(1685,76,514)
[ORDER] commander=ai team=Team_Alien unit=Shocker kind=move dst=(1685,76,514)
[ORDER] commander=ai team=Team_Human_Sol unit=Heavy Quad kind=stop
[ORDER] commander=ai team=Team_Human_Sol unit=Light Raider kind=move dst=(-1010,35,-390)
[ORDER] commander=ai team=Team_Human_Sol unit=Light Raider kind=move dst=(-1010,35,-390)
[ORDER] commander=ai team=Team_Alien unit=Squid kind=move dst=(1537,61,143)
[ORDER] commander=ai team=Team_Alien unit=Squid kind=move dst=(1537,61,143)
[ORDER] commander=ai team=Team_Alien unit=Squid kind=move dst=(1537,61,143)
[ORDER] commander=ai team=Team_Human_Sol unit=Scout kind=stop
[ORDER] commander=ai team=Team_Human_Sol unit=Scout kind=move dst=(-816,33,-657)
[ORDER] commander=ai team=Team_Human_Sol unit=Scout kind=move dst=(-816,33,-657)
[ORDER] commander=ai team=Team_Human_Sol unit=Rifleman kind=move dst=(-816,33,-657)
[ORDER] commander=ai team=Team_Alien unit=Shocker kind=move dst=(1948,39,849)
[ORDER] commander=ai team=Team_Human_Sol unit=Light Raider kind=move dst=(-1009,36,-379)
[ORDER] commander=ai team=Team_Human_Sol unit=Light Raider kind=move dst=(-1009,36,-379)
[ORDER] commander=ai team=Team_Human_Centauri unit=Heavy Raider kind=move dst=(-228,29,1086)
[ORDER] commander=ai team=Team_Human_Centauri unit=Heavy Raider kind=move dst=(-228,29,1086)
[ORDER] commander=ai team=Team_Human_Centauri unit=Assault Car kind=move dst=(-267,28,1346)
[ORDER] commander=ai team=Team_Human_Centauri unit=Assault Car kind=move dst=(-267,28,1346)
[H2] team=Team_Human_Centauri fire=Headquarters argmaxCell=(132,152) val=46 atWorld=(-844,-44) hqCount=2
[AI] [Team_Human_Centauri] tick=23 reqs=1 type={Construct:1} task={} prio(min/avg/max)=10/10.0/10 groups=0
[ORDER] commander=ai team=Team_Alien unit=Crab kind=attack tgt=SpecialContainer_Short_01_Small(Clone) (Target)
[ORDER] commander=ai team=Team_Alien unit=Shocker kind=attack tgt=SpecialContainer_Short_01_Small(Clone) (Target)
[ORDER] commander=ai team=Team_Alien unit=Shocker kind=attack tgt=SpecialContainer_Short_01_Small(Clone) (Target)
[ORDER] commander=ai team=Team_Alien unit=Shocker kind=attack tgt=SpecialContainer_Short_01_Small(Clone) (Target)
[AI] [Team_Alien] tick=23 reqs=1 type={Construct:1} task={} prio(min/avg/max)=10/10.0/10 groups=0
[ORDER] commander=ai team=Team_Alien unit=Squid kind=move dst=(1537,61,143)
[ORDER] commander=ai team=Team_Alien unit=Squid kind=move dst=(1537,61,143)
[ORDER] commander=ai team=Team_Alien unit=Squid kind=move dst=(1537,61,143)
[ORDER] commander=ai team=Team_Human_Sol unit=Scout kind=move dst=(-598,46,-378)
[ORDER] commander=ai team=Team_Alien unit=Shocker kind=move dst=(867,38,-168)
[ORDER] commander=ai team=Team_Human_Sol unit=Scout kind=move dst=(-1337,27,341)
[ORDER] commander=ai team=Team_Human_Sol unit=Scout kind=move dst=(-1337,27,341)
[ORDER] commander=ai team=Team_Human_Sol unit=Scout kind=move dst=(-1337,27,341)
[ORDER] commander=ai team=Team_Human_Sol unit=Rifleman kind=move dst=(-1337,27,341)
[H1] team=Team_Human_Sol fire=Refinery atBalterium=(-1229,-735) refCount=2
[H1] team=Team_Human_Sol fire=Refinery atBalterium=(-1515,-1118) refCount=3
[H2] team=Team_Human_Sol fire=Headquarters argmaxCell=(118,145) val=30 atWorld=(-1404,-324) hqCount=2
[H3] team=Team_Human_Sol fire=Barracks nearHq=(-1095,-870)
[H3] team=Team_Human_Sol fire=Research Facility nearHq=(-1095,-870)
[AI] [Team_Human_Sol] tick=23 reqs=2 type={Construct:2} task={} prio(min/avg/max)=7/8.5/10 groups=0
[ORDER] commander=ai team=Team_Alien unit=Squid kind=move dst=(1537,61,143)
[ORDER] commander=ai team=Team_Alien unit=Squid kind=move dst=(1537,61,143)
[ORDER] commander=ai team=Team_Alien unit=Squid kind=move dst=(1537,61,143)
[ORDER] commander=ai team=Team_Human_Sol unit=Scout kind=move dst=(-598,46,-378)
[ORDER] commander=ai team=Team_Alien unit=Shocker kind=stop
[ORDER] commander=ai team=Team_Alien unit=Shocker kind=move dst=(1702,68,535)
[ORDER] commander=ai team=Team_Alien unit=Shocker kind=move dst=(1702,68,535)
[ORDER] commander=ai team=Team_Alien unit=Shocker kind=move dst=(1702,68,535)
[ORDER] commander=ai team=Team_Alien unit=Squid kind=move dst=(1537,61,143)
[ORDER] commander=ai team=Team_Alien unit=Squid kind=move dst=(1537,61,143)
[ORDER] commander=ai team=Team_Alien unit=Squid kind=move dst=(1537,61,143)
[ORDER] commander=ai team=Team_Human_Sol unit=Scout kind=move dst=(-598,46,-378)
[ORDER] commander=ai team=Team_Alien unit=Shocker kind=move dst=(1704,66,540)
[ORDER] commander=ai team=Team_Alien unit=Shocker kind=move dst=(1704,66,540)
[ORDER] commander=ai team=Team_Alien unit=Shocker kind=move dst=(1704,66,540)
[ORDER] commander=ai team=Team_Human_Centauri unit=Light Raider kind=move dst=(-969,32,760)
[SPAWN_S] team=Team_Alien structure=Node at=(1145,20)
[ORDER] commander=ai team=Team_Human_Centauri unit=Light Raider kind=move dst=(-687,18,419)
[ORDER] commander=ai team=Team_Human_Centauri unit=Light Raider kind=move dst=(-687,18,419)
[ORDER] commander=ai team=Team_Human_Centauri unit=Heavy Raider kind=move dst=(-687,18,419)
[H2] team=Team_Human_Centauri fire=Headquarters argmaxCell=(107,185) val=42 atWorld=(-1844,1276) hqCount=2
[H3] team=Team_Human_Centauri fire=Barracks nearHq=(-1110,840)
[H3] team=Team_Human_Centauri fire=Research Facility nearHq=(-1110,840)
[AI] [Team_Human_Centauri] tick=24 reqs=1 type={Construct:1} task={} prio(min/avg/max)=10/10.0/10 groups=0
[P32] team=Team_Alien fire=Node towardPatchAt=(957,-318) distToOwned=287m nodesOwned=16 anchorAt=(1470,240)
[AI] [Team_Alien] tick=24 reqs=1 type={Construct:1} task={} prio(min/avg/max)=10/10.0/10 groups=0
[ORDER] commander=ai team=Team_Alien unit=Squid kind=move dst=(1537,61,143)
[ORDER] commander=ai team=Team_Alien unit=Squid kind=move dst=(1537,61,143)
[ORDER] commander=ai team=Team_Alien unit=Squid kind=move dst=(1537,61,143)
[ORDER] commander=ai team=Team_Alien unit=Shocker kind=move dst=(1948,39,849)
[AI] [Team_Human_Sol] tick=24 reqs=2 type={Construct:2} task={} prio(min/avg/max)=7/8.5/10 groups=0
[SPAWN_S] team=Team_Alien structure=Node at=(1775,95)
[ORDER] commander=ai team=Team_Alien unit=Squid kind=move dst=(1537,61,143)
[ORDER] commander=ai team=Team_Alien unit=Squid kind=move dst=(1537,61,143)
[ORDER] commander=ai team=Team_Alien unit=Squid kind=move dst=(1537,61,143)
[ORDER] commander=ai team=Team_Human_Sol unit=Scout kind=stop
[ORDER] commander=ai team=Team_Human_Sol unit=Scout kind=move dst=(-798,33,-642)
[ORDER] commander=ai team=Team_Human_Sol unit=Scout kind=move dst=(-798,33,-642)
[ORDER] commander=ai team=Team_Human_Sol unit=Rifleman kind=move dst=(-798,33,-642)
[ORDER] commander=ai team=Team_Alien unit=Shocker kind=stop
[ORDER] commander=ai team=Team_Alien unit=Shocker kind=move dst=(1707,64,547)
[ORDER] commander=ai team=Team_Alien unit=Shocker kind=move dst=(1707,64,547)
[ORDER] commander=ai team=Team_Alien unit=Shocker kind=move dst=(1707,64,547)
[SPAWN_S] team=Team_Alien structure=Node at=(1165,355)
[ORDER] commander=ai team=Team_Alien unit=Squid kind=move dst=(1537,61,143)
[ORDER] commander=ai team=Team_Alien unit=Squid kind=move dst=(1537,61,143)
[ORDER] commander=ai team=Team_Alien unit=Squid kind=move dst=(1537,61,143)
[ORDER] commander=ai team=Team_Human_Sol unit=Scout kind=move dst=(-796,33,-640)
[ORDER] commander=ai team=Team_Human_Sol unit=Scout kind=move dst=(-796,33,-640)
[ORDER] commander=ai team=Team_Human_Sol unit=Rifleman kind=move dst=(-796,33,-640)
[ORDER] commander=ai team=Team_Alien unit=Shocker kind=move dst=(1708,63,550)
[ORDER] commander=ai team=Team_Alien unit=Shocker kind=move dst=(1708,63,550)
[ORDER] commander=ai team=Team_Alien unit=Shocker kind=move dst=(1708,63,550)
[ORDER] commander=ai team=Team_Human_Centauri unit=Assault Car kind=attack tgt=Sol_Light_LightStriker(Clone) (Target)
[ORDER] commander=ai team=Team_Human_Centauri unit=Assault Car kind=attack tgt=Sol_Light_LightStriker(Clone) (Target)
[ORDER] commander=ai team=Team_Human_Centauri unit=Squad Transport kind=move dst=(-267,28,1346)
[ORDER] commander=ai team=Team_Human_Centauri unit=Assault Car kind=attack tgt=Sol_Light_LightStriker(Clone) (Target)
[ORDER] commander=ai team=Team_Human_Centauri unit=Assault Car kind=attack tgt=Sol_Light_LightStriker(Clone) (Target)
[H2] team=Team_Human_Centauri fire=Headquarters argmaxCell=(107,185) val=42 atWorld=(-1844,1276) hqCount=2
[AI] [Team_Human_Centauri] tick=25 reqs=1 type={Construct:1} task={} prio(min/avg/max)=10/10.0/10 groups=0
[ORDER] commander=ai team=Team_Human_Centauri unit=Assault Car kind=move dst=(-985,43,-172)
[ORDER] commander=ai team=Team_Alien unit=Hunter kind=move dst=(957,101,-318)
[ORDER] commander=ai team=Team_Alien unit=Hunter kind=move dst=(957,101,-318)
[AI] [Team_Alien] tick=25 reqs=1 type={Construct:1} task={} prio(min/avg/max)=10/10.0/10 groups=0
[ORDER] commander=ai team=Team_Alien unit=Squid kind=move dst=(1537,61,143)
[ORDER] commander=ai team=Team_Alien unit=Squid kind=move dst=(1537,61,143)
[ORDER] commander=ai team=Team_Alien unit=Squid kind=move dst=(1537,61,143)
[ORDER] commander=ai team=Team_Human_Sol unit=Scout kind=move dst=(-598,46,-378)
[H1] team=Team_Human_Sol fire=Refinery atBalterium=(-1229,-735) refCount=2
[H1] team=Team_Human_Sol fire=Refinery atBalterium=(-1515,-1118) refCount=3
[H3] team=Team_Human_Sol fire=Barracks nearHq=(-1095,-870)
[H3] team=Team_Human_Sol fire=Research Facility nearHq=(-1095,-870)
[AI] [Team_Human_Sol] tick=25 reqs=2 type={Construct:2} task={} prio(min/avg/max)=7/8.5/10 groups=0
[ORDER] commander=ai team=Team_Alien unit=Squid kind=move dst=(1537,61,143)
[ORDER] commander=ai team=Team_Alien unit=Squid kind=move dst=(1537,61,143)
[ORDER] commander=ai team=Team_Alien unit=Squid kind=move dst=(1537,61,143)
[ORDER] commander=ai team=Team_Human_Sol unit=Scout kind=move dst=(-598,46,-378)
[ORDER] commander=ai team=Team_Alien unit=Shocker kind=move dst=(1948,39,849)
[ORDER] commander=ai team=Team_Human_Sol unit=Heavy Quad kind=move dst=(-1190,67,46)
[ORDER] commander=ai team=Team_Human_Sol unit=Light Raider kind=move dst=(-1190,67,46)
[ORDER] commander=ai team=Team_Human_Sol unit=Light Raider kind=move dst=(-1190,67,46)
[ORDER] commander=ai team=Team_Alien unit=Squid kind=move dst=(1537,61,143)
[ORDER] commander=ai team=Team_Alien unit=Squid kind=move dst=(1537,61,143)
[ORDER] commander=ai team=Team_Alien unit=Squid kind=move dst=(1537,61,143)
[ORDER] commander=ai team=Team_Human_Sol unit=Scout kind=stop
[ORDER] commander=ai team=Team_Human_Sol unit=Scout kind=move dst=(-785,34,-629)
[ORDER] commander=ai team=Team_Human_Sol unit=Scout kind=move dst=(-785,34,-629)
[ORDER] commander=ai team=Team_Human_Sol unit=Rifleman kind=move dst=(-785,34,-629)
[ORDER] commander=ai team=Team_Human_Centauri unit=Heavy Raider kind=attack tgt=Sol_Light_LightStriker(Clone) (Target)
[ORDER] commander=ai team=Team_Human_Centauri unit=Heavy Raider kind=attack tgt=Sol_Light_LightStriker(Clone) (Target)
[H2] team=Team_Human_Centauri fire=Headquarters argmaxCell=(107,185) val=42 atWorld=(-1844,1276) hqCount=2
[AI] [Team_Human_Centauri] tick=26 reqs=1 type={Construct:1} task={} prio(min/avg/max)=10/10.0/10 groups=0
[ORDER] commander=ai team=Team_Alien unit=Hunter kind=move dst=(966,24,1237)
[ORDER] commander=ai team=Team_Alien unit=Hunter kind=move dst=(966,24,1237)
[AI] [Team_Alien] tick=26 reqs=1 type={Construct:1} task={} prio(min/avg/max)=10/10.0/10 groups=0
[ORDER] commander=ai team=Team_Alien unit=Squid kind=move dst=(1537,61,143)
[ORDER] commander=ai team=Team_Alien unit=Squid kind=move dst=(1537,61,143)
[ORDER] commander=ai team=Team_Alien unit=Squid kind=move dst=(1537,61,143)
[ORDER] commander=ai team=Team_Human_Sol unit=Scout kind=move dst=(-598,46,-378)
[ORDER] commander=ai team=Team_Human_Sol unit=Platoon Hauler kind=move dst=(-221,50,-1151)
[ORDER] commander=ai team=Team_Human_Sol unit=Platoon Hauler kind=move dst=(-667,55,-374)
[ORDER] commander=ai team=Team_Human_Sol unit=Platoon Hauler kind=move dst=(-463,26,-1714)
[H2] team=Team_Human_Sol fire=Headquarters argmaxCell=(138,120) val=32 atWorld=(-604,-1324) hqCount=2
[AI] [Team_Human_Sol] tick=26 reqs=2 type={Construct:2} task={} prio(min/avg/max)=7/8.5/10 groups=0
[ORDER] commander=ai team=Team_Alien unit=Squid kind=move dst=(1537,61,143)
[ORDER] commander=ai team=Team_Alien unit=Squid kind=move dst=(1537,61,143)
[ORDER] commander=ai team=Team_Alien unit=Squid kind=move dst=(1537,61,143)
[ORDER] commander=ai team=Team_Human_Sol unit=Scout kind=move dst=(-598,46,-378)
[ORDER] commander=ai team=Team_Human_Centauri unit=Light Raider kind=move dst=(-578,53,832)
[ORDER] commander=ai team=Team_Human_Centauri unit=Light Raider kind=move dst=(-578,53,832)
[ORDER] commander=ai team=Team_Human_Centauri unit=Heavy Raider kind=stop
[ORDER] commander=ai team=Team_Alien unit=Squid kind=move dst=(1537,61,143)
[ORDER] commander=ai team=Team_Alien unit=Squid kind=move dst=(1537,61,143)
[ORDER] commander=ai team=Team_Alien unit=Squid kind=move dst=(1537,61,143)
[ORDER] commander=ai team=Team_Human_Sol unit=Scout kind=stop
[ORDER] commander=ai team=Team_Human_Sol unit=Scout kind=move dst=(-773,34,-614)
[ORDER] commander=ai team=Team_Human_Sol unit=Scout kind=move dst=(-773,34,-614)
[ORDER] commander=ai team=Team_Human_Sol unit=Rifleman kind=move dst=(-773,34,-614)
[ORDER] commander=ai team=Team_Human_Centauri unit=Squad Transport kind=move dst=(-228,29,1086)
[ORDER] commander=ai team=Team_Human_Centauri unit=Light Raider kind=attack tgt=Sol_Light_LightStriker(Clone) (Target)
[ORDER] commander=ai team=Team_Human_Centauri unit=Light Raider kind=attack tgt=Sol_Light_LightStriker(Clone) (Target)
[ORDER] commander=ai team=Team_Human_Centauri unit=Heavy Raider kind=attack tgt=Sol_Light_LightStriker(Clone) (Target)
[H2] team=Team_Human_Centauri fire=Headquarters argmaxCell=(107,185) val=42 atWorld=(-1844,1276) hqCount=2
[AI] [Team_Human_Centauri] tick=27 reqs=1 type={Construct:1} task={} prio(min/avg/max)=10/10.0/10 groups=0
[P32] team=Team_Alien fire=Node towardPatchAt=(641,32) distToOwned=374m nodesOwned=17 anchorAt=(1470,240)
[AI] [Team_Alien] tick=27 reqs=1 type={Construct:1} task={} prio(min/avg/max)=10/10.0/10 groups=0
[ORDER] commander=ai team=Team_Human_Centauri unit=Light Raider kind=move dst=(-571,54,830)
[ORDER] commander=ai team=Team_Human_Centauri unit=Light Raider kind=move dst=(-571,54,830)
[ORDER] commander=ai team=Team_Alien unit=Squid kind=move dst=(1537,61,143)
[ORDER] commander=ai team=Team_Alien unit=Squid kind=move dst=(1537,61,143)
[ORDER] commander=ai team=Team_Alien unit=Squid kind=move dst=(1537,61,143)
[ORDER] commander=ai team=Team_Human_Sol unit=Scout kind=move dst=(-598,46,-378)
[ORDER] commander=ai team=Team_Human_Sol unit=Light Striker kind=attack tgt=Cent_Light_SquadTransport(Clone) (Target)
[ORDER] commander=ai team=Team_Human_Sol unit=Platoon Hauler kind=move dst=(26,26,-1151)
[ORDER] commander=ai team=Team_Human_Sol unit=Light Striker kind=attack tgt=Cent_Light_SquadTransport(Clone) (Target)
[ORDER] commander=ai team=Team_Human_Sol unit=Light Striker kind=attack tgt=Cent_Light_SquadTransport(Clone) (Target)
[ORDER] commander=ai team=Team_Human_Sol unit=Heavy Quad kind=attack tgt=Cent_Light_SquadTransport(Clone) (Target)
[H1] team=Team_Human_Sol fire=Refinery atBalterium=(-1229,-735) refCount=2
[H1] team=Team_Human_Sol fire=Refinery atBalterium=(-1515,-1118) refCount=3
[H2] team=Team_Human_Sol fire=Headquarters argmaxCell=(134,153) val=46 atWorld=(-764,-4) hqCount=2
[H3] team=Team_Human_Sol fire=Barracks nearHq=(-1095,-870)
[H3] team=Team_Human_Sol fire=Research Facility nearHq=(-1095,-870)
[AI] [Team_Human_Sol] tick=27 reqs=2 type={Construct:2} task={} prio(min/avg/max)=7/8.5/10 groups=0
[ORDER] commander=ai team=Team_Human_Centauri unit=Light Raider kind=move dst=(-991,42,-70)
[ORDER] commander=ai team=Team_Human_Centauri unit=Light Raider kind=move dst=(-991,42,-70)
[ORDER] commander=ai team=Team_Alien unit=Squid kind=move dst=(1537,61,143)
[ORDER] commander=ai team=Team_Alien unit=Squid kind=move dst=(1537,61,143)
[ORDER] commander=ai team=Team_Alien unit=Squid kind=move dst=(1537,61,143)
[ORDER] commander=ai team=Team_Human_Sol unit=Scout kind=move dst=(-598,46,-378)
[ORDER] commander=ai team=Team_Alien unit=Squid kind=move dst=(1537,61,143)
[ORDER] commander=ai team=Team_Alien unit=Squid kind=move dst=(1537,61,143)
[ORDER] commander=ai team=Team_Alien unit=Squid kind=move dst=(1537,61,143)
[ORDER] commander=ai team=Team_Human_Sol unit=Scout kind=stop
[ORDER] commander=ai team=Team_Human_Sol unit=Scout kind=move dst=(-761,35,-601)
[ORDER] commander=ai team=Team_Human_Sol unit=Scout kind=move dst=(-761,35,-601)
[ORDER] commander=ai team=Team_Human_Sol unit=Rifleman kind=move dst=(-761,35,-601)
[ORDER] commander=ai team=Team_Human_Centauri unit=Light Raider kind=move dst=(-393,51,773)
[ORDER] commander=ai team=Team_Human_Centauri unit=Light Raider kind=move dst=(-393,51,773)
[ORDER] commander=ai team=Team_Human_Centauri unit=Heavy Raider kind=move dst=(-393,51,773)
[ORDER] commander=ai team=Team_Human_Centauri unit=Militia kind=attack tgt=Sol_Light_LightStriker(Clone) (Target)
[ORDER] commander=ai team=Team_Human_Centauri unit=Militia kind=attack tgt=Sol_Light_LightStriker(Clone) (Target)
[ORDER] commander=ai team=Team_Human_Centauri unit=Militia kind=attack tgt=Sol_Light_LightStriker(Clone) (Target)
[H2] team=Team_Human_Centauri fire=Headquarters argmaxCell=(107,185) val=42 atWorld=(-1844,1276) hqCount=2
[AI] [Team_Human_Centauri] tick=28 reqs=1 type={Construct:1} task={} prio(min/avg/max)=10/10.0/10 groups=0
[ORDER] commander=ai team=Team_Alien unit=Hunter kind=move dst=(641,38,32)
[ORDER] commander=ai team=Team_Alien unit=Hunter kind=move dst=(641,38,32)
[AI] [Team_Alien] tick=28 reqs=1 type={Construct:1} task={} prio(min/avg/max)=10/10.0/10 groups=0
[ORDER] commander=ai team=Team_Alien unit=Squid kind=move dst=(1537,61,143)
[ORDER] commander=ai team=Team_Alien unit=Squid kind=move dst=(1537,61,143)
[ORDER] commander=ai team=Team_Alien unit=Squid kind=move dst=(1537,61,143)
[ORDER] commander=ai team=Team_Human_Sol unit=Scout kind=move dst=(-598,46,-378)
[ORDER] commander=ai team=Team_Human_Sol unit=Platoon Hauler kind=move dst=(-1573,27,-1671)
[ORDER] commander=ai team=Team_Human_Sol unit=Platoon Hauler kind=attack tgt=Cent_Light_SquadTransport(Clone) (Target)
[H2] team=Team_Human_Sol fire=Headquarters argmaxCell=(122,146) val=45 atWorld=(-1244,-284) hqCount=2
[AI] [Team_Human_Sol] tick=28 reqs=2 type={Construct:2} task={} prio(min/avg/max)=7/8.5/10 groups=0
[ORDER] commander=ai team=Team_Alien unit=Squid kind=move dst=(1537,61,143)
[ORDER] commander=ai team=Team_Alien unit=Squid kind=move dst=(1537,61,143)
[ORDER] commander=ai team=Team_Alien unit=Squid kind=move dst=(1537,61,143)
[ORDER] commander=ai team=Team_Human_Sol unit=Scout kind=move dst=(-598,46,-378)
[ORDER] commander=ai team=Team_Alien unit=Shocker kind=move dst=(1948,39,849)
[ORDER] commander=ai team=Team_Alien unit=Squid kind=move dst=(1537,61,143)
[ORDER] commander=ai team=Team_Alien unit=Squid kind=move dst=(1537,61,143)
[ORDER] commander=ai team=Team_Alien unit=Squid kind=move dst=(1537,61,143)
[ORDER] commander=ai team=Team_Human_Sol unit=Scout kind=stop
[ORDER] commander=ai team=Team_Human_Sol unit=Scout kind=move dst=(-748,38,-588)
[ORDER] commander=ai team=Team_Human_Sol unit=Scout kind=move dst=(-748,38,-588)
[ORDER] commander=ai team=Team_Human_Sol unit=Rifleman kind=move dst=(-748,38,-588)
[ORDER] commander=ai team=Team_Alien unit=Shocker kind=move dst=(1948,39,849)
[ORDER] commander=ai team=Team_Human_Centauri unit=Light Raider kind=move dst=(-667,113,1318)
[ORDER] commander=ai team=Team_Human_Centauri unit=Light Raider kind=move dst=(-667,113,1318)
[ORDER] commander=ai team=Team_Human_Centauri unit=Heavy Raider kind=move dst=(-667,113,1318)
[ORDER] commander=ai team=Team_Human_Centauri unit=Militia kind=move dst=(-393,51,773)
[ORDER] commander=ai team=Team_Human_Centauri unit=Militia kind=move dst=(-393,51,773)
[ORDER] commander=ai team=Team_Human_Centauri unit=Militia kind=move dst=(-393,51,773)
[ORDER] commander=ai team=Team_Human_Centauri unit=Squad Transport kind=attack tgt=Sol_UltraHeavyFactory(Clone) (Target)
[ORDER] commander=ai team=Team_Human_Centauri unit=Light Raider kind=move dst=(-228,29,1086)
[ORDER] commander=ai team=Team_Human_Centauri unit=Light Raider kind=move dst=(-228,29,1086)
[ORDER] commander=ai team=Team_Human_Centauri unit=Heavy Raider kind=move dst=(-228,29,1086)
[ORDER] commander=ai team=Team_Human_Centauri unit=Squad Transport kind=attack tgt=Sol_Light_LightStriker(Clone) (Target)
[H2] team=Team_Human_Centauri fire=Headquarters argmaxCell=(107,185) val=42 atWorld=(-1844,1276) hqCount=2
[AI] [Team_Human_Centauri] tick=29 reqs=1 type={Construct:1} task={} prio(min/avg/max)=10/10.0/10 groups=0
[ORDER] commander=ai team=Team_Human_Centauri unit=Assault Car kind=move dst=(-991,41,-5)
[ORDER] commander=ai team=Team_Alien unit=Hunter kind=move dst=(641,38,32)
[ORDER] commander=ai team=Team_Alien unit=Hunter kind=move dst=(641,38,32)
[AI] [Team_Alien] tick=29 reqs=1 type={Construct:1} task={} prio(min/avg/max)=10/10.0/10 groups=0
[ORDER] commander=ai team=Team_Alien unit=Squid kind=move dst=(1537,61,143)
[ORDER] commander=ai team=Team_Alien unit=Squid kind=move dst=(1537,61,143)
[ORDER] commander=ai team=Team_Alien unit=Squid kind=move dst=(1537,61,143)
[ORDER] commander=ai team=Team_Human_Sol unit=Scout kind=move dst=(-746,38,-586)
[ORDER] commander=ai team=Team_Human_Sol unit=Scout kind=move dst=(-746,38,-586)
[ORDER] commander=ai team=Team_Human_Sol unit=Rifleman kind=move dst=(-746,38,-586)
[ORDER] commander=ai team=Team_Human_Sol unit=Heavy Quad kind=attack tgt=SpecialContainer_Long_01_Small(Clone) (Target)
[ORDER] commander=ai team=Team_Human_Sol unit=Light Raider kind=attack tgt=SpecialContainer_Long_01_Small(Clone) (Target)
[ORDER] commander=ai team=Team_Human_Sol unit=Light Raider kind=attack tgt=SpecialContainer_Long_01_Small(Clone) (Target)
[ORDER] commander=ai team=Team_Human_Sol unit=Platoon Hauler kind=attack tgt=Cent_Light_SquadTransport(Clone) (Target)
[H1] team=Team_Human_Sol fire=Refinery atBalterium=(-1229,-735) refCount=2
[H1] team=Team_Human_Sol fire=Refinery atBalterium=(-1515,-1118) refCount=3
[H3] team=Team_Human_Sol fire=Barracks nearHq=(-1095,-870)
[H3] team=Team_Human_Sol fire=Research Facility nearHq=(-1095,-870)
[AI] [Team_Human_Sol] tick=29 reqs=2 type={Construct:2} task={} prio(min/avg/max)=7/8.5/10 groups=0
[ORDER] commander=ai team=Team_Human_Sol unit=Heavy Quad kind=move dst=(-812,37,58)
[ORDER] commander=ai team=Team_Human_Sol unit=Light Raider kind=move dst=(-812,37,58)
[ORDER] commander=ai team=Team_Human_Sol unit=Light Raider kind=move dst=(-812,37,58)
[ORDER] commander=ai team=Team_Alien unit=Squid kind=move dst=(1537,61,143)
[ORDER] commander=ai team=Team_Alien unit=Squid kind=move dst=(1537,61,143)
[ORDER] commander=ai team=Team_Alien unit=Squid kind=move dst=(1537,61,143)
[ORDER] commander=ai team=Team_Human_Sol unit=Scout kind=move dst=(-598,46,-378)
[ORDER] commander=ai team=Team_Alien unit=Squid kind=move dst=(1537,61,143)
[ORDER] commander=ai team=Team_Alien unit=Squid kind=move dst=(1537,61,143)
[ORDER] commander=ai team=Team_Alien unit=Squid kind=move dst=(1537,61,143)
[ORDER] commander=ai team=Team_Human_Sol unit=Scout kind=move dst=(-598,46,-378)
[ORDER] commander=ai team=Team_Human_Centauri unit=Squad Transport kind=move dst=(-1742,32,102)
[ORDER] commander=ai team=Team_Human_Centauri unit=Squad Transport kind=move dst=(-1125,64,-130)
[ORDER] commander=ai team=Team_Human_Centauri unit=Squad Transport kind=move dst=(-267,28,1346)
[ORDER] commander=ai team=Team_Human_Centauri unit=Light Raider kind=attack tgt=Sol_Light_LightStriker(Clone) (Target)
[ORDER] commander=ai team=Team_Human_Centauri unit=Light Raider kind=attack tgt=Sol_Light_LightStriker(Clone) (Target)
[ORDER] commander=ai team=Team_Human_Centauri unit=Heavy Raider kind=attack tgt=Sol_Light_LightStriker(Clone) (Target)
[H2] team=Team_Human_Centauri fire=Headquarters argmaxCell=(107,185) val=42 atWorld=(-1844,1276) hqCount=2
[AI] [Team_Human_Centauri] tick=30 reqs=1 type={Construct:1} task={} prio(min/avg/max)=10/10.0/10 groups=0
[ORDER] commander=ai team=Team_Alien unit=Crab kind=move dst=(641,38,32)
[ORDER] commander=ai team=Team_Alien unit=Horned Crab kind=move dst=(641,38,32)
[ORDER] commander=ai team=Team_Alien unit=Horned Crab kind=move dst=(641,38,32)
[ORDER] commander=ai team=Team_Alien unit=Shocker kind=move dst=(641,38,32)
[ORDER] commander=ai team=Team_Alien unit=Hunter kind=move dst=(1082,75,-567)
[ORDER] commander=ai team=Team_Alien unit=Hunter kind=move dst=(1082,75,-567)
[ORDER] commander=ai team=Team_Alien unit=Wasp kind=move dst=(1343,23,783)
[ORDER] commander=ai team=Team_Alien unit=Squid kind=move dst=(1343,23,783)
[ORDER] commander=ai team=Team_Alien unit=Squid kind=move dst=(1343,23,783)
[ORDER] commander=ai team=Team_Alien unit=Squid kind=move dst=(1343,23,783)
[P32] team=Team_Alien fire=Node towardPatchAt=(1082,-567) distToOwned=348m nodesOwned=18 anchorAt=(1470,240)
[P32] team=Team_Alien fire=Node towardPatchAt=(416,145) distToOwned=469m nodesOwned=19 anchorAt=(1470,240)
[AI] [Team_Alien] tick=30 reqs=1 type={Construct:1} task={} prio(min/avg/max)=10/10.0/10 groups=0
[ORDER] commander=ai team=Team_Human_Centauri unit=Light Raider kind=move dst=(-1002,43,29)
[ORDER] commander=ai team=Team_Human_Centauri unit=Light Raider kind=move dst=(-1002,43,29)
[ORDER] commander=ai team=Team_Human_Centauri unit=Heavy Raider kind=move dst=(-1002,43,29)
[ORDER] commander=ai team=Team_Alien unit=Wasp kind=stop
[ORDER] commander=ai team=Team_Alien unit=Squid kind=move dst=(1537,61,143)
[ORDER] commander=ai team=Team_Alien unit=Squid kind=move dst=(1537,61,143)
[ORDER] commander=ai team=Team_Alien unit=Squid kind=move dst=(1537,61,143)
[ORDER] commander=ai team=Team_Human_Sol unit=Scout kind=move dst=(-598,46,-378)
[ORDER] commander=ai team=Team_Alien unit=Shocker kind=move dst=(1948,39,849)
[ORDER] commander=ai team=Team_Human_Sol unit=Platoon Hauler kind=move dst=(-72,32,-865)
[AI] [Team_Human_Sol] tick=30 reqs=2 type={Construct:2} task={} prio(min/avg/max)=7/8.5/10 groups=0
[ORDER] commander=ai team=Team_Alien unit=Squid kind=move dst=(1537,61,143)
[ORDER] commander=ai team=Team_Alien unit=Squid kind=move dst=(1537,61,143)
[ORDER] commander=ai team=Team_Alien unit=Squid kind=move dst=(1537,61,143)
[SPAWN_S] team=Team_Alien structure=Node at=(1015,40)
[SPAWN_S] team=Team_Alien structure=Node at=(1170,-125)
[ORDER] commander=ai team=Team_Alien unit=Squid kind=move dst=(1537,61,143)
[ORDER] commander=ai team=Team_Alien unit=Squid kind=move dst=(1537,61,143)
[ORDER] commander=ai team=Team_Alien unit=Squid kind=move dst=(1537,61,143)
[ORDER] commander=ai team=Team_Human_Centauri unit=Squad Transport kind=move dst=(-667,113,1318)
[ORDER] commander=ai team=Team_Human_Centauri unit=Light Raider kind=move dst=(-88,30,1195)
[ORDER] commander=ai team=Team_Human_Centauri unit=Light Raider kind=move dst=(-88,30,1195)
[ORDER] commander=ai team=Team_Human_Centauri unit=Heavy Raider kind=move dst=(-88,30,1195)
[ORDER] commander=ai team=Team_Human_Centauri unit=Assault Car kind=move dst=(-397,26,1)
[ORDER] commander=ai team=Team_Human_Centauri unit=Assault Car kind=move dst=(-397,26,1)
[ORDER] commander=ai team=Team_Human_Centauri unit=Heavy Raider kind=move dst=(-1321,22,1632)
[ORDER] commander=ai team=Team_Human_Centauri unit=Heavy Raider kind=move dst=(-1321,22,1632)
[ORDER] commander=ai team=Team_Human_Centauri unit=Assault Car kind=move dst=(-521,25,49)
[ORDER] commander=ai team=Team_Human_Centauri unit=Assault Car kind=move dst=(-521,25,49)
[H2] team=Team_Human_Centauri fire=Headquarters argmaxCell=(107,185) val=42 atWorld=(-1844,1276) hqCount=2
[AI] [Team_Human_Centauri] tick=31 reqs=1 type={Construct:1} task={} prio(min/avg/max)=10/10.0/10 groups=0
[ORDER] commander=ai team=Team_Alien unit=Crab kind=move dst=(641,38,32)
[ORDER] commander=ai team=Team_Alien unit=Horned Crab kind=move dst=(641,38,32)
[ORDER] commander=ai team=Team_Alien unit=Horned Crab kind=move dst=(641,38,32)
[ORDER] commander=ai team=Team_Alien unit=Shocker kind=move dst=(641,38,32)
[ORDER] commander=ai team=Team_Alien unit=Hunter kind=move dst=(1082,75,-567)
[ORDER] commander=ai team=Team_Alien unit=Hunter kind=move dst=(1082,75,-567)
[AI] [Team_Alien] tick=31 reqs=1 type={Construct:1} task={} prio(min/avg/max)=10/10.0/10 groups=0
[ORDER] commander=ai team=Team_Alien unit=Squid kind=move dst=(1537,61,143)
[ORDER] commander=ai team=Team_Alien unit=Squid kind=move dst=(1537,61,143)
[ORDER] commander=ai team=Team_Alien unit=Squid kind=move dst=(1537,61,143)
[ORDER] commander=ai team=Team_Human_Sol unit=Platoon Hauler kind=attack tgt=Sol_UltraHeavyFactory(Clone) (Target)
[ORDER] commander=ai team=Team_Human_Sol unit=Heavy Quad kind=attack tgt=SpecialContainer_Short_01_Small(Clone) (Target)
[ORDER] commander=ai team=Team_Human_Sol unit=Light Striker kind=attack tgt=SpecialContainer_Short_01_Small(Clone) (Target)
[ORDER] commander=ai team=Team_Human_Sol unit=Scout kind=move dst=(-72,32,-865)
[ORDER] commander=ai team=Team_Human_Sol unit=Scout kind=move dst=(-72,32,-865)
[ORDER] commander=ai team=Team_Human_Sol unit=Scout kind=move dst=(-72,32,-865)
[ORDER] commander=ai team=Team_Human_Sol unit=Rifleman kind=move dst=(-72,32,-865)
[ORDER] commander=ai team=Team_Human_Sol unit=Platoon Hauler kind=attack tgt=Cent_Light_SquadTransport(Clone) (Target)
[H1] team=Team_Human_Sol fire=Refinery atBalterium=(-1229,-735) refCount=2
[H1] team=Team_Human_Sol fire=Refinery atBalterium=(-1515,-1118) refCount=3
[H2] team=Team_Human_Sol fire=Headquarters argmaxCell=(118,152) val=66 atWorld=(-1404,-44) hqCount=2
[H3] team=Team_Human_Sol fire=Barracks nearHq=(-1095,-870)
[H3] team=Team_Human_Sol fire=Research Facility nearHq=(-1095,-870)
[AI] [Team_Human_Sol] tick=31 reqs=2 type={Construct:2} task={} prio(min/avg/max)=7/8.5/10 groups=0
[ORDER] commander=ai team=Team_Human_Sol unit=Platoon Hauler kind=move dst=(-1039,48,103)
[ORDER] commander=ai team=Team_Human_Sol unit=Light Striker kind=move dst=(-544,32,-143)
[SPAWN_S] team=Team_Alien structure=Node at=(1060,455)
[ORDER] commander=ai team=Team_Alien unit=Squid kind=move dst=(1537,61,143)
[ORDER] commander=ai team=Team_Alien unit=Squid kind=move dst=(1537,61,143)
[ORDER] commander=ai team=Team_Alien unit=Squid kind=move dst=(1537,61,143)
[ORDER] commander=ai team=Team_Human_Sol unit=Scout kind=stop
[ORDER] commander=ai team=Team_Human_Sol unit=Scout kind=move dst=(-701,47,-562)
[ORDER] commander=ai team=Team_Human_Sol unit=Scout kind=move dst=(-701,47,-562)
[ORDER] commander=ai team=Team_Human_Sol unit=Rifleman kind=move dst=(-701,47,-562)
[ORDER] commander=ai team=Team_Alien unit=Squid kind=move dst=(1537,61,143)
[ORDER] commander=ai team=Team_Alien unit=Squid kind=move dst=(1537,61,143)
[ORDER] commander=ai team=Team_Alien unit=Squid kind=move dst=(1537,61,143)
[ORDER] commander=ai team=Team_Human_Sol unit=Scout kind=move dst=(-598,46,-378)
[ORDER] commander=ai team=Team_Human_Centauri unit=Assault Car kind=attack tgt=HeavyQuad_Intro(Clone) (Target)
[ORDER] commander=ai team=Team_Human_Centauri unit=Assault Car kind=attack tgt=HeavyQuad_Intro(Clone) (Target)
[ORDER] commander=ai team=Team_Human_Centauri unit=Assault Car kind=attack tgt=HeavyQuad_Intro(Clone) (Target)
[ORDER] commander=ai team=Team_Human_Centauri unit=Assault Car kind=attack tgt=HeavyQuad_Intro(Clone) (Target)
[H2] team=Team_Human_Centauri fire=Headquarters argmaxCell=(107,185) val=42 atWorld=(-1844,1276) hqCount=2
[AI] [Team_Human_Centauri] tick=32 reqs=1 type={Construct:1} task={} prio(min/avg/max)=10/10.0/10 groups=0
[ORDER] commander=ai team=Team_Human_Centauri unit=Assault Car kind=move dst=(-931,38,-199)
[ORDER] commander=ai team=Team_Human_Centauri unit=Assault Car kind=move dst=(-931,38,-199)
[ORDER] commander=ai team=Team_Human_Centauri unit=Assault Car kind=move dst=(-931,38,-199)
[ORDER] commander=ai team=Team_Human_Centauri unit=Assault Car kind=move dst=(-931,38,-199)
[ORDER] commander=ai team=Team_Alien unit=Crab kind=move dst=(1082,75,-567)
[ORDER] commander=ai team=Team_Alien unit=Horned Crab kind=move dst=(1082,75,-567)
[ORDER] commander=ai team=Team_Alien unit=Horned Crab kind=move dst=(1082,75,-567)
[ORDER] commander=ai team=Team_Alien unit=Shocker kind=move dst=(1082,75,-567)
[ORDER] commander=ai team=Team_Alien unit=Hunter kind=move dst=(416,65,145)
[ORDER] commander=ai team=Team_Alien unit=Hunter kind=move dst=(416,65,145)
[AI] [Team_Alien] tick=32 reqs=1 type={Construct:1} task={} prio(min/avg/max)=10/10.0/10 groups=0
[ORDER] commander=ai team=Team_Human_Centauri unit=Light Raider kind=move dst=(-590,53,852)
[ORDER] commander=ai team=Team_Human_Centauri unit=Light Raider kind=move dst=(-590,53,852)
[ORDER] commander=ai team=Team_Human_Centauri unit=Heavy Raider kind=stop
[ORDER] commander=ai team=Team_Alien unit=Squid kind=move dst=(1537,61,143)
[ORDER] commander=ai team=Team_Alien unit=Squid kind=move dst=(1537,61,143)
[ORDER] commander=ai team=Team_Alien unit=Squid kind=move dst=(1537,61,143)
[ORDER] commander=ai team=Team_Human_Sol unit=Scout kind=move dst=(-598,46,-378)
[ORDER] commander=ai team=Team_Human_Sol unit=Platoon Hauler kind=attack tgt=Cent_Light_SquadTransport(Clone) (Target)
[H2] team=Team_Human_Sol fire=Headquarters argmaxCell=(118,152) val=66 atWorld=(-1404,-44) hqCount=2
[AI] [Team_Human_Sol] tick=32 reqs=2 type={Construct:2} task={} prio(min/avg/max)=7/8.5/10 groups=0
[ORDER] commander=ai team=Team_Human_Sol unit=Platoon Hauler kind=move dst=(-1048,48,104)
[ORDER] commander=ai team=Team_Human_Centauri unit=Heavy Raider kind=move dst=(-88,30,1195)
[ORDER] commander=ai team=Team_Alien unit=Squid kind=move dst=(1537,61,143)
[ORDER] commander=ai team=Team_Alien unit=Squid kind=move dst=(1537,61,143)
[ORDER] commander=ai team=Team_Alien unit=Squid kind=move dst=(1537,61,143)
[ORDER] commander=ai team=Team_Human_Sol unit=Scout kind=stop
[ORDER] commander=ai team=Team_Human_Sol unit=Scout kind=move dst=(-683,49,-561)
[ORDER] commander=ai team=Team_Human_Sol unit=Scout kind=move dst=(-683,49,-561)
[ORDER] commander=ai team=Team_Human_Sol unit=Rifleman kind=move dst=(-683,49,-561)
[ORDER] commander=ai team=Team_Alien unit=Squid kind=move dst=(1537,61,143)
[ORDER] commander=ai team=Team_Alien unit=Squid kind=move dst=(1537,61,143)
[ORDER] commander=ai team=Team_Alien unit=Squid kind=move dst=(1537,61,143)
[ORDER] commander=ai team=Team_Human_Sol unit=Scout kind=move dst=(-598,46,-378)
[ORDER] commander=ai team=Team_Human_Centauri unit=Heavy Raider kind=attack tgt=HeavyQuad_Intro(Clone) (Target)
[ORDER] commander=ai team=Team_Human_Centauri unit=Heavy Raider kind=attack tgt=HeavyQuad_Intro(Clone) (Target)
[H2] team=Team_Human_Centauri fire=Headquarters argmaxCell=(107,185) val=42 atWorld=(-1844,1276) hqCount=2
[AI] [Team_Human_Centauri] tick=33 reqs=1 type={Construct:1} task={} prio(min/avg/max)=10/10.0/10 groups=0
[ORDER] commander=ai team=Team_Human_Sol unit=Light Striker kind=stop
[ORDER] commander=ai team=Team_Human_Sol unit=Light Striker kind=move dst=(-1379,17,-1193)
[ORDER] commander=ai team=Team_Human_Sol unit=Heavy Quad kind=move dst=(-1379,17,-1193)
[ORDER] commander=ai team=Team_Alien unit=Hunter kind=move dst=(204,84,320)
[ORDER] commander=ai team=Team_Alien unit=Hunter kind=move dst=(204,84,320)
[ORDER] commander=ai team=Team_Alien unit=Crab kind=move dst=(1082,75,-567)
[ORDER] commander=ai team=Team_Alien unit=Horned Crab kind=move dst=(1082,75,-567)
[ORDER] commander=ai team=Team_Alien unit=Horned Crab kind=move dst=(1082,75,-567)
[ORDER] commander=ai team=Team_Alien unit=Shocker kind=move dst=(1082,75,-567)
[ORDER] commander=ai team=Team_Alien unit=Wasp kind=move dst=(416,65,145)
[ORDER] commander=ai team=Team_Alien unit=Squid kind=move dst=(416,65,145)
[ORDER] commander=ai team=Team_Alien unit=Squid kind=move dst=(416,65,145)
[ORDER] commander=ai team=Team_Alien unit=Squid kind=move dst=(416,65,145)
[AI] [Team_Alien] tick=33 reqs=1 type={Construct:1} task={} prio(min/avg/max)=10/10.0/10 groups=0
[ORDER] commander=ai team=Team_Alien unit=Wasp kind=stop
[ORDER] commander=ai team=Team_Alien unit=Squid kind=move dst=(1537,61,143)
[ORDER] commander=ai team=Team_Alien unit=Squid kind=move dst=(1537,61,143)
[ORDER] commander=ai team=Team_Alien unit=Squid kind=move dst=(1537,61,143)
[ORDER] commander=ai team=Team_Human_Sol unit=Scout kind=move dst=(-598,46,-378)
[ORDER] commander=ai team=Team_Human_Sol unit=Rifleman kind=attack tgt=Cent_Light_SquadTransport(Clone) (Target)
[H1] team=Team_Human_Sol fire=Refinery atBalterium=(-1229,-735) refCount=2
[H1] team=Team_Human_Sol fire=Refinery atBalterium=(-1515,-1118) refCount=3
[H2] team=Team_Human_Sol fire=Headquarters argmaxCell=(118,152) val=66 atWorld=(-1404,-44) hqCount=2
[H3] team=Team_Human_Sol fire=Barracks nearHq=(-1095,-870)
[H3] team=Team_Human_Sol fire=Research Facility nearHq=(-1095,-870)
[AI] [Team_Human_Sol] tick=33 reqs=2 type={Construct:2} task={} prio(min/avg/max)=7/8.5/10 groups=0
[ORDER] commander=ai team=Team_Human_Centauri unit=Light Raider kind=move dst=(-88,30,1195)
[ORDER] commander=ai team=Team_Alien unit=Squid kind=move dst=(1537,61,143)
[ORDER] commander=ai team=Team_Alien unit=Squid kind=move dst=(1537,61,143)
[ORDER] commander=ai team=Team_Alien unit=Squid kind=move dst=(1537,61,143)
[ORDER] commander=ai team=Team_Human_Sol unit=Scout kind=stop
[ORDER] commander=ai team=Team_Human_Sol unit=Scout kind=move dst=(-1126,50,-295)
[ORDER] commander=ai team=Team_Human_Sol unit=Scout kind=move dst=(-1126,50,-295)
[ORDER] commander=ai team=Team_Human_Sol unit=Rifleman kind=move dst=(-1126,50,-295)
[ORDER] commander=ai team=Team_Human_Sol unit=Scout kind=stop
[ORDER] commander=ai team=Team_Human_Sol unit=Scout kind=move dst=(-665,51,-558)
[ORDER] commander=ai team=Team_Human_Sol unit=Scout kind=move dst=(-665,51,-558)
[ORDER] commander=ai team=Team_Human_Sol unit=Rifleman kind=move dst=(-665,51,-558)
[ORDER] commander=ai team=Team_Alien unit=Shocker kind=stop
[ORDER] commander=ai team=Team_Alien unit=Shocker kind=move dst=(1922,40,826)
[ORDER] commander=ai team=Team_Alien unit=Shocker kind=move dst=(1922,40,826)
[ORDER] commander=ai team=Team_Alien unit=Shocker kind=move dst=(1922,40,826)
[ORDER] commander=ai team=Team_Human_Centauri unit=Light Raider kind=move dst=(-88,30,1195)
[ORDER] commander=ai team=Team_Alien unit=Squid kind=move dst=(1537,61,143)
[ORDER] commander=ai team=Team_Alien unit=Squid kind=move dst=(1537,61,143)
[ORDER] commander=ai team=Team_Alien unit=Squid kind=move dst=(1537,61,143)
[ORDER] commander=ai team=Team_Human_Sol unit=Scout kind=move dst=(-72,32,-865)
[ORDER] commander=ai team=Team_Human_Sol unit=Scout kind=move dst=(-72,32,-865)
[ORDER] commander=ai team=Team_Human_Sol unit=Scout kind=move dst=(-72,32,-865)
[ORDER] commander=ai team=Team_Human_Sol unit=Rifleman kind=move dst=(-72,32,-865)
[ORDER] commander=ai team=Team_Human_Sol unit=Scout kind=move dst=(-598,46,-378)
[ORDER] commander=ai team=Team_Alien unit=Shocker kind=move dst=(1948,39,849)
[ORDER] commander=ai team=Team_Human_Centauri unit=Light Raider kind=attack tgt=HeavyQuad_Intro(Clone) (Target)
[ORDER] commander=ai team=Team_Human_Centauri unit=Light Raider kind=attack tgt=HeavyQuad_Intro(Clone) (Target)
[ORDER] commander=ai team=Team_Human_Centauri unit=Heavy Raider kind=attack tgt=HeavyQuad_Intro(Clone) (Target)
[H2] team=Team_Human_Centauri fire=Headquarters argmaxCell=(107,185) val=42 atWorld=(-1844,1276) hqCount=2
[AI] [Team_Human_Centauri] tick=34 reqs=1 type={Construct:1} task={} prio(min/avg/max)=10/10.0/10 groups=0
[ORDER] commander=ai team=Team_Alien unit=Squid kind=move dst=(1238,83,-664)
[ORDER] commander=ai team=Team_Human_Sol unit=Light Striker kind=move dst=(-1048,47,95)
[ORDER] commander=ai team=Team_Human_Sol unit=Light Striker kind=move dst=(-1048,47,95)
[ORDER] commander=ai team=Team_Alien unit=Wasp kind=attack tgt=SpecialContainer_Short_01_Small(Clone) (Target)
[ORDER] commander=ai team=Team_Alien unit=Squid kind=attack tgt=SpecialContainer_Short_01_Small(Clone) (Target)
[ORDER] commander=ai team=Team_Alien unit=Squid kind=attack tgt=SpecialContainer_Short_01_Small(Clone) (Target)
[ORDER] commander=ai team=Team_Alien unit=Squid kind=attack tgt=SpecialContainer_Short_01_Small(Clone) (Target)
[ORDER] commander=ai team=Team_Alien unit=Shocker kind=move dst=(1082,75,-567)
[ORDER] commander=ai team=Team_Alien unit=Shocker kind=move dst=(1082,75,-567)
[ORDER] commander=ai team=Team_Alien unit=Shocker kind=move dst=(1082,75,-567)
[ORDER] commander=ai team=Team_Alien unit=Crab kind=move dst=(1082,75,-567)
[ORDER] commander=ai team=Team_Alien unit=Crab kind=move dst=(416,65,145)
[ORDER] commander=ai team=Team_Alien unit=Horned Crab kind=move dst=(416,65,145)
[ORDER] commander=ai team=Team_Alien unit=Horned Crab kind=move dst=(416,65,145)
[ORDER] commander=ai team=Team_Alien unit=Shocker kind=move dst=(416,65,145)
[AI] [Team_Alien] tick=34 reqs=1 type={Construct:1} task={} prio(min/avg/max)=10/10.0/10 groups=0
[ORDER] commander=ai team=Team_Human_Centauri unit=Light Raider kind=move dst=(-885,35,-143)
[ORDER] commander=ai team=Team_Human_Centauri unit=Light Raider kind=move dst=(-885,35,-143)
[ORDER] commander=ai team=Team_Human_Centauri unit=Heavy Raider kind=move dst=(-885,35,-143)
[ORDER] commander=ai team=Team_Alien unit=Wasp kind=stop
[ORDER] commander=ai team=Team_Alien unit=Squid kind=move dst=(1537,61,143)
[ORDER] commander=ai team=Team_Alien unit=Squid kind=move dst=(1537,61,143)
[ORDER] commander=ai team=Team_Alien unit=Squid kind=move dst=(1537,61,143)
[ORDER] commander=ai team=Team_Human_Sol unit=Scout kind=move dst=(-598,46,-378)
[ORDER] commander=ai team=Team_Human_Sol unit=Rifleman kind=move dst=(-1727,114,-130)
[ORDER] commander=ai team=Team_Human_Sol unit=Rifleman kind=attack tgt=Cent_Light_SquadTransport(Clone) (Target)
[H2] team=Team_Human_Sol fire=Headquarters argmaxCell=(118,152) val=66 atWorld=(-1404,-44) hqCount=2
[AI] [Team_Human_Sol] tick=34 reqs=2 type={Construct:2} task={} prio(min/avg/max)=7/8.5/10 groups=0
[ORDER] commander=ai team=Team_Alien unit=Squid kind=move dst=(1537,61,143)
[ORDER] commander=ai team=Team_Alien unit=Squid kind=move dst=(1537,61,143)
[ORDER] commander=ai team=Team_Alien unit=Squid kind=move dst=(1537,61,143)
[ORDER] commander=ai team=Team_Human_Sol unit=Scout kind=stop
[ORDER] commander=ai team=Team_Human_Sol unit=Scout kind=move dst=(-647,55,-554)
[ORDER] commander=ai team=Team_Human_Sol unit=Scout kind=move dst=(-647,55,-554)
[ORDER] commander=ai team=Team_Human_Sol unit=Rifleman kind=move dst=(-647,55,-554)
[ORDER] commander=ai team=Team_Human_Centauri unit=Militia kind=stop
[ORDER] commander=ai team=Team_Human_Centauri unit=Militia kind=move dst=(-510,73,853)
[ORDER] commander=ai team=Team_Human_Centauri unit=Militia kind=move dst=(-510,73,853)
[ORDER] commander=ai team=Team_Alien unit=Squid kind=move dst=(1537,61,143)
[ORDER] commander=ai team=Team_Alien unit=Squid kind=move dst=(1537,61,143)
[ORDER] commander=ai team=Team_Alien unit=Squid kind=move dst=(1537,61,143)
[ORDER] commander=ai team=Team_Alien unit=Shocker kind=move dst=(0,0,0)
[ORDER] commander=ai team=Team_Alien unit=Shocker kind=move dst=(0,0,0)
[ORDER] commander=ai team=Team_Alien unit=Shocker kind=move dst=(0,0,0)
[ORDER] commander=ai team=Team_Human_Centauri unit=Militia kind=attack tgt=HeavyQuad_Intro(Clone) (Target)
[ORDER] commander=ai team=Team_Human_Centauri unit=Militia kind=attack tgt=HeavyQuad_Intro(Clone) (Target)
[ORDER] commander=ai team=Team_Human_Centauri unit=Militia kind=attack tgt=HeavyQuad_Intro(Clone) (Target)
[H2] team=Team_Human_Centauri fire=Headquarters argmaxCell=(107,185) val=42 atWorld=(-1844,1276) hqCount=2
[AI] [Team_Human_Centauri] tick=35 reqs=1 type={Construct:1} task={} prio(min/avg/max)=10/10.0/10 groups=0
[ORDER] commander=ai team=Team_Alien unit=Squid kind=move dst=(1238,83,-664)
[ORDER] commander=ai team=Team_Alien unit=Squid kind=move dst=(1238,83,-664)
[ORDER] commander=ai team=Team_Alien unit=Squid kind=move dst=(1238,83,-664)
[ORDER] commander=ai team=Team_Alien unit=Squid kind=move dst=(1238,83,-664)
[ORDER] commander=ai team=Team_Alien unit=Shocker kind=move dst=(790,35,-953)
[ORDER] commander=ai team=Team_Alien unit=Shocker kind=move dst=(790,35,-953)
[ORDER] commander=ai team=Team_Alien unit=Shocker kind=move dst=(790,35,-953)
[ORDER] commander=ai team=Team_Alien unit=Crab kind=move dst=(790,35,-953)
[ORDER] commander=ai team=Team_Alien unit=Crab kind=move dst=(1082,75,-567)
[ORDER] commander=ai team=Team_Alien unit=Horned Crab kind=move dst=(1082,75,-567)
[ORDER] commander=ai team=Team_Alien unit=Horned Crab kind=move dst=(1082,75,-567)
[ORDER] commander=ai team=Team_Alien unit=Shocker kind=move dst=(1082,75,-567)
[ORDER] commander=ai team=Team_Alien unit=Shocker kind=move dst=(416,65,145)
[ORDER] commander=ai team=Team_Alien unit=Shocker kind=move dst=(416,65,145)
[ORDER] commander=ai team=Team_Alien unit=Shocker kind=move dst=(416,65,145)
[ORDER] commander=ai team=Team_Alien unit=Shocker kind=move dst=(416,65,145)
[AI] [Team_Alien] tick=35 reqs=1 type={Construct:1} task={} prio(min/avg/max)=10/10.0/10 groups=0
[ORDER] commander=ai team=Team_Alien unit=Squid kind=move dst=(1537,61,143)
[ORDER] commander=ai team=Team_Alien unit=Squid kind=move dst=(1537,61,143)
[ORDER] commander=ai team=Team_Alien unit=Squid kind=move dst=(1537,61,143)
[ORDER] commander=ai team=Team_Human_Sol unit=Scout kind=move dst=(-598,46,-378)
[ORDER] commander=ai team=Team_Human_Sol unit=Rifleman kind=move dst=(-1727,114,-130)
[ORDER] commander=ai team=Team_Human_Sol unit=Rifleman kind=attack tgt=Cent_Light_SquadTransport(Clone) (Target)
[H1] team=Team_Human_Sol fire=Refinery atBalterium=(-1229,-735) refCount=2
[H1] team=Team_Human_Sol fire=Refinery atBalterium=(-1515,-1118) refCount=3
[H2] team=Team_Human_Sol fire=Headquarters argmaxCell=(133,153) val=88 atWorld=(-804,-4) hqCount=2
[H3] team=Team_Human_Sol fire=Barracks nearHq=(-1095,-870)
[H3] team=Team_Human_Sol fire=Research Facility nearHq=(-1095,-870)
[AI] [Team_Human_Sol] tick=35 reqs=2 type={Construct:2} task={} prio(min/avg/max)=7/8.5/10 groups=0
[ORDER] commander=ai team=Team_Human_Centauri unit=Militia kind=stop
[ORDER] commander=ai team=Team_Human_Centauri unit=Militia kind=move dst=(-509,73,851)
[ORDER] commander=ai team=Team_Human_Centauri unit=Militia kind=move dst=(-509,73,851)
[ORDER] commander=ai team=Team_Alien unit=Squid kind=move dst=(1238,83,-664)
[ORDER] commander=ai team=Team_Alien unit=Squid kind=move dst=(1537,61,143)
[ORDER] commander=ai team=Team_Alien unit=Squid kind=move dst=(1537,61,143)
[ORDER] commander=ai team=Team_Alien unit=Squid kind=move dst=(1537,61,143)
[ORDER] commander=ai team=Team_Human_Sol unit=Scout kind=move dst=(-598,46,-378)
[ORDER] commander=ai team=Team_Human_Centauri unit=Militia kind=move dst=(-869,34,-102)
[ORDER] commander=ai team=Team_Human_Centauri unit=Militia kind=move dst=(-869,34,-102)
[ORDER] commander=ai team=Team_Human_Centauri unit=Militia kind=move dst=(-869,34,-102)
[ORDER] commander=ai team=Team_Alien unit=Squid kind=move dst=(1238,83,-664)
[ORDER] commander=ai team=Team_Alien unit=Squid kind=move dst=(1537,61,143)
[ORDER] commander=ai team=Team_Alien unit=Squid kind=move dst=(1537,61,143)
[ORDER] commander=ai team=Team_Alien unit=Squid kind=move dst=(1537,61,143)
[ORDER] commander=ai team=Team_Human_Sol unit=Scout kind=stop
[ORDER] commander=ai team=Team_Human_Sol unit=Scout kind=move dst=(-630,58,-551)
[ORDER] commander=ai team=Team_Human_Sol unit=Scout kind=move dst=(-630,58,-551)
[ORDER] commander=ai team=Team_Human_Sol unit=Rifleman kind=move dst=(-630,58,-551)
[ORDER] commander=ai team=Team_Alien unit=Shocker kind=move dst=(0,0,0)
[ORDER] commander=ai team=Team_Alien unit=Crab kind=move dst=(791,37,-4)
[ORDER] commander=ai team=Team_Alien unit=Horned Crab kind=move dst=(791,37,-4)
[ORDER] commander=ai team=Team_Alien unit=Horned Crab kind=move dst=(791,37,-4)
[ORDER] commander=ai team=Team_Alien unit=Shocker kind=stop
[ORDER] commander=ai team=Team_Human_Centauri unit=Militia kind=move dst=(-393,51,773)
[ORDER] commander=ai team=Team_Human_Centauri unit=Militia kind=move dst=(-393,51,773)
[ORDER] commander=ai team=Team_Human_Centauri unit=Militia kind=move dst=(-393,51,773)
[ORDER] commander=ai team=Team_Human_Centauri unit=Squad Transport kind=attack tgt=Sol_Light_PlatoonHauler(Clone) (Target)
[ORDER] commander=ai team=Team_Human_Centauri unit=Light Raider kind=attack tgt=SpecialContainer_Short_01_Small(Clone) (Target)
[ORDER] commander=ai team=Team_Human_Centauri unit=Light Raider kind=attack tgt=SpecialContainer_Short_01_Small(Clone) (Target)
[ORDER] commander=ai team=Team_Human_Centauri unit=Heavy Raider kind=attack tgt=SpecialContainer_Short_01_Small(Clone) (Target)
[ORDER] commander=ai team=Team_Human_Centauri unit=Militia kind=attack tgt=HeavyQuad_Intro(Clone) (Target)
[ORDER] commander=ai team=Team_Human_Centauri unit=Militia kind=attack tgt=HeavyQuad_Intro(Clone) (Target)
[ORDER] commander=ai team=Team_Human_Centauri unit=Militia kind=attack tgt=HeavyQuad_Intro(Clone) (Target)
[ORDER] commander=ai team=Team_Human_Centauri unit=Trooper kind=attack tgt=HeavyQuad_Intro(Clone) (Target)
[ORDER] commander=ai team=Team_Human_Centauri unit=Militia kind=attack tgt=Sol_Light_PlatoonHauler(Clone) (Target)
[ORDER] commander=ai team=Team_Human_Centauri unit=Militia kind=attack tgt=Sol_Light_PlatoonHauler(Clone) (Target)
[ORDER] commander=ai team=Team_Human_Centauri unit=Militia kind=attack tgt=Sol_Light_PlatoonHauler(Clone) (Target)
[H2] team=Team_Human_Centauri fire=Headquarters argmaxCell=(107,185) val=42 atWorld=(-1844,1276) hqCount=2
[AI] [Team_Human_Centauri] tick=36 reqs=1 type={Construct:1} task={} prio(min/avg/max)=10/10.0/10 groups=0
[ORDER] commander=ai team=Team_Human_Centauri unit=Squad Transport kind=move dst=(-861,43,-436)
[ORDER] commander=ai team=Team_Human_Centauri unit=Assault Car kind=move dst=(-861,34,-90)
[ORDER] commander=ai team=Team_Alien unit=Squid kind=move dst=(883,34,-1032)
[ORDER] commander=ai team=Team_Alien unit=Squid kind=move dst=(883,34,-1032)
[ORDER] commander=ai team=Team_Alien unit=Squid kind=move dst=(883,34,-1032)
[ORDER] commander=ai team=Team_Alien unit=Squid kind=move dst=(883,34,-1032)
[ORDER] commander=ai team=Team_Alien unit=Crab kind=move dst=(1082,75,-567)
[ORDER] commander=ai team=Team_Alien unit=Shocker kind=move dst=(1082,75,-567)
[ORDER] commander=ai team=Team_Alien unit=Shocker kind=move dst=(1082,75,-567)
[ORDER] commander=ai team=Team_Alien unit=Shocker kind=move dst=(1082,75,-567)
[ORDER] commander=ai team=Team_Alien unit=Crab kind=move dst=(416,65,145)
[ORDER] commander=ai team=Team_Alien unit=Horned Crab kind=move dst=(416,65,145)
[ORDER] commander=ai team=Team_Alien unit=Horned Crab kind=move dst=(416,65,145)
[ORDER] commander=ai team=Team_Alien unit=Shocker kind=move dst=(416,65,145)
[ORDER] commander=ai team=Team_Alien unit=Shocker kind=move dst=(1576,36,-556)
[ORDER] commander=ai team=Team_Alien unit=Shocker kind=move dst=(1576,36,-556)
[ORDER] commander=ai team=Team_Alien unit=Shocker kind=move dst=(1576,36,-556)
[ORDER] commander=ai team=Team_Alien unit=Shocker kind=move dst=(1576,36,-556)
[P32] team=Team_Alien fire=Node towardPatchAt=(416,145) distToOwned=335m nodesOwned=20 anchorAt=(1470,240)
[P32] team=Team_Alien fire=Node towardPatchAt=(282,-54) distToOwned=448m nodesOwned=21 anchorAt=(1470,240)
[AI] [Team_Alien] tick=36 reqs=1 type={Construct:1} task={} prio(min/avg/max)=10/10.0/10 groups=0
[ORDER] commander=ai team=Team_Alien unit=Squid kind=move dst=(1537,61,143)
[ORDER] commander=ai team=Team_Alien unit=Squid kind=move dst=(1537,61,143)
[ORDER] commander=ai team=Team_Alien unit=Squid kind=move dst=(1537,61,143)
[ORDER] commander=ai team=Team_Human_Sol unit=Scout kind=move dst=(-598,46,-378)
[ORDER] commander=ai team=Team_Human_Sol unit=Rifleman kind=move dst=(-1727,114,-130)
[ORDER] commander=ai team=Team_Human_Sol unit=Platoon Hauler kind=move dst=(-430,35,-1750)
[ORDER] commander=ai team=Team_Human_Sol unit=Platoon Hauler kind=attack tgt=Cent_Light_SquadTransport(Clone) (Target)
[H2] team=Team_Human_Sol fire=Headquarters argmaxCell=(118,152) val=66 atWorld=(-1404,-44) hqCount=2
[AI] [Team_Human_Sol] tick=36 reqs=2 type={Construct:2} task={} prio(min/avg/max)=7/8.5/10 groups=0
[ORDER] commander=ai team=Team_Alien unit=Crab kind=move dst=(795,36,-12)
[ORDER] commander=ai team=Team_Alien unit=Horned Crab kind=move dst=(795,36,-12)
[ORDER] commander=ai team=Team_Alien unit=Horned Crab kind=move dst=(795,36,-12)
[ORDER] commander=ai team=Team_Alien unit=Shocker kind=stop
[ORDER] commander=ai team=Team_Human_Centauri unit=Militia kind=stop
[ORDER] commander=ai team=Team_Human_Centauri unit=Militia kind=move dst=(-513,73,842)
[ORDER] commander=ai team=Team_Human_Centauri unit=Militia kind=move dst=(-513,73,842)
[ORDER] commander=ai team=Team_Human_Sol unit=Light Striker kind=stop
[ORDER] commander=ai team=Team_Human_Sol unit=Light Striker kind=move dst=(-1354,18,-1136)
[ORDER] commander=ai team=Team_Human_Sol unit=Heavy Quad kind=move dst=(-1354,18,-1136)
[ORDER] commander=ai team=Team_Human_Centauri unit=Light Raider kind=move dst=(-580,53,838)
[ORDER] commander=ai team=Team_Human_Centauri unit=Light Raider kind=move dst=(-580,53,838)
[ORDER] commander=ai team=Team_Human_Centauri unit=Heavy Raider kind=stop
[ORDER] commander=ai team=Team_Alien unit=Squid kind=move dst=(1537,61,143)
[ORDER] commander=ai team=Team_Alien unit=Squid kind=move dst=(1537,61,143)
[ORDER] commander=ai team=Team_Alien unit=Squid kind=move dst=(1537,61,143)
[ORDER] commander=ai team=Team_Human_Sol unit=Scout kind=move dst=(-598,46,-378)
[ORDER] commander=ai team=Team_Human_Centauri unit=Militia kind=move dst=(-866,42,-411)
[ORDER] commander=ai team=Team_Human_Centauri unit=Militia kind=move dst=(-866,42,-411)
[ORDER] commander=ai team=Team_Human_Centauri unit=Militia kind=move dst=(-866,42,-411)
[ORDER] commander=ai team=Team_Alien unit=Crab kind=move dst=(882,34,919)
[ORDER] commander=ai team=Team_Alien unit=Squid kind=move dst=(1537,61,143)
[ORDER] commander=ai team=Team_Alien unit=Squid kind=move dst=(1537,61,143)
[ORDER] commander=ai team=Team_Alien unit=Squid kind=move dst=(1537,61,143)
[ORDER] commander=ai team=Team_Human_Sol unit=Scout kind=stop
[ORDER] commander=ai team=Team_Human_Sol unit=Scout kind=move dst=(-613,63,-548)
[ORDER] commander=ai team=Team_Human_Sol unit=Scout kind=move dst=(-613,63,-548)
[ORDER] commander=ai team=Team_Human_Sol unit=Rifleman kind=move dst=(-613,63,-548)
[ORDER] commander=ai team=Team_Alien unit=Crab kind=move dst=(0,0,0)
[ORDER] commander=ai team=Team_Human_Centauri unit=Militia kind=move dst=(-393,51,773)
[ORDER] commander=ai team=Team_Human_Centauri unit=Militia kind=move dst=(-393,51,773)
[ORDER] commander=ai team=Team_Human_Centauri unit=Militia kind=move dst=(-393,51,773)
[ORDER] commander=ai team=Team_Human_Centauri unit=Squad Transport kind=attack tgt=HeavyQuad_Intro(Clone) (Target)
[H2] team=Team_Human_Centauri fire=Headquarters argmaxCell=(138,152) val=50 atWorld=(-604,-44) hqCount=2
[AI] [Team_Human_Centauri] tick=37 reqs=1 type={Construct:1} task={} prio(min/avg/max)=10/10.0/10 groups=0
[ORDER] commander=ai team=Team_Alien unit=Crab kind=move dst=(416,65,145)
[ORDER] commander=ai team=Team_Alien unit=Horned Crab kind=move dst=(416,65,145)
[ORDER] commander=ai team=Team_Alien unit=Horned Crab kind=move dst=(416,65,145)
[ORDER] commander=ai team=Team_Alien unit=Shocker kind=move dst=(416,65,145)
[ORDER] commander=ai team=Team_Alien unit=Crab kind=move dst=(1471,23,1563)
[ORDER] commander=ai team=Team_Alien unit=Crab kind=move dst=(1471,23,1563)
[ORDER] commander=ai team=Team_Alien unit=Crab kind=move dst=(1471,23,1563)
[ORDER] commander=ai team=Team_Alien unit=Crab kind=move dst=(1471,23,1563)
[ORDER] commander=ai team=Team_Alien unit=Crab kind=move dst=(515,34,-564)
[ORDER] commander=ai team=Team_Alien unit=Shocker kind=move dst=(515,34,-564)
[ORDER] commander=ai team=Team_Alien unit=Shocker kind=move dst=(515,34,-564)
[ORDER] commander=ai team=Team_Alien unit=Shocker kind=move dst=(515,34,-564)
[P32] team=Team_Alien fire=Node towardPatchAt=(819,-756) distToOwned=463m nodesOwned=20 anchorAt=(1470,240)
[AI] [Team_Alien] tick=37 reqs=1 type={Construct:1} task={} prio(min/avg/max)=10/10.0/10 groups=0
[ORDER] commander=ai team=Team_Human_Centauri unit=Light Raider kind=move dst=(-587,52,828)
[ORDER] commander=ai team=Team_Human_Centauri unit=Light Raider kind=move dst=(-587,52,828)
[ORDER] commander=ai team=Team_Alien unit=Squid kind=move dst=(1537,61,143)
[ORDER] commander=ai team=Team_Alien unit=Squid kind=move dst=(1537,61,143)
[ORDER] commander=ai team=Team_Alien unit=Squid kind=move dst=(1537,61,143)
[ORDER] commander=ai team=Team_Human_Sol unit=Scout kind=move dst=(-598,46,-378)
[ORDER] commander=ai team=Team_Human_Sol unit=Platoon Hauler kind=move dst=(-430,35,-1750)
[ORDER] commander=ai team=Team_Human_Sol unit=Platoon Hauler kind=attack tgt=Cent_Light_SquadTransport(Clone) (Target)
[H1] team=Team_Human_Sol fire=Refinery atBalterium=(-1229,-735) refCount=2
[H1] team=Team_Human_Sol fire=Refinery atBalterium=(-1515,-1118) refCount=3
[H2] team=Team_Human_Sol fire=Headquarters argmaxCell=(118,152) val=66 atWorld=(-1404,-44) hqCount=2
[H3] team=Team_Human_Sol fire=Barracks nearHq=(-1095,-870)
[H3] team=Team_Human_Sol fire=Research Facility nearHq=(-1095,-870)
[AI] [Team_Human_Sol] tick=37 reqs=2 type={Construct:2} task={} prio(min/avg/max)=7/8.5/10 groups=0
[SPAWN_S] team=Team_Alien structure=Node at=(1060,-220)
[SPAWN_S] team=Team_Alien structure=Node at=(870,30)
[ORDER] commander=ai team=Team_Human_Centauri unit=Militia kind=stop
[ORDER] commander=ai team=Team_Human_Centauri unit=Militia kind=move dst=(-512,73,843)
[ORDER] commander=ai team=Team_Human_Centauri unit=Militia kind=move dst=(-512,73,843)
[ORDER] commander=ai team=Team_Alien unit=Squid kind=move dst=(1537,61,143)
[ORDER] commander=ai team=Team_Alien unit=Squid kind=move dst=(1537,61,143)
[ORDER] commander=ai team=Team_Alien unit=Squid kind=move dst=(1537,61,143)
[ORDER] commander=ai team=Team_Human_Sol unit=Scout kind=move dst=(-598,46,-378)
[ORDER] commander=ai team=Team_Human_Centauri unit=Light Raider kind=move dst=(-838,37,-19)
[ORDER] commander=ai team=Team_Human_Centauri unit=Light Raider kind=move dst=(-838,37,-19)
[ORDER] commander=ai team=Team_Human_Centauri unit=Heavy Raider kind=move dst=(-838,37,-19)
[ORDER] commander=ai team=Team_Alien unit=Squid kind=move dst=(1537,61,143)
[ORDER] commander=ai team=Team_Alien unit=Squid kind=move dst=(1537,61,143)
[ORDER] commander=ai team=Team_Alien unit=Squid kind=move dst=(1537,61,143)
[ORDER] commander=ai team=Team_Human_Sol unit=Scout kind=stop
[ORDER] commander=ai team=Team_Human_Sol unit=Scout kind=move dst=(-596,68,-545)
[ORDER] commander=ai team=Team_Human_Sol unit=Scout kind=move dst=(-596,68,-545)
[ORDER] commander=ai team=Team_Human_Sol unit=Rifleman kind=move dst=(-596,68,-545)
[ORDER] commander=ai team=Team_Alien unit=Shocker kind=stop
[ORDER] commander=ai team=Team_Alien unit=Shocker kind=move dst=(1925,44,774)
[ORDER] commander=ai team=Team_Alien unit=Shocker kind=move dst=(1925,44,774)
[ORDER] commander=ai team=Team_Alien unit=Shocker kind=move dst=(1925,44,774)
[ORDER] commander=ai team=Team_Human_Centauri unit=Militia kind=move dst=(-393,51,773)
[ORDER] commander=ai team=Team_Human_Centauri unit=Militia kind=move dst=(-393,51,773)
[ORDER] commander=ai team=Team_Human_Centauri unit=Militia kind=move dst=(-393,51,773)
[ORDER] commander=ai team=Team_Human_Centauri unit=Militia kind=move dst=(-667,113,1318)
[ORDER] commander=ai team=Team_Human_Centauri unit=Militia kind=move dst=(-667,113,1318)
[ORDER] commander=ai team=Team_Human_Centauri unit=Militia kind=move dst=(-667,113,1318)
[ORDER] commander=ai team=Team_Human_Centauri unit=Squad Transport kind=move dst=(-393,51,773)
[ORDER] commander=ai team=Team_Human_Centauri unit=Light Raider kind=attack tgt=Sol_Light_LightStriker(Clone) (Target)
[ORDER] commander=ai team=Team_Human_Centauri unit=Light Raider kind=attack tgt=Sol_Light_LightStriker(Clone) (Target)
[ORDER] commander=ai team=Team_Human_Centauri unit=Heavy Raider kind=attack tgt=Sol_Light_LightStriker(Clone) (Target)
[ORDER] commander=ai team=Team_Human_Centauri unit=Squad Transport kind=attack tgt=SpecialContainer_Short_01_Small(Clone) (Target)
[ORDER] commander=ai team=Team_Human_Centauri unit=Militia kind=attack tgt=Sol_Light_PlatoonHauler(Clone) (Target)
[ORDER] commander=ai team=Team_Human_Centauri unit=Militia kind=attack tgt=Sol_Light_PlatoonHauler(Clone) (Target)
[ORDER] commander=ai team=Team_Human_Centauri unit=Militia kind=attack tgt=Sol_Light_PlatoonHauler(Clone) (Target)
[ORDER] commander=ai team=Team_Human_Centauri unit=Squad Transport kind=attack tgt=Sol_Light_LightStriker(Clone) (Target)
[H2] team=Team_Human_Centauri fire=Headquarters argmaxCell=(138,152) val=50 atWorld=(-604,-44) hqCount=2
[AI] [Team_Human_Centauri] tick=38 reqs=1 type={Construct:1} task={} prio(min/avg/max)=10/10.0/10 groups=0
[ORDER] commander=ai team=Team_Human_Sol unit=Light Striker kind=move dst=(-1060,47,17)
[ORDER] commander=ai team=Team_Human_Sol unit=Light Striker kind=move dst=(-1060,47,17)
[ORDER] commander=ai team=Team_Alien unit=Crab kind=move dst=(416,65,145)
[ORDER] commander=ai team=Team_Alien unit=Horned Crab kind=move dst=(416,65,145)
[ORDER] commander=ai team=Team_Alien unit=Horned Crab kind=move dst=(416,65,145)
[ORDER] commander=ai team=Team_Alien unit=Shocker kind=move dst=(416,65,145)
[P32] team=Team_Alien fire=Node towardPatchAt=(1078,-1133) distToOwned=768m nodesOwned=22 anchorAt=(1470,240)
[AI] [Team_Alien] tick=38 reqs=1 type={Construct:1} task={} prio(min/avg/max)=10/10.0/10 groups=0
[ORDER] commander=ai team=Team_Human_Centauri unit=Squad Transport kind=move dst=(-121,37,261)
[SPAWN_S] team=Team_Alien structure=Node at=(1050,600)
[ORDER] commander=ai team=Team_Alien unit=Squid kind=move dst=(1537,61,143)
[ORDER] commander=ai team=Team_Alien unit=Squid kind=move dst=(1537,61,143)
[ORDER] commander=ai team=Team_Alien unit=Squid kind=move dst=(1537,61,143)
[ORDER] commander=ai team=Team_Human_Sol unit=Scout kind=move dst=(-598,46,-378)
[ORDER] commander=ai team=Team_Human_Sol unit=Platoon Hauler kind=move dst=(-430,35,-1750)
[ORDER] commander=ai team=Team_Human_Sol unit=Platoon Hauler kind=attack tgt=Cent_Light_SquadTransport(Clone) (Target)
[H2] team=Team_Human_Sol fire=Headquarters argmaxCell=(118,152) val=66 atWorld=(-1404,-44) hqCount=2
[AI] [Team_Human_Sol] tick=38 reqs=2 type={Construct:2} task={} prio(min/avg/max)=7/8.5/10 groups=0
[ORDER] commander=ai team=Team_Alien unit=Squid kind=move dst=(1537,61,143)
[ORDER] commander=ai team=Team_Alien unit=Squid kind=move dst=(1537,61,143)
[ORDER] commander=ai team=Team_Alien unit=Squid kind=move dst=(1537,61,143)
[ORDER] commander=ai team=Team_Human_Sol unit=Scout kind=move dst=(-598,46,-378)
[ORDER] commander=ai team=Team_Alien unit=Shocker kind=move dst=(1576,36,-556)
[ORDER] commander=ai team=Team_Alien unit=Shocker kind=move dst=(1576,36,-556)
[ORDER] commander=ai team=Team_Alien unit=Shocker kind=move dst=(1576,36,-556)
[ORDER] commander=ai team=Team_Alien unit=Shocker kind=move dst=(1576,36,-556)
[ORDER] commander=ai team=Team_Alien unit=Squid kind=move dst=(1537,61,143)
[ORDER] commander=ai team=Team_Alien unit=Squid kind=move dst=(1537,61,143)
[ORDER] commander=ai team=Team_Alien unit=Squid kind=move dst=(1537,61,143)
[ORDER] commander=ai team=Team_Human_Sol unit=Scout kind=stop
[ORDER] commander=ai team=Team_Human_Sol unit=Scout kind=move dst=(-583,70,-535)
[ORDER] commander=ai team=Team_Human_Sol unit=Scout kind=move dst=(-583,70,-535)
[ORDER] commander=ai team=Team_Human_Sol unit=Rifleman kind=move dst=(-583,70,-535)
[ORDER] commander=ai team=Team_Human_Centauri unit=Militia kind=stop
[ORDER] commander=ai team=Team_Human_Centauri unit=Militia kind=move dst=(-515,71,830)
[ORDER] commander=ai team=Team_Human_Centauri unit=Militia kind=move dst=(-515,71,830)
[ORDER] commander=ai team=Team_Human_Centauri unit=Light Raider kind=move dst=(-667,113,1318)
[ORDER] commander=ai team=Team_Human_Centauri unit=Light Raider kind=move dst=(-667,113,1318)
[ORDER] commander=ai team=Team_Human_Centauri unit=Heavy Raider kind=move dst=(-667,113,1318)
[ORDER] commander=ai team=Team_Human_Centauri unit=Squad Transport kind=move dst=(-430,50,1730)
[ORDER] commander=ai team=Team_Human_Centauri unit=Assault Car kind=attack tgt=Sol_Light_PlatoonHauler(Clone) (Target)
[ORDER] commander=ai team=Team_Human_Centauri unit=Assault Car kind=attack tgt=Sol_Light_PlatoonHauler(Clone) (Target)
[ORDER] commander=ai team=Team_Human_Centauri unit=Light Raider kind=attack tgt=Sol_Light_PlatoonHauler(Clone) (Target)
[ORDER] commander=ai team=Team_Human_Centauri unit=Light Raider kind=attack tgt=Sol_Light_PlatoonHauler(Clone) (Target)
[ORDER] commander=ai team=Team_Human_Centauri unit=Heavy Raider kind=attack tgt=Sol_Light_PlatoonHauler(Clone) (Target)
[H2] team=Team_Human_Centauri fire=Headquarters argmaxCell=(138,152) val=50 atWorld=(-604,-44) hqCount=2
[AI] [Team_Human_Centauri] tick=39 reqs=1 type={Construct:1} task={} prio(min/avg/max)=10/10.0/10 groups=0
[ORDER] commander=ai team=Team_Human_Centauri unit=Assault Car kind=move dst=(-869,41,-339)
[ORDER] commander=ai team=Team_Human_Centauri unit=Assault Car kind=move dst=(-869,41,-339)
[ORDER] commander=ai team=Team_Alien unit=Crab kind=move dst=(309,46,1050)
[ORDER] commander=ai team=Team_Alien unit=Crab kind=move dst=(309,46,1050)
[ORDER] commander=ai team=Team_Alien unit=Crab kind=move dst=(309,46,1050)
[ORDER] commander=ai team=Team_Alien unit=Crab kind=move dst=(309,46,1050)
[ORDER] commander=ai team=Team_Alien unit=Hunter kind=attack tgt=Cent_Light_SquadTransport(Clone) (Target)
[ORDER] commander=ai team=Team_Alien unit=Crab kind=attack tgt=Sol_UltraHeavyFactory(Clone) (Target)
[ORDER] commander=ai team=Team_Alien unit=Horned Crab kind=attack tgt=Sol_UltraHeavyFactory(Clone) (Target)
[ORDER] commander=ai team=Team_Alien unit=Horned Crab kind=attack tgt=Sol_UltraHeavyFactory(Clone) (Target)
[ORDER] commander=ai team=Team_Alien unit=Shocker kind=attack tgt=Sol_UltraHeavyFactory(Clone) (Target)
[ORDER] commander=ai team=Team_Alien unit=Shocker kind=move dst=(1471,23,1563)
[ORDER] commander=ai team=Team_Alien unit=Shocker kind=move dst=(1471,23,1563)
[ORDER] commander=ai team=Team_Alien unit=Shocker kind=move dst=(1471,23,1563)
[ORDER] commander=ai team=Team_Alien unit=Shocker kind=move dst=(1471,23,1563)
[ORDER] commander=ai team=Team_Alien unit=Crab kind=move dst=(819,48,-756)
[ORDER] commander=ai team=Team_Alien unit=Shocker kind=move dst=(819,48,-756)
[ORDER] commander=ai team=Team_Alien unit=Shocker kind=move dst=(819,48,-756)
[ORDER] commander=ai team=Team_Alien unit=Shocker kind=move dst=(819,48,-756)
[ORDER] commander=ai team=Team_Alien unit=Squid kind=attack tgt=Cent_Light_SquadTransport(Clone) (Target)
[ORDER] commander=ai team=Team_Alien unit=Squid kind=attack tgt=Cent_Light_SquadTransport(Clone) (Target)
[ORDER] commander=ai team=Team_Alien unit=Squid kind=attack tgt=Cent_Light_SquadTransport(Clone) (Target)
[ORDER] commander=ai team=Team_Alien unit=Squid kind=attack tgt=Cent_Light_SquadTransport(Clone) (Target)
[P32] team=Team_Alien fire=Node towardPatchAt=(187,255) distToOwned=400m nodesOwned=22 anchorAt=(1470,240)
[AI] [Team_Alien] tick=39 reqs=1 type={Construct:1} task={} prio(min/avg/max)=10/10.0/10 groups=0
[ORDER] commander=ai team=Team_Alien unit=Squid kind=move dst=(1537,61,143)
[ORDER] commander=ai team=Team_Alien unit=Squid kind=move dst=(1537,61,143)
[ORDER] commander=ai team=Team_Alien unit=Squid kind=move dst=(1537,61,143)
[ORDER] commander=ai team=Team_Human_Sol unit=Scout kind=move dst=(-598,46,-378)
[ORDER] commander=ai team=Team_Human_Sol unit=Platoon Hauler kind=move dst=(-430,35,-1750)
[ORDER] commander=ai team=Team_Human_Sol unit=Platoon Hauler kind=attack tgt=Cent_Light_SquadTransport(Clone) (Target)
[H1] team=Team_Human_Sol fire=Refinery atBalterium=(-1229,-735) refCount=2
[H1] team=Team_Human_Sol fire=Refinery atBalterium=(-1515,-1118) refCount=3
[H2] team=Team_Human_Sol fire=Headquarters argmaxCell=(118,152) val=66 atWorld=(-1404,-44) hqCount=2
[H3] team=Team_Human_Sol fire=Barracks nearHq=(-1095,-870)
[H3] team=Team_Human_Sol fire=Research Facility nearHq=(-1095,-870)
[AI] [Team_Human_Sol] tick=39 reqs=2 type={Construct:2} task={} prio(min/avg/max)=7/8.5/10 groups=0
[ORDER] commander=ai team=Team_Human_Sol unit=Heavy Quad kind=move dst=(-1059,47,17)
[ORDER] commander=ai team=Team_Alien unit=Squid kind=move dst=(1537,61,143)
[ORDER] commander=ai team=Team_Alien unit=Squid kind=move dst=(1537,61,143)
[ORDER] commander=ai team=Team_Alien unit=Squid kind=move dst=(1537,61,143)
[ORDER] commander=ai team=Team_Human_Sol unit=Scout kind=move dst=(-598,46,-378)
[ORDER] commander=ai team=Team_Human_Centauri unit=Militia kind=move dst=(-857,41,-321)
[ORDER] commander=ai team=Team_Human_Centauri unit=Militia kind=move dst=(-857,41,-321)
[ORDER] commander=ai team=Team_Human_Centauri unit=Militia kind=move dst=(-857,41,-321)
[SPAWN_S] team=Team_Human_Centauri structure=Barracks at=(-1110,750)
[ORDER] commander=ai team=Team_Alien unit=Squid kind=move dst=(1537,61,143)
[ORDER] commander=ai team=Team_Alien unit=Squid kind=move dst=(1537,61,143)
[ORDER] commander=ai team=Team_Alien unit=Squid kind=move dst=(1537,61,143)
[ORDER] commander=ai team=Team_Human_Sol unit=Scout kind=stop
[ORDER] commander=ai team=Team_Human_Sol unit=Scout kind=move dst=(-575,73,-519)
[ORDER] commander=ai team=Team_Human_Sol unit=Scout kind=move dst=(-575,73,-519)
[ORDER] commander=ai team=Team_Human_Sol unit=Rifleman kind=move dst=(-575,73,-519)
[ORDER] commander=ai team=Team_Human_Centauri unit=Trooper kind=move dst=(-667,113,1318)
[ORDER] commander=ai team=Team_Human_Centauri unit=Trooper kind=move dst=(-667,113,1318)
[ORDER] commander=ai team=Team_Human_Centauri unit=Trooper kind=attack tgt=Sol_Light_PlatoonHauler(Clone) (Target)
[ORDER] commander=ai team=Team_Human_Centauri unit=Trooper kind=attack tgt=Sol_Light_PlatoonHauler(Clone) (Target)
[H2] team=Team_Human_Centauri fire=Headquarters argmaxCell=(107,185) val=42 atWorld=(-1844,1276) hqCount=2
[AI] [Team_Human_Centauri] tick=40 reqs=3 type={Construct:3} task={} prio(min/avg/max)=10/40.7/62 groups=0
[ORDER] commander=ai team=Team_Alien unit=Crab kind=attack tgt=Cent_Light_SquadTransport(Clone) (Target)
[ORDER] commander=ai team=Team_Alien unit=Shocker kind=attack tgt=Cent_Light_SquadTransport(Clone) (Target)
[ORDER] commander=ai team=Team_Alien unit=Shocker kind=attack tgt=Cent_Light_SquadTransport(Clone) (Target)
[ORDER] commander=ai team=Team_Alien unit=Shocker kind=attack tgt=Cent_Light_SquadTransport(Clone) (Target)
[AI] [Team_Alien] tick=40 reqs=1 type={Construct:1} task={} prio(min/avg/max)=10/10.0/10 groups=0
[ORDER] commander=ai team=Team_Human_Centauri unit=Trooper kind=move dst=(-848,41,-308)
[ORDER] commander=ai team=Team_Human_Centauri unit=Trooper kind=move dst=(-848,41,-308)
[ORDER] commander=ai team=Team_Alien unit=Squid kind=move dst=(1537,61,143)
[ORDER] commander=ai team=Team_Alien unit=Squid kind=move dst=(1537,61,143)
[ORDER] commander=ai team=Team_Alien unit=Squid kind=move dst=(1537,61,143)
[ORDER] commander=ai team=Team_Human_Sol unit=Scout kind=move dst=(-598,46,-378)
[ORDER] commander=ai team=Team_Alien unit=Crab kind=move dst=(-83,20,169)
[ORDER] commander=ai team=Team_Alien unit=Shocker kind=move dst=(-83,20,169)
[ORDER] commander=ai team=Team_Alien unit=Shocker kind=move dst=(-83,20,169)
[ORDER] commander=ai team=Team_Human_Sol unit=Platoon Hauler kind=move dst=(-430,35,-1750)
[ORDER] commander=ai team=Team_Human_Sol unit=Platoon Hauler kind=move dst=(-245,14,-1662)
[ORDER] commander=ai team=Team_Human_Sol unit=Platoon Hauler kind=attack tgt=Cent_Light_SquadTransport(Clone) (Target)
[H2] team=Team_Human_Sol fire=Headquarters argmaxCell=(118,152) val=66 atWorld=(-1404,-44) hqCount=2
[AI] [Team_Human_Sol] tick=40 reqs=2 type={Construct:2} task={} prio(min/avg/max)=7/8.5/10 groups=0
[ORDER] commander=ai team=Team_Human_Sol unit=Platoon Hauler kind=move dst=(-1060,47,18)
[ORDER] commander=ai team=Team_Alien unit=Squid kind=move dst=(1537,61,143)
[ORDER] commander=ai team=Team_Alien unit=Squid kind=move dst=(1537,61,143)
[ORDER] commander=ai team=Team_Alien unit=Squid kind=move dst=(1537,61,143)
[ORDER] commander=ai team=Team_Human_Sol unit=Scout kind=move dst=(-598,46,-378)
[ORDER] commander=ai team=Team_Human_Sol unit=Light Raider kind=move dst=(0,0,0)
[ORDER] commander=ai team=Team_Alien unit=Squid kind=move dst=(1537,61,143)
[ORDER] commander=ai team=Team_Alien unit=Squid kind=move dst=(1537,61,143)
[ORDER] commander=ai team=Team_Alien unit=Squid kind=move dst=(1537,61,143)
[ORDER] commander=ai team=Team_Human_Sol unit=Scout kind=move dst=(-598,46,-378)
[ORDER] commander=ai team=Team_Alien unit=Crab kind=stop
[ORDER] commander=ai team=Team_Alien unit=Crab kind=move dst=(861,24,984)
[ORDER] commander=ai team=Team_Alien unit=Crab kind=move dst=(861,24,984)
[ORDER] commander=ai team=Team_Alien unit=Crab kind=move dst=(861,24,984)
[ORDER] commander=ai team=Team_Human_Centauri unit=Squad Transport kind=move dst=(-667,113,1318)
[ORDER] commander=ai team=Team_Human_Centauri unit=Light Raider kind=move dst=(-430,50,1730)
[ORDER] commander=ai team=Team_Human_Centauri unit=Light Raider kind=move dst=(-430,50,1730)
[ORDER] commander=ai team=Team_Human_Centauri unit=Heavy Raider kind=move dst=(-430,50,1730)
[ORDER] commander=ai team=Team_Human_Centauri unit=Light Raider kind=attack tgt=Sol_Light_PlatoonHauler(Clone) (Target)
[ORDER] commander=ai team=Team_Human_Centauri unit=Light Raider kind=attack tgt=Sol_Light_PlatoonHauler(Clone) (Target)
[ORDER] commander=ai team=Team_Human_Centauri unit=Heavy Raider kind=attack tgt=Sol_Light_PlatoonHauler(Clone) (Target)
[H2] team=Team_Human_Centauri fire=Headquarters argmaxCell=(107,185) val=42 atWorld=(-1844,1276) hqCount=2
[AI] [Team_Human_Centauri] tick=41 reqs=3 type={Construct:3} task={} prio(min/avg/max)=10/40.7/62 groups=0
[ORDER] commander=ai team=Team_Human_Sol unit=Light Striker kind=stop
[ORDER] commander=ai team=Team_Human_Sol unit=Light Striker kind=move dst=(-1308,20,-1047)
[ORDER] commander=ai team=Team_Human_Sol unit=Heavy Quad kind=move dst=(-1308,20,-1047)
[ORDER] commander=ai team=Team_Alien unit=Crab kind=attack tgt=Sol_Headquarters(Clone) (Target)
[ORDER] commander=ai team=Team_Alien unit=Shocker kind=attack tgt=Sol_Headquarters(Clone) (Target)
[ORDER] commander=ai team=Team_Alien unit=Shocker kind=attack tgt=Sol_Headquarters(Clone) (Target)
[ORDER] commander=ai team=Team_Alien unit=Shocker kind=attack tgt=Sol_Headquarters(Clone) (Target)
[ORDER] commander=ai team=Team_Alien unit=Crab kind=attack tgt=Cent_Light_SquadTransport(Clone) (Target)
[ORDER] commander=ai team=Team_Alien unit=Horned Crab kind=attack tgt=Cent_Light_SquadTransport(Clone) (Target)
[ORDER] commander=ai team=Team_Alien unit=Horned Crab kind=attack tgt=Cent_Light_SquadTransport(Clone) (Target)
[ORDER] commander=ai team=Team_Alien unit=Shocker kind=attack tgt=Cent_Light_SquadTransport(Clone) (Target)
[ORDER] commander=ai team=Team_Alien unit=Shocker kind=attack tgt=Sol_Headquarters(Clone) (Target)
[ORDER] commander=ai team=Team_Alien unit=Shocker kind=attack tgt=Sol_Headquarters(Clone) (Target)
[ORDER] commander=ai team=Team_Alien unit=Shocker kind=attack tgt=Sol_Headquarters(Clone) (Target)
[ORDER] commander=ai team=Team_Alien unit=Shocker kind=attack tgt=Sol_Headquarters(Clone) (Target)
[P32] team=Team_Alien fire=Node towardPatchAt=(187,255) distToOwned=257m nodesOwned=24 anchorAt=(1470,240)
[P32] team=Team_Alien fire=Node towardPatchAt=(819,-756) distToOwned=349m nodesOwned=25 anchorAt=(1470,240)
[AI] [Team_Alien] tick=41 reqs=1 type={Construct:1} task={} prio(min/avg/max)=10/10.0/10 groups=0
[ORDER] commander=ai team=Team_Alien unit=Squid kind=move dst=(1537,61,143)
[ORDER] commander=ai team=Team_Alien unit=Squid kind=move dst=(1537,61,143)
[ORDER] commander=ai team=Team_Alien unit=Squid kind=move dst=(1537,61,143)
[ORDER] commander=ai team=Team_Human_Sol unit=Platoon Hauler kind=move dst=(-245,14,-1662)
[ORDER] commander=ai team=Team_Human_Sol unit=Light Raider kind=move dst=(-1573,27,-1671)
[ORDER] commander=ai team=Team_Human_Sol unit=Light Raider kind=move dst=(-1573,27,-1671)
[ORDER] commander=ai team=Team_Human_Sol unit=Platoon Hauler kind=attack tgt=Cent_Light_SquadTransport(Clone) (Target)
[H1] team=Team_Human_Sol fire=Refinery atBalterium=(-1229,-735) refCount=2
[H1] team=Team_Human_Sol fire=Refinery atBalterium=(-1515,-1118) refCount=3
[H2] team=Team_Human_Sol fire=Headquarters argmaxCell=(118,152) val=66 atWorld=(-1404,-44) hqCount=2
[H3] team=Team_Human_Sol fire=Barracks nearHq=(-1095,-870)
[H3] team=Team_Human_Sol fire=Research Facility nearHq=(-1095,-870)
[AI] [Team_Human_Sol] tick=41 reqs=2 type={Construct:2} task={} prio(min/avg/max)=7/8.5/10 groups=0
[ORDER] commander=ai team=Team_Human_Sol unit=Platoon Hauler kind=move dst=(-1060,47,17)
[ORDER] commander=ai team=Team_Alien unit=Squid kind=move dst=(1537,61,143)
[ORDER] commander=ai team=Team_Alien unit=Squid kind=move dst=(1537,61,143)
[ORDER] commander=ai team=Team_Alien unit=Squid kind=move dst=(1537,61,143)
[ORDER] commander=ai team=Team_Human_Sol unit=Light Quad kind=move dst=(-345,25,-329)
[ORDER] commander=ai team=Team_Alien unit=Crab kind=move dst=(309,46,1050)
[ORDER] commander=ai team=Team_Alien unit=Crab kind=move dst=(309,46,1050)
[ORDER] commander=ai team=Team_Alien unit=Squid kind=move dst=(1537,61,143)
[ORDER] commander=ai team=Team_Alien unit=Squid kind=move dst=(1537,61,143)
[ORDER] commander=ai team=Team_Alien unit=Squid kind=move dst=(1537,61,143)
[ORDER] commander=ai team=Team_Human_Sol unit=Light Quad kind=move dst=(0,0,0)
[ORDER] commander=ai team=Team_Human_Centauri unit=Militia kind=move dst=(-430,50,1730)
[ORDER] commander=ai team=Team_Human_Centauri unit=Militia kind=move dst=(-430,50,1730)
[ORDER] commander=ai team=Team_Human_Centauri unit=Militia kind=move dst=(-430,50,1730)
[ORDER] commander=ai team=Team_Human_Centauri unit=Militia kind=attack tgt=Sol_Light_PlatoonHauler(Clone) (Target)
[ORDER] commander=ai team=Team_Human_Centauri unit=Militia kind=attack tgt=Sol_Light_PlatoonHauler(Clone) (Target)
[ORDER] commander=ai team=Team_Human_Centauri unit=Militia kind=attack tgt=Sol_Light_PlatoonHauler(Clone) (Target)
[ORDER] commander=ai team=Team_Human_Centauri unit=Squad Transport kind=attack tgt=Sol_Light_PlatoonHauler(Clone) (Target)
[H2] team=Team_Human_Centauri fire=Headquarters argmaxCell=(122,158) val=48 atWorld=(-1244,196) hqCount=2
[AI] [Team_Human_Centauri] tick=42 reqs=3 type={Construct:3} task={} prio(min/avg/max)=10/40.7/62 groups=0
[ORDER] commander=ai team=Team_Human_Sol unit=Light Striker kind=move dst=(-1059,48,16)
[ORDER] commander=ai team=Team_Alien unit=Squid kind=move dst=(354,22,-717)
[ORDER] commander=ai team=Team_Alien unit=Squid kind=move dst=(354,22,-717)
[ORDER] commander=ai team=Team_Alien unit=Squid kind=move dst=(354,22,-717)
[ORDER] commander=ai team=Team_Alien unit=Squid kind=move dst=(354,22,-717)
[ORDER] commander=ai team=Team_Alien unit=Crab kind=attack tgt=Cent_Light_SquadTransport(Clone) (Target)
[ORDER] commander=ai team=Team_Alien unit=Crab kind=attack tgt=Cent_Light_SquadTransport(Clone) (Target)
[ORDER] commander=ai team=Team_Alien unit=Crab kind=attack tgt=Cent_Light_SquadTransport(Clone) (Target)
[ORDER] commander=ai team=Team_Alien unit=Crab kind=attack tgt=Cent_Light_SquadTransport(Clone) (Target)
[P32] team=Team_Alien fire=Node towardPatchAt=(-990,-907) distToOwned=1654m nodesOwned=25 anchorAt=(1470,240)
[P32] team=Team_Alien fire=Cyst phase=starter atBcAt=(1585,305) cystOwned=0/3
[P32] team=Team_Alien fire=Cyst phase=starter atBcAt=(1395,400) cystOwned=0/3
[AI] [Team_Alien] tick=42 reqs=1 type={Construct:1} task={} prio(min/avg/max)=10/10.0/10 groups=0
[ORDER] commander=ai team=Team_Alien unit=Squid kind=move dst=(1537,61,143)
[ORDER] commander=ai team=Team_Alien unit=Squid kind=move dst=(1537,61,143)
[ORDER] commander=ai team=Team_Alien unit=Squid kind=move dst=(1537,61,143)
[ORDER] commander=ai team=Team_Human_Centauri unit=Light Raider kind=move dst=(-610,48,755)
[ORDER] commander=ai team=Team_Human_Centauri unit=Light Raider kind=move dst=(-610,48,755)
[ORDER] commander=ai team=Team_Human_Centauri unit=Heavy Raider kind=stop
[ORDER] commander=ai team=Team_Human_Sol unit=Light Quad kind=move dst=(-245,14,-1662)
[ORDER] commander=ai team=Team_Human_Sol unit=Light Quad kind=move dst=(-245,14,-1662)
[ORDER] commander=ai team=Team_Human_Sol unit=Heavy Quad kind=move dst=(-245,14,-1662)
[H2] team=Team_Human_Sol fire=Headquarters argmaxCell=(118,152) val=66 atWorld=(-1404,-44) hqCount=2
[AI] [Team_Human_Sol] tick=42 reqs=2 type={Construct:2} task={} prio(min/avg/max)=7/8.5/10 groups=0
[ORDER] commander=ai team=Team_Human_Sol unit=Light Striker kind=move dst=(-1056,47,16)
[ORDER] commander=ai team=Team_Alien unit=Squid kind=move dst=(1537,61,143)
[ORDER] commander=ai team=Team_Alien unit=Squid kind=move dst=(1537,61,143)
[ORDER] commander=ai team=Team_Alien unit=Squid kind=move dst=(1537,61,143)
[ORDER] commander=ai team=Team_Alien unit=Hunter kind=move dst=(33,20,71)
[ORDER] commander=ai team=Team_Alien unit=Squid kind=move dst=(1537,61,143)
[ORDER] commander=ai team=Team_Alien unit=Squid kind=move dst=(1537,61,143)
[ORDER] commander=ai team=Team_Alien unit=Squid kind=move dst=(1537,61,143)
[ORDER] commander=ai team=Team_Human_Sol unit=Scout kind=stop
[ORDER] commander=ai team=Team_Human_Sol unit=Scout kind=move dst=(-560,73,-482)
[ORDER] commander=ai team=Team_Human_Sol unit=Scout kind=move dst=(-560,73,-482)
[ORDER] commander=ai team=Team_Human_Sol unit=Rifleman kind=move dst=(-560,73,-482)
[ORDER] commander=ai team=Team_Human_Centauri unit=Squad Transport kind=move dst=(-667,113,1318)
[ORDER] commander=ai team=Team_Human_Centauri unit=Light Raider kind=move dst=(-430,50,1730)
[ORDER] commander=ai team=Team_Human_Centauri unit=Light Raider kind=move dst=(-430,50,1730)
[ORDER] commander=ai team=Team_Human_Centauri unit=Heavy Raider kind=move dst=(-430,50,1730)
[ORDER] commander=ai team=Team_Human_Centauri unit=Light Raider kind=attack tgt=HeavyQuad_Intro(Clone) (Target)
[ORDER] commander=ai team=Team_Human_Centauri unit=Light Raider kind=attack tgt=HeavyQuad_Intro(Clone) (Target)
[ORDER] commander=ai team=Team_Human_Centauri unit=Heavy Raider kind=attack tgt=HeavyQuad_Intro(Clone) (Target)
[ORDER] commander=ai team=Team_Human_Centauri unit=Squad Transport kind=attack tgt=Sol_Soldier_Scout(Clone) (Target)
[ORDER] commander=ai team=Team_Human_Centauri unit=Squad Transport kind=attack tgt=Cent_Light_LightRaider(Clone) (Target)
[ORDER] commander=ai team=Team_Human_Centauri unit=Light Raider kind=attack tgt=Sol_Light_PlatoonHauler(Clone) (Target)
[ORDER] commander=ai team=Team_Human_Centauri unit=Light Raider kind=attack tgt=Sol_Light_PlatoonHauler(Clone) (Target)
[ORDER] commander=ai team=Team_Human_Centauri unit=Heavy Raider kind=attack tgt=Sol_Light_PlatoonHauler(Clone) (Target)
[ORDER] commander=ai team=Team_Human_Centauri unit=Squad Transport kind=attack tgt=HeavyQuad_Intro(Clone) (Target)
[H2] team=Team_Human_Centauri fire=Headquarters argmaxCell=(107,185) val=42 atWorld=(-1844,1276) hqCount=2
[AI] [Team_Human_Centauri] tick=43 reqs=3 type={Construct:3} task={} prio(min/avg/max)=10/40.7/62 groups=0
[ORDER] commander=ai team=Team_Human_Sol unit=Heavy Quad kind=move dst=(-1054,46,13)
[ORDER] commander=ai team=Team_Alien unit=Crab kind=move dst=(309,46,1050)
[ORDER] commander=ai team=Team_Alien unit=Crab kind=move dst=(309,46,1050)
[ORDER] commander=ai team=Team_Alien unit=Crab kind=move dst=(309,46,1050)
[ORDER] commander=ai team=Team_Alien unit=Crab kind=move dst=(309,46,1050)
[ORDER] commander=ai team=Team_Alien unit=Crab kind=attack tgt=Cent_Light_SquadTransport(Clone) (Target)
[ORDER] commander=ai team=Team_Alien unit=Crab kind=attack tgt=Cent_Light_SquadTransport(Clone) (Target)
[ORDER] commander=ai team=Team_Alien unit=Crab kind=attack tgt=Cent_Light_SquadTransport(Clone) (Target)
[ORDER] commander=ai team=Team_Alien unit=Crab kind=attack tgt=Cent_Light_SquadTransport(Clone) (Target)
[P32] team=Team_Alien fire=Node towardPatchAt=(534,-706) distToOwned=442m nodesOwned=26 anchorAt=(1470,240)
[AI] [Team_Alien] tick=43 reqs=1 type={Construct:1} task={} prio(min/avg/max)=10/10.0/10 groups=0
[ORDER] commander=ai team=Team_Human_Centauri unit=Light Raider kind=move dst=(-840,36,-241)
[ORDER] commander=ai team=Team_Human_Centauri unit=Light Raider kind=move dst=(-840,36,-241)
[ORDER] commander=ai team=Team_Human_Centauri unit=Heavy Raider kind=move dst=(-840,36,-241)
[ORDER] commander=ai team=Team_Human_Centauri unit=Squad Transport kind=move dst=(-873,44,-353)
[ORDER] commander=ai team=Team_Alien unit=Squid kind=move dst=(1537,61,143)
[ORDER] commander=ai team=Team_Alien unit=Squid kind=move dst=(1537,61,143)
[ORDER] commander=ai team=Team_Alien unit=Squid kind=move dst=(1537,61,143)
[ORDER] commander=ai team=Team_Human_Sol unit=Scout kind=move dst=(-598,46,-378)
[ORDER] commander=ai team=Team_Human_Centauri unit=Light Raider kind=move dst=(-610,48,751)
[ORDER] commander=ai team=Team_Human_Centauri unit=Light Raider kind=move dst=(-610,48,751)
[ORDER] commander=ai team=Team_Human_Centauri unit=Heavy Raider kind=stop
[ORDER] commander=ai team=Team_Human_Sol unit=Light Raider kind=attack tgt=Cent_Light_AssaultCar(Clone) (Target)
[ORDER] commander=ai team=Team_Human_Sol unit=Light Raider kind=attack tgt=Cent_Light_AssaultCar(Clone) (Target)
[ORDER] commander=ai team=Team_Human_Sol unit=Light Quad kind=attack tgt=Cent_Light_AssaultCar(Clone) (Target)
[ORDER] commander=ai team=Team_Human_Sol unit=Light Quad kind=attack tgt=Cent_Light_AssaultCar(Clone) (Target)
[ORDER] commander=ai team=Team_Human_Sol unit=Heavy Quad kind=attack tgt=Cent_Light_AssaultCar(Clone) (Target)
[H1] team=Team_Human_Sol fire=Refinery atBalterium=(-1229,-735) refCount=2
[H1] team=Team_Human_Sol fire=Refinery atBalterium=(-1515,-1118) refCount=3
[H2] team=Team_Human_Sol fire=Headquarters argmaxCell=(118,152) val=66 atWorld=(-1404,-44) hqCount=2
[H3] team=Team_Human_Sol fire=Barracks nearHq=(-1095,-870)
[H3] team=Team_Human_Sol fire=Research Facility nearHq=(-1095,-870)
[AI] [Team_Human_Sol] tick=43 reqs=2 type={Construct:2} task={} prio(min/avg/max)=7/8.5/10 groups=0
[ORDER] commander=ai team=Team_Human_Sol unit=Light Quad kind=move dst=(-1078,48,65)
[ORDER] commander=ai team=Team_Human_Sol unit=Light Quad kind=move dst=(-1078,48,65)
[ORDER] commander=ai team=Team_Human_Sol unit=Heavy Quad kind=move dst=(-1078,48,65)
[ORDER] commander=ai team=Team_Human_Sol unit=Light Raider kind=move dst=(-1078,48,65)
[ORDER] commander=ai team=Team_Human_Sol unit=Light Raider kind=move dst=(-1078,48,65)
[ORDER] commander=ai team=Team_Alien unit=Squid kind=move dst=(1537,61,143)
[ORDER] commander=ai team=Team_Alien unit=Squid kind=move dst=(1537,61,143)
[ORDER] commander=ai team=Team_Alien unit=Squid kind=move dst=(1537,61,143)
[ORDER] commander=ai team=Team_Human_Sol unit=Light Raider kind=move dst=(-1072,47,56)
[ORDER] commander=ai team=Team_Alien unit=Squid kind=move dst=(1537,61,143)
[ORDER] commander=ai team=Team_Alien unit=Squid kind=move dst=(1537,61,143)
[ORDER] commander=ai team=Team_Alien unit=Squid kind=move dst=(1537,61,143)
[ORDER] commander=ai team=Team_Human_Sol unit=Scout kind=stop
[ORDER] commander=ai team=Team_Human_Sol unit=Scout kind=move dst=(-560,72,-464)
[ORDER] commander=ai team=Team_Human_Sol unit=Scout kind=move dst=(-560,72,-464)
[ORDER] commander=ai team=Team_Human_Sol unit=Rifleman kind=move dst=(-560,72,-464)
[SPAWN_S] team=Team_Alien structure=Node at=(1065,-365)
[SPAWN_S] team=Team_Alien structure=Node at=(725,15)
[ORDER] commander=ai team=Team_Human_Centauri unit=Militia kind=stop
[ORDER] commander=ai team=Team_Human_Centauri unit=Militia kind=move dst=(-511,59,743)
[ORDER] commander=ai team=Team_Human_Centauri unit=Militia kind=move dst=(-511,59,743)
[ORDER] commander=ai team=Team_Human_Centauri unit=Light Raider kind=move dst=(-667,113,1318)
[ORDER] commander=ai team=Team_Human_Centauri unit=Light Raider kind=move dst=(-667,113,1318)
[ORDER] commander=ai team=Team_Human_Centauri unit=Heavy Raider kind=move dst=(-667,113,1318)
[ORDER] commander=ai team=Team_Human_Centauri unit=Squad Transport kind=move dst=(-1742,32,102)
[ORDER] commander=ai team=Team_Human_Centauri unit=Squad Transport kind=move dst=(-430,50,1730)
[ORDER] commander=ai team=Team_Human_Centauri unit=Squad Transport kind=attack tgt=Cent_Light_LightRaider(Clone) (Target)
[ORDER] commander=ai team=Team_Human_Centauri unit=Light Raider kind=attack tgt=Sol_Light_PlatoonHauler(Clone) (Target)
[ORDER] commander=ai team=Team_Human_Centauri unit=Light Raider kind=attack tgt=Sol_Light_PlatoonHauler(Clone) (Target)
[ORDER] commander=ai team=Team_Human_Centauri unit=Heavy Raider kind=attack tgt=Sol_Light_PlatoonHauler(Clone) (Target)
[ORDER] commander=ai team=Team_Human_Centauri unit=Squad Transport kind=attack tgt=HeavyQuad_Intro(Clone) (Target)
[H2] team=Team_Human_Centauri fire=Headquarters argmaxCell=(107,185) val=42 atWorld=(-1844,1276) hqCount=2
[AI] [Team_Human_Centauri] tick=44 reqs=3 type={Construct:3} task={} prio(min/avg/max)=10/40.7/62 groups=0
[ORDER] commander=ai team=Team_Human_Sol unit=Light Striker kind=stop
[ORDER] commander=ai team=Team_Human_Sol unit=Light Striker kind=move dst=(-1283,20,-996)
[ORDER] commander=ai team=Team_Human_Sol unit=Heavy Quad kind=move dst=(-1283,20,-996)
[ORDER] commander=ai team=Team_Alien unit=Crab kind=move dst=(309,46,1050)
[ORDER] commander=ai team=Team_Alien unit=Crab kind=move dst=(309,46,1050)
[ORDER] commander=ai team=Team_Alien unit=Crab kind=move dst=(309,46,1050)
[ORDER] commander=ai team=Team_Alien unit=Crab kind=move dst=(309,46,1050)
[ORDER] commander=ai team=Team_Alien unit=Crab kind=attack tgt=Cent_Light_SquadTransport(Clone) (Target)
[ORDER] commander=ai team=Team_Alien unit=Crab kind=attack tgt=Cent_Light_SquadTransport(Clone) (Target)
[ORDER] commander=ai team=Team_Alien unit=Crab kind=attack tgt=Cent_Light_SquadTransport(Clone) (Target)
[ORDER] commander=ai team=Team_Alien unit=Crab kind=attack tgt=Cent_Light_SquadTransport(Clone) (Target)
[AI] [Team_Alien] tick=44 reqs=1 type={Construct:1} task={} prio(min/avg/max)=10/10.0/10 groups=0
[ORDER] commander=ai team=Team_Alien unit=Squid kind=move dst=(1537,61,143)
[ORDER] commander=ai team=Team_Alien unit=Squid kind=move dst=(1537,61,143)
[ORDER] commander=ai team=Team_Alien unit=Squid kind=move dst=(1537,61,143)
[ORDER] commander=ai team=Team_Human_Sol unit=Scout kind=move dst=(-561,71,-462)
[ORDER] commander=ai team=Team_Human_Sol unit=Scout kind=move dst=(-561,71,-462)
[ORDER] commander=ai team=Team_Human_Sol unit=Rifleman kind=move dst=(-561,71,-462)
[ORDER] commander=ai team=Team_Human_Centauri unit=Squad Transport kind=move dst=(-830,38,33)
[ORDER] commander=ai team=Team_Alien unit=Shocker kind=stop
[ORDER] commander=ai team=Team_Alien unit=Shocker kind=move dst=(1737,51,800)
[ORDER] commander=ai team=Team_Alien unit=Shocker kind=move dst=(1737,51,800)
[ORDER] commander=ai team=Team_Alien unit=Shocker kind=move dst=(1737,51,800)
[ORDER] commander=ai team=Team_Human_Centauri unit=Light Raider kind=move dst=(-610,48,751)
[ORDER] commander=ai team=Team_Human_Centauri unit=Light Raider kind=move dst=(-610,48,751)
[ORDER] commander=ai team=Team_Human_Sol unit=Platoon Hauler kind=move dst=(-245,14,-1662)
[ORDER] commander=ai team=Team_Human_Sol unit=Platoon Hauler kind=attack tgt=Cent_Light_AssaultCar(Clone) (Target)
[H2] team=Team_Human_Sol fire=Headquarters argmaxCell=(118,152) val=66 atWorld=(-1404,-44) hqCount=2
[AI] [Team_Human_Sol] tick=44 reqs=2 type={Construct:2} task={} prio(min/avg/max)=7/8.5/10 groups=0
[ORDER] commander=ai team=Team_Human_Centauri unit=Militia kind=move dst=(-638,35,-231)
[ORDER] commander=ai team=Team_Alien unit=Squid kind=move dst=(1537,61,143)
[ORDER] commander=ai team=Team_Alien unit=Squid kind=move dst=(1537,61,143)
[ORDER] commander=ai team=Team_Alien unit=Squid kind=move dst=(1537,61,143)
[ORDER] commander=ai team=Team_Human_Sol unit=Scout kind=move dst=(-598,46,-378)
[ORDER] commander=ai team=Team_Alien unit=Shocker kind=move dst=(1728,51,800)
[ORDER] commander=ai team=Team_Alien unit=Shocker kind=move dst=(1728,51,800)
[ORDER] commander=ai team=Team_Alien unit=Shocker kind=move dst=(1728,51,800)
[ORDER] commander=ai team=Team_Human_Centauri unit=Light Raider kind=move dst=(-610,48,751)
[ORDER] commander=ai team=Team_Human_Centauri unit=Heavy Raider kind=stop
[ORDER] commander=ai team=Team_Human_Centauri unit=Militia kind=move dst=(-619,35,-227)
[ORDER] commander=ai team=Team_Human_Centauri unit=Militia kind=move dst=(-619,35,-227)
[ORDER] commander=ai team=Team_Human_Sol unit=Light Striker kind=move dst=(-1053,46,2)
[ORDER] commander=ai team=Team_Human_Sol unit=Light Striker kind=move dst=(-1053,46,2)
[SPAWN_S] team=Team_Alien structure=Node at=(910,635)
[ORDER] commander=ai team=Team_Alien unit=Squid kind=move dst=(1537,61,143)
[ORDER] commander=ai team=Team_Alien unit=Squid kind=move dst=(1537,61,143)
[ORDER] commander=ai team=Team_Alien unit=Squid kind=move dst=(1537,61,143)
[ORDER] commander=ai team=Team_Human_Sol unit=Scout kind=stop
[ORDER] commander=ai team=Team_Human_Sol unit=Scout kind=move dst=(-860,45,-377)
[ORDER] commander=ai team=Team_Human_Sol unit=Scout kind=move dst=(-860,45,-377)
[ORDER] commander=ai team=Team_Human_Sol unit=Rifleman kind=move dst=(-860,45,-377)
[ORDER] commander=ai team=Team_Human_Sol unit=Scout kind=move dst=(-598,46,-378)
[ORDER] commander=ai team=Team_Alien unit=Shocker kind=move dst=(-1095,24,-870)
[ORDER] commander=ai team=Team_Alien unit=Shocker kind=move dst=(-1095,24,-870)
[ORDER] commander=ai team=Team_Alien unit=Shocker kind=move dst=(-1095,24,-870)
[ORDER] commander=ai team=Team_Alien unit=Shocker kind=move dst=(-1095,24,-870)
[ORDER] commander=ai team=Team_Human_Centauri unit=Light Raider kind=move dst=(-667,113,1318)
[ORDER] commander=ai team=Team_Human_Centauri unit=Light Raider kind=move dst=(-667,113,1318)
[ORDER] commander=ai team=Team_Human_Centauri unit=Heavy Raider kind=move dst=(-667,113,1318)
[ORDER] commander=ai team=Team_Human_Centauri unit=Squad Transport kind=move dst=(-1742,32,102)
[ORDER] commander=ai team=Team_Human_Centauri unit=Squad Transport kind=move dst=(-430,50,1730)
[ORDER] commander=ai team=Team_Human_Centauri unit=Squad Transport kind=attack tgt=Cent_Light_LightRaider(Clone) (Target)
[ORDER] commander=ai team=Team_Human_Centauri unit=Light Raider kind=attack tgt=Sol_Light_PlatoonHauler(Clone) (Target)
[ORDER] commander=ai team=Team_Human_Centauri unit=Light Raider kind=attack tgt=Sol_Light_PlatoonHauler(Clone) (Target)
[ORDER] commander=ai team=Team_Human_Centauri unit=Heavy Raider kind=attack tgt=Sol_Light_PlatoonHauler(Clone) (Target)
[ORDER] commander=ai team=Team_Human_Centauri unit=Squad Transport kind=attack tgt=HeavyQuad_Intro(Clone) (Target)
[H2] team=Team_Human_Centauri fire=Headquarters argmaxCell=(107,185) val=42 atWorld=(-1844,1276) hqCount=2
[H3] team=Team_Human_Centauri fire=Research Facility nearHq=(-1110,840)
[AI] [Team_Human_Centauri] tick=45 reqs=3 type={Construct:3} task={} prio(min/avg/max)=10/40.7/62 groups=0
[ORDER] commander=ai team=Team_Alien unit=Crab kind=move dst=(309,46,1050)
[ORDER] commander=ai team=Team_Alien unit=Crab kind=move dst=(309,46,1050)
[ORDER] commander=ai team=Team_Alien unit=Crab kind=move dst=(309,46,1050)
[ORDER] commander=ai team=Team_Alien unit=Crab kind=move dst=(309,46,1050)
[ORDER] commander=ai team=Team_Alien unit=Crab kind=attack tgt=Cent_Light_SquadTransport(Clone) (Target)
[ORDER] commander=ai team=Team_Alien unit=Crab kind=attack tgt=Cent_Light_SquadTransport(Clone) (Target)
[ORDER] commander=ai team=Team_Alien unit=Crab kind=attack tgt=Cent_Light_SquadTransport(Clone) (Target)
[ORDER] commander=ai team=Team_Alien unit=Crab kind=attack tgt=Cent_Light_SquadTransport(Clone) (Target)
[P32] team=Team_Alien fire=Node towardPatchAt=(269,-339) distToOwned=338m nodesOwned=26 anchorAt=(1470,240)
[P32] team=Team_Alien fire=Node towardPatchAt=(196,-671) distToOwned=669m nodesOwned=27 anchorAt=(1470,240)
[AI] [Team_Alien] tick=45 reqs=1 type={Construct:1} task={} prio(min/avg/max)=10/10.0/10 groups=0
[ORDER] commander=ai team=Team_Alien unit=Squid kind=move dst=(1537,61,143)
[ORDER] commander=ai team=Team_Alien unit=Squid kind=move dst=(1537,61,143)
[ORDER] commander=ai team=Team_Alien unit=Squid kind=move dst=(1537,61,143)
[ORDER] commander=ai team=Team_Human_Sol unit=Scout kind=move dst=(-598,46,-378)
[ORDER] commander=ai team=Team_Human_Centauri unit=Squad Transport kind=move dst=(-858,39,30)
[ORDER] commander=ai team=Team_Human_Centauri unit=Light Raider kind=move dst=(-610,48,751)
[ORDER] commander=ai team=Team_Human_Centauri unit=Light Raider kind=move dst=(-610,48,751)
[ORDER] commander=ai team=Team_Human_Centauri unit=Heavy Raider kind=stop
[ORDER] commander=ai team=Team_Human_Sol unit=Platoon Hauler kind=move dst=(-430,35,-1750)
[ORDER] commander=ai team=Team_Human_Sol unit=Platoon Hauler kind=move dst=(-245,14,-1662)
[ORDER] commander=ai team=Team_Human_Sol unit=Scout kind=attack tgt=Cent_Light_AssaultCar(Clone) (Target)
[ORDER] commander=ai team=Team_Human_Sol unit=Scout kind=attack tgt=Cent_Light_AssaultCar(Clone) (Target)
[ORDER] commander=ai team=Team_Human_Sol unit=Scout kind=attack tgt=Cent_Light_AssaultCar(Clone) (Target)
[ORDER] commander=ai team=Team_Human_Sol unit=Rifleman kind=attack tgt=Cent_Light_AssaultCar(Clone) (Target)
[H1] team=Team_Human_Sol fire=Refinery atBalterium=(-1229,-735) refCount=2
[H1] team=Team_Human_Sol fire=Refinery atBalterium=(-1515,-1118) refCount=3
[H2] team=Team_Human_Sol fire=Headquarters argmaxCell=(118,152) val=66 atWorld=(-1404,-44) hqCount=2
[H3] team=Team_Human_Sol fire=Barracks nearHq=(-1095,-870)
[H3] team=Team_Human_Sol fire=Research Facility nearHq=(-1095,-870)
[AI] [Team_Human_Sol] tick=45 reqs=2 type={Construct:2} task={} prio(min/avg/max)=7/8.5/10 groups=0
[ORDER] commander=ai team=Team_Alien unit=Squid kind=move dst=(1537,61,143)
[ORDER] commander=ai team=Team_Alien unit=Squid kind=move dst=(1537,61,143)
[ORDER] commander=ai team=Team_Alien unit=Squid kind=move dst=(1537,61,143)
[ORDER] commander=ai team=Team_Human_Sol unit=Scout kind=move dst=(-72,32,-865)
[ORDER] commander=ai team=Team_Human_Sol unit=Scout kind=move dst=(-72,32,-865)
[ORDER] commander=ai team=Team_Human_Sol unit=Scout kind=move dst=(-72,32,-865)
[ORDER] commander=ai team=Team_Human_Sol unit=Rifleman kind=move dst=(-72,32,-865)
[ORDER] commander=ai team=Team_Human_Sol unit=Scout kind=stop
[ORDER] commander=ai team=Team_Human_Sol unit=Scout kind=move dst=(-565,68,-441)
[ORDER] commander=ai team=Team_Human_Sol unit=Scout kind=move dst=(-565,68,-441)
[ORDER] commander=ai team=Team_Human_Sol unit=Rifleman kind=move dst=(-565,68,-441)
[ORDER] commander=ai team=Team_Alien unit=Crab kind=move dst=(665,43,-405)
[ORDER] commander=ai team=Team_Alien unit=Shocker kind=stop
[ORDER] commander=ai team=Team_Alien unit=Shocker kind=move dst=(665,43,-405)
[ORDER] commander=ai team=Team_Alien unit=Shocker kind=move dst=(665,43,-405)
[ORDER] commander=ai team=Team_Alien unit=Shocker kind=stop
[ORDER] commander=ai team=Team_Alien unit=Shocker kind=move dst=(1712,51,801)
[ORDER] commander=ai team=Team_Alien unit=Shocker kind=move dst=(1712,51,801)
[ORDER] commander=ai team=Team_Alien unit=Shocker kind=move dst=(1712,51,801)
[ORDER] commander=ai team=Team_Human_Centauri unit=Light Raider kind=move dst=(-610,48,751)
[ORDER] commander=ai team=Team_Human_Sol unit=Heavy Quad kind=move dst=(-1053,46,3)
[ORDER] commander=ai team=Team_Alien unit=Squid kind=move dst=(1537,61,143)
[ORDER] commander=ai team=Team_Alien unit=Squid kind=move dst=(1537,61,143)
[ORDER] commander=ai team=Team_Alien unit=Squid kind=move dst=(1537,61,143)
[ORDER] commander=ai team=Team_Human_Sol unit=Scout kind=move dst=(-1022,44,-17)
[ORDER] commander=ai team=Team_Alien unit=Shocker kind=move dst=(-1095,24,-870)
[ORDER] commander=ai team=Team_Alien unit=Shocker kind=move dst=(-1095,24,-870)
[ORDER] commander=ai team=Team_Alien unit=Shocker kind=move dst=(-1095,24,-870)
[ORDER] commander=ai team=Team_Alien unit=Shocker kind=move dst=(-1095,24,-870)
[ORDER] commander=ai team=Team_Human_Centauri unit=Light Raider kind=move dst=(-667,113,1318)
[ORDER] commander=ai team=Team_Human_Centauri unit=Light Raider kind=move dst=(-667,113,1318)
[ORDER] commander=ai team=Team_Human_Centauri unit=Heavy Raider kind=move dst=(-667,113,1318)
[ORDER] commander=ai team=Team_Human_Centauri unit=Squad Transport kind=move dst=(-1742,32,102)
[ORDER] commander=ai team=Team_Human_Centauri unit=Squad Transport kind=move dst=(-430,50,1730)
[ORDER] commander=ai team=Team_Human_Centauri unit=Squad Transport kind=attack tgt=Cent_Light_LightRaider(Clone) (Target)
[ORDER] commander=ai team=Team_Human_Centauri unit=Light Raider kind=attack tgt=Sol_Light_PlatoonHauler(Clone) (Target)
[ORDER] commander=ai team=Team_Human_Centauri unit=Light Raider kind=attack tgt=Sol_Light_PlatoonHauler(Clone) (Target)
[ORDER] commander=ai team=Team_Human_Centauri unit=Heavy Raider kind=attack tgt=Sol_Light_PlatoonHauler(Clone) (Target)
[ORDER] commander=ai team=Team_Human_Centauri unit=Squad Transport kind=attack tgt=HeavyQuad_Intro(Clone) (Target)
[H2] team=Team_Human_Centauri fire=Headquarters argmaxCell=(107,185) val=42 atWorld=(-1844,1276) hqCount=2
[AI] [Team_Human_Centauri] tick=46 reqs=3 type={Construct:3} task={} prio(min/avg/max)=10/40.7/62 groups=0
[ORDER] commander=ai team=Team_Alien unit=Crab kind=move dst=(309,46,1050)
[ORDER] commander=ai team=Team_Alien unit=Crab kind=move dst=(309,46,1050)
[ORDER] commander=ai team=Team_Alien unit=Crab kind=move dst=(309,46,1050)
[ORDER] commander=ai team=Team_Alien unit=Crab kind=move dst=(309,46,1050)
[ORDER] commander=ai team=Team_Alien unit=Crab kind=attack tgt=Cent_Light_SquadTransport(Clone) (Target)
[ORDER] commander=ai team=Team_Alien unit=Crab kind=attack tgt=Cent_Light_SquadTransport(Clone) (Target)
[ORDER] commander=ai team=Team_Alien unit=Crab kind=attack tgt=Cent_Light_SquadTransport(Clone) (Target)
[ORDER] commander=ai team=Team_Alien unit=Crab kind=attack tgt=Cent_Light_SquadTransport(Clone) (Target)
[AI] [Team_Alien] tick=46 reqs=1 type={Construct:1} task={} prio(min/avg/max)=10/10.0/10 groups=0
[ORDER] commander=ai team=Team_Alien unit=Squid kind=move dst=(1537,61,143)
[ORDER] commander=ai team=Team_Alien unit=Squid kind=move dst=(1537,61,143)
[ORDER] commander=ai team=Team_Alien unit=Squid kind=move dst=(1537,61,143)
[ORDER] commander=ai team=Team_Human_Sol unit=Scout kind=move dst=(-1014,44,-29)
[ORDER] commander=ai team=Team_Human_Centauri unit=Squad Transport kind=move dst=(-891,40,33)
[ORDER] commander=ai team=Team_Alien unit=Shocker kind=move dst=(-1095,24,-870)
[ORDER] commander=ai team=Team_Alien unit=Shocker kind=move dst=(-1095,24,-870)
[ORDER] commander=ai team=Team_Human_Centauri unit=Light Raider kind=move dst=(-610,48,751)
[ORDER] commander=ai team=Team_Human_Centauri unit=Light Raider kind=move dst=(-610,48,751)
[ORDER] commander=ai team=Team_Human_Sol unit=Platoon Hauler kind=attack tgt=Cent_Light_AssaultCar(Clone) (Target)
[H2] team=Team_Human_Sol fire=Headquarters argmaxCell=(126,144) val=36 atWorld=(-1084,-364) hqCount=2
[AI] [Team_Human_Sol] tick=46 reqs=2 type={Construct:2} task={} prio(min/avg/max)=7/8.5/10 groups=0
[H2] team=Team_Human_Sol reject=HQ-too-close targetCell=(-1084,-364) landedAt=(-1080,-360) distToExistingHq=510m
[ORDER] commander=ai team=Team_Alien unit=Hunter kind=move dst=(64,20,30)
[ORDER] commander=ai team=Team_Human_Centauri unit=Light Raider kind=move dst=(-740,55,642)
[ORDER] commander=ai team=Team_Human_Centauri unit=Light Raider kind=move dst=(-740,55,642)
[ORDER] commander=ai team=Team_Human_Centauri unit=Heavy Raider kind=stop
[ORDER] commander=ai team=Team_Alien unit=Squid kind=move dst=(1537,61,143)
[ORDER] commander=ai team=Team_Alien unit=Squid kind=move dst=(1537,61,143)
[ORDER] commander=ai team=Team_Alien unit=Squid kind=move dst=(1537,61,143)
[ORDER] commander=ai team=Team_Human_Sol unit=Scout kind=move dst=(-1006,42,-42)
[ORDER] commander=ai team=Team_Alien unit=Shocker kind=stop
[ORDER] commander=ai team=Team_Alien unit=Shocker kind=move dst=(1693,49,794)
[ORDER] commander=ai team=Team_Alien unit=Shocker kind=move dst=(1693,49,794)
[ORDER] commander=ai team=Team_Alien unit=Shocker kind=move dst=(1693,49,794)
[ORDER] commander=ai team=Team_Human_Centauri unit=Light Raider kind=move dst=(-610,48,751)
[ORDER] commander=ai team=Team_Human_Centauri unit=Heavy Raider kind=stop
[ORDER] commander=ai team=Team_Human_Sol unit=Light Raider kind=move dst=(-1005,42,-44)
[ORDER] commander=ai team=Team_Alien unit=Squid kind=move dst=(354,22,-717)
[ORDER] commander=ai team=Team_Alien unit=Squid kind=move dst=(354,22,-717)
[ORDER] commander=ai team=Team_Alien unit=Squid kind=move dst=(354,22,-717)
[ORDER] commander=ai team=Team_Alien unit=Squid kind=move dst=(354,22,-717)
[ORDER] commander=ai team=Team_Human_Sol unit=Light Striker kind=stop
[ORDER] commander=ai team=Team_Human_Sol unit=Light Striker kind=move dst=(-1245,20,-957)
[ORDER] commander=ai team=Team_Human_Sol unit=Heavy Quad kind=move dst=(-1245,20,-957)
[ORDER] commander=ai team=Team_Alien unit=Squid kind=move dst=(1537,61,143)
[ORDER] commander=ai team=Team_Alien unit=Squid kind=move dst=(1537,61,143)
[ORDER] commander=ai team=Team_Alien unit=Squid kind=move dst=(1537,61,143)
[ORDER] commander=ai team=Team_Alien unit=Shocker kind=move dst=(-1095,24,-870)
[ORDER] commander=ai team=Team_Alien unit=Shocker kind=move dst=(-1095,24,-870)
[ORDER] commander=ai team=Team_Alien unit=Shocker kind=move dst=(-1095,24,-870)
[ORDER] commander=ai team=Team_Alien unit=Shocker kind=move dst=(-1095,24,-870)
[ORDER] commander=ai team=Team_Human_Centauri unit=Light Raider kind=move dst=(-667,113,1318)
[ORDER] commander=ai team=Team_Human_Centauri unit=Light Raider kind=move dst=(-667,113,1318)
[ORDER] commander=ai team=Team_Human_Centauri unit=Heavy Raider kind=move dst=(-667,113,1318)
[ORDER] commander=ai team=Team_Human_Centauri unit=Squad Transport kind=move dst=(-1742,32,102)
[ORDER] commander=ai team=Team_Human_Centauri unit=Squad Transport kind=move dst=(-430,50,1730)
[ORDER] commander=ai team=Team_Human_Centauri unit=Light Raider kind=attack tgt=Sol_Light_PlatoonHauler(Clone) (Target)
[ORDER] commander=ai team=Team_Human_Centauri unit=Light Raider kind=attack tgt=Sol_Light_PlatoonHauler(Clone) (Target)
[ORDER] commander=ai team=Team_Human_Centauri unit=Heavy Raider kind=attack tgt=Sol_Light_PlatoonHauler(Clone) (Target)
[ORDER] commander=ai team=Team_Human_Centauri unit=Squad Transport kind=attack tgt=HeavyQuad_Intro(Clone) (Target)
[ORDER] commander=ai team=Team_Human_Centauri unit=Squad Transport kind=attack tgt=Sol_Soldier_Scout(Clone) (Target)
[H2] team=Team_Human_Centauri fire=Headquarters argmaxCell=(107,185) val=42 atWorld=(-1844,1276) hqCount=2
[AI] [Team_Human_Centauri] tick=47 reqs=3 type={Construct:3} task={} prio(min/avg/max)=10/40.7/62 groups=0
[ORDER] commander=ai team=Team_Human_Sol unit=Light Striker kind=move dst=(-1051,46,5)
[ORDER] commander=ai team=Team_Human_Sol unit=Light Striker kind=move dst=(-1051,46,5)
[ORDER] commander=ai team=Team_Alien unit=Hunter kind=move dst=(309,46,1050)
[ORDER] commander=ai team=Team_Alien unit=Hunter kind=attack tgt=Sol_Light_PlatoonHauler(Clone) (Target)
[ORDER] commander=ai team=Team_Alien unit=Hunter kind=attack tgt=Sol_Light_PlatoonHauler(Clone) (Target)
[P32] team=Team_Alien fire=Node towardPatchAt=(1078,-1133) distToOwned=392m nodesOwned=28 anchorAt=(1470,240)
[P32] team=Team_Alien fire=Node towardPatchAt=(-149,-46) distToOwned=467m nodesOwned=29 anchorAt=(1470,240)
[AI] [Team_Alien] tick=47 reqs=1 type={Construct:1} task={} prio(min/avg/max)=10/10.0/10 groups=0
[ORDER] commander=ai team=Team_Alien unit=Squid kind=move dst=(1537,61,143)
[ORDER] commander=ai team=Team_Alien unit=Squid kind=move dst=(1537,61,143)
[ORDER] commander=ai team=Team_Alien unit=Squid kind=move dst=(1537,61,143)
[ORDER] commander=ai team=Team_Human_Centauri unit=Squad Transport kind=move dst=(-627,34,-224)
[ORDER] commander=ai team=Team_Human_Centauri unit=Light Raider kind=move dst=(-610,48,750)
[ORDER] commander=ai team=Team_Human_Centauri unit=Light Raider kind=move dst=(-610,48,750)
[ORDER] commander=ai team=Team_Human_Centauri unit=Heavy Raider kind=stop
[ORDER] commander=ai team=Team_Human_Sol unit=Platoon Hauler kind=move dst=(-245,14,-1662)
[ORDER] commander=ai team=Team_Human_Sol unit=Platoon Hauler kind=attack tgt=Cent_Light_AssaultCar(Clone) (Target)
[H1] team=Team_Human_Sol fire=Refinery atBalterium=(-1229,-735) refCount=2
[H1] team=Team_Human_Sol fire=Refinery atBalterium=(-1515,-1118) refCount=3
[H2] team=Team_Human_Sol fire=Headquarters argmaxCell=(126,144) val=36 atWorld=(-1084,-364) hqCount=2
[H3] team=Team_Human_Sol fire=Barracks nearHq=(-1095,-870)
[H3] team=Team_Human_Sol fire=Research Facility nearHq=(-1095,-870)
[AI] [Team_Human_Sol] tick=47 reqs=2 type={Construct:2} task={} prio(min/avg/max)=7/8.5/10 groups=0
[H2] team=Team_Human_Sol reject=HQ-too-close targetCell=(-1084,-364) landedAt=(-1080,-360) distToExistingHq=510m
[ORDER] commander=ai team=Team_Alien unit=Squid kind=move dst=(1537,61,143)
[ORDER] commander=ai team=Team_Alien unit=Squid kind=move dst=(1537,61,143)
[ORDER] commander=ai team=Team_Alien unit=Squid kind=move dst=(1537,61,143)
[ORDER] commander=ai team=Team_Human_Centauri unit=Light Raider kind=move dst=(-610,48,750)
[ORDER] commander=ai team=Team_Human_Sol unit=Light Quad kind=move dst=(-456,24,-357)
[ORDER] commander=ai team=Team_Human_Sol unit=Light Quad kind=move dst=(-456,24,-357)
[ORDER] commander=ai team=Team_Human_Sol unit=Heavy Quad kind=stop
[ORDER] commander=ai team=Team_Alien unit=Squid kind=move dst=(1537,61,143)
[ORDER] commander=ai team=Team_Alien unit=Squid kind=move dst=(1537,61,143)
[ORDER] commander=ai team=Team_Alien unit=Squid kind=move dst=(1537,61,143)
[ORDER] commander=ai team=Team_Alien unit=Shocker kind=stop
[ORDER] commander=ai team=Team_Alien unit=Shocker kind=move dst=(1663,48,782)
[ORDER] commander=ai team=Team_Alien unit=Shocker kind=move dst=(1663,48,782)
[ORDER] commander=ai team=Team_Alien unit=Shocker kind=move dst=(1663,48,782)
[ORDER] commander=ai team=Team_Human_Centauri unit=Heavy Raider kind=move dst=(-667,113,1318)
[ORDER] commander=ai team=Team_Human_Centauri unit=Heavy Raider kind=move dst=(-667,113,1318)
[ORDER] commander=ai team=Team_Human_Centauri unit=Assault Car kind=move dst=(-430,50,1730)
[ORDER] commander=ai team=Team_Human_Centauri unit=Assault Car kind=move dst=(-430,50,1730)
[ORDER] commander=ai team=Team_Human_Centauri unit=Militia kind=move dst=(-1727,114,-130)
[ORDER] commander=ai team=Team_Human_Centauri unit=Militia kind=move dst=(-1727,114,-130)
[ORDER] commander=ai team=Team_Human_Centauri unit=Militia kind=move dst=(-1727,114,-130)
[ORDER] commander=ai team=Team_Human_Centauri unit=Trooper kind=move dst=(-1727,114,-130)
[ORDER] commander=ai team=Team_Human_Centauri unit=Assault Car kind=attack tgt=Sol_Light_PlatoonHauler(Clone) (Target)
[ORDER] commander=ai team=Team_Human_Centauri unit=Assault Car kind=attack tgt=Sol_Light_PlatoonHauler(Clone) (Target)
[ORDER] commander=ai team=Team_Human_Centauri unit=Heavy Raider kind=attack tgt=HeavyQuad_Intro(Clone) (Target)
[ORDER] commander=ai team=Team_Human_Centauri unit=Heavy Raider kind=attack tgt=HeavyQuad_Intro(Clone) (Target)
[ORDER] commander=ai team=Team_Human_Centauri unit=Militia kind=attack tgt=Sol_Soldier_Scout(Clone) (Target)
[ORDER] commander=ai team=Team_Human_Centauri unit=Militia kind=attack tgt=Sol_Soldier_Scout(Clone) (Target)
[ORDER] commander=ai team=Team_Human_Centauri unit=Militia kind=attack tgt=Sol_Soldier_Scout(Clone) (Target)
[ORDER] commander=ai team=Team_Human_Centauri unit=Trooper kind=attack tgt=Sol_Soldier_Scout(Clone) (Target)
[H2] team=Team_Human_Centauri fire=Headquarters argmaxCell=(107,185) val=42 atWorld=(-1844,1276) hqCount=2
[AI] [Team_Human_Centauri] tick=48 reqs=3 type={Construct:3} task={} prio(min/avg/max)=10/40.7/62 groups=0
[ORDER] commander=ai team=Team_Human_Centauri unit=Assault Car kind=move dst=(-465,25,-184)
[ORDER] commander=ai team=Team_Human_Centauri unit=Assault Car kind=move dst=(-465,25,-184)
[ORDER] commander=ai team=Team_Alien unit=Squid kind=move dst=(-345,25,-329)
[ORDER] commander=ai team=Team_Alien unit=Squid kind=move dst=(-345,25,-329)
[ORDER] commander=ai team=Team_Alien unit=Squid kind=move dst=(-345,25,-329)
[ORDER] commander=ai team=Team_Alien unit=Squid kind=move dst=(-345,25,-329)
[ORDER] commander=ai team=Team_Alien unit=Hunter kind=move dst=(-393,51,773)
[P32] team=Team_Alien fire=Node towardPatchAt=(534,-706) distToOwned=296m nodesOwned=29 anchorAt=(1470,240)
[P32] team=Team_Alien fire=Node towardPatchAt=(-34,-627) distToOwned=616m nodesOwned=30 anchorAt=(1470,240)
[AI] [Team_Alien] tick=48 reqs=1 type={Construct:1} task={} prio(min/avg/max)=10/10.0/10 groups=0
[ORDER] commander=ai team=Team_Alien unit=Squid kind=move dst=(1537,61,143)
[ORDER] commander=ai team=Team_Alien unit=Squid kind=move dst=(1537,61,143)
[ORDER] commander=ai team=Team_Alien unit=Squid kind=move dst=(1537,61,143)
[ORDER] commander=ai team=Team_Human_Sol unit=Platoon Hauler kind=move dst=(-245,14,-1662)
[ORDER] commander=ai team=Team_Human_Sol unit=Platoon Hauler kind=attack tgt=Cent_Light_AssaultCar(Clone) (Target)
[H2] team=Team_Human_Sol fire=Headquarters argmaxCell=(126,144) val=36 atWorld=(-1084,-364) hqCount=2
[AI] [Team_Human_Sol] tick=48 reqs=2 type={Construct:2} task={} prio(min/avg/max)=7/8.5/10 groups=0
[H2] team=Team_Human_Sol reject=HQ-too-close targetCell=(-1084,-364) landedAt=(-1080,-360) distToExistingHq=510m
[ORDER] commander=ai team=Team_Human_Sol unit=Heavy Quad kind=move dst=(-1043,47,-2)
[ORDER] commander=ai team=Team_Human_Centauri unit=Light Raider kind=move dst=(-593,33,-201)
[ORDER] commander=ai team=Team_Human_Centauri unit=Light Raider kind=move dst=(-593,33,-201)
[ORDER] commander=ai team=Team_Human_Centauri unit=Heavy Raider kind=move dst=(-593,33,-201)
[ORDER] commander=ai team=Team_Alien unit=Squid kind=move dst=(1537,61,143)
[ORDER] commander=ai team=Team_Alien unit=Squid kind=move dst=(1537,61,143)
[ORDER] commander=ai team=Team_Alien unit=Squid kind=move dst=(1537,61,143)
[ORDER] commander=ai team=Team_Human_Centauri unit=Light Raider kind=move dst=(-443,24,-184)
[ORDER] commander=ai team=Team_Human_Centauri unit=Heavy Raider kind=move dst=(-443,24,-184)
[ORDER] commander=ai team=Team_Human_Sol unit=Light Quad kind=move dst=(-971,40,-124)
[ORDER] commander=ai team=Team_Human_Sol unit=Light Quad kind=move dst=(-971,40,-124)
[ORDER] commander=ai team=Team_Human_Sol unit=Heavy Quad kind=move dst=(-971,40,-124)
[ORDER] commander=ai team=Team_Alien unit=Squid kind=move dst=(1537,61,143)
[ORDER] commander=ai team=Team_Alien unit=Squid kind=move dst=(1537,61,143)
[ORDER] commander=ai team=Team_Alien unit=Squid kind=move dst=(1537,61,143)
[ORDER] commander=ai team=Team_Alien unit=Shocker kind=move dst=(-1095,24,-870)
[ORDER] commander=ai team=Team_Alien unit=Shocker kind=move dst=(-1095,24,-870)
[ORDER] commander=ai team=Team_Alien unit=Shocker kind=move dst=(-1095,24,-870)
[ORDER] commander=ai team=Team_Alien unit=Shocker kind=move dst=(-1095,24,-870)
[ORDER] commander=ai team=Team_Human_Centauri unit=Light Raider kind=move dst=(-667,113,1318)
[ORDER] commander=ai team=Team_Human_Centauri unit=Light Raider kind=move dst=(-667,113,1318)
[ORDER] commander=ai team=Team_Human_Centauri unit=Heavy Raider kind=move dst=(-667,113,1318)
[ORDER] commander=ai team=Team_Human_Centauri unit=Squad Transport kind=move dst=(-430,50,1730)
[ORDER] commander=ai team=Team_Human_Centauri unit=Squad Transport kind=move dst=(-1727,114,-130)
[ORDER] commander=ai team=Team_Human_Centauri unit=Light Raider kind=attack tgt=Sol_Light_PlatoonHauler(Clone) (Target)
[ORDER] commander=ai team=Team_Human_Centauri unit=Light Raider kind=attack tgt=Sol_Light_PlatoonHauler(Clone) (Target)
[ORDER] commander=ai team=Team_Human_Centauri unit=Heavy Raider kind=attack tgt=Sol_Light_PlatoonHauler(Clone) (Target)
[ORDER] commander=ai team=Team_Human_Centauri unit=Squad Transport kind=attack tgt=HeavyQuad_Intro(Clone) (Target)
[H2] team=Team_Human_Centauri fire=Headquarters argmaxCell=(107,185) val=42 atWorld=(-1844,1276) hqCount=2
[AI] [Team_Human_Centauri] tick=49 reqs=3 type={Construct:3} task={} prio(min/avg/max)=10/40.7/62 groups=0
[ORDER] commander=ai team=Team_Human_Sol unit=Light Striker kind=stop
[ORDER] commander=ai team=Team_Human_Sol unit=Light Striker kind=move dst=(-1209,20,-919)
[ORDER] commander=ai team=Team_Human_Sol unit=Heavy Quad kind=move dst=(-1209,20,-919)
[P32] team=Team_Alien fire=Cyst phase=starter atBcAt=(1290,280) cystOwned=2/3
[AI] [Team_Alien] tick=49 reqs=1 type={Construct:1} task={} prio(min/avg/max)=10/10.0/10 groups=0
[ORDER] commander=ai team=Team_Alien unit=Squid kind=move dst=(1537,61,143)
[ORDER] commander=ai team=Team_Alien unit=Squid kind=move dst=(1537,61,143)
[ORDER] commander=ai team=Team_Alien unit=Squid kind=move dst=(1537,61,143)
[ORDER] commander=ai team=Team_Human_Sol unit=Platoon Hauler kind=move dst=(-245,14,-1662)
[ORDER] commander=ai team=Team_Human_Sol unit=Platoon Hauler kind=attack tgt=Cent_Light_AssaultCar(Clone) (Target)
[H1] team=Team_Human_Sol fire=Refinery atBalterium=(-1229,-735) refCount=2
[H1] team=Team_Human_Sol fire=Refinery atBalterium=(-1515,-1118) refCount=3
[H2] team=Team_Human_Sol fire=Headquarters argmaxCell=(126,144) val=36 atWorld=(-1084,-364) hqCount=2
[H3] team=Team_Human_Sol fire=Barracks nearHq=(-1095,-870)
[H3] team=Team_Human_Sol fire=Research Facility nearHq=(-1095,-870)
[AI] [Team_Human_Sol] tick=49 reqs=2 type={Construct:2} task={} prio(min/avg/max)=7/8.5/10 groups=0
[H2] team=Team_Human_Sol reject=HQ-too-close targetCell=(-1084,-364) landedAt=(-1080,-360) distToExistingHq=510m
[ORDER] commander=ai team=Team_Alien unit=Squid kind=move dst=(1537,61,143)
[ORDER] commander=ai team=Team_Alien unit=Squid kind=move dst=(1537,61,143)
[ORDER] commander=ai team=Team_Alien unit=Squid kind=move dst=(1537,61,143)
[ORDER] commander=ai team=Team_Human_Centauri unit=Squad Transport kind=move dst=(0,20,0)
[ORDER] commander=ai team=Team_Human_Sol unit=Light Striker kind=move dst=(-1042,46,-1)
[ORDER] commander=ai team=Team_Human_Sol unit=Light Striker kind=move dst=(-1042,46,-1)
[ORDER] commander=ai team=Team_Alien unit=Squid kind=move dst=(1537,61,143)
[ORDER] commander=ai team=Team_Alien unit=Squid kind=move dst=(1537,61,143)
[ORDER] commander=ai team=Team_Alien unit=Squid kind=move dst=(1537,61,143)
[ORDER] commander=ai team=Team_Human_Sol unit=Rifleman kind=move dst=(-954,40,-174)
[ORDER] commander=ai team=Team_Alien unit=Crab kind=move dst=(-1095,24,-870)
[ORDER] commander=ai team=Team_Alien unit=Shocker kind=move dst=(-1095,24,-870)
[ORDER] commander=ai team=Team_Human_Centauri unit=Squad Transport kind=move dst=(-667,113,1318)
[ORDER] commander=ai team=Team_Human_Centauri unit=Light Raider kind=move dst=(-430,50,1730)
[ORDER] commander=ai team=Team_Human_Centauri unit=Light Raider kind=move dst=(-430,50,1730)
[ORDER] commander=ai team=Team_Human_Centauri unit=Heavy Raider kind=move dst=(-430,50,1730)
[ORDER] commander=ai team=Team_Human_Centauri unit=Squad Transport kind=move dst=(-1727,114,-130)
[ORDER] commander=ai team=Team_Human_Centauri unit=Assault Car kind=attack tgt=Sol_Headquarters(Clone) (Target)
[ORDER] commander=ai team=Team_Human_Centauri unit=Assault Car kind=attack tgt=Sol_Headquarters(Clone) (Target)
[ORDER] commander=ai team=Team_Human_Centauri unit=Light Raider kind=attack tgt=Sol_Light_PlatoonHauler(Clone) (Target)
[ORDER] commander=ai team=Team_Human_Centauri unit=Light Raider kind=attack tgt=Sol_Light_PlatoonHauler(Clone) (Target)
[ORDER] commander=ai team=Team_Human_Centauri unit=Heavy Raider kind=attack tgt=Sol_Light_PlatoonHauler(Clone) (Target)
[ORDER] commander=ai team=Team_Human_Centauri unit=Squad Transport kind=attack tgt=HeavyQuad_Intro(Clone) (Target)
[ORDER] commander=ai team=Team_Human_Centauri unit=Squad Transport kind=attack tgt=Sol_Headquarters(Clone) (Target)
[H2] team=Team_Human_Centauri fire=Headquarters argmaxCell=(146,152) val=60 atWorld=(-284,-44) hqCount=2
[AI] [Team_Human_Centauri] tick=50 reqs=3 type={Construct:3} task={} prio(min/avg/max)=10/40.7/62 groups=0
[ORDER] commander=ai team=Team_Human_Centauri unit=Assault Car kind=move dst=(-1095,24,-870)
[ORDER] commander=ai team=Team_Human_Centauri unit=Assault Car kind=move dst=(-1095,24,-870)
[AI] [Team_Alien] tick=50 reqs=1 type={Construct:1} task={} prio(min/avg/max)=10/10.0/10 groups=0
[ORDER] commander=ai team=Team_Alien unit=Squid kind=move dst=(1537,61,143)
[ORDER] commander=ai team=Team_Alien unit=Squid kind=move dst=(1537,61,143)
[ORDER] commander=ai team=Team_Alien unit=Squid kind=move dst=(1537,61,143)
[ORDER] commander=ai team=Team_Human_Centauri unit=Squad Transport kind=move dst=(-1095,24,-870)
[ORDER] commander=ai team=Team_Human_Sol unit=Heavy Quad kind=move dst=(-245,14,-1662)
[ORDER] commander=ai team=Team_Human_Sol unit=Light Striker kind=move dst=(-245,14,-1662)
[ORDER] commander=ai team=Team_Human_Sol unit=Platoon Hauler kind=attack tgt=Cent_Light_AssaultCar(Clone) (Target)
[H2] team=Team_Human_Sol fire=Headquarters argmaxCell=(126,144) val=36 atWorld=(-1084,-364) hqCount=2
[AI] [Team_Human_Sol] tick=50 reqs=2 type={Construct:2} task={} prio(min/avg/max)=7/8.5/10 groups=0
[H2] team=Team_Human_Sol reject=HQ-too-close targetCell=(-1084,-364) landedAt=(-1080,-360) distToExistingHq=510m
[ORDER] commander=ai team=Team_Human_Sol unit=Platoon Hauler kind=move dst=(-946,40,-190)
[ORDER] commander=ai team=Team_Alien unit=Squid kind=move dst=(1537,61,143)
[ORDER] commander=ai team=Team_Alien unit=Squid kind=move dst=(1537,61,143)
[ORDER] commander=ai team=Team_Alien unit=Squid kind=move dst=(1537,61,143)
[ORDER] commander=ai team=Team_Human_Centauri unit=Squad Transport kind=move dst=(0,20,0)
[SPAWN_S] team=Team_Alien structure=Node at=(580,5)
[SPAWN_S] team=Team_Alien structure=Node at=(1065,-510)
[ORDER] commander=ai team=Team_Human_Sol unit=Heavy Quad kind=move dst=(-1032,45,-24)
[ORDER] commander=ai team=Team_Human_Centauri unit=Light Raider kind=move dst=(-706,38,609)
[ORDER] commander=ai team=Team_Human_Centauri unit=Light Raider kind=move dst=(-706,38,609)
[ORDER] commander=ai team=Team_Human_Centauri unit=Heavy Raider kind=stop
[ORDER] commander=ai team=Team_Alien unit=Squid kind=move dst=(1537,61,143)
[ORDER] commander=ai team=Team_Alien unit=Squid kind=move dst=(1537,61,143)
[ORDER] commander=ai team=Team_Alien unit=Squid kind=move dst=(1537,61,143)
[ORDER] commander=ai team=Team_Human_Centauri unit=Light Raider kind=move dst=(-610,48,739)
[ORDER] commander=ai team=Team_Human_Centauri unit=Light Raider kind=move dst=(-610,48,739)
[ORDER] commander=ai team=Team_Human_Centauri unit=Heavy Raider kind=stop
[ORDER] commander=ai team=Team_Human_Centauri unit=Squad Transport kind=move dst=(0,20,0)
[ORDER] commander=ai team=Team_Human_Centauri unit=Light Raider kind=move dst=(-667,113,1318)
[ORDER] commander=ai team=Team_Human_Centauri unit=Light Raider kind=move dst=(-667,113,1318)
[ORDER] commander=ai team=Team_Human_Centauri unit=Heavy Raider kind=move dst=(-667,113,1318)
[ORDER] commander=ai team=Team_Human_Centauri unit=Squad Transport kind=move dst=(-430,50,1730)
[ORDER] commander=ai team=Team_Human_Centauri unit=Squad Transport kind=move dst=(-1727,114,-130)
[ORDER] commander=ai team=Team_Human_Centauri unit=Squad Transport kind=attack tgt=Sol_Light_PlatoonHauler(Clone) (Target)
[ORDER] commander=ai team=Team_Human_Centauri unit=Light Raider kind=attack tgt=HeavyQuad_Intro(Clone) (Target)
[ORDER] commander=ai team=Team_Human_Centauri unit=Light Raider kind=attack tgt=HeavyQuad_Intro(Clone) (Target)
[ORDER] commander=ai team=Team_Human_Centauri unit=Heavy Raider kind=attack tgt=HeavyQuad_Intro(Clone) (Target)
[ORDER] commander=ai team=Team_Human_Centauri unit=Squad Transport kind=attack tgt=Sol_Headquarters(Clone) (Target)
[H2] team=Team_Human_Centauri fire=Headquarters argmaxCell=(146,152) val=60 atWorld=(-284,-44) hqCount=2
[AI] [Team_Human_Centauri] tick=51 reqs=3 type={Construct:3} task={} prio(min/avg/max)=10/40.7/62 groups=0
[AI] [Team_Alien] tick=51 reqs=1 type={Construct:1} task={} prio(min/avg/max)=10/10.0/10 groups=0
[ORDER] commander=ai team=Team_Alien unit=Squid kind=move dst=(1537,61,143)
[ORDER] commander=ai team=Team_Alien unit=Squid kind=move dst=(1537,61,143)
[ORDER] commander=ai team=Team_Alien unit=Squid kind=move dst=(1537,61,143)
[ORDER] commander=ai team=Team_Alien unit=Crab kind=move dst=(790,35,-953)
[ORDER] commander=ai team=Team_Human_Centauri unit=Light Raider kind=move dst=(-610,47,737)
[ORDER] commander=ai team=Team_Human_Centauri unit=Light Raider kind=move dst=(-610,47,737)
[ORDER] commander=ai team=Team_Human_Centauri unit=Heavy Raider kind=stop
[ORDER] commander=ai team=Team_Human_Sol unit=Platoon Hauler kind=move dst=(-430,35,-1750)
[ORDER] commander=ai team=Team_Human_Sol unit=Platoon Hauler kind=attack tgt=Cent_Light_AssaultCar(Clone) (Target)
[H1] team=Team_Human_Sol fire=Refinery atBalterium=(-1229,-735) refCount=2
[H1] team=Team_Human_Sol fire=Refinery atBalterium=(-1515,-1118) refCount=3
[H2] team=Team_Human_Sol fire=Headquarters argmaxCell=(126,144) val=36 atWorld=(-1084,-364) hqCount=2
[H3] team=Team_Human_Sol fire=Barracks nearHq=(-1095,-870)
[H3] team=Team_Human_Sol fire=Research Facility nearHq=(-1095,-870)
[AI] [Team_Human_Sol] tick=51 reqs=2 type={Construct:2} task={} prio(min/avg/max)=7/8.5/10 groups=0
[ORDER] commander=ai team=Team_Human_Centauri unit=Squad Transport kind=move dst=(0,20,0)
[H2] team=Team_Human_Sol reject=HQ-too-close targetCell=(-1084,-364) landedAt=(-1065,-375) distToExistingHq=496m
[SPAWN_S] team=Team_Alien structure=Node at=(1000,750)
[SPAWN_S] team=Team_Alien structure=Node at=(765,610)
[ORDER] commander=ai team=Team_Alien unit=Squid kind=move dst=(1537,61,143)
[ORDER] commander=ai team=Team_Alien unit=Squid kind=move dst=(1537,61,143)
[ORDER] commander=ai team=Team_Alien unit=Squid kind=move dst=(1537,61,143)
[ORDER] commander=ai team=Team_Human_Centauri unit=Squad Transport kind=move dst=(0,20,0)
[ORDER] commander=ai team=Team_Human_Sol unit=Light Striker kind=stop
[ORDER] commander=ai team=Team_Human_Sol unit=Light Striker kind=move dst=(-1184,20,-865)
[ORDER] commander=ai team=Team_Human_Sol unit=Heavy Quad kind=move dst=(-1184,20,-865)
[ORDER] commander=ai team=Team_Alien unit=Squid kind=move dst=(1537,61,143)
[ORDER] commander=ai team=Team_Alien unit=Squid kind=move dst=(1537,61,143)
[ORDER] commander=ai team=Team_Alien unit=Squid kind=move dst=(1537,61,143)
[ORDER] commander=ai team=Team_Human_Centauri unit=Squad Transport kind=move dst=(0,20,0)
[ORDER] commander=ai team=Team_Human_Centauri unit=Light Raider kind=move dst=(-667,113,1318)
[ORDER] commander=ai team=Team_Human_Centauri unit=Light Raider kind=move dst=(-667,113,1318)
[ORDER] commander=ai team=Team_Human_Centauri unit=Heavy Raider kind=move dst=(-667,113,1318)
[ORDER] commander=ai team=Team_Human_Centauri unit=Squad Transport kind=move dst=(-430,50,1730)
[ORDER] commander=ai team=Team_Human_Centauri unit=Squad Transport kind=move dst=(-1727,114,-130)
[ORDER] commander=ai team=Team_Human_Centauri unit=Squad Transport kind=attack tgt=HeavyQuad_Intro(Clone) (Target)
[ORDER] commander=ai team=Team_Human_Centauri unit=Light Raider kind=attack tgt=Sol_Headquarters(Clone) (Target)
[ORDER] commander=ai team=Team_Human_Centauri unit=Light Raider kind=attack tgt=Sol_Headquarters(Clone) (Target)
[ORDER] commander=ai team=Team_Human_Centauri unit=Heavy Raider kind=attack tgt=Sol_Headquarters(Clone) (Target)
[H2] team=Team_Human_Centauri fire=Headquarters argmaxCell=(146,152) val=60 atWorld=(-284,-44) hqCount=2
[AI] [Team_Human_Centauri] tick=52 reqs=3 type={Construct:3} task={} prio(min/avg/max)=10/40.7/62 groups=0
[AI] [Team_Alien] tick=52 reqs=1 type={Construct:1} task={} prio(min/avg/max)=10/10.0/10 groups=0
[ORDER] commander=ai team=Team_Alien unit=Squid kind=move dst=(1537,61,143)
[ORDER] commander=ai team=Team_Alien unit=Squid kind=move dst=(1537,61,143)
[ORDER] commander=ai team=Team_Alien unit=Squid kind=move dst=(1537,61,143)
[ORDER] commander=ai team=Team_Human_Sol unit=Scout kind=move dst=(-907,39,-266)
[ORDER] commander=ai team=Team_Human_Sol unit=Scout kind=move dst=(-907,39,-266)
[ORDER] commander=ai team=Team_Human_Centauri unit=Light Raider kind=move dst=(-610,47,737)
[ORDER] commander=ai team=Team_Human_Centauri unit=Light Raider kind=move dst=(-610,47,737)
[ORDER] commander=ai team=Team_Human_Centauri unit=Heavy Raider kind=stop
[ORDER] commander=ai team=Team_Human_Sol unit=Platoon Hauler kind=move dst=(-430,35,-1750)
[ORDER] commander=ai team=Team_Human_Sol unit=Scout kind=attack tgt=Cent_Light_SquadTransport(Clone) (Target)
[ORDER] commander=ai team=Team_Human_Sol unit=Scout kind=attack tgt=Cent_Light_SquadTransport(Clone) (Target)
[ORDER] commander=ai team=Team_Human_Sol unit=Scout kind=attack tgt=Cent_Light_SquadTransport(Clone) (Target)
[ORDER] commander=ai team=Team_Human_Sol unit=Rifleman kind=attack tgt=Cent_Light_SquadTransport(Clone) (Target)
[ORDER] commander=ai team=Team_Human_Sol unit=Platoon Hauler kind=attack tgt=Cent_Light_AssaultCar(Clone) (Target)
[H2] team=Team_Human_Sol fire=Headquarters argmaxCell=(148,153) val=62 atWorld=(-204,-4) hqCount=2
[AI] [Team_Human_Sol] tick=52 reqs=2 type={Construct:2} task={} prio(min/avg/max)=7/8.5/10 groups=0
[ORDER] commander=ai team=Team_Human_Centauri unit=Squad Transport kind=move dst=(0,20,0)
[ORDER] commander=ai team=Team_Human_Sol unit=Light Striker kind=move dst=(-1003,43,-67)
[ORDER] commander=ai team=Team_Human_Sol unit=Light Striker kind=move dst=(-1003,43,-67)
[ORDER] commander=ai team=Team_Alien unit=Squid kind=move dst=(1537,61,143)
[ORDER] commander=ai team=Team_Alien unit=Squid kind=move dst=(1537,61,143)
[ORDER] commander=ai team=Team_Alien unit=Squid kind=move dst=(1537,61,143)
[ORDER] commander=ai team=Team_Human_Sol unit=Scout kind=move dst=(-901,38,-279)
[ORDER] commander=ai team=Team_Human_Centauri unit=Squad Transport kind=move dst=(0,20,0)
[ORDER] commander=ai team=Team_Human_Centauri unit=Light Raider kind=move dst=(-696,35,607)
[ORDER] commander=ai team=Team_Human_Centauri unit=Light Raider kind=move dst=(-696,35,607)
[ORDER] commander=ai team=Team_Alien unit=Squid kind=move dst=(1537,61,143)
[ORDER] commander=ai team=Team_Alien unit=Squid kind=move dst=(1537,61,143)
[ORDER] commander=ai team=Team_Alien unit=Squid kind=move dst=(1537,61,143)
[ORDER] commander=ai team=Team_Alien unit=Shocker kind=move dst=(0,0,0)
[ORDER] commander=ai team=Team_Alien unit=Shocker kind=move dst=(0,0,0)
[ORDER] commander=ai team=Team_Human_Centauri unit=Squad Transport kind=move dst=(0,20,0)
[ORDER] commander=ai team=Team_Human_Centauri unit=Light Raider kind=move dst=(-667,113,1318)
[ORDER] commander=ai team=Team_Human_Centauri unit=Light Raider kind=move dst=(-667,113,1318)
[ORDER] commander=ai team=Team_Human_Centauri unit=Heavy Raider kind=move dst=(-667,113,1318)
[ORDER] commander=ai team=Team_Human_Centauri unit=Squad Transport kind=move dst=(-1727,114,-130)
[ORDER] commander=ai team=Team_Human_Centauri unit=Heavy Raider kind=attack tgt=Sol_Light_PlatoonHauler(Clone) (Target)
[ORDER] commander=ai team=Team_Human_Centauri unit=Heavy Raider kind=attack tgt=Sol_Light_PlatoonHauler(Clone) (Target)
[ORDER] commander=ai team=Team_Human_Centauri unit=Squad Transport kind=attack tgt=Sol_Light_PlatoonHauler(Clone) (Target)
[ORDER] commander=ai team=Team_Human_Centauri unit=Light Raider kind=attack tgt=Sol_Headquarters(Clone) (Target)
[ORDER] commander=ai team=Team_Human_Centauri unit=Light Raider kind=attack tgt=Sol_Headquarters(Clone) (Target)
[ORDER] commander=ai team=Team_Human_Centauri unit=Heavy Raider kind=attack tgt=Sol_Headquarters(Clone) (Target)
[ORDER] commander=ai team=Team_Human_Centauri unit=Squad Transport kind=attack tgt=Sol_Light_PlatoonHauler(Clone) (Target)
[H2] team=Team_Human_Centauri fire=Headquarters argmaxCell=(146,152) val=60 atWorld=(-284,-44) hqCount=2
[AI] [Team_Human_Centauri] tick=53 reqs=3 type={Construct:3} task={} prio(min/avg/max)=10/40.7/62 groups=0
[ORDER] commander=ai team=Team_Human_Sol unit=Heavy Quad kind=move dst=(-988,43,-105)
[ORDER] commander=ai team=Team_Alien unit=Shocker kind=attack tgt=SpecialContainer_Short_01_Small(Clone) (Target)
[ORDER] commander=ai team=Team_Alien unit=Shocker kind=attack tgt=SpecialContainer_Short_01_Small(Clone) (Target)
[ORDER] commander=ai team=Team_Alien unit=Shocker kind=attack tgt=SpecialContainer_Short_01_Small(Clone) (Target)
[ORDER] commander=ai team=Team_Alien unit=Crab kind=attack tgt=SpecialContainer_Short_01_Small(Clone) (Target)
[AI] [Team_Alien] tick=53 reqs=1 type={Construct:1} task={} prio(min/avg/max)=10/10.0/10 groups=0
[ORDER] commander=ai team=Team_Human_Centauri unit=Light Raider kind=move dst=(-696,35,607)
[ORDER] commander=ai team=Team_Human_Centauri unit=Light Raider kind=move dst=(-696,35,607)
[ORDER] commander=ai team=Team_Alien unit=Squid kind=move dst=(1537,61,143)
[ORDER] commander=ai team=Team_Alien unit=Squid kind=move dst=(1537,61,143)
[ORDER] commander=ai team=Team_Alien unit=Squid kind=move dst=(1537,61,143)
[ORDER] commander=ai team=Team_Human_Sol unit=Platoon Hauler kind=move dst=(-430,35,-1750)
[ORDER] commander=ai team=Team_Human_Sol unit=Platoon Hauler kind=attack tgt=Cent_Light_AssaultCar(Clone) (Target)
[H1] team=Team_Human_Sol fire=Refinery atBalterium=(-1229,-735) refCount=2
[H1] team=Team_Human_Sol fire=Refinery atBalterium=(-1515,-1118) refCount=3
[H2] team=Team_Human_Sol fire=Headquarters argmaxCell=(147,141) val=46 atWorld=(-244,-484) hqCount=2
[H3] team=Team_Human_Sol fire=Barracks nearHq=(-1095,-870)
[H3] team=Team_Human_Sol fire=Research Facility nearHq=(-1095,-870)
[AI] [Team_Human_Sol] tick=53 reqs=2 type={Construct:2} task={} prio(min/avg/max)=7/8.5/10 groups=0
[ORDER] commander=ai team=Team_Human_Sol unit=Platoon Hauler kind=move dst=(-984,42,-117)
[ORDER] commander=ai team=Team_Human_Sol unit=Platoon Hauler kind=move dst=(-888,39,-305)
[ORDER] commander=ai team=Team_Human_Centauri unit=Heavy Raider kind=stop
[ORDER] commander=ai team=Team_Alien unit=Squid kind=move dst=(1537,61,143)
[ORDER] commander=ai team=Team_Alien unit=Squid kind=move dst=(1537,61,143)
[ORDER] commander=ai team=Team_Alien unit=Squid kind=move dst=(1537,61,143)
[ORDER] commander=ai team=Team_Human_Sol unit=Light Quad kind=move dst=(-581,36,-318)
[ORDER] commander=ai team=Team_Human_Sol unit=Light Quad kind=move dst=(-581,36,-318)
[ORDER] commander=ai team=Team_Human_Sol unit=Heavy Quad kind=stop
[ORDER] commander=ai team=Team_Alien unit=Squid kind=move dst=(1537,61,143)
[ORDER] commander=ai team=Team_Alien unit=Squid kind=move dst=(1537,61,143)
[ORDER] commander=ai team=Team_Alien unit=Squid kind=move dst=(1537,61,143)
[SPAWN_S] team=Team_Alien structure=Lesser Spawning Cyst at=(1380,385)
[ORDER] commander=ai team=Team_Human_Centauri unit=Light Raider kind=move dst=(-1095,24,-870)
[ORDER] commander=ai team=Team_Human_Centauri unit=Heavy Raider kind=move dst=(-1095,24,-870)
[SPAWN_S] team=Team_Alien structure=Lesser Spawning Cyst at=(1600,300)
[ORDER] commander=ai team=Team_Human_Centauri unit=Light Raider kind=move dst=(-667,113,1318)
[ORDER] commander=ai team=Team_Human_Centauri unit=Light Raider kind=move dst=(-667,113,1318)
[ORDER] commander=ai team=Team_Human_Centauri unit=Heavy Raider kind=move dst=(-667,113,1318)
[ORDER] commander=ai team=Team_Human_Centauri unit=Light Raider kind=move dst=(-430,50,1730)
[ORDER] commander=ai team=Team_Human_Centauri unit=Light Raider kind=move dst=(-430,50,1730)
[ORDER] commander=ai team=Team_Human_Centauri unit=Heavy Raider kind=move dst=(-430,50,1730)
[ORDER] commander=ai team=Team_Human_Centauri unit=Light Raider kind=attack tgt=Sol_Headquarters(Clone) (Target)
[ORDER] commander=ai team=Team_Human_Centauri unit=Light Raider kind=attack tgt=Sol_Headquarters(Clone) (Target)
[ORDER] commander=ai team=Team_Human_Centauri unit=Heavy Raider kind=attack tgt=Sol_Headquarters(Clone) (Target)
[ORDER] commander=ai team=Team_Human_Centauri unit=Light Raider kind=attack tgt=Sol_Light_PlatoonHauler(Clone) (Target)
[ORDER] commander=ai team=Team_Human_Centauri unit=Light Raider kind=attack tgt=Sol_Light_PlatoonHauler(Clone) (Target)
[ORDER] commander=ai team=Team_Human_Centauri unit=Heavy Raider kind=attack tgt=Sol_Light_PlatoonHauler(Clone) (Target)
[H2] team=Team_Human_Centauri fire=Headquarters argmaxCell=(146,152) val=60 atWorld=(-284,-44) hqCount=2
[AI] [Team_Human_Centauri] tick=54 reqs=3 type={Construct:3} task={} prio(min/avg/max)=10/40.7/62 groups=0
[ORDER] commander=ai team=Team_Human_Sol unit=Light Striker kind=stop
[ORDER] commander=ai team=Team_Human_Sol unit=Light Striker kind=move dst=(-1163,21,-813)
[ORDER] commander=ai team=Team_Human_Sol unit=Heavy Quad kind=move dst=(-1163,21,-813)
[ORDER] commander=ai team=Team_Human_Sol unit=Platoon Hauler kind=move dst=(-967,41,-171)
[P31] team=Team_Alien preset=Harvest stock=Shrimp ours=Shrimp agree=True rationale=biotic cap (have 9/70)
[ORDER] commander=ai team=Team_Alien unit=Shocker kind=attack tgt=Cent_Light_SquadTransport(Clone) (Target)
[ORDER] commander=ai team=Team_Alien unit=Shocker kind=attack tgt=Cent_Light_SquadTransport(Clone) (Target)
[ORDER] commander=ai team=Team_Alien unit=Shocker kind=attack tgt=Cent_Light_SquadTransport(Clone) (Target)
[ORDER] commander=ai team=Team_Alien unit=Crab kind=attack tgt=Cent_Light_SquadTransport(Clone) (Target)
[ORDER] commander=ai team=Team_Alien unit=Queen kind=attack tgt=SpecialContainer_Short_01_Small(Clone) (Target)
[AI] [Team_Alien] tick=54 reqs=4 type={Construct:4} task={} prio(min/avg/max)=10/45.5/81 groups=0
[ORDER] commander=ai team=Team_Human_Centauri unit=Light Raider kind=move dst=(-695,35,606)
[ORDER] commander=ai team=Team_Human_Centauri unit=Light Raider kind=move dst=(-695,35,606)
[ORDER] commander=ai team=Team_Alien unit=Squid kind=move dst=(1537,61,143)
[ORDER] commander=ai team=Team_Alien unit=Squid kind=move dst=(1537,61,143)
[ORDER] commander=ai team=Team_Alien unit=Squid kind=move dst=(1537,61,143)
[ORDER] commander=ai team=Team_Human_Sol unit=Platoon Hauler kind=move dst=(-430,35,-1750)
[ORDER] commander=ai team=Team_Human_Sol unit=Platoon Hauler kind=attack tgt=Squid(Clone) (Target)
[ORDER] commander=ai team=Team_Human_Sol unit=Platoon Hauler kind=attack tgt=Cent_Light_AssaultCar(Clone) (Target)
[ORDER] commander=ai team=Team_Human_Sol unit=Rifleman kind=attack tgt=Squid(Clone) (Target)
[H2] team=Team_Human_Sol fire=Headquarters argmaxCell=(147,141) val=46 atWorld=(-244,-484) hqCount=2
[AI] [Team_Human_Sol] tick=54 reqs=2 type={Construct:2} task={} prio(min/avg/max)=7/8.5/10 groups=0
[ORDER] commander=ai team=Team_Human_Sol unit=Platoon Hauler kind=move dst=(-871,41,-336)
[ORDER] commander=ai team=Team_Alien unit=Queen kind=move dst=(-118,29,-265)
[ORDER] commander=ai team=Team_Human_Centauri unit=Assault Car kind=move dst=(-146,29,-175)
[ORDER] commander=ai team=Team_Human_Centauri unit=Light Raider kind=move dst=(-1007,43,-280)
[ORDER] commander=ai team=Team_Alien unit=Squid kind=move dst=(1537,61,143)
[ORDER] commander=ai team=Team_Alien unit=Squid kind=move dst=(1537,61,143)
[ORDER] commander=ai team=Team_Alien unit=Squid kind=move dst=(1537,61,143)
[ORDER] commander=ai team=Team_Human_Sol unit=Platoon Hauler kind=move dst=(-957,40,-203)
[ORDER] commander=ai team=Team_Human_Sol unit=Light Striker kind=move dst=(-955,40,-212)
[ORDER] commander=ai team=Team_Human_Sol unit=Light Striker kind=move dst=(-955,40,-212)
[ORDER] commander=ai team=Team_Alien unit=Squid kind=move dst=(1537,61,143)
[ORDER] commander=ai team=Team_Alien unit=Squid kind=move dst=(1537,61,143)
[ORDER] commander=ai team=Team_Alien unit=Squid kind=move dst=(1537,61,143)
[ORDER] commander=ai team=Team_Alien unit=Crab kind=move dst=(395,22,-584)
[ORDER] commander=ai team=Team_Alien unit=Shocker kind=stop
[ORDER] commander=ai team=Team_Alien unit=Shocker kind=move dst=(395,22,-584)
[ORDER] commander=ai team=Team_Alien unit=Shocker kind=move dst=(395,22,-584)
[ORDER] commander=ai team=Team_Human_Centauri unit=Light Raider kind=move dst=(-667,113,1318)
[ORDER] commander=ai team=Team_Human_Centauri unit=Light Raider kind=move dst=(-667,113,1318)
[ORDER] commander=ai team=Team_Human_Centauri unit=Heavy Raider kind=move dst=(-667,113,1318)
[ORDER] commander=ai team=Team_Human_Centauri unit=Light Raider kind=move dst=(-430,50,1730)
[ORDER] commander=ai team=Team_Human_Centauri unit=Light Raider kind=move dst=(-430,50,1730)
[ORDER] commander=ai team=Team_Human_Centauri unit=Heavy Raider kind=move dst=(-430,50,1730)
[ORDER] commander=ai team=Team_Human_Centauri unit=Light Raider kind=attack tgt=Sol_Headquarters(Clone) (Target)
[ORDER] commander=ai team=Team_Human_Centauri unit=Light Raider kind=attack tgt=Sol_Headquarters(Clone) (Target)
[ORDER] commander=ai team=Team_Human_Centauri unit=Heavy Raider kind=attack tgt=Sol_Headquarters(Clone) (Target)
[ORDER] commander=ai team=Team_Human_Centauri unit=Light Raider kind=attack tgt=Sol_Light_PlatoonHauler(Clone) (Target)
[ORDER] commander=ai team=Team_Human_Centauri unit=Light Raider kind=attack tgt=Sol_Light_PlatoonHauler(Clone) (Target)
[ORDER] commander=ai team=Team_Human_Centauri unit=Heavy Raider kind=attack tgt=Sol_Light_PlatoonHauler(Clone) (Target)
[H2] team=Team_Human_Centauri fire=Headquarters argmaxCell=(146,152) val=60 atWorld=(-284,-44) hqCount=2
[AI] [Team_Human_Centauri] tick=55 reqs=3 type={Construct:3} task={} prio(min/avg/max)=10/40.7/62 groups=0
[P31] team=Team_Alien preset=Harvest stock=Shrimp ours=Shrimp agree=True rationale=biotic cap (have 9/70)
[ORDER] commander=ai team=Team_Alien unit=Crab kind=attack tgt=Sol_Light_LightStriker(Clone) (Target)
[ORDER] commander=ai team=Team_Alien unit=Horned Crab kind=attack tgt=Sol_Light_LightStriker(Clone) (Target)
[ORDER] commander=ai team=Team_Alien unit=Horned Crab kind=attack tgt=Sol_Light_LightStriker(Clone) (Target)
[ORDER] commander=ai team=Team_Alien unit=Shocker kind=attack tgt=Sol_Light_LightStriker(Clone) (Target)
[ORDER] commander=ai team=Team_Alien unit=Hunter kind=attack tgt=Sol_Soldier_Rifleman(Clone) (Target)
[ORDER] commander=ai team=Team_Alien unit=Hunter kind=attack tgt=Sol_Soldier_Rifleman(Clone) (Target)
[ORDER] commander=ai team=Team_Alien unit=Wasp kind=attack tgt=Cent_Light_SquadTransport(Clone) (Target)
[ORDER] commander=ai team=Team_Alien unit=Squid kind=attack tgt=Cent_Light_SquadTransport(Clone) (Target)
[ORDER] commander=ai team=Team_Alien unit=Squid kind=attack tgt=Cent_Light_SquadTransport(Clone) (Target)
[ORDER] commander=ai team=Team_Alien unit=Squid kind=attack tgt=Cent_Light_SquadTransport(Clone) (Target)
[ORDER] commander=ai team=Team_Alien unit=Hunter kind=attack tgt=Sol_Light_LightStriker(Clone) (Target)
[ORDER] commander=ai team=Team_Alien unit=Hunter kind=attack tgt=Cent_Light_SquadTransport(Clone) (Target)
[AI] [Team_Alien] tick=55 reqs=4 type={Construct:4} task={} prio(min/avg/max)=10/45.5/81 groups=0
[ORDER] commander=ai team=Team_Alien unit=Hunter kind=move dst=(-547,30,-224)
[ORDER] commander=ai team=Team_Human_Centauri unit=Light Raider kind=move dst=(-989,43,-255)
[ORDER] commander=ai team=Team_Human_Centauri unit=Light Raider kind=move dst=(-989,43,-255)
[ORDER] commander=ai team=Team_Human_Centauri unit=Heavy Raider kind=move dst=(-989,43,-255)
[ORDER] commander=ai team=Team_Alien unit=Wasp kind=stop
[ORDER] commander=ai team=Team_Alien unit=Squid kind=move dst=(1537,61,143)
[ORDER] commander=ai team=Team_Alien unit=Squid kind=move dst=(1537,61,143)
[ORDER] commander=ai team=Team_Alien unit=Squid kind=move dst=(1537,61,143)
[ORDER] commander=ai team=Team_Alien unit=Shocker kind=move dst=(-1095,24,-870)
[ORDER] commander=ai team=Team_Alien unit=Shocker kind=move dst=(-1095,24,-870)
[ORDER] commander=ai team=Team_Human_Sol unit=Rifleman kind=move dst=(-1727,114,-130)
[ORDER] commander=ai team=Team_Human_Sol unit=Platoon Hauler kind=move dst=(-430,35,-1750)
[ORDER] commander=ai team=Team_Human_Sol unit=Platoon Hauler kind=attack tgt=Cent_Light_AssaultCar(Clone) (Target)
[ORDER] commander=ai team=Team_Human_Sol unit=Rifleman kind=attack tgt=Squid(Clone) (Target)
[H1] team=Team_Human_Sol fire=Refinery atBalterium=(-1229,-735) refCount=2
[H1] team=Team_Human_Sol fire=Refinery atBalterium=(-1515,-1118) refCount=3
[H2] team=Team_Human_Sol fire=Headquarters argmaxCell=(147,141) val=46 atWorld=(-244,-484) hqCount=2
[H3] team=Team_Human_Sol fire=Barracks nearHq=(-1095,-870)
[H3] team=Team_Human_Sol fire=Research Facility nearHq=(-1095,-870)
[AI] [Team_Human_Sol] tick=55 reqs=2 type={Construct:2} task={} prio(min/avg/max)=7/8.5/10 groups=0
[ORDER] commander=ai team=Team_Human_Sol unit=Platoon Hauler kind=move dst=(-946,40,-241)
[ORDER] commander=ai team=Team_Human_Sol unit=Platoon Hauler kind=move dst=(-856,43,-346)
[ORDER] commander=ai team=Team_Human_Sol unit=Heavy Quad kind=move dst=(-944,40,-248)
[ORDER] commander=ai team=Team_Alien unit=Squid kind=move dst=(1537,61,143)
[ORDER] commander=ai team=Team_Alien unit=Squid kind=move dst=(1537,61,143)
[ORDER] commander=ai team=Team_Alien unit=Squid kind=move dst=(1537,61,143)
[ORDER] commander=ai team=Team_Human_Sol unit=Scout kind=move dst=(-869,35,-188)
[ORDER] commander=ai team=Team_Human_Sol unit=Scout kind=move dst=(-869,35,-188)
[ORDER] commander=ai team=Team_Human_Sol unit=Platoon Hauler kind=move dst=(-939,39,-259)
[ORDER] commander=ai team=Team_Alien unit=Squid kind=move dst=(-345,25,-329)
[ORDER] commander=ai team=Team_Alien unit=Squid kind=move dst=(-345,25,-329)
[ORDER] commander=ai team=Team_Human_Sol unit=Platoon Hauler kind=move dst=(-936,39,-268)
[ORDER] commander=ai team=Team_Alien unit=Squid kind=move dst=(1537,61,143)
[ORDER] commander=ai team=Team_Alien unit=Squid kind=move dst=(1537,61,143)
[ORDER] commander=ai team=Team_Alien unit=Squid kind=move dst=(1537,61,143)
[ORDER] commander=ai team=Team_Human_Sol unit=Scout kind=move dst=(-869,35,-214)
[ORDER] commander=ai team=Team_Human_Sol unit=Light Quad kind=move dst=(-844,43,-337)
[ORDER] commander=ai team=Team_Human_Sol unit=Light Quad kind=move dst=(-844,43,-337)
[ORDER] commander=ai team=Team_Human_Sol unit=Heavy Quad kind=move dst=(-844,43,-337)
[ORDER] commander=ai team=Team_Human_Centauri unit=Light Raider kind=move dst=(-667,113,1318)
[ORDER] commander=ai team=Team_Human_Centauri unit=Light Raider kind=move dst=(-667,113,1318)
[ORDER] commander=ai team=Team_Human_Centauri unit=Heavy Raider kind=move dst=(-667,113,1318)
[ORDER] commander=ai team=Team_Human_Centauri unit=Light Raider kind=move dst=(-430,50,1730)
[ORDER] commander=ai team=Team_Human_Centauri unit=Light Raider kind=move dst=(-430,50,1730)
[ORDER] commander=ai team=Team_Human_Centauri unit=Heavy Raider kind=move dst=(-430,50,1730)
[ORDER] commander=ai team=Team_Human_Centauri unit=Militia kind=attack tgt=Sol_Soldier_Scout(Clone) (Target)
[ORDER] commander=ai team=Team_Human_Centauri unit=Militia kind=attack tgt=Sol_Soldier_Scout(Clone) (Target)
[ORDER] commander=ai team=Team_Human_Centauri unit=Militia kind=attack tgt=Sol_Soldier_Scout(Clone) (Target)
[ORDER] commander=ai team=Team_Human_Centauri unit=Trooper kind=attack tgt=Sol_Soldier_Scout(Clone) (Target)
[ORDER] commander=ai team=Team_Human_Centauri unit=Light Raider kind=attack tgt=Sol_Headquarters(Clone) (Target)
[ORDER] commander=ai team=Team_Human_Centauri unit=Light Raider kind=attack tgt=Sol_Headquarters(Clone) (Target)
[ORDER] commander=ai team=Team_Human_Centauri unit=Heavy Raider kind=attack tgt=Sol_Headquarters(Clone) (Target)
[ORDER] commander=ai team=Team_Human_Centauri unit=Light Raider kind=attack tgt=Sol_Light_PlatoonHauler(Clone) (Target)
[ORDER] commander=ai team=Team_Human_Centauri unit=Light Raider kind=attack tgt=Sol_Light_PlatoonHauler(Clone) (Target)
[ORDER] commander=ai team=Team_Human_Centauri unit=Heavy Raider kind=attack tgt=Sol_Light_PlatoonHauler(Clone) (Target)
[ORDER] commander=ai team=Team_Human_Centauri unit=Squad Transport kind=attack tgt=Sol_Soldier_Scout(Clone) (Target)
[H2] team=Team_Human_Centauri fire=Headquarters argmaxCell=(146,152) val=60 atWorld=(-284,-44) hqCount=2
[AI] [Team_Human_Centauri] tick=56 reqs=3 type={Construct:3} task={} prio(min/avg/max)=10/40.7/62 groups=0
[P31] team=Team_Alien preset=Harvest stock=Shrimp ours=Shrimp agree=True rationale=biotic cap (have 9/70)
[ORDER] commander=ai team=Team_Alien unit=Crab kind=move dst=(309,46,1050)
[ORDER] commander=ai team=Team_Alien unit=Crab kind=move dst=(309,46,1050)
[ORDER] commander=ai team=Team_Alien unit=Crab kind=move dst=(309,46,1050)
[ORDER] commander=ai team=Team_Alien unit=Crab kind=move dst=(309,46,1050)
[ORDER] commander=ai team=Team_Alien unit=Hunter kind=move dst=(-393,51,773)
[ORDER] commander=ai team=Team_Alien unit=Shocker kind=move dst=(146,38,-1361)
[ORDER] commander=ai team=Team_Alien unit=Shocker kind=move dst=(146,38,-1361)
[ORDER] commander=ai team=Team_Alien unit=Shocker kind=move dst=(146,38,-1361)
[ORDER] commander=ai team=Team_Alien unit=Crab kind=move dst=(146,38,-1361)
[ORDER] commander=ai team=Team_Alien unit=Wasp kind=attack tgt=Sol_Light_LightQuad(Clone) (Target)
[ORDER] commander=ai team=Team_Alien unit=Squid kind=attack tgt=Sol_Light_LightQuad(Clone) (Target)
[ORDER] commander=ai team=Team_Alien unit=Squid kind=attack tgt=Sol_Light_LightQuad(Clone) (Target)
[ORDER] commander=ai team=Team_Alien unit=Squid kind=attack tgt=Sol_Light_LightQuad(Clone) (Target)
[ORDER] commander=ai team=Team_Alien unit=Shocker kind=attack tgt=Sol_Light_LightStriker(Clone) (Target)
[ORDER] commander=ai team=Team_Alien unit=Shocker kind=attack tgt=Sol_Light_LightStriker(Clone) (Target)
[ORDER] commander=ai team=Team_Alien unit=Shocker kind=attack tgt=Sol_Light_LightStriker(Clone) (Target)
[ORDER] commander=ai team=Team_Alien unit=Crab kind=attack tgt=Sol_Light_LightStriker(Clone) (Target)
[ORDER] commander=ai team=Team_Alien unit=Crab kind=attack tgt=Sol_Light_LightQuad(Clone) (Target)
[ORDER] commander=ai team=Team_Alien unit=Crab kind=attack tgt=Sol_Light_LightQuad(Clone) (Target)
[ORDER] commander=ai team=Team_Alien unit=Crab kind=attack tgt=Sol_Light_LightQuad(Clone) (Target)
[ORDER] commander=ai team=Team_Alien unit=Crab kind=attack tgt=Sol_Light_LightQuad(Clone) (Target)
[AI] [Team_Alien] tick=56 reqs=4 type={Construct:4} task={} prio(min/avg/max)=10/45.5/81 groups=0
[ORDER] commander=ai team=Team_Human_Centauri unit=Light Raider kind=move dst=(-971,42,-230)
[ORDER] commander=ai team=Team_Human_Centauri unit=Light Raider kind=move dst=(-971,42,-230)
[ORDER] commander=ai team=Team_Human_Centauri unit=Heavy Raider kind=move dst=(-971,42,-230)
[ORDER] commander=ai team=Team_Alien unit=Squid kind=move dst=(1537,61,143)
[ORDER] commander=ai team=Team_Human_Sol unit=Rifleman kind=move dst=(-870,36,-240)
[ORDER] commander=ai team=Team_Human_Sol unit=Scout kind=stop
[ORDER] commander=ai team=Team_Human_Sol unit=Scout kind=move dst=(-754,46,-302)
[ORDER] commander=ai team=Team_Human_Sol unit=Scout kind=move dst=(-754,46,-302)
[ORDER] commander=ai team=Team_Human_Sol unit=Rifleman kind=move dst=(-754,46,-302)
[ORDER] commander=ai team=Team_Human_Sol unit=Rifleman kind=move dst=(-1727,114,-130)
[ORDER] commander=ai team=Team_Human_Sol unit=Platoon Hauler kind=move dst=(-430,35,-1750)
[ORDER] commander=ai team=Team_Human_Sol unit=Light Quad kind=attack tgt=Cent_Light_SquadTransport(Clone) (Target)
[ORDER] commander=ai team=Team_Human_Sol unit=Light Quad kind=attack tgt=Cent_Light_SquadTransport(Clone) (Target)
[ORDER] commander=ai team=Team_Human_Sol unit=Heavy Quad kind=attack tgt=Cent_Light_SquadTransport(Clone) (Target)
[ORDER] commander=ai team=Team_Human_Sol unit=Platoon Hauler kind=attack tgt=Cent_Light_AssaultCar(Clone) (Target)
[ORDER] commander=ai team=Team_Human_Sol unit=Heavy Quad kind=attack tgt=Cent_Light_SquadTransport(Clone) (Target)
[ORDER] commander=ai team=Team_Human_Sol unit=Light Striker kind=attack tgt=Cent_Light_SquadTransport(Clone) (Target)
[H2] team=Team_Human_Sol fire=Headquarters argmaxCell=(133,153) val=88 atWorld=(-804,-4) hqCount=2
[AI] [Team_Human_Sol] tick=56 reqs=2 type={Construct:2} task={} prio(min/avg/max)=7/8.5/10 groups=0
[ORDER] commander=ai team=Team_Human_Sol unit=Light Quad kind=move dst=(-870,37,-248)
[ORDER] commander=ai team=Team_Human_Sol unit=Light Quad kind=move dst=(-870,37,-248)
[ORDER] commander=ai team=Team_Human_Sol unit=Heavy Quad kind=move dst=(-870,37,-248)
[ORDER] commander=ai team=Team_Human_Sol unit=Platoon Hauler kind=move dst=(-844,43,-328)
[ORDER] commander=ai team=Team_Human_Sol unit=Light Striker kind=move dst=(-870,37,-251)
[ORDER] commander=ai team=Team_Human_Sol unit=Platoon Hauler kind=move dst=(-922,38,-304)
[ORDER] commander=ai team=Team_Human_Centauri unit=Light Raider kind=move dst=(-696,27,583)
[ORDER] commander=ai team=Team_Human_Centauri unit=Light Raider kind=move dst=(-696,27,583)
[ORDER] commander=ai team=Team_Human_Centauri unit=Heavy Raider kind=stop
[ORDER] commander=ai team=Team_Alien unit=Squid kind=move dst=(-615,39,-312)
[ORDER] commander=ai team=Team_Human_Sol unit=Scout kind=move dst=(-844,43,-326)
[ORDER] commander=ai team=Team_Human_Sol unit=Platoon Hauler kind=move dst=(-913,39,-321)
[ORDER] commander=ai team=Team_Human_Sol unit=Scout kind=move dst=(-872,40,-287)
[ORDER] commander=ai team=Team_Human_Sol unit=Scout kind=move dst=(-843,43,-326)
[ORDER] commander=ai team=Team_Alien unit=Crab kind=stop
[ORDER] commander=ai team=Team_Alien unit=Crab kind=move dst=(614,36,565)
[ORDER] commander=ai team=Team_Alien unit=Crab kind=move dst=(614,36,565)
[ORDER] commander=ai team=Team_Alien unit=Crab kind=move dst=(614,36,565)
[ORDER] commander=ai team=Team_Human_Centauri unit=Light Raider kind=move dst=(-667,113,1318)
[ORDER] commander=ai team=Team_Human_Centauri unit=Light Raider kind=move dst=(-667,113,1318)
[ORDER] commander=ai team=Team_Human_Centauri unit=Heavy Raider kind=move dst=(-667,113,1318)
[ORDER] commander=ai team=Team_Human_Centauri unit=Light Raider kind=move dst=(-430,50,1730)
[ORDER] commander=ai team=Team_Human_Centauri unit=Light Raider kind=move dst=(-430,50,1730)
[ORDER] commander=ai team=Team_Human_Centauri unit=Heavy Raider kind=move dst=(-430,50,1730)
[ORDER] commander=ai team=Team_Human_Centauri unit=Squad Transport kind=move dst=(-1727,114,-130)
[ORDER] commander=ai team=Team_Human_Centauri unit=Light Raider kind=attack tgt=Sol_Headquarters(Clone) (Target)
[ORDER] commander=ai team=Team_Human_Centauri unit=Light Raider kind=attack tgt=Sol_Headquarters(Clone) (Target)
[ORDER] commander=ai team=Team_Human_Centauri unit=Heavy Raider kind=attack tgt=Sol_Headquarters(Clone) (Target)
[ORDER] commander=ai team=Team_Human_Centauri unit=Light Raider kind=attack tgt=Sol_Light_PlatoonHauler(Clone) (Target)
[ORDER] commander=ai team=Team_Human_Centauri unit=Light Raider kind=attack tgt=Sol_Light_PlatoonHauler(Clone) (Target)
[ORDER] commander=ai team=Team_Human_Centauri unit=Heavy Raider kind=attack tgt=Sol_Light_PlatoonHauler(Clone) (Target)
[ORDER] commander=ai team=Team_Human_Centauri unit=Squad Transport kind=attack tgt=Sol_Soldier_Scout(Clone) (Target)
[H2] team=Team_Human_Centauri fire=Headquarters argmaxCell=(146,152) val=60 atWorld=(-284,-44) hqCount=2
[AI] [Team_Human_Centauri] tick=57 reqs=3 type={Construct:3} task={} prio(min/avg/max)=10/40.7/62 groups=0
[P31] team=Team_Alien preset=Harvest stock=Shrimp ours=Shrimp agree=True rationale=biotic cap (have 9/70)
[ORDER] commander=ai team=Team_Alien unit=Crab kind=move dst=(309,46,1050)
[ORDER] commander=ai team=Team_Alien unit=Crab kind=move dst=(309,46,1050)
[ORDER] commander=ai team=Team_Alien unit=Crab kind=move dst=(309,46,1050)
[ORDER] commander=ai team=Team_Alien unit=Crab kind=move dst=(309,46,1050)
[ORDER] commander=ai team=Team_Alien unit=Crab kind=move dst=(146,38,-1361)
[ORDER] commander=ai team=Team_Alien unit=Shocker kind=move dst=(146,38,-1361)
[ORDER] commander=ai team=Team_Alien unit=Shocker kind=move dst=(146,38,-1361)
[ORDER] commander=ai team=Team_Alien unit=Shocker kind=move dst=(146,38,-1361)
[ORDER] commander=ai team=Team_Alien unit=Crab kind=attack tgt=Sol_Light_HeavyQuad(Clone) (Target)
[ORDER] commander=ai team=Team_Alien unit=Horned Crab kind=attack tgt=Sol_Light_HeavyQuad(Clone) (Target)
[ORDER] commander=ai team=Team_Alien unit=Horned Crab kind=attack tgt=Sol_Light_HeavyQuad(Clone) (Target)
[ORDER] commander=ai team=Team_Alien unit=Shocker kind=attack tgt=Sol_Light_HeavyQuad(Clone) (Target)
[ORDER] commander=ai team=Team_Alien unit=Crab kind=attack tgt=Sol_Headquarters(Clone) (Target)
[ORDER] commander=ai team=Team_Alien unit=Crab kind=attack tgt=Sol_Headquarters(Clone) (Target)
[ORDER] commander=ai team=Team_Alien unit=Crab kind=attack tgt=Sol_Headquarters(Clone) (Target)
[ORDER] commander=ai team=Team_Alien unit=Crab kind=attack tgt=Sol_Headquarters(Clone) (Target)
[ORDER] commander=ai team=Team_Alien unit=Crab kind=attack tgt=Sol_Light_LightStriker(Clone) (Target)
[ORDER] commander=ai team=Team_Alien unit=Shocker kind=attack tgt=Sol_Light_LightStriker(Clone) (Target)
[ORDER] commander=ai team=Team_Alien unit=Shocker kind=attack tgt=Sol_Light_LightStriker(Clone) (Target)
[ORDER] commander=ai team=Team_Alien unit=Shocker kind=attack tgt=Sol_Light_LightStriker(Clone) (Target)
[ORDER] commander=ai team=Team_Alien unit=Hunter kind=attack tgt=Sol_Light_LightQuad(Clone) (Target)
[AI] [Team_Alien] tick=57 reqs=4 type={Construct:4} task={} prio(min/avg/max)=10/45.5/81 groups=0
[ORDER] commander=ai team=Team_Human_Centauri unit=Light Raider kind=move dst=(-695,27,583)
[ORDER] commander=ai team=Team_Human_Centauri unit=Light Raider kind=move dst=(-695,27,583)
[ORDER] commander=ai team=Team_Human_Sol unit=Scout kind=move dst=(-873,39,-308)
[ORDER] commander=ai team=Team_Alien unit=Crab kind=move dst=(-501,27,-211)
[ORDER] commander=ai team=Team_Alien unit=Shocker kind=move dst=(-501,27,-211)
[ORDER] commander=ai team=Team_Alien unit=Shocker kind=move dst=(-501,27,-211)
[ORDER] commander=ai team=Team_Human_Sol unit=Platoon Hauler kind=move dst=(-430,35,-1750)
[ORDER] commander=ai team=Team_Human_Sol unit=Platoon Hauler kind=move dst=(-245,14,-1662)
[ORDER] commander=ai team=Team_Human_Sol unit=Platoon Hauler kind=attack tgt=Cent_Light_AssaultCar(Clone) (Target)
[ORDER] commander=ai team=Team_Human_Sol unit=Rifleman kind=attack tgt=Cent_Light_SquadTransport(Clone) (Target)
[H1] team=Team_Human_Sol fire=Refinery atBalterium=(-1229,-735) refCount=2
[H1] team=Team_Human_Sol fire=Refinery atBalterium=(-1515,-1118) refCount=3
[H2] team=Team_Human_Sol fire=Headquarters argmaxCell=(126,144) val=36 atWorld=(-1084,-364) hqCount=2
[H3] team=Team_Human_Sol fire=Barracks nearHq=(-1095,-870)
[H3] team=Team_Human_Sol fire=Research Facility nearHq=(-1095,-870)
[AI] [Team_Human_Sol] tick=57 reqs=2 type={Construct:2} task={} prio(min/avg/max)=7/8.5/10 groups=0
[H2] team=Team_Human_Sol reject=HQ-too-close targetCell=(-1084,-364) landedAt=(-1080,-360) distToExistingHq=510m
[SPAWN_S] team=Team_Alien structure=Node at=(445,-50)
[SPAWN_S] team=Team_Alien structure=Node at=(965,-610)
[ORDER] commander=ai team=Team_Human_Sol unit=Platoon Hauler kind=move dst=(-842,43,-326)
[ORDER] commander=ai team=Team_Alien unit=Crab kind=stop
[ORDER] commander=ai team=Team_Alien unit=Crab kind=move dst=(611,36,563)
[ORDER] commander=ai team=Team_Alien unit=Crab kind=move dst=(611,36,563)
[ORDER] commander=ai team=Team_Alien unit=Crab kind=move dst=(611,36,563)
[ORDER] commander=ai team=Team_Human_Centauri unit=Heavy Raider kind=stop
[ORDER] commander=ai team=Team_Human_Sol unit=Scout kind=move dst=(-873,41,-326)
[ORDER] commander=ai team=Team_Human_Centauri unit=Light Raider kind=move dst=(-660,50,686)
[ORDER] commander=ai team=Team_Human_Centauri unit=Light Raider kind=move dst=(-660,50,686)
[ORDER] commander=ai team=Team_Human_Centauri unit=Heavy Raider kind=stop
[ORDER] commander=ai team=Team_Alien unit=Crab kind=move dst=(-1095,24,-870)
[ORDER] commander=ai team=Team_Alien unit=Crab kind=move dst=(-1095,24,-870)
[ORDER] commander=ai team=Team_Alien unit=Crab kind=move dst=(-1095,24,-870)
[ORDER] commander=ai team=Team_Human_Sol unit=Scout kind=move dst=(-843,43,-326)
[ORDER] commander=ai team=Team_Human_Centauri unit=Light Raider kind=move dst=(-662,50,684)
[ORDER] commander=ai team=Team_Human_Centauri unit=Light Raider kind=move dst=(-662,50,684)
[ORDER] commander=ai team=Team_Human_Sol unit=Platoon Hauler kind=move dst=(-893,40,-369)
[ORDER] commander=ai team=Team_Human_Centauri unit=Light Raider kind=move dst=(-667,113,1318)
[ORDER] commander=ai team=Team_Human_Centauri unit=Light Raider kind=move dst=(-667,113,1318)
[ORDER] commander=ai team=Team_Human_Centauri unit=Heavy Raider kind=move dst=(-667,113,1318)
[ORDER] commander=ai team=Team_Human_Centauri unit=Light Raider kind=move dst=(-430,50,1730)
[ORDER] commander=ai team=Team_Human_Centauri unit=Light Raider kind=move dst=(-430,50,1730)
[ORDER] commander=ai team=Team_Human_Centauri unit=Heavy Raider kind=move dst=(-430,50,1730)
[ORDER] commander=ai team=Team_Human_Centauri unit=Squad Transport kind=move dst=(-1727,114,-130)
[ORDER] commander=ai team=Team_Human_Centauri unit=Light Raider kind=attack tgt=Sol_Headquarters(Clone) (Target)
[ORDER] commander=ai team=Team_Human_Centauri unit=Light Raider kind=attack tgt=Sol_Headquarters(Clone) (Target)
[ORDER] commander=ai team=Team_Human_Centauri unit=Heavy Raider kind=attack tgt=Sol_Headquarters(Clone) (Target)
[ORDER] commander=ai team=Team_Human_Centauri unit=Light Raider kind=attack tgt=Sol_Light_PlatoonHauler(Clone) (Target)
[ORDER] commander=ai team=Team_Human_Centauri unit=Light Raider kind=attack tgt=Sol_Light_PlatoonHauler(Clone) (Target)
[ORDER] commander=ai team=Team_Human_Centauri unit=Heavy Raider kind=attack tgt=Sol_Light_PlatoonHauler(Clone) (Target)
[ORDER] commander=ai team=Team_Human_Centauri unit=Squad Transport kind=attack tgt=Sol_Soldier_Scout(Clone) (Target)
[H2] team=Team_Human_Centauri fire=Headquarters argmaxCell=(146,152) val=60 atWorld=(-284,-44) hqCount=2
[AI] [Team_Human_Centauri] tick=58 reqs=3 type={Construct:3} task={} prio(min/avg/max)=10/40.7/62 groups=0
[P31] team=Team_Alien preset=Harvest stock=Shrimp ours=Shrimp agree=True rationale=biotic cap (have 9/70)
[ORDER] commander=ai team=Team_Alien unit=Crab kind=move dst=(309,46,1050)
[ORDER] commander=ai team=Team_Alien unit=Crab kind=move dst=(309,46,1050)
[ORDER] commander=ai team=Team_Alien unit=Crab kind=move dst=(309,46,1050)
[ORDER] commander=ai team=Team_Alien unit=Crab kind=move dst=(309,46,1050)
[ORDER] commander=ai team=Team_Alien unit=Hunter kind=move dst=(-393,51,773)
[ORDER] commander=ai team=Team_Alien unit=Shocker kind=move dst=(146,38,-1361)
[ORDER] commander=ai team=Team_Alien unit=Shocker kind=move dst=(146,38,-1361)
[ORDER] commander=ai team=Team_Alien unit=Shocker kind=move dst=(146,38,-1361)
[ORDER] commander=ai team=Team_Alien unit=Crab kind=move dst=(146,38,-1361)
[ORDER] commander=ai team=Team_Alien unit=Shocker kind=attack tgt=Sol_Headquarters(Clone) (Target)
[ORDER] commander=ai team=Team_Alien unit=Shocker kind=attack tgt=Sol_Headquarters(Clone) (Target)
[ORDER] commander=ai team=Team_Alien unit=Shocker kind=attack tgt=Sol_Headquarters(Clone) (Target)
[ORDER] commander=ai team=Team_Alien unit=Crab kind=attack tgt=Sol_Headquarters(Clone) (Target)
[ORDER] commander=ai team=Team_Alien unit=Crab kind=attack tgt=Sol_Light_LightStriker(Clone) (Target)
[ORDER] commander=ai team=Team_Alien unit=Crab kind=attack tgt=Sol_Light_LightStriker(Clone) (Target)
[ORDER] commander=ai team=Team_Alien unit=Crab kind=attack tgt=Sol_Light_LightStriker(Clone) (Target)
[ORDER] commander=ai team=Team_Alien unit=Crab kind=attack tgt=Sol_Light_LightStriker(Clone) (Target)
[ORDER] commander=ai team=Team_Alien unit=Hunter kind=attack tgt=Sol_Light_LightQuad(Clone) (Target)
[AI] [Team_Alien] tick=58 reqs=4 type={Construct:4} task={} prio(min/avg/max)=10/45.5/81 groups=0
[ORDER] commander=ai team=Team_Human_Centauri unit=Light Raider kind=move dst=(-696,27,583)
[ORDER] commander=ai team=Team_Human_Centauri unit=Light Raider kind=move dst=(-696,27,583)
[ORDER] commander=ai team=Team_Human_Centauri unit=Squad Transport kind=move dst=(-812,56,-455)
[SPAWN_S] team=Team_Alien structure=Node at=(740,755)
[ORDER] commander=ai team=Team_Human_Sol unit=Rifleman kind=move dst=(-875,42,-358)
[ORDER] commander=ai team=Team_Human_Centauri unit=Light Raider kind=move dst=(-662,50,684)
[ORDER] commander=ai team=Team_Human_Centauri unit=Light Raider kind=move dst=(-662,50,684)
[ORDER] commander=ai team=Team_Human_Centauri unit=Heavy Raider kind=stop
[ORDER] commander=ai team=Team_Human_Sol unit=Rifleman kind=move dst=(-1727,114,-130)
[ORDER] commander=ai team=Team_Human_Sol unit=Platoon Hauler kind=move dst=(-430,35,-1750)
[ORDER] commander=ai team=Team_Human_Sol unit=Platoon Hauler kind=attack tgt=Cent_Light_AssaultCar(Clone) (Target)
[ORDER] commander=ai team=Team_Human_Sol unit=Rifleman kind=attack tgt=Cent_Light_SquadTransport(Clone) (Target)
[ORDER] commander=ai team=Team_Human_Sol unit=Platoon Hauler kind=attack tgt=Cent_Light_SquadTransport(Clone) (Target)
[H2] team=Team_Human_Sol fire=Headquarters argmaxCell=(126,144) val=36 atWorld=(-1084,-364) hqCount=2
[AI] [Team_Human_Sol] tick=58 reqs=2 type={Construct:2} task={} prio(min/avg/max)=7/8.5/10 groups=0
[H2] team=Team_Human_Sol reject=HQ-too-close targetCell=(-1084,-364) landedAt=(-1080,-360) distToExistingHq=510m
[ORDER] commander=ai team=Team_Human_Sol unit=Platoon Hauler kind=move dst=(-843,43,-326)
[ORDER] commander=ai team=Team_Human_Centauri unit=Heavy Raider kind=stop
[ORDER] commander=ai team=Team_Alien unit=Crab kind=stop
[ORDER] commander=ai team=Team_Alien unit=Crab kind=move dst=(588,36,538)
[ORDER] commander=ai team=Team_Alien unit=Crab kind=move dst=(588,36,538)
[ORDER] commander=ai team=Team_Alien unit=Crab kind=move dst=(588,36,538)
[ORDER] commander=ai team=Team_Human_Centauri unit=Militia kind=move dst=(-667,113,1318)
[ORDER] commander=ai team=Team_Human_Centauri unit=Militia kind=move dst=(-667,113,1318)
[ORDER] commander=ai team=Team_Human_Centauri unit=Militia kind=move dst=(-667,113,1318)
[ORDER] commander=ai team=Team_Human_Centauri unit=Trooper kind=move dst=(-667,113,1318)
[ORDER] commander=ai team=Team_Human_Centauri unit=Squad Transport kind=move dst=(-430,50,1730)
[ORDER] commander=ai team=Team_Human_Centauri unit=Assault Car kind=move dst=(-1727,114,-130)
[ORDER] commander=ai team=Team_Human_Centauri unit=Assault Car kind=move dst=(-1727,114,-130)
[ORDER] commander=ai team=Team_Human_Centauri unit=Militia kind=attack tgt=Sol_Headquarters(Clone) (Target)
[ORDER] commander=ai team=Team_Human_Centauri unit=Militia kind=attack tgt=Sol_Headquarters(Clone) (Target)
[ORDER] commander=ai team=Team_Human_Centauri unit=Militia kind=attack tgt=Sol_Headquarters(Clone) (Target)
[ORDER] commander=ai team=Team_Human_Centauri unit=Trooper kind=attack tgt=Sol_Headquarters(Clone) (Target)
[H2] team=Team_Human_Centauri fire=Headquarters argmaxCell=(146,152) val=60 atWorld=(-284,-44) hqCount=2
[AI] [Team_Human_Centauri] tick=59 reqs=3 type={Construct:3} task={} prio(min/avg/max)=10/40.7/62 groups=0
[P31] team=Team_Alien preset=Harvest stock=Shrimp ours=Shrimp agree=True rationale=biotic cap (have 9/70)
[ORDER] commander=ai team=Team_Alien unit=Crab kind=move dst=(309,46,1050)
[ORDER] commander=ai team=Team_Alien unit=Crab kind=move dst=(309,46,1050)
[ORDER] commander=ai team=Team_Alien unit=Crab kind=move dst=(309,46,1050)
[ORDER] commander=ai team=Team_Alien unit=Crab kind=move dst=(309,46,1050)
[ORDER] commander=ai team=Team_Alien unit=Hunter kind=move dst=(-393,51,773)
[ORDER] commander=ai team=Team_Alien unit=Shocker kind=move dst=(146,38,-1361)
[ORDER] commander=ai team=Team_Alien unit=Shocker kind=move dst=(146,38,-1361)
[ORDER] commander=ai team=Team_Alien unit=Shocker kind=move dst=(146,38,-1361)
[ORDER] commander=ai team=Team_Alien unit=Crab kind=move dst=(146,38,-1361)
[ORDER] commander=ai team=Team_Alien unit=Crab kind=attack tgt=Sol_Refinery(Clone) (Target)
[ORDER] commander=ai team=Team_Alien unit=Shocker kind=attack tgt=Sol_Refinery(Clone) (Target)
[ORDER] commander=ai team=Team_Alien unit=Shocker kind=attack tgt=Sol_Refinery(Clone) (Target)
[ORDER] commander=ai team=Team_Alien unit=Shocker kind=attack tgt=Sol_Refinery(Clone) (Target)
[ORDER] commander=ai team=Team_Alien unit=Shocker kind=attack tgt=Sol_Headquarters(Clone) (Target)
[ORDER] commander=ai team=Team_Alien unit=Shocker kind=attack tgt=Sol_Headquarters(Clone) (Target)
[ORDER] commander=ai team=Team_Alien unit=Shocker kind=attack tgt=Sol_Headquarters(Clone) (Target)
[ORDER] commander=ai team=Team_Alien unit=Crab kind=attack tgt=Sol_Headquarters(Clone) (Target)
[ORDER] commander=ai team=Team_Alien unit=Crab kind=attack tgt=Sol_Light_LightStriker(Clone) (Target)
[ORDER] commander=ai team=Team_Alien unit=Crab kind=attack tgt=Sol_Light_LightStriker(Clone) (Target)
[ORDER] commander=ai team=Team_Alien unit=Crab kind=attack tgt=Sol_Light_LightStriker(Clone) (Target)
[ORDER] commander=ai team=Team_Alien unit=Crab kind=attack tgt=Sol_Light_LightStriker(Clone) (Target)
[ORDER] commander=ai team=Team_Alien unit=Hunter kind=attack tgt=Sol_Light_LightQuad(Clone) (Target)
[AI] [Team_Alien] tick=59 reqs=4 type={Construct:4} task={} prio(min/avg/max)=10/45.5/81 groups=0
[SPAWN_U] team=Team_Alien unit=Shrimp
[SPAWN_U] team=Team_Alien unit=Shrimp
[ORDER] commander=ai team=Team_Alien unit=Crab kind=move dst=(-1050,12,-1185)
[ORDER] commander=ai team=Team_Alien unit=Shocker kind=move dst=(-1050,12,-1185)
[ORDER] commander=ai team=Team_Alien unit=Shocker kind=move dst=(-1050,12,-1185)
[ORDER] commander=ai team=Team_Human_Sol unit=Rifleman kind=move dst=(-1727,114,-130)
[ORDER] commander=ai team=Team_Human_Sol unit=Platoon Hauler kind=move dst=(-430,35,-1750)
[ORDER] commander=ai team=Team_Human_Sol unit=Platoon Hauler kind=move dst=(-245,14,-1662)
[ORDER] commander=ai team=Team_Human_Sol unit=Platoon Hauler kind=attack tgt=Cent_Light_AssaultCar(Clone) (Target)
[ORDER] commander=ai team=Team_Human_Sol unit=Platoon Hauler kind=attack tgt=Cent_Light_SquadTransport(Clone) (Target)
[H1] team=Team_Human_Sol fire=Refinery atBalterium=(-1229,-735) refCount=2
[H1] team=Team_Human_Sol fire=Refinery atBalterium=(-1515,-1118) refCount=3
[H2] team=Team_Human_Sol fire=Headquarters argmaxCell=(126,144) val=36 atWorld=(-1084,-364) hqCount=2
[H3] team=Team_Human_Sol fire=Barracks nearHq=(-1095,-870)
[H3] team=Team_Human_Sol fire=Research Facility nearHq=(-1095,-870)
[AI] [Team_Human_Sol] tick=59 reqs=2 type={Construct:2} task={} prio(min/avg/max)=7/8.5/10 groups=0
[H2] team=Team_Human_Sol reject=HQ-too-close targetCell=(-1084,-364) landedAt=(-1080,-360) distToExistingHq=510m
[ORDER] commander=ai team=Team_Human_Sol unit=Platoon Hauler kind=move dst=(-844,43,-326)
[ORDER] commander=ai team=Team_Alien unit=Wasp kind=stop
[ORDER] commander=ai team=Team_Alien unit=Squid kind=move dst=(1280,29,88)
[ORDER] commander=ai team=Team_Alien unit=Squid kind=move dst=(1280,29,88)
[ORDER] commander=ai team=Team_Alien unit=Squid kind=move dst=(1280,29,88)
[ORDER] commander=ai team=Team_Human_Centauri unit=Squad Transport kind=move dst=(-167,21,-344)
[ORDER] commander=ai team=Team_Human_Centauri unit=Light Raider kind=move dst=(-1095,24,-870)
[ORDER] commander=ai team=Team_Human_Centauri unit=Heavy Raider kind=move dst=(-1095,24,-870)
[ORDER] commander=ai team=Team_Human_Centauri unit=Light Raider kind=move dst=(-667,113,1318)
[ORDER] commander=ai team=Team_Human_Centauri unit=Light Raider kind=move dst=(-667,113,1318)
[ORDER] commander=ai team=Team_Human_Centauri unit=Heavy Raider kind=move dst=(-667,113,1318)
[ORDER] commander=ai team=Team_Human_Centauri unit=Light Raider kind=attack tgt=Sol_Soldier_Scout(Clone) (Target)
[ORDER] commander=ai team=Team_Human_Centauri unit=Light Raider kind=attack tgt=Sol_Soldier_Scout(Clone) (Target)
[ORDER] commander=ai team=Team_Human_Centauri unit=Heavy Raider kind=attack tgt=Sol_Soldier_Scout(Clone) (Target)
[ORDER] commander=ai team=Team_Human_Centauri unit=Heavy Raider kind=attack tgt=Sol_Light_LightStriker(Clone) (Target)
[ORDER] commander=ai team=Team_Human_Centauri unit=Heavy Raider kind=attack tgt=Sol_Light_LightStriker(Clone) (Target)
[ORDER] commander=ai team=Team_Human_Centauri unit=Light Raider kind=attack tgt=Sol_Headquarters(Clone) (Target)
[ORDER] commander=ai team=Team_Human_Centauri unit=Light Raider kind=attack tgt=Sol_Headquarters(Clone) (Target)
[ORDER] commander=ai team=Team_Human_Centauri unit=Heavy Raider kind=attack tgt=Sol_Headquarters(Clone) (Target)
[ORDER] commander=ai team=Team_Human_Centauri unit=Squad Transport kind=attack tgt=Sol_Light_PlatoonHauler(Clone) (Target)
[ORDER] commander=ai team=Team_Human_Centauri unit=Assault Car kind=attack tgt=Sol_Light_PlatoonHauler(Clone) (Target)
[ORDER] commander=ai team=Team_Human_Centauri unit=Assault Car kind=attack tgt=Sol_Light_PlatoonHauler(Clone) (Target)
[H2] team=Team_Human_Centauri fire=Headquarters argmaxCell=(146,152) val=60 atWorld=(-284,-44) hqCount=2
[AI] [Team_Human_Centauri] tick=60 reqs=3 type={Construct:3} task={} prio(min/avg/max)=10/40.7/62 groups=0
[ORDER] commander=ai team=Team_Human_Centauri unit=Assault Car kind=move dst=(-912,39,-317)
[ORDER] commander=ai team=Team_Human_Centauri unit=Assault Car kind=move dst=(-912,39,-317)
[P31] team=Team_Alien preset=Harvest stock=Shrimp ours=Shrimp agree=True rationale=biotic cap (have 11/70)
[ORDER] commander=ai team=Team_Alien unit=Crab kind=move dst=(309,46,1050)
[ORDER] commander=ai team=Team_Alien unit=Crab kind=move dst=(309,46,1050)
[ORDER] commander=ai team=Team_Alien unit=Crab kind=move dst=(309,46,1050)
[ORDER] commander=ai team=Team_Alien unit=Crab kind=move dst=(309,46,1050)
[ORDER] commander=ai team=Team_Alien unit=Hunter kind=move dst=(-393,51,773)
[ORDER] commander=ai team=Team_Alien unit=Shocker kind=move dst=(146,38,-1361)
[ORDER] commander=ai team=Team_Alien unit=Shocker kind=move dst=(146,38,-1361)
[ORDER] commander=ai team=Team_Alien unit=Shocker kind=move dst=(146,38,-1361)
[ORDER] commander=ai team=Team_Alien unit=Crab kind=move dst=(146,38,-1361)
[ORDER] commander=ai team=Team_Alien unit=Queen kind=attack tgt=Cent_Light_SquadTransport(Clone) (Target)
[ORDER] commander=ai team=Team_Alien unit=Shocker kind=attack tgt=Sol_Headquarters(Clone) (Target)
[ORDER] commander=ai team=Team_Alien unit=Shocker kind=attack tgt=Sol_Headquarters(Clone) (Target)
[ORDER] commander=ai team=Team_Alien unit=Shocker kind=attack tgt=Sol_Headquarters(Clone) (Target)
[ORDER] commander=ai team=Team_Alien unit=Crab kind=attack tgt=Sol_Headquarters(Clone) (Target)
[ORDER] commander=ai team=Team_Alien unit=Crab kind=attack tgt=Sol_Light_LightStriker(Clone) (Target)
[ORDER] commander=ai team=Team_Alien unit=Crab kind=attack tgt=Sol_Light_LightStriker(Clone) (Target)
[ORDER] commander=ai team=Team_Alien unit=Crab kind=attack tgt=Sol_Light_LightStriker(Clone) (Target)
[ORDER] commander=ai team=Team_Alien unit=Crab kind=attack tgt=Sol_Light_LightStriker(Clone) (Target)
[ORDER] commander=ai team=Team_Alien unit=Hunter kind=attack tgt=Sol_Light_LightQuad(Clone) (Target)
[AI] [Team_Alien] tick=60 reqs=4 type={Construct:4} task={} prio(min/avg/max)=10/33.8/50 groups=0
[ORDER] commander=ai team=Team_Human_Centauri unit=Light Raider kind=move dst=(-813,45,-311)
[ORDER] commander=ai team=Team_Human_Centauri unit=Light Raider kind=move dst=(-813,45,-311)
[ORDER] commander=ai team=Team_Human_Centauri unit=Heavy Raider kind=move dst=(-813,45,-311)
[ORDER] commander=ai team=Team_Human_Sol unit=Platoon Hauler kind=move dst=(-430,35,-1750)
[ORDER] commander=ai team=Team_Human_Sol unit=Platoon Hauler kind=move dst=(-245,14,-1662)
[ORDER] commander=ai team=Team_Human_Sol unit=Platoon Hauler kind=attack tgt=Cent_Light_AssaultCar(Clone) (Target)
[ORDER] commander=ai team=Team_Human_Sol unit=Rifleman kind=attack tgt=Cent_Light_SquadTransport(Clone) (Target)
[H2] team=Team_Human_Sol fire=Headquarters argmaxCell=(126,144) val=36 atWorld=(-1084,-364) hqCount=2
[AI] [Team_Human_Sol] tick=60 reqs=2 type={Construct:2} task={} prio(min/avg/max)=7/8.5/10 groups=0
[H2] team=Team_Human_Sol reject=HQ-too-close targetCell=(-1084,-364) landedAt=(-1080,-360) distToExistingHq=510m
[ORDER] commander=ai team=Team_Human_Sol unit=Platoon Hauler kind=move dst=(-843,43,-326)
[ORDER] commander=ai team=Team_Human_Sol unit=Platoon Hauler kind=move dst=(-854,43,-450)
[ORDER] commander=ai team=Team_Alien unit=Queen kind=move dst=(-483,19,417)
[ORDER] commander=ai team=Team_Alien unit=Squid kind=move dst=(1270,29,86)
[ORDER] commander=ai team=Team_Alien unit=Squid kind=move dst=(1270,29,86)
[ORDER] commander=ai team=Team_Alien unit=Squid kind=move dst=(1270,29,86)
[SPAWN_S] team=Team_Alien structure=Lesser Spawning Cyst at=(1300,290)
[ORDER] commander=ai team=Team_Human_Centauri unit=Light Raider kind=move dst=(-667,113,1318)
[ORDER] commander=ai team=Team_Human_Centauri unit=Light Raider kind=move dst=(-667,113,1318)
[ORDER] commander=ai team=Team_Human_Centauri unit=Heavy Raider kind=move dst=(-667,113,1318)
[ORDER] commander=ai team=Team_Human_Centauri unit=Light Raider kind=move dst=(-430,50,1730)
[ORDER] commander=ai team=Team_Human_Centauri unit=Light Raider kind=move dst=(-430,50,1730)
[ORDER] commander=ai team=Team_Human_Centauri unit=Heavy Raider kind=move dst=(-430,50,1730)
[ORDER] commander=ai team=Team_Human_Centauri unit=Squad Transport kind=move dst=(-1727,114,-130)
[ORDER] commander=ai team=Team_Human_Centauri unit=Assault Car kind=attack tgt=Sol_Soldier_Scout(Clone) (Target)
[ORDER] commander=ai team=Team_Human_Centauri unit=Assault Car kind=attack tgt=Sol_Soldier_Scout(Clone) (Target)
[ORDER] commander=ai team=Team_Human_Centauri unit=Light Raider kind=attack tgt=Sol_Headquarters(Clone) (Target)
[ORDER] commander=ai team=Team_Human_Centauri unit=Light Raider kind=attack tgt=Sol_Headquarters(Clone) (Target)
[ORDER] commander=ai team=Team_Human_Centauri unit=Heavy Raider kind=attack tgt=Sol_Headquarters(Clone) (Target)
[ORDER] commander=ai team=Team_Human_Centauri unit=Light Raider kind=attack tgt=Sol_Light_PlatoonHauler(Clone) (Target)
[ORDER] commander=ai team=Team_Human_Centauri unit=Light Raider kind=attack tgt=Sol_Light_PlatoonHauler(Clone) (Target)
[ORDER] commander=ai team=Team_Human_Centauri unit=Heavy Raider kind=attack tgt=Sol_Light_PlatoonHauler(Clone) (Target)
[ORDER] commander=ai team=Team_Human_Centauri unit=Squad Transport kind=attack tgt=Sol_Light_PlatoonHauler(Clone) (Target)
[H2] team=Team_Human_Centauri fire=Headquarters argmaxCell=(146,152) val=60 atWorld=(-284,-44) hqCount=2
[AI] [Team_Human_Centauri] tick=61 reqs=3 type={Construct:3} task={} prio(min/avg/max)=10/40.7/62 groups=0
[ORDER] commander=ai team=Team_Human_Centauri unit=Assault Car kind=move dst=(-836,43,-319)
[ORDER] commander=ai team=Team_Human_Centauri unit=Assault Car kind=move dst=(-836,43,-319)
[P31] team=Team_Alien preset=Harvest stock=Shrimp ours=Shrimp agree=True rationale=biotic cap (have 11/70)
[ORDER] commander=ai team=Team_Alien unit=Crab kind=move dst=(309,46,1050)
[ORDER] commander=ai team=Team_Alien unit=Crab kind=move dst=(309,46,1050)
[ORDER] commander=ai team=Team_Alien unit=Crab kind=move dst=(309,46,1050)
[ORDER] commander=ai team=Team_Alien unit=Crab kind=move dst=(309,46,1050)
[ORDER] commander=ai team=Team_Alien unit=Hunter kind=move dst=(-393,51,773)
[ORDER] commander=ai team=Team_Alien unit=Shocker kind=move dst=(146,38,-1361)
[ORDER] commander=ai team=Team_Alien unit=Shocker kind=move dst=(146,38,-1361)
[ORDER] commander=ai team=Team_Alien unit=Shocker kind=move dst=(146,38,-1361)
[ORDER] commander=ai team=Team_Alien unit=Crab kind=move dst=(146,38,-1361)
[ORDER] commander=ai team=Team_Alien unit=Shocker kind=attack tgt=Sol_Headquarters(Clone) (Target)
[ORDER] commander=ai team=Team_Alien unit=Shocker kind=attack tgt=Sol_Headquarters(Clone) (Target)
[ORDER] commander=ai team=Team_Alien unit=Shocker kind=attack tgt=Sol_Headquarters(Clone) (Target)
[ORDER] commander=ai team=Team_Alien unit=Crab kind=attack tgt=Sol_Headquarters(Clone) (Target)
[ORDER] commander=ai team=Team_Alien unit=Crab kind=attack tgt=Sol_Light_LightStriker(Clone) (Target)
[ORDER] commander=ai team=Team_Alien unit=Crab kind=attack tgt=Sol_Light_LightStriker(Clone) (Target)
[ORDER] commander=ai team=Team_Alien unit=Crab kind=attack tgt=Sol_Light_LightStriker(Clone) (Target)
[ORDER] commander=ai team=Team_Alien unit=Crab kind=attack tgt=Sol_Light_LightStriker(Clone) (Target)
[ORDER] commander=ai team=Team_Alien unit=Hunter kind=attack tgt=Sol_Light_LightQuad(Clone) (Target)
[AI] [Team_Alien] tick=61 reqs=4 type={Construct:4} task={} prio(min/avg/max)=10/33.8/50 groups=0
[ORDER] commander=ai team=Team_Human_Centauri unit=Light Raider kind=move dst=(-696,27,584)
[ORDER] commander=ai team=Team_Human_Centauri unit=Light Raider kind=move dst=(-696,27,584)
[ORDER] commander=ai team=Team_Human_Sol unit=Scout kind=stop
[ORDER] commander=ai team=Team_Human_Sol unit=Scout kind=move dst=(-819,45,-314)
[ORDER] commander=ai team=Team_Human_Sol unit=Rifleman kind=move dst=(-819,45,-314)
[ORDER] commander=ai team=Team_Alien unit=Crab kind=move dst=(194,21,-647)
[ORDER] commander=ai team=Team_Alien unit=Shocker kind=stop
[ORDER] commander=ai team=Team_Alien unit=Shocker kind=move dst=(194,21,-647)
[ORDER] commander=ai team=Team_Alien unit=Shocker kind=move dst=(194,21,-647)
[ORDER] commander=ai team=Team_Human_Sol unit=Light Striker kind=move dst=(-1727,114,-130)
[ORDER] commander=ai team=Team_Human_Sol unit=Light Striker kind=move dst=(-1727,114,-130)
[ORDER] commander=ai team=Team_Human_Sol unit=Heavy Quad kind=move dst=(-1727,114,-130)
[ORDER] commander=ai team=Team_Human_Sol unit=Platoon Hauler kind=move dst=(-430,35,-1750)
[ORDER] commander=ai team=Team_Human_Sol unit=Platoon Hauler kind=attack tgt=Cent_Light_SquadTransport(Clone) (Target)
[ORDER] commander=ai team=Team_Human_Sol unit=Light Striker kind=attack tgt=Cent_Light_AssaultCar(Clone) (Target)
[ORDER] commander=ai team=Team_Human_Sol unit=Light Striker kind=attack tgt=Cent_Light_AssaultCar(Clone) (Target)
[ORDER] commander=ai team=Team_Human_Sol unit=Heavy Quad kind=attack tgt=Cent_Light_AssaultCar(Clone) (Target)
[ORDER] commander=ai team=Team_Human_Sol unit=Platoon Hauler kind=attack tgt=Cent_Light_SquadTransport(Clone) (Target)
[H1] team=Team_Human_Sol fire=Refinery atBalterium=(-1229,-735) refCount=2
[H1] team=Team_Human_Sol fire=Refinery atBalterium=(-1515,-1118) refCount=3
[H2] team=Team_Human_Sol fire=Headquarters argmaxCell=(126,144) val=36 atWorld=(-1084,-364) hqCount=2
[H3] team=Team_Human_Sol fire=Barracks nearHq=(-1095,-870)
[H3] team=Team_Human_Sol fire=Research Facility nearHq=(-1095,-870)
[AI] [Team_Human_Sol] tick=61 reqs=2 type={Construct:2} task={} prio(min/avg/max)=7/8.5/10 groups=0
[H2] team=Team_Human_Sol reject=HQ-too-close targetCell=(-1084,-364) landedAt=(-1080,-360) distToExistingHq=510m
[ORDER] commander=ai team=Team_Human_Sol unit=Light Quad kind=move dst=(-863,43,-435)
[ORDER] commander=ai team=Team_Human_Sol unit=Platoon Hauler kind=move dst=(-841,46,-449)
[ORDER] commander=ai team=Team_Human_Centauri unit=Heavy Raider kind=stop
[ORDER] commander=ai team=Team_Alien unit=Squid kind=move dst=(1270,29,86)
[ORDER] commander=ai team=Team_Alien unit=Shocker kind=move dst=(-1050,12,-1185)
[ORDER] commander=ai team=Team_Human_Sol unit=Light Quad kind=move dst=(-858,43,-443)
[ORDER] commander=ai team=Team_Human_Sol unit=Heavy Quad kind=move dst=(-858,43,-443)
[ORDER] commander=ai team=Team_Human_Centauri unit=Light Raider kind=move dst=(-888,39,-319)
[ORDER] commander=ai team=Team_Human_Centauri unit=Heavy Raider kind=move dst=(-888,39,-319)
[ORDER] commander=ai team=Team_Alien unit=Squid kind=move dst=(1270,29,86)
[ORDER] commander=ai team=Team_Alien unit=Squid kind=move dst=(1270,29,86)
[ORDER] commander=ai team=Team_Human_Sol unit=Scout kind=move dst=(-841,43,-326)
[ORDER] commander=ai team=Team_Human_Sol unit=Platoon Hauler kind=move dst=(-846,44,-452)
[ORDER] commander=ai team=Team_Human_Centauri unit=Light Raider kind=move dst=(-667,113,1318)
[ORDER] commander=ai team=Team_Human_Centauri unit=Light Raider kind=move dst=(-667,113,1318)
[ORDER] commander=ai team=Team_Human_Centauri unit=Heavy Raider kind=move dst=(-667,113,1318)
[ORDER] commander=ai team=Team_Human_Centauri unit=Light Raider kind=move dst=(-430,50,1730)
[ORDER] commander=ai team=Team_Human_Centauri unit=Light Raider kind=move dst=(-430,50,1730)
[ORDER] commander=ai team=Team_Human_Centauri unit=Heavy Raider kind=move dst=(-430,50,1730)
[ORDER] commander=ai team=Team_Human_Centauri unit=Squad Transport kind=move dst=(-1727,114,-130)
[ORDER] commander=ai team=Team_Human_Centauri unit=Assault Car kind=attack tgt=Sol_Light_LightQuad(Clone) (Target)
[ORDER] commander=ai team=Team_Human_Centauri unit=Heavy Raider kind=attack tgt=Sol_Light_LightQuad(Clone) (Target)
[ORDER] commander=ai team=Team_Human_Centauri unit=Heavy Raider kind=attack tgt=Sol_Light_LightQuad(Clone) (Target)
[ORDER] commander=ai team=Team_Human_Centauri unit=Light Raider kind=attack tgt=Sol_Headquarters(Clone) (Target)
[ORDER] commander=ai team=Team_Human_Centauri unit=Light Raider kind=attack tgt=Sol_Headquarters(Clone) (Target)
[ORDER] commander=ai team=Team_Human_Centauri unit=Heavy Raider kind=attack tgt=Sol_Headquarters(Clone) (Target)
[ORDER] commander=ai team=Team_Human_Centauri unit=Light Raider kind=attack tgt=Sol_Light_PlatoonHauler(Clone) (Target)
[ORDER] commander=ai team=Team_Human_Centauri unit=Light Raider kind=attack tgt=Sol_Light_PlatoonHauler(Clone) (Target)
[ORDER] commander=ai team=Team_Human_Centauri unit=Heavy Raider kind=attack tgt=Sol_Light_PlatoonHauler(Clone) (Target)
[ORDER] commander=ai team=Team_Human_Centauri unit=Squad Transport kind=attack tgt=Sol_Light_PlatoonHauler(Clone) (Target)
[H2] team=Team_Human_Centauri fire=Headquarters argmaxCell=(132,152) val=46 atWorld=(-844,-44) hqCount=2
[AI] [Team_Human_Centauri] tick=62 reqs=3 type={Construct:3} task={} prio(min/avg/max)=10/40.7/62 groups=0
[P31] team=Team_Alien preset=Harvest stock=Shrimp ours=Shrimp agree=True rationale=biotic cap (have 11/70)
[ORDER] commander=ai team=Team_Alien unit=Crab kind=move dst=(309,46,1050)
[ORDER] commander=ai team=Team_Alien unit=Crab kind=move dst=(309,46,1050)
[ORDER] commander=ai team=Team_Alien unit=Crab kind=move dst=(309,46,1050)
[ORDER] commander=ai team=Team_Alien unit=Crab kind=move dst=(309,46,1050)
[ORDER] commander=ai team=Team_Alien unit=Hunter kind=move dst=(-393,51,773)
[ORDER] commander=ai team=Team_Alien unit=Shocker kind=move dst=(146,38,-1361)
[ORDER] commander=ai team=Team_Alien unit=Shocker kind=move dst=(146,38,-1361)
[ORDER] commander=ai team=Team_Alien unit=Shocker kind=move dst=(146,38,-1361)
[ORDER] commander=ai team=Team_Alien unit=Crab kind=move dst=(146,38,-1361)
[ORDER] commander=ai team=Team_Alien unit=Shocker kind=attack tgt=Sol_Headquarters(Clone) (Target)
[ORDER] commander=ai team=Team_Alien unit=Shocker kind=attack tgt=Sol_Headquarters(Clone) (Target)
[ORDER] commander=ai team=Team_Alien unit=Shocker kind=attack tgt=Sol_Headquarters(Clone) (Target)
[ORDER] commander=ai team=Team_Alien unit=Crab kind=attack tgt=Sol_Headquarters(Clone) (Target)
[ORDER] commander=ai team=Team_Alien unit=Crab kind=attack tgt=Sol_Light_LightStriker(Clone) (Target)
[ORDER] commander=ai team=Team_Alien unit=Crab kind=attack tgt=Sol_Light_LightStriker(Clone) (Target)
[ORDER] commander=ai team=Team_Alien unit=Crab kind=attack tgt=Sol_Light_LightStriker(Clone) (Target)
[ORDER] commander=ai team=Team_Alien unit=Crab kind=attack tgt=Sol_Light_LightStriker(Clone) (Target)
[ORDER] commander=ai team=Team_Alien unit=Hunter kind=attack tgt=Sol_Light_LightQuad(Clone) (Target)
[AI] [Team_Alien] tick=62 reqs=4 type={Construct:4} task={} prio(min/avg/max)=10/33.8/50 groups=0
[ORDER] commander=ai team=Team_Human_Centauri unit=Light Raider kind=move dst=(-882,40,-326)
[ORDER] commander=ai team=Team_Human_Centauri unit=Light Raider kind=move dst=(-882,40,-326)
[ORDER] commander=ai team=Team_Human_Centauri unit=Heavy Raider kind=move dst=(-882,40,-326)
[ORDER] commander=ai team=Team_Human_Centauri unit=Heavy Raider kind=move dst=(-826,40,-277)
[ORDER] commander=ai team=Team_Alien unit=Squid kind=move dst=(1270,29,86)
[ORDER] commander=ai team=Team_Alien unit=Squid kind=move dst=(1270,29,86)
[ORDER] commander=ai team=Team_Human_Sol unit=Light Striker kind=move dst=(-1727,114,-130)
[ORDER] commander=ai team=Team_Human_Sol unit=Light Striker kind=move dst=(-1727,114,-130)
[ORDER] commander=ai team=Team_Human_Sol unit=Heavy Quad kind=move dst=(-1727,114,-130)
[ORDER] commander=ai team=Team_Human_Sol unit=Platoon Hauler kind=move dst=(-430,35,-1750)
[ORDER] commander=ai team=Team_Human_Sol unit=Platoon Hauler kind=move dst=(-245,14,-1662)
[ORDER] commander=ai team=Team_Human_Sol unit=Platoon Hauler kind=attack tgt=Cent_Light_SquadTransport(Clone) (Target)
[ORDER] commander=ai team=Team_Human_Sol unit=Light Striker kind=attack tgt=Cent_Light_AssaultCar(Clone) (Target)
[ORDER] commander=ai team=Team_Human_Sol unit=Light Striker kind=attack tgt=Cent_Light_AssaultCar(Clone) (Target)
[ORDER] commander=ai team=Team_Human_Sol unit=Heavy Quad kind=attack tgt=Cent_Light_AssaultCar(Clone) (Target)
[ORDER] commander=ai team=Team_Human_Sol unit=Platoon Hauler kind=attack tgt=Cent_Light_SquadTransport(Clone) (Target)
[H2] team=Team_Human_Sol fire=Headquarters argmaxCell=(126,144) val=36 atWorld=(-1084,-364) hqCount=2
[AI] [Team_Human_Sol] tick=62 reqs=2 type={Construct:2} task={} prio(min/avg/max)=7/8.5/10 groups=0
[H2] team=Team_Human_Sol reject=HQ-too-close targetCell=(-1084,-364) landedAt=(-1080,-360) distToExistingHq=510m
[ORDER] commander=ai team=Team_Human_Sol unit=Platoon Hauler kind=move dst=(-852,42,-460)
[ORDER] commander=ai team=Team_Human_Sol unit=Platoon Hauler kind=move dst=(-847,43,-456)
[ORDER] commander=ai team=Team_Alien unit=Squid kind=move dst=(1270,29,86)
[ORDER] commander=ai team=Team_Alien unit=Squid kind=move dst=(1270,29,86)
[ORDER] commander=ai team=Team_Alien unit=Squid kind=move dst=(1270,29,86)
[ORDER] commander=ai team=Team_Human_Centauri unit=Light Raider kind=move dst=(-667,113,1318)
[ORDER] commander=ai team=Team_Human_Centauri unit=Light Raider kind=move dst=(-667,113,1318)
[ORDER] commander=ai team=Team_Human_Centauri unit=Heavy Raider kind=move dst=(-667,113,1318)
[ORDER] commander=ai team=Team_Human_Centauri unit=Light Raider kind=move dst=(-430,50,1730)
[ORDER] commander=ai team=Team_Human_Centauri unit=Light Raider kind=move dst=(-430,50,1730)
[ORDER] commander=ai team=Team_Human_Centauri unit=Heavy Raider kind=move dst=(-430,50,1730)
[ORDER] commander=ai team=Team_Human_Centauri unit=Squad Transport kind=move dst=(-1727,114,-130)
[ORDER] commander=ai team=Team_Human_Centauri unit=Light Raider kind=attack tgt=Sol_Headquarters(Clone) (Target)
[ORDER] commander=ai team=Team_Human_Centauri unit=Light Raider kind=attack tgt=Sol_Headquarters(Clone) (Target)
[ORDER] commander=ai team=Team_Human_Centauri unit=Heavy Raider kind=attack tgt=Sol_Headquarters(Clone) (Target)
[ORDER] commander=ai team=Team_Human_Centauri unit=Light Raider kind=attack tgt=Sol_Light_PlatoonHauler(Clone) (Target)
[ORDER] commander=ai team=Team_Human_Centauri unit=Light Raider kind=attack tgt=Sol_Light_PlatoonHauler(Clone) (Target)
[ORDER] commander=ai team=Team_Human_Centauri unit=Heavy Raider kind=attack tgt=Sol_Light_PlatoonHauler(Clone) (Target)
[ORDER] commander=ai team=Team_Human_Centauri unit=Squad Transport kind=attack tgt=Sol_Light_PlatoonHauler(Clone) (Target)
[H2] team=Team_Human_Centauri fire=Headquarters argmaxCell=(122,158) val=48 atWorld=(-1244,196) hqCount=2
[AI] [Team_Human_Centauri] tick=63 reqs=3 type={Construct:3} task={} prio(min/avg/max)=10/40.7/62 groups=0
[P31] team=Team_Alien preset=Harvest stock=Shrimp ours=Shrimp agree=True rationale=biotic cap (have 11/70)
[ORDER] commander=ai team=Team_Alien unit=Crab kind=move dst=(309,46,1050)
[ORDER] commander=ai team=Team_Alien unit=Crab kind=move dst=(309,46,1050)
[ORDER] commander=ai team=Team_Alien unit=Crab kind=move dst=(309,46,1050)
[ORDER] commander=ai team=Team_Alien unit=Crab kind=move dst=(309,46,1050)
[ORDER] commander=ai team=Team_Alien unit=Hunter kind=move dst=(-393,51,773)
[ORDER] commander=ai team=Team_Alien unit=Shocker kind=move dst=(146,38,-1361)
[ORDER] commander=ai team=Team_Alien unit=Shocker kind=move dst=(146,38,-1361)
[ORDER] commander=ai team=Team_Alien unit=Shocker kind=move dst=(146,38,-1361)
[ORDER] commander=ai team=Team_Alien unit=Crab kind=move dst=(146,38,-1361)
[ORDER] commander=ai team=Team_Alien unit=Crab kind=attack tgt=Sol_Light_PlatoonHauler(Clone) (Target)
[ORDER] commander=ai team=Team_Alien unit=Horned Crab kind=attack tgt=Sol_Light_PlatoonHauler(Clone) (Target)
[ORDER] commander=ai team=Team_Alien unit=Horned Crab kind=attack tgt=Sol_Light_PlatoonHauler(Clone) (Target)
[ORDER] commander=ai team=Team_Alien unit=Shocker kind=attack tgt=Sol_Light_PlatoonHauler(Clone) (Target)
[ORDER] commander=ai team=Team_Alien unit=Hunter kind=attack tgt=Cent_Soldier_Militia(Clone) (Target)
[ORDER] commander=ai team=Team_Alien unit=Hunter kind=attack tgt=Cent_Soldier_Militia(Clone) (Target)
[ORDER] commander=ai team=Team_Alien unit=Shocker kind=attack tgt=Sol_Headquarters(Clone) (Target)
[ORDER] commander=ai team=Team_Alien unit=Shocker kind=attack tgt=Sol_Headquarters(Clone) (Target)
[ORDER] commander=ai team=Team_Alien unit=Shocker kind=attack tgt=Sol_Headquarters(Clone) (Target)
[ORDER] commander=ai team=Team_Alien unit=Crab kind=attack tgt=Sol_Headquarters(Clone) (Target)
[ORDER] commander=ai team=Team_Alien unit=Crab kind=attack tgt=Sol_Light_LightStriker(Clone) (Target)
[ORDER] commander=ai team=Team_Alien unit=Crab kind=attack tgt=Sol_Light_LightStriker(Clone) (Target)
[ORDER] commander=ai team=Team_Alien unit=Crab kind=attack tgt=Sol_Light_LightStriker(Clone) (Target)
[ORDER] commander=ai team=Team_Alien unit=Crab kind=attack tgt=Sol_Light_LightStriker(Clone) (Target)
[ORDER] commander=ai team=Team_Alien unit=Hunter kind=attack tgt=Sol_Light_LightQuad(Clone) (Target)
[AI] [Team_Alien] tick=63 reqs=4 type={Construct:4} task={} prio(min/avg/max)=10/33.8/50 groups=0
[ORDER] commander=ai team=Team_Human_Centauri unit=Light Raider kind=move dst=(-1095,24,-870)
[ORDER] commander=ai team=Team_Human_Centauri unit=Light Raider kind=move dst=(-1095,24,-870)
[ORDER] commander=ai team=Team_Human_Centauri unit=Heavy Raider kind=move dst=(-1095,24,-870)
[ORDER] commander=ai team=Team_Human_Centauri unit=Assault Car kind=move dst=(-847,41,-305)
[ORDER] commander=ai team=Team_Alien unit=Squid kind=move dst=(1270,29,86)
[ORDER] commander=ai team=Team_Alien unit=Squid kind=move dst=(1270,29,86)
[ORDER] commander=ai team=Team_Alien unit=Squid kind=move dst=(1270,29,86)
[ORDER] commander=ai team=Team_Human_Sol unit=Scout kind=move dst=(-839,44,-331)
[ORDER] commander=ai team=Team_Human_Centauri unit=Light Raider kind=move dst=(-686,52,664)
[ORDER] commander=ai team=Team_Human_Centauri unit=Light Raider kind=move dst=(-686,52,664)
[ORDER] commander=ai team=Team_Human_Centauri unit=Heavy Raider kind=stop
[ORDER] commander=ai team=Team_Human_Sol unit=Light Striker kind=move dst=(-1727,114,-130)
[ORDER] commander=ai team=Team_Human_Sol unit=Light Striker kind=move dst=(-1727,114,-130)
[ORDER] commander=ai team=Team_Human_Sol unit=Heavy Quad kind=move dst=(-1727,114,-130)
[ORDER] commander=ai team=Team_Human_Sol unit=Platoon Hauler kind=move dst=(-430,35,-1750)
[ORDER] commander=ai team=Team_Human_Sol unit=Platoon Hauler kind=move dst=(-245,14,-1662)
[ORDER] commander=ai team=Team_Human_Sol unit=Light Striker kind=attack tgt=Cent_Light_AssaultCar(Clone) (Target)
[ORDER] commander=ai team=Team_Human_Sol unit=Light Striker kind=attack tgt=Cent_Light_AssaultCar(Clone) (Target)
[ORDER] commander=ai team=Team_Human_Sol unit=Heavy Quad kind=attack tgt=Cent_Light_AssaultCar(Clone) (Target)
[ORDER] commander=ai team=Team_Human_Sol unit=Platoon Hauler kind=attack tgt=Cent_Light_SquadTransport(Clone) (Target)
[H1] team=Team_Human_Sol fire=Refinery atBalterium=(-1229,-735) refCount=2
[H1] team=Team_Human_Sol fire=Refinery atBalterium=(-1515,-1118) refCount=3
[H2] team=Team_Human_Sol fire=Headquarters argmaxCell=(126,144) val=36 atWorld=(-1084,-364) hqCount=2
[H3] team=Team_Human_Sol fire=Barracks nearHq=(-1095,-870)
[H3] team=Team_Human_Sol fire=Research Facility nearHq=(-1095,-870)
[AI] [Team_Human_Sol] tick=63 reqs=2 type={Construct:2} task={} prio(min/avg/max)=7/8.5/10 groups=0
[H2] team=Team_Human_Sol reject=HQ-too-close targetCell=(-1084,-364) landedAt=(-1080,-360) distToExistingHq=510m
[ORDER] commander=ai team=Team_Human_Sol unit=Platoon Hauler kind=move dst=(-833,44,-475)
[ORDER] commander=ai team=Team_Alien unit=Squid kind=move dst=(1270,29,86)
[ORDER] commander=ai team=Team_Alien unit=Squid kind=move dst=(1270,29,86)
[ORDER] commander=ai team=Team_Alien unit=Squid kind=move dst=(1270,29,86)
[ORDER] commander=ai team=Team_Alien unit=Crab kind=move dst=(103,29,-678)
[ORDER] commander=ai team=Team_Alien unit=Shocker kind=stop
[ORDER] commander=ai team=Team_Alien unit=Shocker kind=move dst=(103,29,-678)
[ORDER] commander=ai team=Team_Alien unit=Shocker kind=move dst=(103,29,-678)
[SPAWN_S] team=Team_Alien structure=Node at=(365,70)
[SPAWN_S] team=Team_Alien structure=Node at=(1020,-745)
[SPAWN_S] team=Team_Alien structure=Node at=(400,-190)
[SPAWN_S] team=Team_Alien structure=Node at=(820,-630)
[ORDER] commander=ai team=Team_Human_Centauri unit=Light Raider kind=move dst=(-667,113,1318)
[ORDER] commander=ai team=Team_Human_Centauri unit=Light Raider kind=move dst=(-667,113,1318)
[ORDER] commander=ai team=Team_Human_Centauri unit=Heavy Raider kind=move dst=(-667,113,1318)
[ORDER] commander=ai team=Team_Human_Centauri unit=Light Raider kind=move dst=(-430,50,1730)
[ORDER] commander=ai team=Team_Human_Centauri unit=Light Raider kind=move dst=(-430,50,1730)
[ORDER] commander=ai team=Team_Human_Centauri unit=Heavy Raider kind=move dst=(-430,50,1730)
[ORDER] commander=ai team=Team_Human_Centauri unit=Squad Transport kind=move dst=(-1727,114,-130)
[ORDER] commander=ai team=Team_Human_Centauri unit=Light Raider kind=attack tgt=Sol_Headquarters(Clone) (Target)
[ORDER] commander=ai team=Team_Human_Centauri unit=Light Raider kind=attack tgt=Sol_Headquarters(Clone) (Target)
[ORDER] commander=ai team=Team_Human_Centauri unit=Heavy Raider kind=attack tgt=Sol_Headquarters(Clone) (Target)
[ORDER] commander=ai team=Team_Human_Centauri unit=Light Raider kind=attack tgt=Sol_Light_PlatoonHauler(Clone) (Target)
[ORDER] commander=ai team=Team_Human_Centauri unit=Light Raider kind=attack tgt=Sol_Light_PlatoonHauler(Clone) (Target)
[ORDER] commander=ai team=Team_Human_Centauri unit=Heavy Raider kind=attack tgt=Sol_Light_PlatoonHauler(Clone) (Target)
[ORDER] commander=ai team=Team_Human_Centauri unit=Squad Transport kind=attack tgt=Sol_Light_PlatoonHauler(Clone) (Target)
[H2] team=Team_Human_Centauri fire=Headquarters argmaxCell=(107,185) val=42 atWorld=(-1844,1276) hqCount=2
[AI] [Team_Human_Centauri] tick=64 reqs=4 type={Construct:4} task={} prio(min/avg/max)=10/37.0/62 groups=0
[P31] team=Team_Alien preset=Harvest stock=Shrimp ours=Shrimp agree=True rationale=biotic cap (have 11/70)
[ORDER] commander=ai team=Team_Alien unit=Crab kind=attack tgt=Sol_UltraHeavyFactory(Clone) (Target)
[ORDER] commander=ai team=Team_Alien unit=Horned Crab kind=attack tgt=Sol_UltraHeavyFactory(Clone) (Target)
[ORDER] commander=ai team=Team_Alien unit=Horned Crab kind=attack tgt=Sol_UltraHeavyFactory(Clone) (Target)
[ORDER] commander=ai team=Team_Alien unit=Shocker kind=attack tgt=Sol_UltraHeavyFactory(Clone) (Target)
[ORDER] commander=ai team=Team_Alien unit=Crab kind=move dst=(309,46,1050)
[ORDER] commander=ai team=Team_Alien unit=Crab kind=move dst=(309,46,1050)
[ORDER] commander=ai team=Team_Alien unit=Crab kind=move dst=(309,46,1050)
[ORDER] commander=ai team=Team_Alien unit=Crab kind=move dst=(309,46,1050)
[ORDER] commander=ai team=Team_Alien unit=Hunter kind=move dst=(-393,51,773)
[ORDER] commander=ai team=Team_Alien unit=Hunter kind=move dst=(-393,51,773)
[ORDER] commander=ai team=Team_Alien unit=Shocker kind=move dst=(146,38,-1361)
[ORDER] commander=ai team=Team_Alien unit=Shocker kind=move dst=(146,38,-1361)
[ORDER] commander=ai team=Team_Alien unit=Shocker kind=move dst=(146,38,-1361)
[ORDER] commander=ai team=Team_Alien unit=Crab kind=move dst=(146,38,-1361)
[ORDER] commander=ai team=Team_Alien unit=Hunter kind=attack tgt=Cent_Soldier_Militia(Clone) (Target)
[ORDER] commander=ai team=Team_Alien unit=Hunter kind=attack tgt=Cent_Soldier_Militia(Clone) (Target)
[ORDER] commander=ai team=Team_Alien unit=Wasp kind=attack tgt=HeavyQuad_Intro(Clone) (Target)
[ORDER] commander=ai team=Team_Alien unit=Squid kind=attack tgt=HeavyQuad_Intro(Clone) (Target)
[ORDER] commander=ai team=Team_Alien unit=Squid kind=attack tgt=HeavyQuad_Intro(Clone) (Target)
[ORDER] commander=ai team=Team_Alien unit=Squid kind=attack tgt=HeavyQuad_Intro(Clone) (Target)
[ORDER] commander=ai team=Team_Alien unit=Shocker kind=attack tgt=Sol_Headquarters(Clone) (Target)
[ORDER] commander=ai team=Team_Alien unit=Shocker kind=attack tgt=Sol_Headquarters(Clone) (Target)
[ORDER] commander=ai team=Team_Alien unit=Shocker kind=attack tgt=Sol_Headquarters(Clone) (Target)
[ORDER] commander=ai team=Team_Alien unit=Crab kind=attack tgt=Sol_Headquarters(Clone) (Target)
[ORDER] commander=ai team=Team_Alien unit=Crab kind=attack tgt=Sol_Light_LightStriker(Clone) (Target)
[ORDER] commander=ai team=Team_Alien unit=Crab kind=attack tgt=Sol_Light_LightStriker(Clone) (Target)
[ORDER] commander=ai team=Team_Alien unit=Crab kind=attack tgt=Sol_Light_LightStriker(Clone) (Target)
[ORDER] commander=ai team=Team_Alien unit=Crab kind=attack tgt=Sol_Light_LightStriker(Clone) (Target)
[ORDER] commander=ai team=Team_Alien unit=Hunter kind=attack tgt=Sol_Light_LightQuad(Clone) (Target)
[ORDER] commander=ai team=Team_Alien unit=Hunter kind=attack tgt=Sol_Light_LightQuad(Clone) (Target)
[AI] [Team_Alien] tick=64 reqs=4 type={Construct:4} task={} prio(min/avg/max)=10/33.8/50 groups=0
[SPAWN_U] team=Team_Alien unit=Shrimp
[ORDER] commander=ai team=Team_Human_Centauri unit=Light Raider kind=move dst=(-1095,24,-870)
[ORDER] commander=ai team=Team_Human_Centauri unit=Light Raider kind=move dst=(-1095,24,-870)
[ORDER] commander=ai team=Team_Human_Centauri unit=Heavy Raider kind=move dst=(-1095,24,-870)
[ORDER] commander=ai team=Team_Alien unit=Squid kind=move dst=(1270,29,86)
[ORDER] commander=ai team=Team_Alien unit=Squid kind=move dst=(1270,29,86)
[ORDER] commander=ai team=Team_Alien unit=Squid kind=move dst=(1270,29,86)
[ORDER] commander=ai team=Team_Alien unit=Shocker kind=move dst=(-1050,12,-1185)
[SPAWN_U] team=Team_Alien unit=Shrimp
[ORDER] commander=ai team=Team_Human_Centauri unit=Light Raider kind=move dst=(-686,52,664)
[ORDER] commander=ai team=Team_Human_Centauri unit=Light Raider kind=move dst=(-686,52,664)
[ORDER] commander=ai team=Team_Human_Centauri unit=Heavy Raider kind=stop
[ORDER] commander=ai team=Team_Human_Sol unit=Platoon Hauler kind=move dst=(-1727,114,-130)
[ORDER] commander=ai team=Team_Human_Sol unit=Light Striker kind=move dst=(-430,35,-1750)
[ORDER] commander=ai team=Team_Human_Sol unit=Light Striker kind=move dst=(-430,35,-1750)
[ORDER] commander=ai team=Team_Human_Sol unit=Heavy Quad kind=move dst=(-430,35,-1750)
[ORDER] commander=ai team=Team_Human_Sol unit=Scout kind=move dst=(-245,14,-1662)
[ORDER] commander=ai team=Team_Human_Sol unit=Rifleman kind=move dst=(-245,14,-1662)
[H2] team=Team_Human_Sol fire=Headquarters argmaxCell=(126,144) val=36 atWorld=(-1084,-364) hqCount=2
[AI] [Team_Human_Sol] tick=64 reqs=2 type={Construct:2} task={} prio(min/avg/max)=7/8.5/10 groups=0
[H2] team=Team_Human_Sol reject=HQ-too-close targetCell=(-1084,-364) landedAt=(-1080,-360) distToExistingHq=510m
[ORDER] commander=ai team=Team_Human_Centauri unit=Squad Transport kind=move dst=(-812,56,-455)
[ORDER] commander=ai team=Team_Alien unit=Wasp kind=stop
[ORDER] commander=ai team=Team_Alien unit=Squid kind=move dst=(1269,34,85)
[ORDER] commander=ai team=Team_Alien unit=Squid kind=move dst=(1269,34,85)
[SPAWN_S] team=Team_Alien structure=Node at=(640,860)
[ORDER] commander=ai team=Team_Alien unit=Wasp kind=move dst=(-609,38,-309)
[ORDER] commander=ai team=Team_Alien unit=Squid kind=move dst=(-609,38,-309)
[ORDER] commander=ai team=Team_Alien unit=Squid kind=move dst=(-609,38,-309)
[ORDER] commander=ai team=Team_Alien unit=Squid kind=move dst=(-609,38,-309)
[ORDER] commander=ai team=Team_Human_Centauri unit=Light Raider kind=move dst=(-667,113,1318)
[ORDER] commander=ai team=Team_Human_Centauri unit=Light Raider kind=move dst=(-667,113,1318)
[ORDER] commander=ai team=Team_Human_Centauri unit=Heavy Raider kind=move dst=(-667,113,1318)
[ORDER] commander=ai team=Team_Human_Centauri unit=Light Raider kind=move dst=(-430,50,1730)
[ORDER] commander=ai team=Team_Human_Centauri unit=Light Raider kind=move dst=(-430,50,1730)
[ORDER] commander=ai team=Team_Human_Centauri unit=Heavy Raider kind=move dst=(-430,50,1730)
[ORDER] commander=ai team=Team_Human_Centauri unit=Squad Transport kind=move dst=(-1727,114,-130)
[ORDER] commander=ai team=Team_Human_Centauri unit=Light Raider kind=attack tgt=Sol_Headquarters(Clone) (Target)
[ORDER] commander=ai team=Team_Human_Centauri unit=Light Raider kind=attack tgt=Sol_Headquarters(Clone) (Target)
[ORDER] commander=ai team=Team_Human_Centauri unit=Heavy Raider kind=attack tgt=Sol_Headquarters(Clone) (Target)
[ORDER] commander=ai team=Team_Human_Centauri unit=Light Raider kind=attack tgt=Sol_Light_PlatoonHauler(Clone) (Target)
[ORDER] commander=ai team=Team_Human_Centauri unit=Light Raider kind=attack tgt=Sol_Light_PlatoonHauler(Clone) (Target)
[ORDER] commander=ai team=Team_Human_Centauri unit=Heavy Raider kind=attack tgt=Sol_Light_PlatoonHauler(Clone) (Target)
[ORDER] commander=ai team=Team_Human_Centauri unit=Squad Transport kind=attack tgt=Sol_Light_PlatoonHauler(Clone) (Target)
[H2] team=Team_Human_Centauri fire=Headquarters argmaxCell=(107,185) val=42 atWorld=(-1844,1276) hqCount=2
[AI] [Team_Human_Centauri] tick=65 reqs=4 type={Construct:4} task={} prio(min/avg/max)=10/38.5/62 groups=0
[P31] team=Team_Alien preset=Harvest stock=Shrimp ours=Shrimp agree=True rationale=biotic cap (have 13/70)
[ORDER] commander=ai team=Team_Alien unit=Shrimp kind=move dst=(1289,32,273)
[ORDER] commander=ai team=Team_Alien unit=Crab kind=move dst=(309,46,1050)
[ORDER] commander=ai team=Team_Alien unit=Crab kind=move dst=(309,46,1050)
[ORDER] commander=ai team=Team_Alien unit=Crab kind=move dst=(309,46,1050)
[ORDER] commander=ai team=Team_Alien unit=Crab kind=move dst=(309,46,1050)
[ORDER] commander=ai team=Team_Alien unit=Hunter kind=move dst=(-393,51,773)
[ORDER] commander=ai team=Team_Alien unit=Hunter kind=move dst=(-393,51,773)
[ORDER] commander=ai team=Team_Alien unit=Shocker kind=move dst=(146,38,-1361)
[ORDER] commander=ai team=Team_Alien unit=Shocker kind=move dst=(146,38,-1361)
[ORDER] commander=ai team=Team_Alien unit=Shocker kind=move dst=(146,38,-1361)
[ORDER] commander=ai team=Team_Alien unit=Crab kind=move dst=(146,38,-1361)
[ORDER] commander=ai team=Team_Alien unit=Queen kind=attack tgt=Cent_Soldier_Militia(Clone) (Target)
[ORDER] commander=ai team=Team_Alien unit=Shocker kind=attack tgt=Sol_Headquarters(Clone) (Target)
[ORDER] commander=ai team=Team_Alien unit=Shocker kind=attack tgt=Sol_Headquarters(Clone) (Target)
[ORDER] commander=ai team=Team_Alien unit=Shocker kind=attack tgt=Sol_Headquarters(Clone) (Target)
[ORDER] commander=ai team=Team_Alien unit=Crab kind=attack tgt=Sol_Headquarters(Clone) (Target)
[ORDER] commander=ai team=Team_Alien unit=Crab kind=attack tgt=Sol_Light_LightStriker(Clone) (Target)
[ORDER] commander=ai team=Team_Alien unit=Crab kind=attack tgt=Sol_Light_LightStriker(Clone) (Target)
[ORDER] commander=ai team=Team_Alien unit=Crab kind=attack tgt=Sol_Light_LightStriker(Clone) (Target)
[ORDER] commander=ai team=Team_Alien unit=Crab kind=attack tgt=Sol_Light_LightStriker(Clone) (Target)
[ORDER] commander=ai team=Team_Alien unit=Hunter kind=attack tgt=Sol_Light_LightQuad(Clone) (Target)
[ORDER] commander=ai team=Team_Alien unit=Hunter kind=attack tgt=Sol_Light_LightQuad(Clone) (Target)
[AI] [Team_Alien] tick=65 reqs=4 type={Construct:4} task={} prio(min/avg/max)=10/41.3/81 groups=0
[ORDER] commander=ai team=Team_Human_Centauri unit=Light Raider kind=move dst=(-1095,24,-870)
[ORDER] commander=ai team=Team_Human_Centauri unit=Light Raider kind=move dst=(-1095,24,-870)
[ORDER] commander=ai team=Team_Human_Centauri unit=Heavy Raider kind=move dst=(-1095,24,-870)
[ORDER] commander=ai team=Team_Human_Centauri unit=Light Raider kind=move dst=(-686,52,664)
[ORDER] commander=ai team=Team_Human_Centauri unit=Light Raider kind=move dst=(-686,52,664)
[ORDER] commander=ai team=Team_Human_Centauri unit=Heavy Raider kind=stop
[H1] team=Team_Human_Sol fire=Refinery atBalterium=(-1229,-735) refCount=2
[H1] team=Team_Human_Sol fire=Refinery atBalterium=(-1515,-1118) refCount=3
[H2] team=Team_Human_Sol fire=Headquarters argmaxCell=(126,144) val=36 atWorld=(-1084,-364) hqCount=2
[H3] team=Team_Human_Sol fire=Barracks nearHq=(-1095,-870)
[H3] team=Team_Human_Sol fire=Research Facility nearHq=(-1095,-870)
[AI] [Team_Human_Sol] tick=65 reqs=2 type={Construct:2} task={} prio(min/avg/max)=7/8.5/10 groups=0
[H2] team=Team_Human_Sol reject=HQ-too-close targetCell=(-1084,-364) landedAt=(-1080,-360) distToExistingHq=510m
[ORDER] commander=ai team=Team_Human_Sol unit=Platoon Hauler kind=move dst=(-820,51,-459)
[ORDER] commander=ai team=Team_Alien unit=Queen kind=move dst=(-724,37,-41)
[ORDER] commander=ai team=Team_Human_Centauri unit=Light Raider kind=move dst=(-686,52,664)
[ORDER] commander=ai team=Team_Alien unit=Crab kind=move dst=(2,28,-14)
[ORDER] commander=ai team=Team_Alien unit=Horned Crab kind=move dst=(2,28,-14)
[ORDER] commander=ai team=Team_Alien unit=Horned Crab kind=move dst=(2,28,-14)
[ORDER] commander=ai team=Team_Alien unit=Shocker kind=stop
[ORDER] commander=ai team=Team_Human_Centauri unit=Light Raider kind=move dst=(-667,113,1318)
[ORDER] commander=ai team=Team_Human_Centauri unit=Light Raider kind=move dst=(-667,113,1318)
[ORDER] commander=ai team=Team_Human_Centauri unit=Heavy Raider kind=move dst=(-667,113,1318)
[ORDER] commander=ai team=Team_Human_Centauri unit=Light Raider kind=move dst=(-430,50,1730)
[ORDER] commander=ai team=Team_Human_Centauri unit=Light Raider kind=move dst=(-430,50,1730)
[ORDER] commander=ai team=Team_Human_Centauri unit=Heavy Raider kind=move dst=(-430,50,1730)
[ORDER] commander=ai team=Team_Human_Centauri unit=Squad Transport kind=move dst=(-1727,114,-130)
[ORDER] commander=ai team=Team_Human_Centauri unit=Light Raider kind=attack tgt=Sol_Headquarters(Clone) (Target)
[ORDER] commander=ai team=Team_Human_Centauri unit=Light Raider kind=attack tgt=Sol_Headquarters(Clone) (Target)
[ORDER] commander=ai team=Team_Human_Centauri unit=Heavy Raider kind=attack tgt=Sol_Headquarters(Clone) (Target)
[ORDER] commander=ai team=Team_Human_Centauri unit=Light Raider kind=attack tgt=Sol_Light_PlatoonHauler(Clone) (Target)
[ORDER] commander=ai team=Team_Human_Centauri unit=Light Raider kind=attack tgt=Sol_Light_PlatoonHauler(Clone) (Target)
[ORDER] commander=ai team=Team_Human_Centauri unit=Heavy Raider kind=attack tgt=Sol_Light_PlatoonHauler(Clone) (Target)
[ORDER] commander=ai team=Team_Human_Centauri unit=Squad Transport kind=attack tgt=Sol_Light_PlatoonHauler(Clone) (Target)
[H2] team=Team_Human_Centauri fire=Headquarters argmaxCell=(107,185) val=42 atWorld=(-1844,1276) hqCount=2
[H3] team=Team_Human_Centauri fire=Research Facility nearHq=(-1110,840)
[AI] [Team_Human_Centauri] tick=66 reqs=5 type={Construct:5} task={} prio(min/avg/max)=10/47.8/81 groups=0
[P31] team=Team_Alien preset=Harvest stock=Shrimp ours=Shrimp agree=True rationale=biotic cap (have 13/70)
[ORDER] commander=ai team=Team_Alien unit=Crab kind=move dst=(309,46,1050)
[ORDER] commander=ai team=Team_Alien unit=Crab kind=move dst=(309,46,1050)
[ORDER] commander=ai team=Team_Alien unit=Crab kind=move dst=(309,46,1050)
[ORDER] commander=ai team=Team_Alien unit=Crab kind=move dst=(309,46,1050)
[ORDER] commander=ai team=Team_Alien unit=Hunter kind=move dst=(-393,51,773)
[ORDER] commander=ai team=Team_Alien unit=Hunter kind=move dst=(-393,51,773)
[ORDER] commander=ai team=Team_Alien unit=Shocker kind=move dst=(146,38,-1361)
[ORDER] commander=ai team=Team_Alien unit=Shocker kind=move dst=(146,38,-1361)
[ORDER] commander=ai team=Team_Alien unit=Shocker kind=move dst=(146,38,-1361)
[ORDER] commander=ai team=Team_Alien unit=Crab kind=move dst=(146,38,-1361)
[ORDER] commander=ai team=Team_Alien unit=Shocker kind=attack tgt=Sol_Headquarters(Clone) (Target)
[ORDER] commander=ai team=Team_Alien unit=Shocker kind=attack tgt=Sol_Headquarters(Clone) (Target)
[ORDER] commander=ai team=Team_Alien unit=Shocker kind=attack tgt=Sol_Headquarters(Clone) (Target)
[ORDER] commander=ai team=Team_Alien unit=Crab kind=attack tgt=Sol_Headquarters(Clone) (Target)
[ORDER] commander=ai team=Team_Alien unit=Crab kind=attack tgt=Sol_Light_LightStriker(Clone) (Target)
[ORDER] commander=ai team=Team_Alien unit=Crab kind=attack tgt=Sol_Light_LightStriker(Clone) (Target)
[ORDER] commander=ai team=Team_Alien unit=Crab kind=attack tgt=Sol_Light_LightStriker(Clone) (Target)
[ORDER] commander=ai team=Team_Alien unit=Crab kind=attack tgt=Sol_Light_LightStriker(Clone) (Target)
[ORDER] commander=ai team=Team_Alien unit=Hunter kind=attack tgt=Sol_Refinery(Clone) (Target)
[ORDER] commander=ai team=Team_Alien unit=Hunter kind=attack tgt=Sol_Refinery(Clone) (Target)
[AI] [Team_Alien] tick=66 reqs=4 type={Construct:4} task={} prio(min/avg/max)=10/41.3/81 groups=0
[SPAWN_U] team=Team_Alien unit=Shrimp
[ORDER] commander=ai team=Team_Human_Centauri unit=Light Raider kind=move dst=(-1095,24,-870)
[ORDER] commander=ai team=Team_Human_Centauri unit=Light Raider kind=move dst=(-1095,24,-870)
[ORDER] commander=ai team=Team_Human_Centauri unit=Heavy Raider kind=move dst=(-1095,24,-870)
[ORDER] commander=ai team=Team_Alien unit=Wasp kind=stop
[ORDER] commander=ai team=Team_Alien unit=Squid kind=move dst=(1195,75,66)
[ORDER] commander=ai team=Team_Alien unit=Squid kind=move dst=(1195,75,66)
[ORDER] commander=ai team=Team_Alien unit=Squid kind=move dst=(1195,75,66)
[ORDER] commander=ai team=Team_Alien unit=Shocker kind=move dst=(-1095,24,-870)
[ORDER] commander=ai team=Team_Alien unit=Shocker kind=move dst=(-1095,24,-870)
[ORDER] commander=ai team=Team_Alien unit=Shocker kind=move dst=(-1095,24,-870)
[ORDER] commander=ai team=Team_Alien unit=Crab kind=move dst=(-1095,24,-870)
[ORDER] commander=ai team=Team_Human_Centauri unit=Light Raider kind=move dst=(-686,52,663)
[ORDER] commander=ai team=Team_Human_Centauri unit=Light Raider kind=move dst=(-686,52,663)
[ORDER] commander=ai team=Team_Human_Centauri unit=Heavy Raider kind=stop
[H2] team=Team_Human_Sol fire=Headquarters argmaxCell=(118,152) val=66 atWorld=(-1404,-44) hqCount=2
[AI] [Team_Human_Sol] tick=66 reqs=2 type={Construct:2} task={} prio(min/avg/max)=7/8.5/10 groups=0
[ORDER] commander=ai team=Team_Human_Centauri unit=Light Raider kind=move dst=(-686,52,663)
[ORDER] commander=ai team=Team_Alien unit=Shocker kind=move dst=(0,20,0)
[ORDER] commander=ai team=Team_Human_Sol unit=Heavy Quad kind=move dst=(-815,52,-458)
[ORDER] commander=ai team=Team_Human_Centauri unit=Light Raider kind=move dst=(-707,32,591)
[ORDER] commander=ai team=Team_Human_Centauri unit=Light Raider kind=move dst=(-707,32,591)
[ORDER] commander=ai team=Team_Human_Centauri unit=Heavy Raider kind=stop
[ORDER] commander=ai team=Team_Alien unit=Horned Crab kind=move dst=(0,20,0)
[ORDER] commander=ai team=Team_Human_Centauri unit=Squad Transport kind=move dst=(-667,113,1318)
[ORDER] commander=ai team=Team_Human_Centauri unit=Light Raider kind=move dst=(-430,50,1730)
[ORDER] commander=ai team=Team_Human_Centauri unit=Light Raider kind=move dst=(-430,50,1730)
[ORDER] commander=ai team=Team_Human_Centauri unit=Heavy Raider kind=move dst=(-430,50,1730)
[ORDER] commander=ai team=Team_Human_Centauri unit=Squad Transport kind=move dst=(-1727,114,-130)
[ORDER] commander=ai team=Team_Human_Centauri unit=Light Raider kind=attack tgt=Sol_Headquarters(Clone) (Target)
[ORDER] commander=ai team=Team_Human_Centauri unit=Light Raider kind=attack tgt=Sol_Headquarters(Clone) (Target)
[ORDER] commander=ai team=Team_Human_Centauri unit=Heavy Raider kind=attack tgt=Sol_Headquarters(Clone) (Target)
[ORDER] commander=ai team=Team_Human_Centauri unit=Squad Transport kind=attack tgt=Sol_Light_PlatoonHauler(Clone) (Target)
[ORDER] commander=ai team=Team_Human_Centauri unit=Squad Transport kind=attack tgt=Sol_Light_PlatoonHauler(Clone) (Target)
[H2] team=Team_Human_Centauri fire=Headquarters argmaxCell=(107,185) val=42 atWorld=(-1844,1276) hqCount=2
[AI] [Team_Human_Centauri] tick=67 reqs=5 type={Construct:5} task={} prio(min/avg/max)=10/47.2/81 groups=0
[P31] team=Team_Alien preset=Harvest stock=Shrimp ours=Shrimp agree=True rationale=biotic cap (have 14/70)
[ORDER] commander=ai team=Team_Alien unit=Crab kind=move dst=(309,46,1050)
[ORDER] commander=ai team=Team_Alien unit=Crab kind=move dst=(309,46,1050)
[ORDER] commander=ai team=Team_Alien unit=Crab kind=move dst=(309,46,1050)
[ORDER] commander=ai team=Team_Alien unit=Crab kind=move dst=(309,46,1050)
[ORDER] commander=ai team=Team_Alien unit=Hunter kind=move dst=(-393,51,773)
[ORDER] commander=ai team=Team_Alien unit=Hunter kind=move dst=(-393,51,773)
[ORDER] commander=ai team=Team_Alien unit=Shocker kind=move dst=(146,38,-1361)
[ORDER] commander=ai team=Team_Alien unit=Shocker kind=move dst=(146,38,-1361)
[ORDER] commander=ai team=Team_Alien unit=Shocker kind=move dst=(146,38,-1361)
[ORDER] commander=ai team=Team_Alien unit=Crab kind=move dst=(146,38,-1361)
[ORDER] commander=ai team=Team_Alien unit=Queen kind=attack tgt=Sol_Light_PlatoonHauler(Clone) (Target)
[ORDER] commander=ai team=Team_Alien unit=Shocker kind=attack tgt=Sol_Headquarters(Clone) (Target)
[ORDER] commander=ai team=Team_Alien unit=Shocker kind=attack tgt=Sol_Headquarters(Clone) (Target)
[ORDER] commander=ai team=Team_Alien unit=Shocker kind=attack tgt=Sol_Headquarters(Clone) (Target)
[ORDER] commander=ai team=Team_Alien unit=Crab kind=attack tgt=Sol_Headquarters(Clone) (Target)
[ORDER] commander=ai team=Team_Alien unit=Crab kind=attack tgt=Sol_Light_LightStriker(Clone) (Target)
[ORDER] commander=ai team=Team_Alien unit=Crab kind=attack tgt=Sol_Light_LightStriker(Clone) (Target)
[ORDER] commander=ai team=Team_Alien unit=Crab kind=attack tgt=Sol_Light_LightStriker(Clone) (Target)
[ORDER] commander=ai team=Team_Alien unit=Crab kind=attack tgt=Sol_Light_LightStriker(Clone) (Target)
[ORDER] commander=ai team=Team_Alien unit=Hunter kind=attack tgt=Sol_Refinery(Clone) (Target)
[ORDER] commander=ai team=Team_Alien unit=Hunter kind=attack tgt=Sol_Refinery(Clone) (Target)
[AI] [Team_Alien] tick=67 reqs=4 type={Construct:4} task={} prio(min/avg/max)=10/35.5/62 groups=0
[ORDER] commander=ai team=Team_Human_Centauri unit=Light Raider kind=move dst=(-712,33,592)
[ORDER] commander=ai team=Team_Human_Centauri unit=Light Raider kind=move dst=(-712,33,592)
[ORDER] commander=ai team=Team_Human_Centauri unit=Squad Transport kind=move dst=(-822,50,-459)
[ORDER] commander=ai team=Team_Alien unit=Wasp kind=move dst=(-707,40,-280)
[ORDER] commander=ai team=Team_Alien unit=Squid kind=move dst=(-707,40,-280)
[ORDER] commander=ai team=Team_Alien unit=Squid kind=move dst=(-707,40,-280)
[ORDER] commander=ai team=Team_Alien unit=Squid kind=move dst=(-707,40,-280)
[ORDER] commander=ai team=Team_Alien unit=Shocker kind=move dst=(-1095,24,-870)
[ORDER] commander=ai team=Team_Alien unit=Shocker kind=move dst=(-1095,24,-870)
[ORDER] commander=ai team=Team_Alien unit=Shocker kind=move dst=(-1095,24,-870)
[ORDER] commander=ai team=Team_Alien unit=Crab kind=move dst=(-1095,24,-870)
[ORDER] commander=ai team=Team_Human_Centauri unit=Light Raider kind=move dst=(-686,52,663)
[ORDER] commander=ai team=Team_Human_Centauri unit=Light Raider kind=move dst=(-686,52,663)
[ORDER] commander=ai team=Team_Human_Centauri unit=Heavy Raider kind=stop
[H1] team=Team_Human_Sol fire=Refinery atBalterium=(-1229,-735) refCount=2
[H1] team=Team_Human_Sol fire=Refinery atBalterium=(-1515,-1118) refCount=3
[H2] team=Team_Human_Sol fire=Headquarters argmaxCell=(118,152) val=66 atWorld=(-1404,-44) hqCount=2
[H3] team=Team_Human_Sol fire=Barracks nearHq=(-1095,-870)
[H3] team=Team_Human_Sol fire=Research Facility nearHq=(-1095,-870)
[AI] [Team_Human_Sol] tick=67 reqs=2 type={Construct:2} task={} prio(min/avg/max)=7/8.5/10 groups=0
[ORDER] commander=ai team=Team_Human_Sol unit=Platoon Hauler kind=move dst=(-814,53,-459)
[ORDER] commander=ai team=Team_Alien unit=Crab kind=stop
[ORDER] commander=ai team=Team_Alien unit=Crab kind=move dst=(405,24,450)
[ORDER] commander=ai team=Team_Alien unit=Crab kind=move dst=(405,24,450)
[ORDER] commander=ai team=Team_Alien unit=Crab kind=move dst=(405,24,450)
[ORDER] commander=ai team=Team_Alien unit=Queen kind=move dst=(-394,20,-381)
[ORDER] commander=ai team=Team_Alien unit=Squid kind=move dst=(-720,40,-278)
[ORDER] commander=ai team=Team_Alien unit=Crab kind=move dst=(-1050,12,-1185)
[ORDER] commander=ai team=Team_Human_Centauri unit=Light Raider kind=move dst=(-686,52,663)
[ORDER] commander=ai team=Team_Human_Centauri unit=Light Raider kind=move dst=(-686,52,663)
[ORDER] commander=ai team=Team_Human_Sol unit=Light Quad kind=move dst=(-815,52,-459)
[ORDER] commander=ai team=Team_Alien unit=Crab kind=move dst=(-727,37,-235)
[ORDER] commander=ai team=Team_Alien unit=Crab kind=move dst=(-727,37,-235)
[ORDER] commander=ai team=Team_Alien unit=Crab kind=move dst=(-727,37,-235)
[ORDER] commander=ai team=Team_Alien unit=Wasp kind=stop
[ORDER] commander=ai team=Team_Alien unit=Squid kind=move dst=(1161,109,55)
[ORDER] commander=ai team=Team_Alien unit=Squid kind=move dst=(1161,109,55)
[ORDER] commander=ai team=Team_Alien unit=Squid kind=move dst=(1161,109,55)
[ORDER] commander=ai team=Team_Alien unit=Shocker kind=move dst=(-1050,12,-1185)
[ORDER] commander=ai team=Team_Human_Centauri unit=Light Raider kind=move dst=(-667,113,1318)
[ORDER] commander=ai team=Team_Human_Centauri unit=Light Raider kind=move dst=(-667,113,1318)
[ORDER] commander=ai team=Team_Human_Centauri unit=Heavy Raider kind=move dst=(-667,113,1318)
[ORDER] commander=ai team=Team_Human_Centauri unit=Light Raider kind=move dst=(-430,50,1730)
[ORDER] commander=ai team=Team_Human_Centauri unit=Light Raider kind=move dst=(-430,50,1730)
[ORDER] commander=ai team=Team_Human_Centauri unit=Heavy Raider kind=move dst=(-430,50,1730)
[ORDER] commander=ai team=Team_Human_Centauri unit=Squad Transport kind=move dst=(-1727,114,-130)
[ORDER] commander=ai team=Team_Human_Centauri unit=Light Raider kind=attack tgt=Sol_Headquarters(Clone) (Target)
[ORDER] commander=ai team=Team_Human_Centauri unit=Light Raider kind=attack tgt=Sol_Headquarters(Clone) (Target)
[ORDER] commander=ai team=Team_Human_Centauri unit=Heavy Raider kind=attack tgt=Sol_Headquarters(Clone) (Target)
[ORDER] commander=ai team=Team_Human_Centauri unit=Light Raider kind=attack tgt=Sol_Light_PlatoonHauler(Clone) (Target)
[ORDER] commander=ai team=Team_Human_Centauri unit=Light Raider kind=attack tgt=Sol_Light_PlatoonHauler(Clone) (Target)
[ORDER] commander=ai team=Team_Human_Centauri unit=Heavy Raider kind=attack tgt=Sol_Light_PlatoonHauler(Clone) (Target)
[ORDER] commander=ai team=Team_Human_Centauri unit=Squad Transport kind=attack tgt=Sol_Light_PlatoonHauler(Clone) (Target)
[H2] team=Team_Human_Centauri fire=Headquarters argmaxCell=(107,185) val=42 atWorld=(-1844,1276) hqCount=2
[AI] [Team_Human_Centauri] tick=68 reqs=5 type={Construct:5} task={} prio(min/avg/max)=10/47.0/81 groups=0
[P31] team=Team_Alien preset=Harvest stock=Shrimp ours=Shrimp agree=True rationale=biotic cap (have 14/70)
[ORDER] commander=ai team=Team_Alien unit=Crab kind=move dst=(309,46,1050)
[ORDER] commander=ai team=Team_Alien unit=Crab kind=move dst=(309,46,1050)
[ORDER] commander=ai team=Team_Alien unit=Crab kind=move dst=(309,46,1050)
[ORDER] commander=ai team=Team_Alien unit=Crab kind=move dst=(309,46,1050)
[ORDER] commander=ai team=Team_Alien unit=Hunter kind=move dst=(-393,51,773)
[ORDER] commander=ai team=Team_Alien unit=Hunter kind=move dst=(-393,51,773)
[ORDER] commander=ai team=Team_Alien unit=Shocker kind=move dst=(146,38,-1361)
[ORDER] commander=ai team=Team_Alien unit=Shocker kind=move dst=(146,38,-1361)
[ORDER] commander=ai team=Team_Alien unit=Shocker kind=move dst=(146,38,-1361)
[ORDER] commander=ai team=Team_Alien unit=Crab kind=move dst=(146,38,-1361)
[ORDER] commander=ai team=Team_Alien unit=Shocker kind=attack tgt=Sol_Headquarters(Clone) (Target)
[ORDER] commander=ai team=Team_Alien unit=Shocker kind=attack tgt=Sol_Headquarters(Clone) (Target)
[ORDER] commander=ai team=Team_Alien unit=Shocker kind=attack tgt=Sol_Headquarters(Clone) (Target)
[ORDER] commander=ai team=Team_Alien unit=Crab kind=attack tgt=Sol_Headquarters(Clone) (Target)
[ORDER] commander=ai team=Team_Alien unit=Crab kind=attack tgt=Sol_Light_LightStriker(Clone) (Target)
[ORDER] commander=ai team=Team_Alien unit=Crab kind=attack tgt=Sol_Light_LightStriker(Clone) (Target)
[ORDER] commander=ai team=Team_Alien unit=Crab kind=attack tgt=Sol_Light_LightStriker(Clone) (Target)
[ORDER] commander=ai team=Team_Alien unit=Crab kind=attack tgt=Sol_Light_LightStriker(Clone) (Target)
[ORDER] commander=ai team=Team_Alien unit=Hunter kind=attack tgt=Sol_Refinery(Clone) (Target)
[ORDER] commander=ai team=Team_Alien unit=Hunter kind=attack tgt=Sol_Refinery(Clone) (Target)
[AI] [Team_Alien] tick=68 reqs=4 type={Construct:4} task={} prio(min/avg/max)=10/35.5/62 groups=0
[ORDER] commander=ai team=Team_Human_Centauri unit=Light Raider kind=move dst=(-712,33,592)
[ORDER] commander=ai team=Team_Human_Centauri unit=Light Raider kind=move dst=(-712,33,592)
[ORDER] commander=ai team=Team_Alien unit=Wasp kind=move dst=(-748,40,-278)
[ORDER] commander=ai team=Team_Alien unit=Squid kind=move dst=(-748,40,-278)
[ORDER] commander=ai team=Team_Alien unit=Shocker kind=move dst=(-1095,24,-870)
[ORDER] commander=ai team=Team_Alien unit=Shocker kind=move dst=(-1095,24,-870)
[ORDER] commander=ai team=Team_Alien unit=Shocker kind=move dst=(-1095,24,-870)
[ORDER] commander=ai team=Team_Alien unit=Crab kind=move dst=(-1095,24,-870)
[ORDER] commander=ai team=Team_Human_Centauri unit=Light Raider kind=move dst=(-686,52,663)
[ORDER] commander=ai team=Team_Human_Centauri unit=Light Raider kind=move dst=(-686,52,663)
[ORDER] commander=ai team=Team_Human_Centauri unit=Heavy Raider kind=stop
[H2] team=Team_Human_Sol fire=Headquarters argmaxCell=(118,152) val=66 atWorld=(-1404,-44) hqCount=2
[AI] [Team_Human_Sol] tick=68 reqs=2 type={Construct:2} task={} prio(min/avg/max)=7/8.5/10 groups=0
[ORDER] commander=ai team=Team_Alien unit=Horned Crab kind=move dst=(0,20,0)
[ORDER] commander=ai team=Team_Human_Centauri unit=Heavy Raider kind=stop
[ORDER] commander=ai team=Team_Alien unit=Squid kind=move dst=(-761,40,-280)
[ORDER] commander=ai team=Team_Alien unit=Squid kind=move dst=(-761,40,-280)
[ORDER] commander=ai team=Team_Human_Centauri unit=Light Raider kind=move dst=(-686,52,663)
[ORDER] commander=ai team=Team_Human_Centauri unit=Light Raider kind=move dst=(-686,52,663)
[ORDER] commander=ai team=Team_Human_Sol unit=Platoon Hauler kind=move dst=(-822,50,-457)
[ORDER] commander=ai team=Team_Human_Sol unit=Light Striker kind=stop
[ORDER] commander=ai team=Team_Human_Sol unit=Light Striker kind=move dst=(-960,35,-613)
[ORDER] commander=ai team=Team_Human_Sol unit=Heavy Quad kind=move dst=(-960,35,-613)
[ORDER] commander=ai team=Team_Human_Centauri unit=Squad Transport kind=move dst=(-821,49,-465)
[ORDER] commander=ai team=Team_Human_Sol unit=Light Quad kind=move dst=(-824,50,-457)
[ORDER] commander=ai team=Team_Human_Sol unit=Heavy Quad kind=move dst=(-824,50,-457)
[ORDER] commander=ai team=Team_Human_Centauri unit=Light Raider kind=move dst=(-667,113,1318)
[ORDER] commander=ai team=Team_Human_Centauri unit=Light Raider kind=move dst=(-667,113,1318)
[ORDER] commander=ai team=Team_Human_Centauri unit=Heavy Raider kind=move dst=(-667,113,1318)
[ORDER] commander=ai team=Team_Human_Centauri unit=Light Raider kind=move dst=(-430,50,1730)
[ORDER] commander=ai team=Team_Human_Centauri unit=Light Raider kind=move dst=(-430,50,1730)
[ORDER] commander=ai team=Team_Human_Centauri unit=Heavy Raider kind=move dst=(-430,50,1730)
[ORDER] commander=ai team=Team_Human_Centauri unit=Squad Transport kind=move dst=(-1727,114,-130)
[ORDER] commander=ai team=Team_Human_Centauri unit=Light Raider kind=attack tgt=Sol_Headquarters(Clone) (Target)
[ORDER] commander=ai team=Team_Human_Centauri unit=Light Raider kind=attack tgt=Sol_Headquarters(Clone) (Target)
[ORDER] commander=ai team=Team_Human_Centauri unit=Heavy Raider kind=attack tgt=Sol_Headquarters(Clone) (Target)
[ORDER] commander=ai team=Team_Human_Centauri unit=Light Raider kind=attack tgt=Sol_Light_PlatoonHauler(Clone) (Target)
[ORDER] commander=ai team=Team_Human_Centauri unit=Light Raider kind=attack tgt=Sol_Light_PlatoonHauler(Clone) (Target)
[ORDER] commander=ai team=Team_Human_Centauri unit=Heavy Raider kind=attack tgt=Sol_Light_PlatoonHauler(Clone) (Target)
[ORDER] commander=ai team=Team_Human_Centauri unit=Squad Transport kind=attack tgt=Sol_Light_PlatoonHauler(Clone) (Target)
[H2] team=Team_Human_Centauri fire=Headquarters argmaxCell=(107,185) val=42 atWorld=(-1844,1276) hqCount=2
[AI] [Team_Human_Centauri] tick=69 reqs=5 type={Construct:5} task={} prio(min/avg/max)=10/47.4/81 groups=0
[ORDER] commander=ai team=Team_Human_Sol unit=Light Striker kind=move dst=(-959,36,-623)
[ORDER] commander=ai team=Team_Human_Sol unit=Heavy Quad kind=move dst=(-959,36,-623)
[P31] team=Team_Alien preset=Harvest stock=Shrimp ours=Shrimp agree=True rationale=biotic cap (have 14/70)
[ORDER] commander=ai team=Team_Alien unit=Crab kind=move dst=(309,46,1050)
[ORDER] commander=ai team=Team_Alien unit=Crab kind=move dst=(309,46,1050)
[ORDER] commander=ai team=Team_Alien unit=Crab kind=move dst=(309,46,1050)
[ORDER] commander=ai team=Team_Alien unit=Crab kind=move dst=(309,46,1050)
[ORDER] commander=ai team=Team_Alien unit=Hunter kind=move dst=(-393,51,773)
[ORDER] commander=ai team=Team_Alien unit=Hunter kind=move dst=(-393,51,773)
[ORDER] commander=ai team=Team_Alien unit=Shocker kind=move dst=(146,38,-1361)
[ORDER] commander=ai team=Team_Alien unit=Shocker kind=move dst=(146,38,-1361)
[ORDER] commander=ai team=Team_Alien unit=Shocker kind=move dst=(146,38,-1361)
[ORDER] commander=ai team=Team_Alien unit=Crab kind=move dst=(146,38,-1361)
[ORDER] commander=ai team=Team_Alien unit=Shocker kind=attack tgt=Sol_Headquarters(Clone) (Target)
[ORDER] commander=ai team=Team_Alien unit=Shocker kind=attack tgt=Sol_Headquarters(Clone) (Target)
[ORDER] commander=ai team=Team_Alien unit=Shocker kind=attack tgt=Sol_Headquarters(Clone) (Target)
[ORDER] commander=ai team=Team_Alien unit=Crab kind=attack tgt=Sol_Headquarters(Clone) (Target)
[ORDER] commander=ai team=Team_Alien unit=Crab kind=attack tgt=Sol_Light_LightStriker(Clone) (Target)
[ORDER] commander=ai team=Team_Alien unit=Crab kind=attack tgt=Sol_Light_LightStriker(Clone) (Target)
[ORDER] commander=ai team=Team_Alien unit=Crab kind=attack tgt=Sol_Light_LightStriker(Clone) (Target)
[ORDER] commander=ai team=Team_Alien unit=Crab kind=attack tgt=Sol_Light_LightStriker(Clone) (Target)
[ORDER] commander=ai team=Team_Alien unit=Hunter kind=attack tgt=Sol_Refinery(Clone) (Target)
[ORDER] commander=ai team=Team_Alien unit=Hunter kind=attack tgt=Sol_Refinery(Clone) (Target)
[AI] [Team_Alien] tick=69 reqs=4 type={Construct:4} task={} prio(min/avg/max)=10/35.5/62 groups=0
[SPAWN_U] team=Team_Alien unit=Shrimp
[ORDER] commander=ai team=Team_Human_Centauri unit=Light Raider kind=move dst=(-712,33,591)
[ORDER] commander=ai team=Team_Human_Centauri unit=Light Raider kind=move dst=(-712,33,591)
[ORDER] commander=ai team=Team_Alien unit=Shocker kind=move dst=(-1095,24,-870)
[ORDER] commander=ai team=Team_Alien unit=Shocker kind=move dst=(-1095,24,-870)
[ORDER] commander=ai team=Team_Alien unit=Shocker kind=move dst=(-1095,24,-870)
[ORDER] commander=ai team=Team_Alien unit=Crab kind=move dst=(-1095,24,-870)
[ORDER] commander=ai team=Team_Human_Centauri unit=Light Raider kind=move dst=(-686,52,663)
[ORDER] commander=ai team=Team_Human_Centauri unit=Light Raider kind=move dst=(-686,52,663)
[ORDER] commander=ai team=Team_Human_Centauri unit=Heavy Raider kind=stop
[H1] team=Team_Human_Sol fire=Refinery atBalterium=(-1229,-735) refCount=2
[H1] team=Team_Human_Sol fire=Refinery atBalterium=(-1515,-1118) refCount=3
[H2] team=Team_Human_Sol fire=Headquarters argmaxCell=(118,152) val=66 atWorld=(-1404,-44) hqCount=2
[H3] team=Team_Human_Sol fire=Barracks nearHq=(-1095,-870)
[H3] team=Team_Human_Sol fire=Research Facility nearHq=(-1095,-870)
[AI] [Team_Human_Sol] tick=69 reqs=3 type={Construct:3} task={} prio(min/avg/max)=1/6.0/10 groups=0
[SPAWN_U] team=Team_Alien unit=Shrimp
[ORDER] commander=ai team=Team_Human_Centauri unit=Heavy Raider kind=stop
[ORDER] commander=ai team=Team_Alien unit=Crab kind=move dst=(-88,28,-737)
[ORDER] commander=ai team=Team_Alien unit=Shocker kind=stop
[ORDER] commander=ai team=Team_Alien unit=Shocker kind=move dst=(-88,28,-737)
[ORDER] commander=ai team=Team_Alien unit=Shocker kind=move dst=(-88,28,-737)
[ORDER] commander=ai team=Team_Human_Centauri unit=Light Raider kind=move dst=(-686,52,663)
[ORDER] commander=ai team=Team_Human_Centauri unit=Light Raider kind=move dst=(-686,52,663)
[ORDER] commander=ai team=Team_Human_Centauri unit=Light Raider kind=move dst=(-1095,24,-870)
[ORDER] commander=ai team=Team_Human_Centauri unit=Light Raider kind=move dst=(-1095,24,-870)
[ORDER] commander=ai team=Team_Human_Centauri unit=Heavy Raider kind=move dst=(-1095,24,-870)
[ORDER] commander=ai team=Team_Alien unit=Shocker kind=move dst=(-1050,12,-1185)
[ORDER] commander=ai team=Team_Alien unit=Crab kind=move dst=(0,20,0)
[ORDER] commander=ai team=Team_Human_Sol unit=Light Striker kind=move dst=(-819,51,-457)
[ORDER] commander=ai team=Team_Human_Centauri unit=Light Raider kind=move dst=(-667,113,1318)
[ORDER] commander=ai team=Team_Human_Centauri unit=Light Raider kind=move dst=(-667,113,1318)
[ORDER] commander=ai team=Team_Human_Centauri unit=Heavy Raider kind=move dst=(-667,113,1318)
[ORDER] commander=ai team=Team_Human_Centauri unit=Light Raider kind=move dst=(-430,50,1730)
[ORDER] commander=ai team=Team_Human_Centauri unit=Light Raider kind=move dst=(-430,50,1730)
[ORDER] commander=ai team=Team_Human_Centauri unit=Heavy Raider kind=move dst=(-430,50,1730)
[ORDER] commander=ai team=Team_Human_Centauri unit=Squad Transport kind=move dst=(-1727,114,-130)
[ORDER] commander=ai team=Team_Human_Centauri unit=Light Raider kind=attack tgt=Sol_Headquarters(Clone) (Target)
[ORDER] commander=ai team=Team_Human_Centauri unit=Light Raider kind=attack tgt=Sol_Headquarters(Clone) (Target)
[ORDER] commander=ai team=Team_Human_Centauri unit=Heavy Raider kind=attack tgt=Sol_Headquarters(Clone) (Target)
[ORDER] commander=ai team=Team_Human_Centauri unit=Light Raider kind=attack tgt=Sol_Light_PlatoonHauler(Clone) (Target)
[ORDER] commander=ai team=Team_Human_Centauri unit=Light Raider kind=attack tgt=Sol_Light_PlatoonHauler(Clone) (Target)
[ORDER] commander=ai team=Team_Human_Centauri unit=Heavy Raider kind=attack tgt=Sol_Light_PlatoonHauler(Clone) (Target)
[ORDER] commander=ai team=Team_Human_Centauri unit=Squad Transport kind=attack tgt=Sol_Light_PlatoonHauler(Clone) (Target)
[H2] team=Team_Human_Centauri fire=Headquarters argmaxCell=(107,185) val=42 atWorld=(-1844,1276) hqCount=2
[AI] [Team_Human_Centauri] tick=70 reqs=5 type={Construct:5} task={} prio(min/avg/max)=10/47.4/81 groups=0
[ORDER] commander=ai team=Team_Alien unit=Crab kind=move dst=(309,46,1050)
[ORDER] commander=ai team=Team_Alien unit=Crab kind=move dst=(309,46,1050)
[ORDER] commander=ai team=Team_Alien unit=Crab kind=move dst=(309,46,1050)
[ORDER] commander=ai team=Team_Alien unit=Crab kind=move dst=(309,46,1050)
[ORDER] commander=ai team=Team_Alien unit=Hunter kind=move dst=(-393,51,773)
[ORDER] commander=ai team=Team_Alien unit=Hunter kind=move dst=(-393,51,773)
[ORDER] commander=ai team=Team_Alien unit=Shocker kind=move dst=(146,38,-1361)
[ORDER] commander=ai team=Team_Alien unit=Shocker kind=move dst=(146,38,-1361)
[ORDER] commander=ai team=Team_Alien unit=Shocker kind=move dst=(146,38,-1361)
[ORDER] commander=ai team=Team_Alien unit=Crab kind=move dst=(146,38,-1361)
[ORDER] commander=ai team=Team_Alien unit=Shocker kind=attack tgt=Sol_Headquarters(Clone) (Target)
[ORDER] commander=ai team=Team_Alien unit=Shocker kind=attack tgt=Sol_Headquarters(Clone) (Target)
[ORDER] commander=ai team=Team_Alien unit=Shocker kind=attack tgt=Sol_Headquarters(Clone) (Target)
[ORDER] commander=ai team=Team_Alien unit=Crab kind=attack tgt=Sol_Headquarters(Clone) (Target)
[ORDER] commander=ai team=Team_Alien unit=Crab kind=attack tgt=Sol_Light_LightStriker(Clone) (Target)
[ORDER] commander=ai team=Team_Alien unit=Crab kind=attack tgt=Sol_Light_LightStriker(Clone) (Target)
[ORDER] commander=ai team=Team_Alien unit=Crab kind=attack tgt=Sol_Light_LightStriker(Clone) (Target)
[ORDER] commander=ai team=Team_Alien unit=Crab kind=attack tgt=Sol_Light_LightStriker(Clone) (Target)
[ORDER] commander=ai team=Team_Alien unit=Hunter kind=attack tgt=Sol_Refinery(Clone) (Target)
[ORDER] commander=ai team=Team_Alien unit=Hunter kind=attack tgt=Sol_Refinery(Clone) (Target)
[AI] [Team_Alien] tick=70 reqs=3 type={Construct:3} task={} prio(min/avg/max)=10/24.3/50 groups=0
[ORDER] commander=ai team=Team_Human_Centauri unit=Light Raider kind=move dst=(-1095,24,-870)
[ORDER] commander=ai team=Team_Human_Centauri unit=Light Raider kind=move dst=(-1095,24,-870)
[ORDER] commander=ai team=Team_Human_Centauri unit=Heavy Raider kind=move dst=(-1095,24,-870)
[ORDER] commander=ai team=Team_Alien unit=Shocker kind=move dst=(-1095,24,-870)
[ORDER] commander=ai team=Team_Alien unit=Shocker kind=move dst=(-1095,24,-870)
[ORDER] commander=ai team=Team_Alien unit=Shocker kind=move dst=(-1095,24,-870)
[ORDER] commander=ai team=Team_Alien unit=Crab kind=move dst=(-1095,24,-870)
[ORDER] commander=ai team=Team_Human_Centauri unit=Light Raider kind=move dst=(-686,52,663)
[ORDER] commander=ai team=Team_Human_Centauri unit=Light Raider kind=move dst=(-686,52,663)
[ORDER] commander=ai team=Team_Human_Centauri unit=Heavy Raider kind=stop
[H2] team=Team_Human_Sol fire=Headquarters argmaxCell=(118,152) val=66 atWorld=(-1404,-44) hqCount=2
[AI] [Team_Human_Sol] tick=70 reqs=3 type={Construct:3} task={} prio(min/avg/max)=4/7.0/10 groups=0
[ORDER] commander=ai team=Team_Human_Centauri unit=Assault Car kind=move dst=(-1045,37,-359)
[ORDER] commander=ai team=Team_Human_Centauri unit=Light Raider kind=move dst=(-686,52,663)
[SPAWN_S] team=Team_Alien structure=Node at=(265,170)
[SPAWN_S] team=Team_Alien structure=Node at=(675,-655)
[SPAWN_S] team=Team_Alien structure=Node at=(1040,-890)
[SPAWN_S] team=Team_Alien structure=Node at=(300,-295)
[ORDER] commander=ai team=Team_Human_Sol unit=Light Quad kind=move dst=(-824,50,-457)
[ORDER] commander=ai team=Team_Alien unit=Horned Crab kind=move dst=(0,20,0)
[ORDER] commander=ai team=Team_Human_Centauri unit=Light Raider kind=move dst=(-667,113,1318)
[ORDER] commander=ai team=Team_Human_Centauri unit=Light Raider kind=move dst=(-667,113,1318)
[ORDER] commander=ai team=Team_Human_Centauri unit=Heavy Raider kind=move dst=(-667,113,1318)
[ORDER] commander=ai team=Team_Human_Centauri unit=Light Raider kind=move dst=(-430,50,1730)
[ORDER] commander=ai team=Team_Human_Centauri unit=Light Raider kind=move dst=(-430,50,1730)
[ORDER] commander=ai team=Team_Human_Centauri unit=Heavy Raider kind=move dst=(-430,50,1730)
[ORDER] commander=ai team=Team_Human_Centauri unit=Squad Transport kind=move dst=(-1727,114,-130)
[ORDER] commander=ai team=Team_Human_Centauri unit=Light Raider kind=attack tgt=Sol_Headquarters(Clone) (Target)
[ORDER] commander=ai team=Team_Human_Centauri unit=Light Raider kind=attack tgt=Sol_Headquarters(Clone) (Target)
[ORDER] commander=ai team=Team_Human_Centauri unit=Heavy Raider kind=attack tgt=Sol_Headquarters(Clone) (Target)
[ORDER] commander=ai team=Team_Human_Centauri unit=Light Raider kind=attack tgt=Sol_Light_PlatoonHauler(Clone) (Target)
[ORDER] commander=ai team=Team_Human_Centauri unit=Light Raider kind=attack tgt=Sol_Light_PlatoonHauler(Clone) (Target)
[ORDER] commander=ai team=Team_Human_Centauri unit=Heavy Raider kind=attack tgt=Sol_Light_PlatoonHauler(Clone) (Target)
[ORDER] commander=ai team=Team_Human_Centauri unit=Squad Transport kind=attack tgt=Sol_Light_PlatoonHauler(Clone) (Target)
[H2] team=Team_Human_Centauri fire=Headquarters argmaxCell=(107,185) val=42 atWorld=(-1844,1276) hqCount=2
[AI] [Team_Human_Centauri] tick=71 reqs=5 type={Construct:5} task={} prio(min/avg/max)=10/46.6/81 groups=0
[ORDER] commander=ai team=Team_Alien unit=Crab kind=move dst=(309,46,1050)
[ORDER] commander=ai team=Team_Alien unit=Crab kind=move dst=(309,46,1050)
[ORDER] commander=ai team=Team_Alien unit=Crab kind=move dst=(309,46,1050)
[ORDER] commander=ai team=Team_Alien unit=Crab kind=move dst=(309,46,1050)
[ORDER] commander=ai team=Team_Alien unit=Hunter kind=move dst=(-393,51,773)
[ORDER] commander=ai team=Team_Alien unit=Shocker kind=move dst=(146,38,-1361)
[ORDER] commander=ai team=Team_Alien unit=Shocker kind=move dst=(146,38,-1361)
[ORDER] commander=ai team=Team_Alien unit=Shocker kind=move dst=(146,38,-1361)
[ORDER] commander=ai team=Team_Alien unit=Crab kind=move dst=(146,38,-1361)
[ORDER] commander=ai team=Team_Alien unit=Shocker kind=attack tgt=Sol_Headquarters(Clone) (Target)
[ORDER] commander=ai team=Team_Alien unit=Shocker kind=attack tgt=Sol_Headquarters(Clone) (Target)
[ORDER] commander=ai team=Team_Alien unit=Shocker kind=attack tgt=Sol_Headquarters(Clone) (Target)
[ORDER] commander=ai team=Team_Alien unit=Crab kind=attack tgt=Sol_Headquarters(Clone) (Target)
[ORDER] commander=ai team=Team_Alien unit=Crab kind=attack tgt=Sol_Refinery(Clone) (Target)
[ORDER] commander=ai team=Team_Alien unit=Crab kind=attack tgt=Sol_Refinery(Clone) (Target)
[ORDER] commander=ai team=Team_Alien unit=Crab kind=attack tgt=Sol_Refinery(Clone) (Target)
[ORDER] commander=ai team=Team_Alien unit=Crab kind=attack tgt=Sol_Refinery(Clone) (Target)
[ORDER] commander=ai team=Team_Alien unit=Hunter kind=attack tgt=Cent_Soldier_Militia(Clone) (Target)
[AI] [Team_Alien] tick=71 reqs=3 type={Construct:3} task={} prio(min/avg/max)=10/24.3/50 groups=0
[ORDER] commander=ai team=Team_Alien unit=Hunter kind=move dst=(-540,22,156)
[ORDER] commander=ai team=Team_Human_Centauri unit=Light Raider kind=move dst=(-1095,24,-870)
[ORDER] commander=ai team=Team_Human_Centauri unit=Light Raider kind=move dst=(-1095,24,-870)
[ORDER] commander=ai team=Team_Human_Centauri unit=Heavy Raider kind=move dst=(-1095,24,-870)
[ORDER] commander=ai team=Team_Alien unit=Wasp kind=stop
[ORDER] commander=ai team=Team_Alien unit=Squid kind=move dst=(890,62,9)
[ORDER] commander=ai team=Team_Alien unit=Squid kind=move dst=(890,62,9)
[ORDER] commander=ai team=Team_Alien unit=Squid kind=move dst=(890,62,9)
[ORDER] commander=ai team=Team_Alien unit=Shocker kind=move dst=(-1095,24,-870)
[ORDER] commander=ai team=Team_Alien unit=Shocker kind=move dst=(-1095,24,-870)
[ORDER] commander=ai team=Team_Alien unit=Shocker kind=move dst=(-1095,24,-870)
[ORDER] commander=ai team=Team_Alien unit=Crab kind=move dst=(-1095,24,-870)
[SPAWN_U] team=Team_Alien unit=Shrimp
[ORDER] commander=ai team=Team_Human_Centauri unit=Light Raider kind=move dst=(-686,52,663)
[ORDER] commander=ai team=Team_Human_Centauri unit=Light Raider kind=move dst=(-686,52,663)
[ORDER] commander=ai team=Team_Human_Centauri unit=Heavy Raider kind=stop
[ORDER] commander=ai team=Team_Human_Sol unit=Heavy Quad kind=attack tgt=Cent_Light_SquadTransport(Clone) (Target)
[ORDER] commander=ai team=Team_Human_Sol unit=Light Quad kind=attack tgt=Cent_Light_AssaultCar(Clone) (Target)
[ORDER] commander=ai team=Team_Human_Sol unit=Light Quad kind=attack tgt=Cent_Light_AssaultCar(Clone) (Target)
[ORDER] commander=ai team=Team_Human_Sol unit=Heavy Quad kind=attack tgt=Cent_Light_AssaultCar(Clone) (Target)
[ORDER] commander=ai team=Team_Human_Sol unit=Platoon Hauler kind=attack tgt=SpecialContainer_Short_01_Small(Clone) (Target)
[ORDER] commander=ai team=Team_Human_Sol unit=Platoon Hauler kind=attack tgt=Sol_UltraHeavyFactory(Clone) (Target)
[ORDER] commander=ai team=Team_Human_Sol unit=Platoon Hauler kind=move dst=(-1573,27,-1671)
[ORDER] commander=ai team=Team_Human_Sol unit=Platoon Hauler kind=move dst=(-72,32,-865)
[ORDER] commander=ai team=Team_Human_Sol unit=Platoon Hauler kind=attack tgt=Cent_Light_SquadTransport(Clone) (Target)
[ORDER] commander=ai team=Team_Human_Sol unit=Light Striker kind=attack tgt=Cent_Light_AssaultCar(Clone) (Target)
[ORDER] commander=ai team=Team_Human_Sol unit=Light Striker kind=attack tgt=Cent_Light_AssaultCar(Clone) (Target)
[ORDER] commander=ai team=Team_Human_Sol unit=Heavy Quad kind=attack tgt=Cent_Light_AssaultCar(Clone) (Target)
[H1] team=Team_Human_Sol fire=Refinery atBalterium=(-1229,-735) refCount=2
[H1] team=Team_Human_Sol fire=Refinery atBalterium=(-1515,-1118) refCount=3
[H2] team=Team_Human_Sol fire=Headquarters argmaxCell=(118,152) val=66 atWorld=(-1404,-44) hqCount=2
[H3] team=Team_Human_Sol fire=Barracks nearHq=(-1095,-870)
[H3] team=Team_Human_Sol fire=Research Facility nearHq=(-1095,-870)
[AI] [Team_Human_Sol] tick=71 reqs=3 type={Construct:3} task={} prio(min/avg/max)=7/8.7/10 groups=0
[ORDER] commander=ai team=Team_Human_Sol unit=Light Quad kind=move dst=(-947,40,-198)
[ORDER] commander=ai team=Team_Human_Sol unit=Light Quad kind=move dst=(-947,40,-198)
[ORDER] commander=ai team=Team_Human_Sol unit=Heavy Quad kind=move dst=(-947,40,-198)
[ORDER] commander=ai team=Team_Human_Sol unit=Platoon Hauler kind=move dst=(0,20,0)
[ORDER] commander=ai team=Team_Human_Sol unit=Platoon Hauler kind=move dst=(-1305,22,-265)
[ORDER] commander=ai team=Team_Human_Sol unit=Heavy Quad kind=move dst=(-1305,22,-265)
[ORDER] commander=ai team=Team_Human_Centauri unit=Assault Car kind=move dst=(-1103,37,-356)
[ORDER] commander=ai team=Team_Human_Sol unit=Light Striker kind=stop
[ORDER] commander=ai team=Team_Human_Sol unit=Light Striker kind=move dst=(-959,36,-623)
[ORDER] commander=ai team=Team_Human_Sol unit=Heavy Quad kind=move dst=(-959,36,-623)
[ORDER] commander=ai team=Team_Alien unit=Wasp kind=move dst=(-870,41,-343)
[ORDER] commander=ai team=Team_Alien unit=Squid kind=move dst=(-870,41,-343)
[ORDER] commander=ai team=Team_Alien unit=Squid kind=move dst=(-870,41,-343)
[ORDER] commander=ai team=Team_Alien unit=Squid kind=move dst=(-870,41,-343)
[ORDER] commander=ai team=Team_Human_Centauri unit=Light Raider kind=move dst=(-686,52,663)
[ORDER] commander=ai team=Team_Alien unit=Horned Crab kind=move dst=(0,20,0)
[ORDER] commander=ai team=Team_Human_Centauri unit=Light Raider kind=move dst=(-667,113,1318)
[ORDER] commander=ai team=Team_Human_Centauri unit=Light Raider kind=move dst=(-667,113,1318)
[ORDER] commander=ai team=Team_Human_Centauri unit=Heavy Raider kind=move dst=(-667,113,1318)
[ORDER] commander=ai team=Team_Human_Centauri unit=Light Raider kind=move dst=(-430,50,1730)
[ORDER] commander=ai team=Team_Human_Centauri unit=Light Raider kind=move dst=(-430,50,1730)
[ORDER] commander=ai team=Team_Human_Centauri unit=Heavy Raider kind=move dst=(-430,50,1730)
[ORDER] commander=ai team=Team_Human_Centauri unit=Squad Transport kind=move dst=(-1727,114,-130)
[ORDER] commander=ai team=Team_Human_Centauri unit=Light Raider kind=attack tgt=Sol_Headquarters(Clone) (Target)
[ORDER] commander=ai team=Team_Human_Centauri unit=Light Raider kind=attack tgt=Sol_Headquarters(Clone) (Target)
[ORDER] commander=ai team=Team_Human_Centauri unit=Heavy Raider kind=attack tgt=Sol_Headquarters(Clone) (Target)
[ORDER] commander=ai team=Team_Human_Centauri unit=Light Raider kind=attack tgt=Sol_Light_PlatoonHauler(Clone) (Target)
[ORDER] commander=ai team=Team_Human_Centauri unit=Light Raider kind=attack tgt=Sol_Light_PlatoonHauler(Clone) (Target)
[ORDER] commander=ai team=Team_Human_Centauri unit=Heavy Raider kind=attack tgt=Sol_Light_PlatoonHauler(Clone) (Target)
[ORDER] commander=ai team=Team_Human_Centauri unit=Squad Transport kind=attack tgt=Sol_Light_PlatoonHauler(Clone) (Target)
[H2] team=Team_Human_Centauri fire=Headquarters argmaxCell=(107,185) val=42 atWorld=(-1844,1276) hqCount=2
[AI] [Team_Human_Centauri] tick=72 reqs=5 type={Construct:5} task={} prio(min/avg/max)=10/46.6/81 groups=0
[P31] team=Team_Alien preset=Harvest stock=Shrimp ours=Shrimp agree=True rationale=biotic cap (have 17/70)
[ORDER] commander=ai team=Team_Alien unit=Shrimp kind=move dst=(1102,82,28)
[ORDER] commander=ai team=Team_Alien unit=Crab kind=move dst=(309,46,1050)
[ORDER] commander=ai team=Team_Alien unit=Crab kind=move dst=(309,46,1050)
[ORDER] commander=ai team=Team_Alien unit=Crab kind=move dst=(309,46,1050)
[ORDER] commander=ai team=Team_Alien unit=Crab kind=move dst=(309,46,1050)
[ORDER] commander=ai team=Team_Alien unit=Hunter kind=move dst=(-393,51,773)
[ORDER] commander=ai team=Team_Alien unit=Hunter kind=move dst=(-393,51,773)
[ORDER] commander=ai team=Team_Alien unit=Shocker kind=move dst=(146,38,-1361)
[ORDER] commander=ai team=Team_Alien unit=Shocker kind=move dst=(146,38,-1361)
[ORDER] commander=ai team=Team_Alien unit=Shocker kind=move dst=(146,38,-1361)
[ORDER] commander=ai team=Team_Alien unit=Crab kind=move dst=(146,38,-1361)
[ORDER] commander=ai team=Team_Alien unit=Wasp kind=attack tgt=Cent_Light_AssaultCar(Clone) (Target)
[ORDER] commander=ai team=Team_Alien unit=Squid kind=attack tgt=Cent_Light_AssaultCar(Clone) (Target)
[ORDER] commander=ai team=Team_Alien unit=Squid kind=attack tgt=Cent_Light_AssaultCar(Clone) (Target)
[ORDER] commander=ai team=Team_Alien unit=Squid kind=attack tgt=Cent_Light_AssaultCar(Clone) (Target)
[ORDER] commander=ai team=Team_Alien unit=Shocker kind=attack tgt=Sol_Headquarters(Clone) (Target)
[ORDER] commander=ai team=Team_Alien unit=Shocker kind=attack tgt=Sol_Headquarters(Clone) (Target)
[ORDER] commander=ai team=Team_Alien unit=Shocker kind=attack tgt=Sol_Headquarters(Clone) (Target)
[ORDER] commander=ai team=Team_Alien unit=Crab kind=attack tgt=Sol_Headquarters(Clone) (Target)
[ORDER] commander=ai team=Team_Alien unit=Crab kind=attack tgt=Sol_Refinery(Clone) (Target)
[ORDER] commander=ai team=Team_Alien unit=Crab kind=attack tgt=Sol_Refinery(Clone) (Target)
[ORDER] commander=ai team=Team_Alien unit=Crab kind=attack tgt=Sol_Refinery(Clone) (Target)
[ORDER] commander=ai team=Team_Alien unit=Crab kind=attack tgt=Sol_Refinery(Clone) (Target)
[ORDER] commander=ai team=Team_Alien unit=Hunter kind=attack tgt=Cent_Light_AssaultCar(Clone) (Target)
[ORDER] commander=ai team=Team_Alien unit=Hunter kind=attack tgt=Cent_Light_AssaultCar(Clone) (Target)
[AI] [Team_Alien] tick=72 reqs=4 type={Construct:4} task={} prio(min/avg/max)=10/38.0/81 groups=0
[ORDER] commander=ai team=Team_Human_Centauri unit=Light Raider kind=move dst=(-1095,24,-870)
[ORDER] commander=ai team=Team_Human_Centauri unit=Light Raider kind=move dst=(-1095,24,-870)
[ORDER] commander=ai team=Team_Human_Centauri unit=Heavy Raider kind=move dst=(-1095,24,-870)
[ORDER] commander=ai team=Team_Alien unit=Squid kind=move dst=(850,65,2)
[ORDER] commander=ai team=Team_Alien unit=Squid kind=move dst=(850,65,2)
[ORDER] commander=ai team=Team_Alien unit=Squid kind=move dst=(850,65,2)
[ORDER] commander=ai team=Team_Alien unit=Shocker kind=move dst=(-1095,24,-870)
[ORDER] commander=ai team=Team_Alien unit=Shocker kind=move dst=(-1095,24,-870)
[ORDER] commander=ai team=Team_Alien unit=Shocker kind=move dst=(-1095,24,-870)
[ORDER] commander=ai team=Team_Alien unit=Crab kind=move dst=(-1095,24,-870)
[ORDER] commander=ai team=Team_Human_Centauri unit=Light Raider kind=move dst=(-686,52,663)
[ORDER] commander=ai team=Team_Human_Centauri unit=Light Raider kind=move dst=(-686,52,663)
[ORDER] commander=ai team=Team_Human_Centauri unit=Heavy Raider kind=stop
[ORDER] commander=ai team=Team_Human_Sol unit=Platoon Hauler kind=move dst=(-430,35,-1750)
[ORDER] commander=ai team=Team_Human_Sol unit=Platoon Hauler kind=attack tgt=Cent_Light_SquadTransport(Clone) (Target)
[H2] team=Team_Human_Sol fire=Headquarters argmaxCell=(118,152) val=66 atWorld=(-1404,-44) hqCount=2
[AI] [Team_Human_Sol] tick=72 reqs=3 type={Construct:3} task={} prio(min/avg/max)=7/11.7/18 groups=0
[ORDER] commander=ai team=Team_Human_Sol unit=Platoon Hauler kind=move dst=(-1286,23,-282)
[ORDER] commander=ai team=Team_Alien unit=Wasp kind=stop
[ORDER] commander=ai team=Team_Alien unit=Squid kind=move dst=(838,58,1)
[ORDER] commander=ai team=Team_Alien unit=Squid kind=move dst=(838,58,1)
[ORDER] commander=ai team=Team_Alien unit=Squid kind=move dst=(838,58,1)
[ORDER] commander=ai team=Team_Alien unit=Crab kind=move dst=(-1050,12,-1185)
[ORDER] commander=ai team=Team_Human_Centauri unit=Light Raider kind=move dst=(-686,52,663)
[ORDER] commander=ai team=Team_Human_Centauri unit=Light Raider kind=move dst=(-686,52,663)
[ORDER] commander=ai team=Team_Human_Sol unit=Light Striker kind=move dst=(-978,42,-240)
[ORDER] commander=ai team=Team_Alien unit=Wasp kind=move dst=(-971,42,-173)
[ORDER] commander=ai team=Team_Alien unit=Squid kind=move dst=(-971,42,-173)
[ORDER] commander=ai team=Team_Alien unit=Crab kind=move dst=(-222,33,-752)
[ORDER] commander=ai team=Team_Alien unit=Shocker kind=stop
[ORDER] commander=ai team=Team_Alien unit=Shocker kind=move dst=(-222,33,-752)
[ORDER] commander=ai team=Team_Alien unit=Shocker kind=move dst=(-222,33,-752)
[ORDER] commander=ai team=Team_Human_Centauri unit=Light Raider kind=move dst=(-667,113,1318)
[ORDER] commander=ai team=Team_Human_Centauri unit=Light Raider kind=move dst=(-667,113,1318)
[ORDER] commander=ai team=Team_Human_Centauri unit=Heavy Raider kind=move dst=(-667,113,1318)
[ORDER] commander=ai team=Team_Human_Centauri unit=Light Raider kind=move dst=(-430,50,1730)
[ORDER] commander=ai team=Team_Human_Centauri unit=Light Raider kind=move dst=(-430,50,1730)
[ORDER] commander=ai team=Team_Human_Centauri unit=Heavy Raider kind=move dst=(-430,50,1730)
[ORDER] commander=ai team=Team_Human_Centauri unit=Squad Transport kind=move dst=(-1727,114,-130)
[ORDER] commander=ai team=Team_Human_Centauri unit=Light Raider kind=attack tgt=Sol_Headquarters(Clone) (Target)
[ORDER] commander=ai team=Team_Human_Centauri unit=Light Raider kind=attack tgt=Sol_Headquarters(Clone) (Target)
[ORDER] commander=ai team=Team_Human_Centauri unit=Heavy Raider kind=attack tgt=Sol_Headquarters(Clone) (Target)
[ORDER] commander=ai team=Team_Human_Centauri unit=Light Raider kind=attack tgt=Sol_Light_PlatoonHauler(Clone) (Target)
[ORDER] commander=ai team=Team_Human_Centauri unit=Light Raider kind=attack tgt=Sol_Light_PlatoonHauler(Clone) (Target)
[ORDER] commander=ai team=Team_Human_Centauri unit=Heavy Raider kind=attack tgt=Sol_Light_PlatoonHauler(Clone) (Target)
[ORDER] commander=ai team=Team_Human_Centauri unit=Squad Transport kind=attack tgt=Sol_Light_PlatoonHauler(Clone) (Target)
[H2] team=Team_Human_Centauri fire=Headquarters argmaxCell=(107,185) val=42 atWorld=(-1844,1276) hqCount=2
[AI] [Team_Human_Centauri] tick=73 reqs=4 type={Construct:4} task={} prio(min/avg/max)=10/50.8/81 groups=0
[P31] team=Team_Alien preset=Harvest stock=Shrimp ours=Shrimp agree=True rationale=biotic cap (have 17/70)
[ORDER] commander=ai team=Team_Alien unit=Crab kind=move dst=(309,46,1050)
[ORDER] commander=ai team=Team_Alien unit=Crab kind=move dst=(309,46,1050)
[ORDER] commander=ai team=Team_Alien unit=Crab kind=move dst=(309,46,1050)
[ORDER] commander=ai team=Team_Alien unit=Crab kind=move dst=(309,46,1050)
[ORDER] commander=ai team=Team_Alien unit=Hunter kind=move dst=(-393,51,773)
[ORDER] commander=ai team=Team_Alien unit=Hunter kind=move dst=(-393,51,773)
[ORDER] commander=ai team=Team_Alien unit=Shocker kind=move dst=(146,38,-1361)
[ORDER] commander=ai team=Team_Alien unit=Shocker kind=move dst=(146,38,-1361)
[ORDER] commander=ai team=Team_Alien unit=Shocker kind=move dst=(146,38,-1361)
[ORDER] commander=ai team=Team_Alien unit=Crab kind=move dst=(146,38,-1361)
[ORDER] commander=ai team=Team_Alien unit=Shocker kind=attack tgt=Sol_Headquarters(Clone) (Target)
[ORDER] commander=ai team=Team_Alien unit=Shocker kind=attack tgt=Sol_Headquarters(Clone) (Target)
[ORDER] commander=ai team=Team_Alien unit=Shocker kind=attack tgt=Sol_Headquarters(Clone) (Target)
[ORDER] commander=ai team=Team_Alien unit=Crab kind=attack tgt=Sol_Headquarters(Clone) (Target)
[ORDER] commander=ai team=Team_Alien unit=Crab kind=attack tgt=Sol_Refinery(Clone) (Target)
[ORDER] commander=ai team=Team_Alien unit=Crab kind=attack tgt=Sol_Refinery(Clone) (Target)
[ORDER] commander=ai team=Team_Alien unit=Crab kind=attack tgt=Sol_Refinery(Clone) (Target)
[ORDER] commander=ai team=Team_Alien unit=Crab kind=attack tgt=Sol_Refinery(Clone) (Target)
[ORDER] commander=ai team=Team_Alien unit=Hunter kind=attack tgt=Cent_Light_AssaultCar(Clone) (Target)
[ORDER] commander=ai team=Team_Alien unit=Hunter kind=attack tgt=Cent_Light_AssaultCar(Clone) (Target)
[AI] [Team_Alien] tick=73 reqs=4 type={Construct:4} task={} prio(min/avg/max)=10/38.0/81 groups=0
[ORDER] commander=ai team=Team_Human_Centauri unit=Light Raider kind=move dst=(-1095,24,-870)
[ORDER] commander=ai team=Team_Human_Centauri unit=Light Raider kind=move dst=(-1095,24,-870)
[ORDER] commander=ai team=Team_Human_Centauri unit=Heavy Raider kind=move dst=(-1095,24,-870)
[ORDER] commander=ai team=Team_Alien unit=Shocker kind=move dst=(-1095,24,-870)
[ORDER] commander=ai team=Team_Alien unit=Shocker kind=move dst=(-1095,24,-870)
[ORDER] commander=ai team=Team_Alien unit=Shocker kind=move dst=(-1095,24,-870)
[ORDER] commander=ai team=Team_Alien unit=Crab kind=move dst=(-1095,24,-870)
[ORDER] commander=ai team=Team_Alien unit=Shocker kind=move dst=(-1050,12,-1185)
[ORDER] commander=ai team=Team_Human_Sol unit=Platoon Hauler kind=move dst=(-430,35,-1750)
[ORDER] commander=ai team=Team_Human_Sol unit=Platoon Hauler kind=attack tgt=Cent_Light_SquadTransport(Clone) (Target)
[ORDER] commander=ai team=Team_Human_Sol unit=Platoon Hauler kind=attack tgt=Sol_UltraHeavyFactory(Clone) (Target)
[ORDER] commander=ai team=Team_Human_Sol unit=Scout kind=attack tgt=Cent_Light_SquadTransport(Clone) (Target)
[ORDER] commander=ai team=Team_Human_Sol unit=Rifleman kind=attack tgt=Cent_Light_SquadTransport(Clone) (Target)
[H1] team=Team_Human_Sol fire=Refinery atBalterium=(-1229,-735) refCount=2
[H1] team=Team_Human_Sol fire=Refinery atBalterium=(-1515,-1118) refCount=3
[H2] team=Team_Human_Sol fire=Headquarters argmaxCell=(118,152) val=66 atWorld=(-1404,-44) hqCount=2
[H3] team=Team_Human_Sol fire=Barracks nearHq=(-1095,-870)
[H3] team=Team_Human_Sol fire=Research Facility nearHq=(-1095,-870)
[AI] [Team_Human_Sol] tick=73 reqs=3 type={Construct:3} task={} prio(min/avg/max)=7/15.7/30 groups=0
[ORDER] commander=ai team=Team_Human_Sol unit=Platoon Hauler kind=move dst=(-1259,24,-309)
[ORDER] commander=ai team=Team_Human_Sol unit=Heavy Quad kind=move dst=(-996,43,-261)
[ORDER] commander=ai team=Team_Alien unit=Squid kind=move dst=(-978,42,-200)
[ORDER] commander=ai team=Team_Alien unit=Squid kind=move dst=(-978,42,-200)
[ORDER] commander=ai team=Team_Alien unit=Wasp kind=stop
[ORDER] commander=ai team=Team_Alien unit=Squid kind=move dst=(764,71,-6)
[ORDER] commander=ai team=Team_Alien unit=Squid kind=move dst=(764,71,-6)
[ORDER] commander=ai team=Team_Alien unit=Squid kind=move dst=(764,71,-6)
[ORDER] commander=ai team=Team_Human_Centauri unit=Light Raider kind=move dst=(-667,113,1318)
[ORDER] commander=ai team=Team_Human_Centauri unit=Light Raider kind=move dst=(-667,113,1318)
[ORDER] commander=ai team=Team_Human_Centauri unit=Heavy Raider kind=move dst=(-667,113,1318)
[ORDER] commander=ai team=Team_Human_Centauri unit=Light Raider kind=move dst=(-430,50,1730)
[ORDER] commander=ai team=Team_Human_Centauri unit=Light Raider kind=move dst=(-430,50,1730)
[ORDER] commander=ai team=Team_Human_Centauri unit=Heavy Raider kind=move dst=(-430,50,1730)
[ORDER] commander=ai team=Team_Human_Centauri unit=Squad Transport kind=move dst=(-1727,114,-130)
[ORDER] commander=ai team=Team_Human_Centauri unit=Light Raider kind=attack tgt=Sol_Headquarters(Clone) (Target)
[ORDER] commander=ai team=Team_Human_Centauri unit=Light Raider kind=attack tgt=Sol_Headquarters(Clone) (Target)
[ORDER] commander=ai team=Team_Human_Centauri unit=Heavy Raider kind=attack tgt=Sol_Headquarters(Clone) (Target)
[ORDER] commander=ai team=Team_Human_Centauri unit=Light Raider kind=attack tgt=Sol_Light_PlatoonHauler(Clone) (Target)
[ORDER] commander=ai team=Team_Human_Centauri unit=Light Raider kind=attack tgt=Sol_Light_PlatoonHauler(Clone) (Target)
[ORDER] commander=ai team=Team_Human_Centauri unit=Heavy Raider kind=attack tgt=Sol_Light_PlatoonHauler(Clone) (Target)
[ORDER] commander=ai team=Team_Human_Centauri unit=Squad Transport kind=attack tgt=Sol_Light_PlatoonHauler(Clone) (Target)
[H2] team=Team_Human_Centauri fire=Headquarters argmaxCell=(118,152) val=69 atWorld=(-1404,-44) hqCount=2
[AI] [Team_Human_Centauri] tick=74 reqs=5 type={Construct:5} task={} prio(min/avg/max)=10/46.0/81 groups=0
[P31] team=Team_Alien preset=Harvest stock=Shrimp ours=Shrimp agree=True rationale=biotic cap (have 17/70)
[ORDER] commander=ai team=Team_Alien unit=Crab kind=move dst=(309,46,1050)
[ORDER] commander=ai team=Team_Alien unit=Crab kind=move dst=(309,46,1050)
[ORDER] commander=ai team=Team_Alien unit=Crab kind=move dst=(309,46,1050)
[ORDER] commander=ai team=Team_Alien unit=Crab kind=move dst=(309,46,1050)
[ORDER] commander=ai team=Team_Alien unit=Hunter kind=move dst=(-393,51,773)
[ORDER] commander=ai team=Team_Alien unit=Hunter kind=move dst=(-393,51,773)
[ORDER] commander=ai team=Team_Alien unit=Shocker kind=move dst=(146,38,-1361)
[ORDER] commander=ai team=Team_Alien unit=Shocker kind=move dst=(146,38,-1361)
[ORDER] commander=ai team=Team_Alien unit=Shocker kind=move dst=(146,38,-1361)
[ORDER] commander=ai team=Team_Alien unit=Crab kind=move dst=(146,38,-1361)
[ORDER] commander=ai team=Team_Alien unit=Shocker kind=attack tgt=Sol_Headquarters(Clone) (Target)
[ORDER] commander=ai team=Team_Alien unit=Shocker kind=attack tgt=Sol_Headquarters(Clone) (Target)
[ORDER] commander=ai team=Team_Alien unit=Shocker kind=attack tgt=Sol_Headquarters(Clone) (Target)
[ORDER] commander=ai team=Team_Alien unit=Crab kind=attack tgt=Sol_Headquarters(Clone) (Target)
[ORDER] commander=ai team=Team_Alien unit=Crab kind=attack tgt=Sol_Refinery(Clone) (Target)
[ORDER] commander=ai team=Team_Alien unit=Crab kind=attack tgt=Sol_Refinery(Clone) (Target)
[ORDER] commander=ai team=Team_Alien unit=Crab kind=attack tgt=Sol_Refinery(Clone) (Target)
[ORDER] commander=ai team=Team_Alien unit=Crab kind=attack tgt=Sol_Refinery(Clone) (Target)
[ORDER] commander=ai team=Team_Alien unit=Hunter kind=attack tgt=Cent_Light_AssaultCar(Clone) (Target)
[ORDER] commander=ai team=Team_Alien unit=Hunter kind=attack tgt=Cent_Light_AssaultCar(Clone) (Target)
[AI] [Team_Alien] tick=74 reqs=4 type={Construct:4} task={} prio(min/avg/max)=10/38.0/81 groups=0
[SPAWN_U] team=Team_Alien unit=Shrimp
[ORDER] commander=ai team=Team_Human_Centauri unit=Light Raider kind=move dst=(-1095,24,-870)
[ORDER] commander=ai team=Team_Alien unit=Squid kind=move dst=(749,75,-8)
[ORDER] commander=ai team=Team_Alien unit=Squid kind=move dst=(749,75,-8)
[ORDER] commander=ai team=Team_Alien unit=Squid kind=move dst=(749,75,-8)
[ORDER] commander=ai team=Team_Alien unit=Shocker kind=move dst=(-1095,24,-870)
[ORDER] commander=ai team=Team_Alien unit=Shocker kind=move dst=(-1095,24,-870)
[ORDER] commander=ai team=Team_Alien unit=Shocker kind=move dst=(-1095,24,-870)
[ORDER] commander=ai team=Team_Alien unit=Crab kind=move dst=(-1095,24,-870)
[ORDER] commander=ai team=Team_Human_Sol unit=Light Striker kind=move dst=(-245,14,-1662)
[ORDER] commander=ai team=Team_Human_Sol unit=Light Striker kind=move dst=(-245,14,-1662)
[ORDER] commander=ai team=Team_Human_Sol unit=Heavy Quad kind=move dst=(-245,14,-1662)
[ORDER] commander=ai team=Team_Human_Sol unit=Light Striker kind=attack tgt=Cent_Light_AssaultCar(Clone) (Target)
[ORDER] commander=ai team=Team_Human_Sol unit=Light Striker kind=attack tgt=Cent_Light_AssaultCar(Clone) (Target)
[ORDER] commander=ai team=Team_Human_Sol unit=Heavy Quad kind=attack tgt=Cent_Light_AssaultCar(Clone) (Target)
[H2] team=Team_Human_Sol fire=Headquarters argmaxCell=(148,153) val=62 atWorld=(-204,-4) hqCount=2
[AI] [Team_Human_Sol] tick=74 reqs=3 type={Construct:3} task={} prio(min/avg/max)=7/20.3/44 groups=0
[ORDER] commander=ai team=Team_Alien unit=Wasp kind=move dst=(-987,43,-238)
[SPAWN_U] team=Team_Alien unit=Shrimp
[ORDER] commander=ai team=Team_Human_Centauri unit=Light Raider kind=move dst=(-811,37,571)
[ORDER] commander=ai team=Team_Human_Centauri unit=Light Raider kind=move dst=(-811,37,571)
[ORDER] commander=ai team=Team_Human_Centauri unit=Heavy Raider kind=stop
[ORDER] commander=ai team=Team_Alien unit=Squid kind=move dst=(-990,43,-248)
[ORDER] commander=ai team=Team_Alien unit=Squid kind=move dst=(-990,43,-248)
[ORDER] commander=ai team=Team_Alien unit=Squid kind=move dst=(-990,43,-248)
[ORDER] commander=ai team=Team_Human_Centauri unit=Light Raider kind=move dst=(-667,113,1318)
[ORDER] commander=ai team=Team_Human_Centauri unit=Light Raider kind=move dst=(-667,113,1318)
[ORDER] commander=ai team=Team_Human_Centauri unit=Heavy Raider kind=move dst=(-667,113,1318)
[ORDER] commander=ai team=Team_Human_Centauri unit=Light Raider kind=move dst=(-430,50,1730)
[ORDER] commander=ai team=Team_Human_Centauri unit=Light Raider kind=move dst=(-430,50,1730)
[ORDER] commander=ai team=Team_Human_Centauri unit=Heavy Raider kind=move dst=(-430,50,1730)
[ORDER] commander=ai team=Team_Human_Centauri unit=Trooper kind=move dst=(-1727,114,-130)
[ORDER] commander=ai team=Team_Human_Centauri unit=Trooper kind=move dst=(-1727,114,-130)
[ORDER] commander=ai team=Team_Human_Centauri unit=Light Raider kind=attack tgt=Sol_Headquarters(Clone) (Target)
[ORDER] commander=ai team=Team_Human_Centauri unit=Light Raider kind=attack tgt=Sol_Headquarters(Clone) (Target)
[ORDER] commander=ai team=Team_Human_Centauri unit=Heavy Raider kind=attack tgt=Sol_Headquarters(Clone) (Target)
[ORDER] commander=ai team=Team_Human_Centauri unit=Light Raider kind=attack tgt=Sol_Light_PlatoonHauler(Clone) (Target)
[ORDER] commander=ai team=Team_Human_Centauri unit=Light Raider kind=attack tgt=Sol_Light_PlatoonHauler(Clone) (Target)
[ORDER] commander=ai team=Team_Human_Centauri unit=Heavy Raider kind=attack tgt=Sol_Light_PlatoonHauler(Clone) (Target)
[ORDER] commander=ai team=Team_Human_Centauri unit=Trooper kind=attack tgt=Sol_Light_PlatoonHauler(Clone) (Target)
[ORDER] commander=ai team=Team_Human_Centauri unit=Trooper kind=attack tgt=Sol_Light_PlatoonHauler(Clone) (Target)
[H2] team=Team_Human_Centauri fire=Headquarters argmaxCell=(118,152) val=69 atWorld=(-1404,-44) hqCount=2
[AI] [Team_Human_Centauri] tick=75 reqs=4 type={Construct:4} task={} prio(min/avg/max)=10/50.8/81 groups=0
[P31] team=Team_Alien preset=Harvest stock=Shrimp ours=Shrimp agree=True rationale=biotic cap (have 19/70)
[ORDER] commander=ai team=Team_Alien unit=Crab kind=move dst=(309,46,1050)
[ORDER] commander=ai team=Team_Alien unit=Crab kind=move dst=(309,46,1050)
[ORDER] commander=ai team=Team_Alien unit=Crab kind=move dst=(309,46,1050)
[ORDER] commander=ai team=Team_Alien unit=Crab kind=move dst=(309,46,1050)
[ORDER] commander=ai team=Team_Alien unit=Hunter kind=move dst=(-393,51,773)
[ORDER] commander=ai team=Team_Alien unit=Hunter kind=move dst=(-393,51,773)
[ORDER] commander=ai team=Team_Alien unit=Shocker kind=move dst=(146,38,-1361)
[ORDER] commander=ai team=Team_Alien unit=Shocker kind=move dst=(146,38,-1361)
[ORDER] commander=ai team=Team_Alien unit=Shocker kind=move dst=(146,38,-1361)
[ORDER] commander=ai team=Team_Alien unit=Crab kind=move dst=(146,38,-1361)
[ORDER] commander=ai team=Team_Alien unit=Shocker kind=attack tgt=Sol_Headquarters(Clone) (Target)
[ORDER] commander=ai team=Team_Alien unit=Shocker kind=attack tgt=Sol_Headquarters(Clone) (Target)
[ORDER] commander=ai team=Team_Alien unit=Shocker kind=attack tgt=Sol_Headquarters(Clone) (Target)
[ORDER] commander=ai team=Team_Alien unit=Crab kind=attack tgt=Sol_Headquarters(Clone) (Target)
[ORDER] commander=ai team=Team_Alien unit=Crab kind=attack tgt=Sol_Refinery(Clone) (Target)
[ORDER] commander=ai team=Team_Alien unit=Crab kind=attack tgt=Sol_Refinery(Clone) (Target)
[ORDER] commander=ai team=Team_Alien unit=Crab kind=attack tgt=Sol_Refinery(Clone) (Target)
[ORDER] commander=ai team=Team_Alien unit=Crab kind=attack tgt=Sol_Refinery(Clone) (Target)
[ORDER] commander=ai team=Team_Alien unit=Hunter kind=attack tgt=Cent_Light_AssaultCar(Clone) (Target)
[ORDER] commander=ai team=Team_Alien unit=Hunter kind=attack tgt=Cent_Light_AssaultCar(Clone) (Target)
[AI] [Team_Alien] tick=75 reqs=4 type={Construct:4} task={} prio(min/avg/max)=6/27.3/50 groups=0
[ORDER] commander=ai team=Team_Human_Centauri unit=Light Raider kind=move dst=(-816,35,565)
[ORDER] commander=ai team=Team_Alien unit=Shocker kind=move dst=(-1095,24,-870)
[ORDER] commander=ai team=Team_Alien unit=Shocker kind=move dst=(-1095,24,-870)
[ORDER] commander=ai team=Team_Alien unit=Shocker kind=move dst=(-1095,24,-870)
[ORDER] commander=ai team=Team_Alien unit=Crab kind=move dst=(-1095,24,-870)
[ORDER] commander=ai team=Team_Human_Sol unit=Light Striker kind=move dst=(-245,14,-1662)
[ORDER] commander=ai team=Team_Human_Sol unit=Light Striker kind=move dst=(-245,14,-1662)
[ORDER] commander=ai team=Team_Human_Sol unit=Heavy Quad kind=move dst=(-245,14,-1662)
[ORDER] commander=ai team=Team_Human_Sol unit=Light Striker kind=attack tgt=Cent_Light_AssaultCar(Clone) (Target)
[ORDER] commander=ai team=Team_Human_Sol unit=Light Striker kind=attack tgt=Cent_Light_AssaultCar(Clone) (Target)
[ORDER] commander=ai team=Team_Human_Sol unit=Heavy Quad kind=attack tgt=Cent_Light_AssaultCar(Clone) (Target)
[H1] team=Team_Human_Sol fire=Refinery atBalterium=(-1229,-735) refCount=2
[H1] team=Team_Human_Sol fire=Refinery atBalterium=(-1515,-1118) refCount=3
[H2] team=Team_Human_Sol fire=Headquarters argmaxCell=(148,153) val=62 atWorld=(-204,-4) hqCount=2
[H3] team=Team_Human_Sol fire=Barracks nearHq=(-1095,-870)
[H3] team=Team_Human_Sol fire=Research Facility nearHq=(-1095,-870)
[AI] [Team_Human_Sol] tick=75 reqs=3 type={Construct:3} task={} prio(min/avg/max)=7/24.7/57 groups=0
[ORDER] commander=ai team=Team_Alien unit=Horned Crab kind=move dst=(0,20,0)
[ORDER] commander=ai team=Team_Human_Centauri unit=Light Raider kind=move dst=(-816,35,564)
[ORDER] commander=ai team=Team_Human_Centauri unit=Heavy Raider kind=stop
[ORDER] commander=ai team=Team_Alien unit=Crab kind=move dst=(-1050,12,-1185)
[ORDER] commander=ai team=Team_Human_Centauri unit=Light Raider kind=move dst=(-667,113,1318)
[ORDER] commander=ai team=Team_Human_Centauri unit=Light Raider kind=move dst=(-667,113,1318)
[ORDER] commander=ai team=Team_Human_Centauri unit=Heavy Raider kind=move dst=(-667,113,1318)
[ORDER] commander=ai team=Team_Human_Centauri unit=Light Raider kind=move dst=(-430,50,1730)
[ORDER] commander=ai team=Team_Human_Centauri unit=Light Raider kind=move dst=(-430,50,1730)
[ORDER] commander=ai team=Team_Human_Centauri unit=Heavy Raider kind=move dst=(-430,50,1730)
[ORDER] commander=ai team=Team_Human_Centauri unit=Trooper kind=move dst=(-1727,114,-130)
[ORDER] commander=ai team=Team_Human_Centauri unit=Trooper kind=move dst=(-1727,114,-130)
[ORDER] commander=ai team=Team_Human_Centauri unit=Light Raider kind=attack tgt=Sol_Headquarters(Clone) (Target)
[ORDER] commander=ai team=Team_Human_Centauri unit=Light Raider kind=attack tgt=Sol_Headquarters(Clone) (Target)
[ORDER] commander=ai team=Team_Human_Centauri unit=Heavy Raider kind=attack tgt=Sol_Headquarters(Clone) (Target)
[ORDER] commander=ai team=Team_Human_Centauri unit=Light Raider kind=attack tgt=Sol_Light_PlatoonHauler(Clone) (Target)
[ORDER] commander=ai team=Team_Human_Centauri unit=Light Raider kind=attack tgt=Sol_Light_PlatoonHauler(Clone) (Target)
[ORDER] commander=ai team=Team_Human_Centauri unit=Heavy Raider kind=attack tgt=Sol_Light_PlatoonHauler(Clone) (Target)
[ORDER] commander=ai team=Team_Human_Centauri unit=Trooper kind=attack tgt=Sol_Light_PlatoonHauler(Clone) (Target)
[ORDER] commander=ai team=Team_Human_Centauri unit=Trooper kind=attack tgt=Sol_Light_PlatoonHauler(Clone) (Target)
[H2] team=Team_Human_Centauri fire=Headquarters argmaxCell=(133,152) val=92 atWorld=(-804,-44) hqCount=2
[AI] [Team_Human_Centauri] tick=76 reqs=4 type={Construct:4} task={} prio(min/avg/max)=10/50.8/81 groups=0
[P31] team=Team_Alien preset=Harvest stock=Shrimp ours=Shrimp agree=True rationale=biotic cap (have 19/70)
[ORDER] commander=ai team=Team_Alien unit=Crab kind=move dst=(309,46,1050)
[ORDER] commander=ai team=Team_Alien unit=Crab kind=move dst=(309,46,1050)
[ORDER] commander=ai team=Team_Alien unit=Crab kind=move dst=(309,46,1050)
[ORDER] commander=ai team=Team_Alien unit=Crab kind=move dst=(309,46,1050)
[ORDER] commander=ai team=Team_Alien unit=Hunter kind=move dst=(-393,51,773)
[ORDER] commander=ai team=Team_Alien unit=Hunter kind=move dst=(-393,51,773)
[ORDER] commander=ai team=Team_Alien unit=Shocker kind=move dst=(146,38,-1361)
[ORDER] commander=ai team=Team_Alien unit=Shocker kind=move dst=(146,38,-1361)
[ORDER] commander=ai team=Team_Alien unit=Shocker kind=move dst=(146,38,-1361)
[ORDER] commander=ai team=Team_Alien unit=Crab kind=move dst=(146,38,-1361)
[ORDER] commander=ai team=Team_Alien unit=Queen kind=attack tgt=Cent_Soldier_Militia(Clone) (Target)
[ORDER] commander=ai team=Team_Alien unit=Shocker kind=attack tgt=Sol_Headquarters(Clone) (Target)
[ORDER] commander=ai team=Team_Alien unit=Shocker kind=attack tgt=Sol_Headquarters(Clone) (Target)
[ORDER] commander=ai team=Team_Alien unit=Shocker kind=attack tgt=Sol_Headquarters(Clone) (Target)
[ORDER] commander=ai team=Team_Alien unit=Crab kind=attack tgt=Sol_Headquarters(Clone) (Target)
[ORDER] commander=ai team=Team_Alien unit=Crab kind=attack tgt=Sol_Refinery(Clone) (Target)
[ORDER] commander=ai team=Team_Alien unit=Crab kind=attack tgt=Sol_Refinery(Clone) (Target)
[ORDER] commander=ai team=Team_Alien unit=Crab kind=attack tgt=Sol_Refinery(Clone) (Target)
[ORDER] commander=ai team=Team_Alien unit=Crab kind=attack tgt=Sol_Refinery(Clone) (Target)
[ORDER] commander=ai team=Team_Alien unit=Hunter kind=attack tgt=Cent_Light_SquadTransport(Clone) (Target)
[ORDER] commander=ai team=Team_Alien unit=Hunter kind=attack tgt=Cent_Light_SquadTransport(Clone) (Target)
[AI] [Team_Alien] tick=76 reqs=4 type={Construct:4} task={} prio(min/avg/max)=6/27.3/50 groups=0
[ORDER] commander=ai team=Team_Human_Centauri unit=Light Raider kind=move dst=(-816,35,564)
[ORDER] commander=ai team=Team_Human_Centauri unit=Light Raider kind=move dst=(-816,35,564)
[ORDER] commander=ai team=Team_Human_Centauri unit=Trooper kind=move dst=(-830,48,-459)
[ORDER] commander=ai team=Team_Human_Centauri unit=Trooper kind=move dst=(-830,48,-459)
[ORDER] commander=ai team=Team_Alien unit=Shocker kind=move dst=(-1050,12,-1185)
[SPAWN_U] team=Team_Alien unit=Shrimp
[ORDER] commander=ai team=Team_Human_Centauri unit=Light Raider kind=move dst=(-739,44,619)
[ORDER] commander=ai team=Team_Human_Centauri unit=Light Raider kind=move dst=(-739,44,619)
[ORDER] commander=ai team=Team_Human_Centauri unit=Heavy Raider kind=stop
[ORDER] commander=ai team=Team_Human_Sol unit=Light Striker kind=move dst=(-245,14,-1662)
[ORDER] commander=ai team=Team_Human_Sol unit=Light Striker kind=move dst=(-245,14,-1662)
[ORDER] commander=ai team=Team_Human_Sol unit=Heavy Quad kind=move dst=(-245,14,-1662)
[ORDER] commander=ai team=Team_Human_Sol unit=Light Quad kind=attack tgt=Hunter(Clone) (Target)
[ORDER] commander=ai team=Team_Human_Sol unit=Light Quad kind=attack tgt=Hunter(Clone) (Target)
[ORDER] commander=ai team=Team_Human_Sol unit=Heavy Quad kind=attack tgt=Hunter(Clone) (Target)
[ORDER] commander=ai team=Team_Human_Sol unit=Light Striker kind=attack tgt=Hunter(Clone) (Target)
[ORDER] commander=ai team=Team_Human_Sol unit=Light Striker kind=attack tgt=Hunter(Clone) (Target)
[ORDER] commander=ai team=Team_Human_Sol unit=Heavy Quad kind=attack tgt=Hunter(Clone) (Target)
[H2] team=Team_Human_Sol fire=Headquarters argmaxCell=(118,152) val=66 atWorld=(-1404,-44) hqCount=2
[AI] [Team_Human_Sol] tick=76 reqs=3 type={Construct:3} task={} prio(min/avg/max)=7/24.7/57 groups=0
[ORDER] commander=ai team=Team_Human_Sol unit=Light Quad kind=move dst=(-255,32,2)
[ORDER] commander=ai team=Team_Human_Sol unit=Light Quad kind=move dst=(-255,32,2)
[ORDER] commander=ai team=Team_Human_Sol unit=Heavy Quad kind=move dst=(-255,32,2)
[ORDER] commander=ai team=Team_Alien unit=Queen kind=move dst=(-557,29,51)
[ORDER] commander=ai team=Team_Human_Centauri unit=Heavy Raider kind=stop
[ORDER] commander=ai team=Team_Human_Centauri unit=Light Raider kind=move dst=(-742,44,616)
[ORDER] commander=ai team=Team_Alien unit=Crab kind=move dst=(0,20,0)
[ORDER] commander=ai team=Team_Human_Centauri unit=Assault Car kind=move dst=(-1349,22,-329)
[ORDER] commander=ai team=Team_Alien unit=Shocker kind=move dst=(0,20,0)
[ORDER] commander=ai team=Team_Human_Centauri unit=Light Raider kind=move dst=(-667,113,1318)
[ORDER] commander=ai team=Team_Human_Centauri unit=Light Raider kind=move dst=(-667,113,1318)
[ORDER] commander=ai team=Team_Human_Centauri unit=Heavy Raider kind=move dst=(-667,113,1318)
[ORDER] commander=ai team=Team_Human_Centauri unit=Light Raider kind=move dst=(-430,50,1730)
[ORDER] commander=ai team=Team_Human_Centauri unit=Light Raider kind=move dst=(-430,50,1730)
[ORDER] commander=ai team=Team_Human_Centauri unit=Heavy Raider kind=move dst=(-430,50,1730)
[ORDER] commander=ai team=Team_Human_Centauri unit=Trooper kind=move dst=(-1727,114,-130)
[ORDER] commander=ai team=Team_Human_Centauri unit=Trooper kind=move dst=(-1727,114,-130)
[ORDER] commander=ai team=Team_Human_Centauri unit=Light Raider kind=attack tgt=Sol_Headquarters(Clone) (Target)
[ORDER] commander=ai team=Team_Human_Centauri unit=Light Raider kind=attack tgt=Sol_Headquarters(Clone) (Target)
[ORDER] commander=ai team=Team_Human_Centauri unit=Heavy Raider kind=attack tgt=Sol_Headquarters(Clone) (Target)
[ORDER] commander=ai team=Team_Human_Centauri unit=Light Raider kind=attack tgt=Sol_Light_PlatoonHauler(Clone) (Target)
[ORDER] commander=ai team=Team_Human_Centauri unit=Light Raider kind=attack tgt=Sol_Light_PlatoonHauler(Clone) (Target)
[ORDER] commander=ai team=Team_Human_Centauri unit=Heavy Raider kind=attack tgt=Sol_Light_PlatoonHauler(Clone) (Target)
[ORDER] commander=ai team=Team_Human_Centauri unit=Trooper kind=attack tgt=Sol_Light_PlatoonHauler(Clone) (Target)
[ORDER] commander=ai team=Team_Human_Centauri unit=Trooper kind=attack tgt=Sol_Light_PlatoonHauler(Clone) (Target)
[H2] team=Team_Human_Centauri fire=Headquarters argmaxCell=(118,152) val=69 atWorld=(-1404,-44) hqCount=2
[AI] [Team_Human_Centauri] tick=77 reqs=4 type={Construct:4} task={} prio(min/avg/max)=10/50.8/81 groups=0
[ORDER] commander=ai team=Team_Alien unit=Crab kind=move dst=(309,46,1050)
[ORDER] commander=ai team=Team_Alien unit=Crab kind=move dst=(309,46,1050)
[ORDER] commander=ai team=Team_Alien unit=Crab kind=move dst=(309,46,1050)
[ORDER] commander=ai team=Team_Alien unit=Crab kind=move dst=(309,46,1050)
[ORDER] commander=ai team=Team_Alien unit=Hunter kind=move dst=(-393,51,773)
[ORDER] commander=ai team=Team_Alien unit=Hunter kind=move dst=(-393,51,773)
[ORDER] commander=ai team=Team_Alien unit=Shocker kind=move dst=(146,38,-1361)
[ORDER] commander=ai team=Team_Alien unit=Shocker kind=move dst=(146,38,-1361)
[ORDER] commander=ai team=Team_Alien unit=Shocker kind=move dst=(146,38,-1361)
[ORDER] commander=ai team=Team_Alien unit=Crab kind=move dst=(146,38,-1361)
[ORDER] commander=ai team=Team_Alien unit=Shocker kind=attack tgt=Sol_Headquarters(Clone) (Target)
[ORDER] commander=ai team=Team_Alien unit=Shocker kind=attack tgt=Sol_Headquarters(Clone) (Target)
[ORDER] commander=ai team=Team_Alien unit=Shocker kind=attack tgt=Sol_Headquarters(Clone) (Target)
[ORDER] commander=ai team=Team_Alien unit=Crab kind=attack tgt=Sol_Headquarters(Clone) (Target)
[ORDER] commander=ai team=Team_Alien unit=Crab kind=attack tgt=Sol_Refinery(Clone) (Target)
[ORDER] commander=ai team=Team_Alien unit=Crab kind=attack tgt=Sol_Refinery(Clone) (Target)
[ORDER] commander=ai team=Team_Alien unit=Crab kind=attack tgt=Sol_Refinery(Clone) (Target)
[ORDER] commander=ai team=Team_Alien unit=Crab kind=attack tgt=Sol_Refinery(Clone) (Target)
[ORDER] commander=ai team=Team_Alien unit=Hunter kind=attack tgt=Cent_Light_SquadTransport(Clone) (Target)
[ORDER] commander=ai team=Team_Alien unit=Hunter kind=attack tgt=Cent_Light_SquadTransport(Clone) (Target)
[AI] [Team_Alien] tick=77 reqs=3 type={Construct:3} task={} prio(min/avg/max)=5/21.7/50 groups=0
[ORDER] commander=ai team=Team_Human_Centauri unit=Light Raider kind=move dst=(-1095,24,-870)
[ORDER] commander=ai team=Team_Human_Centauri unit=Light Raider kind=move dst=(-1095,24,-870)
[ORDER] commander=ai team=Team_Human_Centauri unit=Heavy Raider kind=move dst=(-1095,24,-870)
[ORDER] commander=ai team=Team_Human_Centauri unit=Trooper kind=move dst=(-860,41,-456)
[ORDER] commander=ai team=Team_Human_Centauri unit=Trooper kind=move dst=(-860,41,-456)
[ORDER] commander=ai team=Team_Alien unit=Wasp kind=stop
[ORDER] commander=ai team=Team_Alien unit=Squid kind=move dst=(564,80,-24)
[ORDER] commander=ai team=Team_Alien unit=Squid kind=move dst=(564,80,-24)
[ORDER] commander=ai team=Team_Alien unit=Squid kind=move dst=(564,80,-24)
[ORDER] commander=ai team=Team_Human_Centauri unit=Light Raider kind=move dst=(-742,43,616)
[ORDER] commander=ai team=Team_Human_Centauri unit=Light Raider kind=move dst=(-742,43,616)
[ORDER] commander=ai team=Team_Human_Centauri unit=Heavy Raider kind=stop
[ORDER] commander=ai team=Team_Human_Sol unit=Light Striker kind=move dst=(-245,14,-1662)
[ORDER] commander=ai team=Team_Human_Sol unit=Light Striker kind=move dst=(-245,14,-1662)
[ORDER] commander=ai team=Team_Human_Sol unit=Heavy Quad kind=move dst=(-245,14,-1662)
[ORDER] commander=ai team=Team_Human_Sol unit=Light Quad kind=attack tgt=Cent_Light_AssaultCar(Clone) (Target)
[ORDER] commander=ai team=Team_Human_Sol unit=Light Quad kind=attack tgt=Cent_Light_AssaultCar(Clone) (Target)
[ORDER] commander=ai team=Team_Human_Sol unit=Heavy Quad kind=attack tgt=Cent_Light_AssaultCar(Clone) (Target)
[ORDER] commander=ai team=Team_Human_Sol unit=Platoon Hauler kind=attack tgt=Cent_Light_SquadTransport(Clone) (Target)
[ORDER] commander=ai team=Team_Human_Sol unit=Platoon Hauler kind=attack tgt=Cent_Light_SquadTransport(Clone) (Target)
[ORDER] commander=ai team=Team_Human_Sol unit=Light Striker kind=attack tgt=Cent_Light_AssaultCar(Clone) (Target)
[ORDER] commander=ai team=Team_Human_Sol unit=Light Striker kind=attack tgt=Cent_Light_AssaultCar(Clone) (Target)
[ORDER] commander=ai team=Team_Human_Sol unit=Heavy Quad kind=attack tgt=Cent_Light_AssaultCar(Clone) (Target)
[H1] team=Team_Human_Sol fire=Refinery atBalterium=(-1229,-735) refCount=2
[H1] team=Team_Human_Sol fire=Refinery atBalterium=(-1515,-1118) refCount=3
[H2] team=Team_Human_Sol fire=Headquarters argmaxCell=(133,153) val=88 atWorld=(-804,-4) hqCount=2
[H3] team=Team_Human_Sol fire=Barracks nearHq=(-1095,-870)
[H3] team=Team_Human_Sol fire=Research Facility nearHq=(-1095,-870)
[AI] [Team_Human_Sol] tick=77 reqs=3 type={Construct:3} task={} prio(min/avg/max)=7/24.7/57 groups=0
[ORDER] commander=ai team=Team_Human_Sol unit=Light Quad kind=move dst=(-1038,42,-313)
[ORDER] commander=ai team=Team_Human_Sol unit=Light Quad kind=move dst=(-1038,42,-313)
[ORDER] commander=ai team=Team_Human_Sol unit=Heavy Quad kind=move dst=(-1038,42,-313)
[SPAWN_S] team=Team_Alien structure=Node at=(120,165)
[SPAWN_S] team=Team_Alien structure=Node at=(530,-670)
[ORDER] commander=ai team=Team_Alien unit=Shocker kind=move dst=(-1050,12,-1185)
[ORDER] commander=ai team=Team_Human_Centauri unit=Light Raider kind=move dst=(-742,43,616)
[ORDER] commander=ai team=Team_Human_Sol unit=Light Quad kind=move dst=(-1046,42,-320)
[ORDER] commander=ai team=Team_Human_Sol unit=Heavy Quad kind=move dst=(-1046,42,-320)
[ORDER] commander=ai team=Team_Alien unit=Shocker kind=move dst=(0,20,0)
[ORDER] commander=ai team=Team_Human_Centauri unit=Light Raider kind=move dst=(-818,35,561)
[ORDER] commander=ai team=Team_Human_Centauri unit=Light Raider kind=move dst=(-818,35,561)
[ORDER] commander=ai team=Team_Human_Centauri unit=Heavy Raider kind=stop
[ORDER] commander=ai team=Team_Alien unit=Horned Crab kind=move dst=(0,20,0)
[ORDER] commander=ai team=Team_Human_Centauri unit=Trooper kind=move dst=(-667,113,1318)
[ORDER] commander=ai team=Team_Human_Centauri unit=Trooper kind=move dst=(-667,113,1318)
[ORDER] commander=ai team=Team_Human_Centauri unit=Squad Transport kind=move dst=(-430,50,1730)
[ORDER] commander=ai team=Team_Human_Centauri unit=Squad Transport kind=move dst=(-1727,114,-130)
[ORDER] commander=ai team=Team_Human_Centauri unit=Light Raider kind=attack tgt=Sol_Light_PlatoonHauler(Clone) (Target)
[ORDER] commander=ai team=Team_Human_Centauri unit=Light Raider kind=attack tgt=Sol_Light_PlatoonHauler(Clone) (Target)
[ORDER] commander=ai team=Team_Human_Centauri unit=Heavy Raider kind=attack tgt=Sol_Light_PlatoonHauler(Clone) (Target)
[ORDER] commander=ai team=Team_Human_Centauri unit=Trooper kind=attack tgt=Sol_Headquarters(Clone) (Target)
[ORDER] commander=ai team=Team_Human_Centauri unit=Trooper kind=attack tgt=Sol_Headquarters(Clone) (Target)
[ORDER] commander=ai team=Team_Human_Centauri unit=Squad Transport kind=attack tgt=Sol_Light_PlatoonHauler(Clone) (Target)
[ORDER] commander=ai team=Team_Human_Centauri unit=Squad Transport kind=attack tgt=Sol_Light_HeavyQuad(Clone) (Target)
[H2] team=Team_Human_Centauri fire=Headquarters argmaxCell=(118,152) val=69 atWorld=(-1404,-44) hqCount=2
[AI] [Team_Human_Centauri] tick=78 reqs=4 type={Construct:4} task={} prio(min/avg/max)=10/50.8/81 groups=0
[ORDER] commander=ai team=Team_Alien unit=Crab kind=move dst=(309,46,1050)
[ORDER] commander=ai team=Team_Alien unit=Crab kind=move dst=(309,46,1050)
[ORDER] commander=ai team=Team_Alien unit=Crab kind=move dst=(309,46,1050)
[ORDER] commander=ai team=Team_Alien unit=Crab kind=move dst=(309,46,1050)
[ORDER] commander=ai team=Team_Alien unit=Hunter kind=move dst=(-393,51,773)
[ORDER] commander=ai team=Team_Alien unit=Hunter kind=move dst=(-393,51,773)
[ORDER] commander=ai team=Team_Alien unit=Shocker kind=move dst=(146,38,-1361)
[ORDER] commander=ai team=Team_Alien unit=Shocker kind=move dst=(146,38,-1361)
[ORDER] commander=ai team=Team_Alien unit=Shocker kind=move dst=(146,38,-1361)
[ORDER] commander=ai team=Team_Alien unit=Crab kind=move dst=(146,38,-1361)
[ORDER] commander=ai team=Team_Alien unit=Shocker kind=attack tgt=Sol_Headquarters(Clone) (Target)
[ORDER] commander=ai team=Team_Alien unit=Shocker kind=attack tgt=Sol_Headquarters(Clone) (Target)
[ORDER] commander=ai team=Team_Alien unit=Shocker kind=attack tgt=Sol_Headquarters(Clone) (Target)
[ORDER] commander=ai team=Team_Alien unit=Crab kind=attack tgt=Sol_Headquarters(Clone) (Target)
[ORDER] commander=ai team=Team_Alien unit=Crab kind=attack tgt=Sol_Refinery(Clone) (Target)
[ORDER] commander=ai team=Team_Alien unit=Crab kind=attack tgt=Sol_Refinery(Clone) (Target)
[ORDER] commander=ai team=Team_Alien unit=Crab kind=attack tgt=Sol_Refinery(Clone) (Target)
[ORDER] commander=ai team=Team_Alien unit=Crab kind=attack tgt=Sol_Refinery(Clone) (Target)
[ORDER] commander=ai team=Team_Alien unit=Hunter kind=attack tgt=Cent_Light_SquadTransport(Clone) (Target)
[ORDER] commander=ai team=Team_Alien unit=Hunter kind=attack tgt=Cent_Light_SquadTransport(Clone) (Target)
[AI] [Team_Alien] tick=78 reqs=3 type={Construct:3} task={} prio(min/avg/max)=5/21.7/50 groups=0
[ORDER] commander=ai team=Team_Human_Centauri unit=Trooper kind=move dst=(-1095,24,-870)
[ORDER] commander=ai team=Team_Human_Centauri unit=Trooper kind=move dst=(-1095,24,-870)
[ORDER] commander=ai team=Team_Alien unit=Wasp kind=move dst=(-1065,40,-334)
[ORDER] commander=ai team=Team_Alien unit=Squid kind=move dst=(-1065,40,-334)
[ORDER] commander=ai team=Team_Alien unit=Squid kind=move dst=(-1065,40,-334)
[ORDER] commander=ai team=Team_Alien unit=Squid kind=move dst=(-1065,40,-334)
[ORDER] commander=ai team=Team_Human_Sol unit=Scout kind=move dst=(-1055,38,-356)
[ORDER] commander=ai team=Team_Human_Centauri unit=Light Raider kind=move dst=(-742,43,616)
[ORDER] commander=ai team=Team_Human_Centauri unit=Light Raider kind=move dst=(-742,43,616)
[ORDER] commander=ai team=Team_Human_Centauri unit=Heavy Raider kind=stop
[ORDER] commander=ai team=Team_Human_Sol unit=Light Quad kind=attack tgt=Hunter(Clone) (Target)
[ORDER] commander=ai team=Team_Human_Sol unit=Light Quad kind=attack tgt=Hunter(Clone) (Target)
[ORDER] commander=ai team=Team_Human_Sol unit=Heavy Quad kind=attack tgt=Hunter(Clone) (Target)
[ORDER] commander=ai team=Team_Human_Sol unit=Platoon Hauler kind=move dst=(-430,35,-1750)
[ORDER] commander=ai team=Team_Human_Sol unit=Light Striker kind=move dst=(-245,14,-1662)
[ORDER] commander=ai team=Team_Human_Sol unit=Light Striker kind=move dst=(-245,14,-1662)
[ORDER] commander=ai team=Team_Human_Sol unit=Heavy Quad kind=move dst=(-245,14,-1662)
[ORDER] commander=ai team=Team_Human_Sol unit=Platoon Hauler kind=attack tgt=Cent_Light_SquadTransport(Clone) (Target)
[ORDER] commander=ai team=Team_Human_Sol unit=Platoon Hauler kind=attack tgt=Cent_Light_SquadTransport(Clone) (Target)
[H2] team=Team_Human_Sol fire=Headquarters argmaxCell=(133,153) val=88 atWorld=(-804,-4) hqCount=2
[AI] [Team_Human_Sol] tick=78 reqs=3 type={Construct:3} task={} prio(min/avg/max)=7/24.7/57 groups=0
[ORDER] commander=ai team=Team_Human_Sol unit=Light Quad kind=move dst=(-809,39,-263)
[ORDER] commander=ai team=Team_Human_Sol unit=Light Quad kind=move dst=(-809,39,-263)
[ORDER] commander=ai team=Team_Human_Sol unit=Heavy Quad kind=move dst=(-809,39,-263)
[ORDER] commander=ai team=Team_Human_Sol unit=Platoon Hauler kind=move dst=(-1053,38,-356)
[ORDER] commander=ai team=Team_Human_Centauri unit=Light Raider kind=move dst=(-1095,24,-870)
[ORDER] commander=ai team=Team_Human_Centauri unit=Heavy Raider kind=move dst=(-1095,24,-870)
[ORDER] commander=ai team=Team_Human_Centauri unit=Light Raider kind=move dst=(-667,113,1318)
[ORDER] commander=ai team=Team_Human_Centauri unit=Light Raider kind=move dst=(-667,113,1318)
[ORDER] commander=ai team=Team_Human_Centauri unit=Heavy Raider kind=move dst=(-667,113,1318)
[ORDER] commander=ai team=Team_Human_Centauri unit=Light Raider kind=move dst=(-430,50,1730)
[ORDER] commander=ai team=Team_Human_Centauri unit=Light Raider kind=move dst=(-430,50,1730)
[ORDER] commander=ai team=Team_Human_Centauri unit=Heavy Raider kind=move dst=(-430,50,1730)
[ORDER] commander=ai team=Team_Human_Centauri unit=Trooper kind=move dst=(-1727,114,-130)
[ORDER] commander=ai team=Team_Human_Centauri unit=Trooper kind=move dst=(-1727,114,-130)
[ORDER] commander=ai team=Team_Human_Centauri unit=Heavy Raider kind=attack tgt=Hunter(Clone) (Target)
[ORDER] commander=ai team=Team_Human_Centauri unit=Heavy Raider kind=attack tgt=Hunter(Clone) (Target)
[ORDER] commander=ai team=Team_Human_Centauri unit=Militia kind=attack tgt=Sol_Light_PlatoonHauler(Clone) (Target)
[ORDER] commander=ai team=Team_Human_Centauri unit=Militia kind=attack tgt=Sol_Light_PlatoonHauler(Clone) (Target)
[ORDER] commander=ai team=Team_Human_Centauri unit=Militia kind=attack tgt=Sol_Light_PlatoonHauler(Clone) (Target)
[ORDER] commander=ai team=Team_Human_Centauri unit=Light Raider kind=attack tgt=Sol_Headquarters(Clone) (Target)
[ORDER] commander=ai team=Team_Human_Centauri unit=Light Raider kind=attack tgt=Sol_Headquarters(Clone) (Target)
[ORDER] commander=ai team=Team_Human_Centauri unit=Heavy Raider kind=attack tgt=Sol_Headquarters(Clone) (Target)
[ORDER] commander=ai team=Team_Human_Centauri unit=Light Raider kind=attack tgt=Sol_Light_PlatoonHauler(Clone) (Target)
[ORDER] commander=ai team=Team_Human_Centauri unit=Light Raider kind=attack tgt=Sol_Light_PlatoonHauler(Clone) (Target)
[ORDER] commander=ai team=Team_Human_Centauri unit=Heavy Raider kind=attack tgt=Sol_Light_PlatoonHauler(Clone) (Target)
[ORDER] commander=ai team=Team_Human_Centauri unit=Trooper kind=attack tgt=Sol_Light_HeavyQuad(Clone) (Target)
[ORDER] commander=ai team=Team_Human_Centauri unit=Trooper kind=attack tgt=Sol_Light_HeavyQuad(Clone) (Target)
[H2] team=Team_Human_Centauri fire=Headquarters argmaxCell=(118,152) val=69 atWorld=(-1404,-44) hqCount=2
[AI] [Team_Human_Centauri] tick=79 reqs=4 type={Construct:4} task={} prio(min/avg/max)=10/50.8/81 groups=0
[ORDER] commander=ai team=Team_Alien unit=Crab kind=move dst=(309,46,1050)
[ORDER] commander=ai team=Team_Alien unit=Crab kind=move dst=(309,46,1050)
[ORDER] commander=ai team=Team_Alien unit=Crab kind=move dst=(309,46,1050)
[ORDER] commander=ai team=Team_Alien unit=Crab kind=move dst=(309,46,1050)
[ORDER] commander=ai team=Team_Alien unit=Hunter kind=move dst=(-393,51,773)
[ORDER] commander=ai team=Team_Alien unit=Hunter kind=move dst=(-393,51,773)
[ORDER] commander=ai team=Team_Alien unit=Shocker kind=move dst=(146,38,-1361)
[ORDER] commander=ai team=Team_Alien unit=Shocker kind=move dst=(146,38,-1361)
[ORDER] commander=ai team=Team_Alien unit=Shocker kind=move dst=(146,38,-1361)
[ORDER] commander=ai team=Team_Alien unit=Crab kind=move dst=(146,38,-1361)
[ORDER] commander=ai team=Team_Alien unit=Shocker kind=attack tgt=Sol_Headquarters(Clone) (Target)
[ORDER] commander=ai team=Team_Alien unit=Shocker kind=attack tgt=Sol_Headquarters(Clone) (Target)
[ORDER] commander=ai team=Team_Alien unit=Shocker kind=attack tgt=Sol_Headquarters(Clone) (Target)
[ORDER] commander=ai team=Team_Alien unit=Crab kind=attack tgt=Sol_Headquarters(Clone) (Target)
[ORDER] commander=ai team=Team_Alien unit=Crab kind=attack tgt=Sol_Refinery(Clone) (Target)
[ORDER] commander=ai team=Team_Alien unit=Crab kind=attack tgt=Sol_Refinery(Clone) (Target)
[ORDER] commander=ai team=Team_Alien unit=Crab kind=attack tgt=Sol_Refinery(Clone) (Target)
[ORDER] commander=ai team=Team_Alien unit=Crab kind=attack tgt=Sol_Refinery(Clone) (Target)
[ORDER] commander=ai team=Team_Alien unit=Hunter kind=attack tgt=Cent_Light_SquadTransport(Clone) (Target)
[ORDER] commander=ai team=Team_Alien unit=Hunter kind=attack tgt=Cent_Light_SquadTransport(Clone) (Target)
[AI] [Team_Alien] tick=79 reqs=4 type={Construct:4} task={} prio(min/avg/max)=1/16.5/50 groups=0
[ORDER] commander=ai team=Team_Human_Centauri unit=Light Raider kind=move dst=(-1095,24,-870)
[ORDER] commander=ai team=Team_Human_Centauri unit=Light Raider kind=move dst=(-1095,24,-870)
[ORDER] commander=ai team=Team_Human_Centauri unit=Heavy Raider kind=move dst=(-1095,24,-870)
[ORDER] commander=ai team=Team_Human_Centauri unit=Trooper kind=move dst=(-879,40,-408)
[ORDER] commander=ai team=Team_Human_Centauri unit=Trooper kind=move dst=(-879,40,-408)
[ORDER] commander=ai team=Team_Human_Centauri unit=Heavy Raider kind=move dst=(-366,27,-16)
[ORDER] commander=ai team=Team_Human_Sol unit=Platoon Hauler kind=move dst=(-279,18,-291)
[SPAWN_U] team=Team_Alien unit=Shrimp
[ORDER] commander=ai team=Team_Human_Centauri unit=Light Raider kind=move dst=(-742,43,615)
[ORDER] commander=ai team=Team_Human_Centauri unit=Light Raider kind=move dst=(-742,43,615)
[ORDER] commander=ai team=Team_Human_Centauri unit=Heavy Raider kind=stop
[ORDER] commander=ai team=Team_Human_Sol unit=Light Striker kind=attack tgt=Cent_Light_AssaultCar(Clone) (Target)
[ORDER] commander=ai team=Team_Human_Sol unit=Light Striker kind=attack tgt=Cent_Light_AssaultCar(Clone) (Target)
[ORDER] commander=ai team=Team_Human_Sol unit=Heavy Quad kind=attack tgt=Cent_Light_AssaultCar(Clone) (Target)
[ORDER] commander=ai team=Team_Human_Sol unit=Platoon Hauler kind=move dst=(-1727,114,-130)
[ORDER] commander=ai team=Team_Human_Sol unit=Platoon Hauler kind=move dst=(-430,35,-1750)
[ORDER] commander=ai team=Team_Human_Sol unit=Platoon Hauler kind=move dst=(-245,14,-1662)
[ORDER] commander=ai team=Team_Human_Sol unit=Platoon Hauler kind=attack tgt=Cent_Light_SquadTransport(Clone) (Target)
[ORDER] commander=ai team=Team_Human_Sol unit=Platoon Hauler kind=attack tgt=Cent_Light_SquadTransport(Clone) (Target)
[ORDER] commander=ai team=Team_Human_Sol unit=Platoon Hauler kind=attack tgt=Hunter(Clone) (Target)
[ORDER] commander=ai team=Team_Human_Sol unit=Platoon Hauler kind=attack tgt=Cent_Light_AssaultCar(Clone) (Target)
[H1] team=Team_Human_Sol fire=Refinery atBalterium=(-1229,-735) refCount=2
[H1] team=Team_Human_Sol fire=Refinery atBalterium=(-1515,-1118) refCount=3
[H2] team=Team_Human_Sol fire=Headquarters argmaxCell=(133,153) val=88 atWorld=(-804,-4) hqCount=2
[H3] team=Team_Human_Sol fire=Barracks nearHq=(-1095,-870)
[H3] team=Team_Human_Sol fire=Research Facility nearHq=(-1095,-870)
[AI] [Team_Human_Sol] tick=79 reqs=3 type={Construct:3} task={} prio(min/avg/max)=7/24.7/57 groups=0
[ORDER] commander=ai team=Team_Alien unit=Shocker kind=move dst=(0,20,0)
[ORDER] commander=ai team=Team_Human_Sol unit=Platoon Hauler kind=move dst=(-1096,37,-356)
[ORDER] commander=ai team=Team_Human_Sol unit=Rifleman kind=move dst=(-1002,37,-372)
[ORDER] commander=ai team=Team_Human_Centauri unit=Light Raider kind=move dst=(-742,43,615)
[ORDER] commander=ai team=Team_Human_Centauri unit=Light Raider kind=move dst=(-742,43,615)
[SPAWN_U] team=Team_Alien unit=Shrimp
[ORDER] commander=ai team=Team_Human_Centauri unit=Assault Car kind=move dst=(-1448,26,-336)
[ORDER] commander=ai team=Team_Human_Centauri unit=Light Raider kind=move dst=(-825,34,550)
[ORDER] commander=ai team=Team_Human_Centauri unit=Light Raider kind=move dst=(-825,34,550)
[ORDER] commander=ai team=Team_Human_Centauri unit=Heavy Raider kind=stop
[ORDER] commander=ai team=Team_Human_Centauri unit=Light Raider kind=move dst=(-667,113,1318)
[ORDER] commander=ai team=Team_Human_Centauri unit=Light Raider kind=move dst=(-667,113,1318)
[ORDER] commander=ai team=Team_Human_Centauri unit=Heavy Raider kind=move dst=(-667,113,1318)
[ORDER] commander=ai team=Team_Human_Centauri unit=Light Raider kind=move dst=(-430,50,1730)
[ORDER] commander=ai team=Team_Human_Centauri unit=Light Raider kind=move dst=(-430,50,1730)
[ORDER] commander=ai team=Team_Human_Centauri unit=Heavy Raider kind=move dst=(-430,50,1730)
[ORDER] commander=ai team=Team_Human_Centauri unit=Trooper kind=move dst=(-1727,114,-130)
[ORDER] commander=ai team=Team_Human_Centauri unit=Trooper kind=move dst=(-1727,114,-130)
[ORDER] commander=ai team=Team_Human_Centauri unit=Light Raider kind=attack tgt=Sol_Headquarters(Clone) (Target)
[ORDER] commander=ai team=Team_Human_Centauri unit=Light Raider kind=attack tgt=Sol_Headquarters(Clone) (Target)
[ORDER] commander=ai team=Team_Human_Centauri unit=Heavy Raider kind=attack tgt=Sol_Headquarters(Clone) (Target)
[ORDER] commander=ai team=Team_Human_Centauri unit=Light Raider kind=attack tgt=Sol_Light_PlatoonHauler(Clone) (Target)
[ORDER] commander=ai team=Team_Human_Centauri unit=Light Raider kind=attack tgt=Sol_Light_PlatoonHauler(Clone) (Target)
[ORDER] commander=ai team=Team_Human_Centauri unit=Heavy Raider kind=attack tgt=Sol_Light_PlatoonHauler(Clone) (Target)
[ORDER] commander=ai team=Team_Human_Centauri unit=Trooper kind=attack tgt=Sol_Light_HeavyQuad(Clone) (Target)
[ORDER] commander=ai team=Team_Human_Centauri unit=Trooper kind=attack tgt=Sol_Light_HeavyQuad(Clone) (Target)
[H2] team=Team_Human_Centauri fire=Headquarters argmaxCell=(118,152) val=69 atWorld=(-1404,-44) hqCount=2
[AI] [Team_Human_Centauri] tick=80 reqs=4 type={Construct:4} task={} prio(min/avg/max)=10/50.8/81 groups=0
[P31] team=Team_Alien preset=Harvest stock=Shrimp ours=Shrimp agree=True rationale=biotic cap (have 22/70)
[ORDER] commander=ai team=Team_Alien unit=Shrimp kind=move dst=(1217,86,-280)
[ORDER] commander=ai team=Team_Alien unit=Shrimp kind=move dst=(1217,86,-280)
[ORDER] commander=ai team=Team_Alien unit=Crab kind=move dst=(309,46,1050)
[ORDER] commander=ai team=Team_Alien unit=Crab kind=move dst=(309,46,1050)
[ORDER] commander=ai team=Team_Alien unit=Crab kind=move dst=(309,46,1050)
[ORDER] commander=ai team=Team_Alien unit=Crab kind=move dst=(309,46,1050)
[ORDER] commander=ai team=Team_Alien unit=Hunter kind=move dst=(-393,51,773)
[ORDER] commander=ai team=Team_Alien unit=Hunter kind=move dst=(-393,51,773)
[ORDER] commander=ai team=Team_Alien unit=Shocker kind=move dst=(146,38,-1361)
[ORDER] commander=ai team=Team_Alien unit=Shocker kind=move dst=(146,38,-1361)
[ORDER] commander=ai team=Team_Alien unit=Shocker kind=move dst=(146,38,-1361)
[ORDER] commander=ai team=Team_Alien unit=Crab kind=move dst=(146,38,-1361)
[ORDER] commander=ai team=Team_Alien unit=Shocker kind=attack tgt=Sol_Headquarters(Clone) (Target)
[ORDER] commander=ai team=Team_Alien unit=Shocker kind=attack tgt=Sol_Headquarters(Clone) (Target)
[ORDER] commander=ai team=Team_Alien unit=Shocker kind=attack tgt=Sol_Headquarters(Clone) (Target)
[ORDER] commander=ai team=Team_Alien unit=Crab kind=attack tgt=Sol_Headquarters(Clone) (Target)
[ORDER] commander=ai team=Team_Alien unit=Crab kind=attack tgt=Sol_Refinery(Clone) (Target)
[ORDER] commander=ai team=Team_Alien unit=Crab kind=attack tgt=Sol_Refinery(Clone) (Target)
[ORDER] commander=ai team=Team_Alien unit=Crab kind=attack tgt=Sol_Refinery(Clone) (Target)
[ORDER] commander=ai team=Team_Alien unit=Crab kind=attack tgt=Sol_Refinery(Clone) (Target)
[ORDER] commander=ai team=Team_Alien unit=Hunter kind=attack tgt=Cent_Light_SquadTransport(Clone) (Target)
[ORDER] commander=ai team=Team_Alien unit=Hunter kind=attack tgt=Cent_Light_SquadTransport(Clone) (Target)
[AI] [Team_Alien] tick=80 reqs=5 type={Construct:5} task={} prio(min/avg/max)=1/25.0/62 groups=0
[ORDER] commander=ai team=Team_Human_Centauri unit=Light Raider kind=move dst=(-828,34,547)
[ORDER] commander=ai team=Team_Human_Centauri unit=Light Raider kind=move dst=(-828,34,547)
[ORDER] commander=ai team=Team_Human_Centauri unit=Trooper kind=move dst=(-879,41,-378)
[ORDER] commander=ai team=Team_Human_Centauri unit=Trooper kind=move dst=(-879,41,-378)
[ORDER] commander=ai team=Team_Human_Sol unit=Scout kind=move dst=(-967,37,-382)
[ORDER] commander=ai team=Team_Human_Sol unit=Platoon Hauler kind=move dst=(-1727,114,-130)
[ORDER] commander=ai team=Team_Human_Sol unit=Platoon Hauler kind=attack tgt=Hunter(Clone) (Target)
[H2] team=Team_Human_Sol fire=Headquarters argmaxCell=(133,153) val=88 atWorld=(-804,-4) hqCount=2
[AI] [Team_Human_Sol] tick=80 reqs=3 type={Construct:3} task={} prio(min/avg/max)=7/24.7/57 groups=0
[ORDER] commander=ai team=Team_Alien unit=Shocker kind=move dst=(0,20,0)
[ORDER] commander=ai team=Team_Human_Centauri unit=Heavy Raider kind=stop
[ORDER] commander=ai team=Team_Alien unit=Wasp kind=stop
[ORDER] commander=ai team=Team_Alien unit=Squid kind=move dst=(373,61,-61)
[ORDER] commander=ai team=Team_Alien unit=Squid kind=move dst=(373,61,-61)
[ORDER] commander=ai team=Team_Alien unit=Squid kind=move dst=(373,61,-61)
[ORDER] commander=ai team=Team_Human_Sol unit=Scout kind=move dst=(-933,37,-391)
[ORDER] commander=ai team=Team_Human_Centauri unit=Squad Transport kind=move dst=(-870,42,-357)
[ORDER] commander=ai team=Team_Human_Centauri unit=Light Raider kind=move dst=(-667,113,1318)
[ORDER] commander=ai team=Team_Human_Centauri unit=Light Raider kind=move dst=(-667,113,1318)
[ORDER] commander=ai team=Team_Human_Centauri unit=Heavy Raider kind=move dst=(-667,113,1318)
[ORDER] commander=ai team=Team_Human_Centauri unit=Light Raider kind=move dst=(-430,50,1730)
[ORDER] commander=ai team=Team_Human_Centauri unit=Light Raider kind=move dst=(-430,50,1730)
[ORDER] commander=ai team=Team_Human_Centauri unit=Heavy Raider kind=move dst=(-430,50,1730)
[ORDER] commander=ai team=Team_Human_Centauri unit=Trooper kind=move dst=(-1727,114,-130)
[ORDER] commander=ai team=Team_Human_Centauri unit=Trooper kind=move dst=(-1727,114,-130)
[ORDER] commander=ai team=Team_Human_Centauri unit=Light Raider kind=attack tgt=Sol_Headquarters(Clone) (Target)
[ORDER] commander=ai team=Team_Human_Centauri unit=Light Raider kind=attack tgt=Sol_Headquarters(Clone) (Target)
[ORDER] commander=ai team=Team_Human_Centauri unit=Heavy Raider kind=attack tgt=Sol_Headquarters(Clone) (Target)
[ORDER] commander=ai team=Team_Human_Centauri unit=Light Raider kind=attack tgt=Sol_Light_PlatoonHauler(Clone) (Target)
[ORDER] commander=ai team=Team_Human_Centauri unit=Light Raider kind=attack tgt=Sol_Light_PlatoonHauler(Clone) (Target)
[ORDER] commander=ai team=Team_Human_Centauri unit=Heavy Raider kind=attack tgt=Sol_Light_PlatoonHauler(Clone) (Target)
[ORDER] commander=ai team=Team_Human_Centauri unit=Trooper kind=attack tgt=Sol_Light_HeavyQuad(Clone) (Target)
[ORDER] commander=ai team=Team_Human_Centauri unit=Trooper kind=attack tgt=Sol_Light_HeavyQuad(Clone) (Target)
[H2] team=Team_Human_Centauri fire=Headquarters argmaxCell=(118,152) val=69 atWorld=(-1404,-44) hqCount=2
[AI] [Team_Human_Centauri] tick=81 reqs=4 type={Construct:4} task={} prio(min/avg/max)=10/50.8/81 groups=0
[P31] team=Team_Alien preset=Harvest stock=Shrimp ours=Shrimp agree=True rationale=biotic cap (have 22/70)
[ORDER] commander=ai team=Team_Alien unit=Crab kind=move dst=(309,46,1050)
[ORDER] commander=ai team=Team_Alien unit=Crab kind=move dst=(309,46,1050)
[ORDER] commander=ai team=Team_Alien unit=Crab kind=move dst=(309,46,1050)
[ORDER] commander=ai team=Team_Alien unit=Crab kind=move dst=(309,46,1050)
[ORDER] commander=ai team=Team_Alien unit=Hunter kind=move dst=(-393,51,773)
[ORDER] commander=ai team=Team_Alien unit=Hunter kind=move dst=(-393,51,773)
[ORDER] commander=ai team=Team_Alien unit=Shocker kind=move dst=(146,38,-1361)
[ORDER] commander=ai team=Team_Alien unit=Shocker kind=move dst=(146,38,-1361)
[ORDER] commander=ai team=Team_Alien unit=Shocker kind=move dst=(146,38,-1361)
[ORDER] commander=ai team=Team_Alien unit=Crab kind=move dst=(146,38,-1361)
[ORDER] commander=ai team=Team_Alien unit=Crab kind=attack tgt=Sol_Light_HeavyQuad(Clone) (Target)
[ORDER] commander=ai team=Team_Alien unit=Shocker kind=attack tgt=Sol_Light_HeavyQuad(Clone) (Target)
[ORDER] commander=ai team=Team_Alien unit=Shocker kind=attack tgt=Sol_Light_HeavyQuad(Clone) (Target)
[ORDER] commander=ai team=Team_Alien unit=Shocker kind=attack tgt=Sol_Light_HeavyQuad(Clone) (Target)
[ORDER] commander=ai team=Team_Alien unit=Wasp kind=attack tgt=Sol_Refinery(Clone) (Target)
[ORDER] commander=ai team=Team_Alien unit=Squid kind=attack tgt=Sol_Refinery(Clone) (Target)
[ORDER] commander=ai team=Team_Alien unit=Squid kind=attack tgt=Sol_Refinery(Clone) (Target)
[ORDER] commander=ai team=Team_Alien unit=Squid kind=attack tgt=Sol_Refinery(Clone) (Target)
[ORDER] commander=ai team=Team_Alien unit=Shocker kind=attack tgt=Sol_Headquarters(Clone) (Target)
[ORDER] commander=ai team=Team_Alien unit=Shocker kind=attack tgt=Sol_Headquarters(Clone) (Target)
[ORDER] commander=ai team=Team_Alien unit=Shocker kind=attack tgt=Sol_Headquarters(Clone) (Target)
[ORDER] commander=ai team=Team_Alien unit=Crab kind=attack tgt=Sol_Headquarters(Clone) (Target)
[ORDER] commander=ai team=Team_Alien unit=Crab kind=attack tgt=Cent_Light_AssaultCar(Clone) (Target)
[ORDER] commander=ai team=Team_Alien unit=Crab kind=attack tgt=Cent_Light_AssaultCar(Clone) (Target)
[ORDER] commander=ai team=Team_Alien unit=Crab kind=attack tgt=Cent_Light_AssaultCar(Clone) (Target)
[ORDER] commander=ai team=Team_Alien unit=Crab kind=attack tgt=Cent_Light_AssaultCar(Clone) (Target)
[ORDER] commander=ai team=Team_Alien unit=Hunter kind=attack tgt=Cent_Soldier_Militia(Clone) (Target)
[ORDER] commander=ai team=Team_Alien unit=Hunter kind=attack tgt=Cent_Soldier_Militia(Clone) (Target)
[AI] [Team_Alien] tick=81 reqs=5 type={Construct:5} task={} prio(min/avg/max)=1/25.0/62 groups=0
[ORDER] commander=ai team=Team_Human_Centauri unit=Light Raider kind=move dst=(-828,34,547)
[ORDER] commander=ai team=Team_Human_Centauri unit=Light Raider kind=move dst=(-828,34,547)
[ORDER] commander=ai team=Team_Human_Centauri unit=Trooper kind=move dst=(-865,43,-353)
[ORDER] commander=ai team=Team_Human_Centauri unit=Trooper kind=move dst=(-865,43,-353)
[ORDER] commander=ai team=Team_Alien unit=Squid kind=move dst=(355,54,-62)
[ORDER] commander=ai team=Team_Alien unit=Crab kind=move dst=(-863,43,-352)
[ORDER] commander=ai team=Team_Alien unit=Shocker kind=move dst=(-863,43,-352)
[ORDER] commander=ai team=Team_Alien unit=Shocker kind=move dst=(-863,43,-352)
[SPAWN_U] team=Team_Alien unit=Shrimp
[ORDER] commander=ai team=Team_Human_Sol unit=Platoon Hauler kind=move dst=(-1727,114,-130)
[ORDER] commander=ai team=Team_Human_Sol unit=Light Quad kind=move dst=(-430,35,-1750)
[ORDER] commander=ai team=Team_Human_Sol unit=Heavy Quad kind=move dst=(-430,35,-1750)
[ORDER] commander=ai team=Team_Human_Sol unit=Platoon Hauler kind=move dst=(-245,14,-1662)
[ORDER] commander=ai team=Team_Human_Sol unit=Light Quad kind=attack tgt=Cent_Light_SquadTransport(Clone) (Target)
[ORDER] commander=ai team=Team_Human_Sol unit=Heavy Quad kind=attack tgt=Cent_Light_SquadTransport(Clone) (Target)
[H1] team=Team_Human_Sol fire=Refinery atBalterium=(-1229,-735) refCount=2
[H1] team=Team_Human_Sol fire=Refinery atBalterium=(-1515,-1118) refCount=3
[H2] team=Team_Human_Sol fire=Headquarters argmaxCell=(148,153) val=62 atWorld=(-204,-4) hqCount=2
[H3] team=Team_Human_Sol fire=Barracks nearHq=(-1095,-870)
[H3] team=Team_Human_Sol fire=Research Facility nearHq=(-1095,-870)
[AI] [Team_Human_Sol] tick=81 reqs=3 type={Construct:3} task={} prio(min/avg/max)=7/24.7/57 groups=0
[ORDER] commander=ai team=Team_Human_Sol unit=Light Quad kind=move dst=(-916,38,-397)
[ORDER] commander=ai team=Team_Human_Sol unit=Heavy Quad kind=move dst=(-916,38,-397)
[ORDER] commander=ai team=Team_Human_Sol unit=Light Striker kind=move dst=(-912,38,-397)
[ORDER] commander=ai team=Team_Human_Sol unit=Heavy Quad kind=move dst=(-912,38,-397)
[ORDER] commander=ai team=Team_Human_Centauri unit=Heavy Raider kind=stop
[ORDER] commander=ai team=Team_Alien unit=Wasp kind=stop
[ORDER] commander=ai team=Team_Alien unit=Squid kind=move dst=(350,45,-68)
[ORDER] commander=ai team=Team_Alien unit=Squid kind=move dst=(350,45,-68)
[ORDER] commander=ai team=Team_Alien unit=Squid kind=move dst=(350,45,-68)
[ORDER] commander=ai team=Team_Human_Sol unit=Scout kind=move dst=(-908,38,-398)
[SPAWN_S] team=Team_Human_Centauri structure=Research Facility at=(-1020,930)
[ORDER] commander=ai team=Team_Alien unit=Squid kind=move dst=(338,31,-77)
[ORDER] commander=ai team=Team_Alien unit=Squid kind=move dst=(338,31,-77)
[ORDER] commander=ai team=Team_Alien unit=Squid kind=move dst=(338,31,-77)
[ORDER] commander=ai team=Team_Human_Centauri unit=Light Raider kind=move dst=(-667,113,1318)
[ORDER] commander=ai team=Team_Human_Centauri unit=Light Raider kind=move dst=(-667,113,1318)
[ORDER] commander=ai team=Team_Human_Centauri unit=Heavy Raider kind=move dst=(-667,113,1318)
[ORDER] commander=ai team=Team_Human_Centauri unit=Light Raider kind=move dst=(-430,50,1730)
[ORDER] commander=ai team=Team_Human_Centauri unit=Light Raider kind=move dst=(-430,50,1730)
[ORDER] commander=ai team=Team_Human_Centauri unit=Heavy Raider kind=move dst=(-430,50,1730)
[ORDER] commander=ai team=Team_Human_Centauri unit=Trooper kind=move dst=(-1727,114,-130)
[ORDER] commander=ai team=Team_Human_Centauri unit=Trooper kind=move dst=(-1727,114,-130)
[ORDER] commander=ai team=Team_Human_Centauri unit=Light Raider kind=attack tgt=Sol_Headquarters(Clone) (Target)
[ORDER] commander=ai team=Team_Human_Centauri unit=Light Raider kind=attack tgt=Sol_Headquarters(Clone) (Target)
[ORDER] commander=ai team=Team_Human_Centauri unit=Heavy Raider kind=attack tgt=Sol_Headquarters(Clone) (Target)
[ORDER] commander=ai team=Team_Human_Centauri unit=Light Raider kind=attack tgt=Sol_Light_PlatoonHauler(Clone) (Target)
[ORDER] commander=ai team=Team_Human_Centauri unit=Light Raider kind=attack tgt=Sol_Light_PlatoonHauler(Clone) (Target)
[ORDER] commander=ai team=Team_Human_Centauri unit=Heavy Raider kind=attack tgt=Sol_Light_PlatoonHauler(Clone) (Target)
[ORDER] commander=ai team=Team_Human_Centauri unit=Trooper kind=attack tgt=Sol_Light_PlatoonHauler(Clone) (Target)
[ORDER] commander=ai team=Team_Human_Centauri unit=Trooper kind=attack tgt=Sol_Light_PlatoonHauler(Clone) (Target)
[H2] team=Team_Human_Centauri fire=Headquarters argmaxCell=(146,152) val=90 atWorld=(-284,-44) hqCount=2
[AI] [Team_Human_Centauri] tick=82 reqs=4 type={Construct:4} task={} prio(min/avg/max)=10/50.8/81 groups=0
[P31] team=Team_Alien preset=Harvest stock=Shrimp ours=Shrimp agree=True rationale=biotic cap (have 23/70)
[ORDER] commander=ai team=Team_Alien unit=Crab kind=move dst=(309,46,1050)
[ORDER] commander=ai team=Team_Alien unit=Crab kind=move dst=(309,46,1050)
[ORDER] commander=ai team=Team_Alien unit=Crab kind=move dst=(309,46,1050)
[ORDER] commander=ai team=Team_Alien unit=Crab kind=move dst=(309,46,1050)
[ORDER] commander=ai team=Team_Alien unit=Hunter kind=move dst=(-393,51,773)
[ORDER] commander=ai team=Team_Alien unit=Hunter kind=move dst=(-393,51,773)
[ORDER] commander=ai team=Team_Alien unit=Shocker kind=move dst=(146,38,-1361)
[ORDER] commander=ai team=Team_Alien unit=Shocker kind=move dst=(146,38,-1361)
[ORDER] commander=ai team=Team_Alien unit=Shocker kind=move dst=(146,38,-1361)
[ORDER] commander=ai team=Team_Alien unit=Crab kind=move dst=(146,38,-1361)
[ORDER] commander=ai team=Team_Alien unit=Shocker kind=attack tgt=HeavyQuad_Intro(Clone) (Target)
[ORDER] commander=ai team=Team_Alien unit=Shocker kind=attack tgt=HeavyQuad_Intro(Clone) (Target)
[ORDER] commander=ai team=Team_Alien unit=Shocker kind=attack tgt=HeavyQuad_Intro(Clone) (Target)
[ORDER] commander=ai team=Team_Alien unit=Shocker kind=attack tgt=HeavyQuad_Intro(Clone) (Target)
[ORDER] commander=ai team=Team_Alien unit=Crab kind=attack tgt=Cent_Soldier_Militia(Clone) (Target)
[ORDER] commander=ai team=Team_Alien unit=Crab kind=attack tgt=Cent_Soldier_Militia(Clone) (Target)
[ORDER] commander=ai team=Team_Alien unit=Crab kind=attack tgt=Cent_Soldier_Militia(Clone) (Target)
[ORDER] commander=ai team=Team_Alien unit=Crab kind=attack tgt=Cent_Soldier_Militia(Clone) (Target)
[ORDER] commander=ai team=Team_Alien unit=Shocker kind=attack tgt=Sol_Light_HeavyQuad(Clone) (Target)
[ORDER] commander=ai team=Team_Alien unit=Shocker kind=attack tgt=Sol_Light_HeavyQuad(Clone) (Target)
[ORDER] commander=ai team=Team_Alien unit=Shocker kind=attack tgt=Sol_Light_HeavyQuad(Clone) (Target)
[ORDER] commander=ai team=Team_Alien unit=Crab kind=attack tgt=Sol_Light_HeavyQuad(Clone) (Target)
[ORDER] commander=ai team=Team_Alien unit=Hunter kind=attack tgt=Sol_Refinery(Clone) (Target)
[ORDER] commander=ai team=Team_Alien unit=Hunter kind=attack tgt=Sol_Refinery(Clone) (Target)
[AI] [Team_Alien] tick=82 reqs=5 type={Construct:5} task={} prio(min/avg/max)=1/21.0/50 groups=0
[ORDER] commander=ai team=Team_Human_Centauri unit=Light Raider kind=move dst=(-1095,24,-870)
[ORDER] commander=ai team=Team_Human_Centauri unit=Heavy Raider kind=move dst=(-1095,24,-870)
[ORDER] commander=ai team=Team_Human_Centauri unit=Trooper kind=move dst=(-1427,24,-310)
[ORDER] commander=ai team=Team_Human_Centauri unit=Trooper kind=move dst=(-1427,24,-310)
[ORDER] commander=ai team=Team_Alien unit=Shocker kind=move dst=(-960,35,-465)
[ORDER] commander=ai team=Team_Human_Sol unit=Platoon Hauler kind=move dst=(-430,35,-1750)
[ORDER] commander=ai team=Team_Human_Sol unit=Platoon Hauler kind=attack tgt=Cent_Light_SquadTransport(Clone) (Target)
[H2] team=Team_Human_Sol fire=Headquarters argmaxCell=(118,152) val=66 atWorld=(-1404,-44) hqCount=2
[AI] [Team_Human_Sol] tick=82 reqs=3 type={Construct:3} task={} prio(min/avg/max)=7/24.7/57 groups=0
[ORDER] commander=ai team=Team_Alien unit=Squid kind=move dst=(338,30,-77)
[ORDER] commander=ai team=Team_Alien unit=Squid kind=move dst=(338,30,-77)
[ORDER] commander=ai team=Team_Alien unit=Shocker kind=move dst=(0,20,0)
[ORDER] commander=ai team=Team_Alien unit=Squid kind=move dst=(338,30,-77)
[ORDER] commander=ai team=Team_Human_Sol unit=Scout kind=move dst=(-880,41,-375)
[ORDER] commander=ai team=Team_Human_Sol unit=Rifleman kind=move dst=(-880,41,-375)
[ORDER] commander=ai team=Team_Human_Sol unit=Light Quad kind=move dst=(-879,41,-373)
[ORDER] commander=ai team=Team_Human_Sol unit=Heavy Quad kind=move dst=(-879,41,-373)
[ORDER] commander=ai team=Team_Human_Centauri unit=Light Raider kind=move dst=(-667,113,1318)
[ORDER] commander=ai team=Team_Human_Centauri unit=Light Raider kind=move dst=(-667,113,1318)
[ORDER] commander=ai team=Team_Human_Centauri unit=Heavy Raider kind=move dst=(-667,113,1318)
[ORDER] commander=ai team=Team_Human_Centauri unit=Light Raider kind=move dst=(-430,50,1730)
[ORDER] commander=ai team=Team_Human_Centauri unit=Light Raider kind=move dst=(-430,50,1730)
[ORDER] commander=ai team=Team_Human_Centauri unit=Heavy Raider kind=move dst=(-430,50,1730)
[ORDER] commander=ai team=Team_Human_Centauri unit=Trooper kind=move dst=(-1727,114,-130)
[ORDER] commander=ai team=Team_Human_Centauri unit=Trooper kind=move dst=(-1727,114,-130)
[ORDER] commander=ai team=Team_Human_Centauri unit=Light Raider kind=attack tgt=Sol_Headquarters(Clone) (Target)
[ORDER] commander=ai team=Team_Human_Centauri unit=Light Raider kind=attack tgt=Sol_Headquarters(Clone) (Target)
[ORDER] commander=ai team=Team_Human_Centauri unit=Heavy Raider kind=attack tgt=Sol_Headquarters(Clone) (Target)
[ORDER] commander=ai team=Team_Human_Centauri unit=Light Raider kind=attack tgt=Sol_Light_PlatoonHauler(Clone) (Target)
[ORDER] commander=ai team=Team_Human_Centauri unit=Light Raider kind=attack tgt=Sol_Light_PlatoonHauler(Clone) (Target)
[ORDER] commander=ai team=Team_Human_Centauri unit=Heavy Raider kind=attack tgt=Sol_Light_PlatoonHauler(Clone) (Target)
[ORDER] commander=ai team=Team_Human_Centauri unit=Trooper kind=attack tgt=Sol_Light_PlatoonHauler(Clone) (Target)
[ORDER] commander=ai team=Team_Human_Centauri unit=Trooper kind=attack tgt=Sol_Light_PlatoonHauler(Clone) (Target)
[H2] team=Team_Human_Centauri fire=Headquarters argmaxCell=(146,152) val=90 atWorld=(-284,-44) hqCount=2
[AI] [Team_Human_Centauri] tick=83 reqs=4 type={Construct:4} task={} prio(min/avg/max)=10/50.8/81 groups=0
[P31] team=Team_Alien preset=Harvest stock=Shrimp ours=Shrimp agree=True rationale=biotic cap (have 23/70)
[ORDER] commander=ai team=Team_Alien unit=Hunter kind=move dst=(309,46,1050)
[ORDER] commander=ai team=Team_Alien unit=Hunter kind=move dst=(309,46,1050)
[ORDER] commander=ai team=Team_Alien unit=Crab kind=move dst=(-393,51,773)
[ORDER] commander=ai team=Team_Alien unit=Crab kind=move dst=(-393,51,773)
[ORDER] commander=ai team=Team_Alien unit=Crab kind=move dst=(-393,51,773)
[ORDER] commander=ai team=Team_Alien unit=Crab kind=move dst=(-393,51,773)
[ORDER] commander=ai team=Team_Alien unit=Shocker kind=move dst=(146,38,-1361)
[ORDER] commander=ai team=Team_Alien unit=Shocker kind=move dst=(146,38,-1361)
[ORDER] commander=ai team=Team_Alien unit=Shocker kind=move dst=(146,38,-1361)
[ORDER] commander=ai team=Team_Alien unit=Crab kind=move dst=(146,38,-1361)
[ORDER] commander=ai team=Team_Alien unit=Shocker kind=attack tgt=Cent_Soldier_Militia(Clone) (Target)
[ORDER] commander=ai team=Team_Alien unit=Shocker kind=attack tgt=Cent_Soldier_Militia(Clone) (Target)
[ORDER] commander=ai team=Team_Alien unit=Shocker kind=attack tgt=Cent_Soldier_Militia(Clone) (Target)
[ORDER] commander=ai team=Team_Alien unit=Crab kind=attack tgt=Cent_Soldier_Militia(Clone) (Target)
[ORDER] commander=ai team=Team_Alien unit=Crab kind=attack tgt=Sol_Refinery(Clone) (Target)
[ORDER] commander=ai team=Team_Alien unit=Crab kind=attack tgt=Sol_Refinery(Clone) (Target)
[ORDER] commander=ai team=Team_Alien unit=Crab kind=attack tgt=Sol_Refinery(Clone) (Target)
[ORDER] commander=ai team=Team_Alien unit=Crab kind=attack tgt=Sol_Refinery(Clone) (Target)
[AI] [Team_Alien] tick=83 reqs=5 type={Construct:5} task={} prio(min/avg/max)=1/21.0/50 groups=0
[ORDER] commander=ai team=Team_Human_Centauri unit=Light Raider kind=move dst=(-1095,24,-870)
[ORDER] commander=ai team=Team_Human_Centauri unit=Light Raider kind=move dst=(-1095,24,-870)
[ORDER] commander=ai team=Team_Human_Centauri unit=Heavy Raider kind=move dst=(-1095,24,-870)
[ORDER] commander=ai team=Team_Human_Centauri unit=Trooper kind=move dst=(-1430,25,-310)
[ORDER] commander=ai team=Team_Human_Centauri unit=Trooper kind=move dst=(-1430,25,-310)
[ORDER] commander=ai team=Team_Human_Sol unit=Platoon Hauler kind=move dst=(-1727,114,-130)
[ORDER] commander=ai team=Team_Human_Sol unit=Platoon Hauler kind=attack tgt=Cent_Light_SquadTransport(Clone) (Target)
[H1] team=Team_Human_Sol fire=Refinery atBalterium=(-1229,-735) refCount=2
[H1] team=Team_Human_Sol fire=Refinery atBalterium=(-1515,-1118) refCount=3
[H2] team=Team_Human_Sol fire=Headquarters argmaxCell=(118,152) val=66 atWorld=(-1404,-44) hqCount=2
[H3] team=Team_Human_Sol fire=Barracks nearHq=(-1095,-870)
[H3] team=Team_Human_Sol fire=Research Facility nearHq=(-1095,-870)
[AI] [Team_Human_Sol] tick=83 reqs=3 type={Construct:3} task={} prio(min/avg/max)=7/24.7/57 groups=0
[ORDER] commander=ai team=Team_Alien unit=Squid kind=move dst=(338,30,-77)
[ORDER] commander=ai team=Team_Alien unit=Squid kind=move dst=(338,30,-77)
[ORDER] commander=ai team=Team_Human_Sol unit=Light Quad kind=move dst=(-867,42,-352)
[ORDER] commander=ai team=Team_Human_Sol unit=Heavy Quad kind=move dst=(-867,42,-352)
[ORDER] commander=ai team=Team_Alien unit=Crab kind=stop
[ORDER] commander=ai team=Team_Alien unit=Crab kind=move dst=(270,73,305)
[ORDER] commander=ai team=Team_Alien unit=Crab kind=move dst=(270,73,305)
[ORDER] commander=ai team=Team_Alien unit=Crab kind=move dst=(270,73,305)
[ORDER] commander=ai team=Team_Human_Sol unit=Heavy Quad kind=move dst=(-1303,22,-330)
[ORDER] commander=ai team=Team_Human_Centauri unit=Light Raider kind=move dst=(-667,113,1318)
[ORDER] commander=ai team=Team_Human_Centauri unit=Light Raider kind=move dst=(-667,113,1318)
[ORDER] commander=ai team=Team_Human_Centauri unit=Heavy Raider kind=move dst=(-667,113,1318)
[ORDER] commander=ai team=Team_Human_Centauri unit=Light Raider kind=move dst=(-430,50,1730)
[ORDER] commander=ai team=Team_Human_Centauri unit=Light Raider kind=move dst=(-430,50,1730)
[ORDER] commander=ai team=Team_Human_Centauri unit=Heavy Raider kind=move dst=(-430,50,1730)
[ORDER] commander=ai team=Team_Human_Centauri unit=Trooper kind=move dst=(-1727,114,-130)
[ORDER] commander=ai team=Team_Human_Centauri unit=Trooper kind=move dst=(-1727,114,-130)
[ORDER] commander=ai team=Team_Human_Centauri unit=Light Raider kind=attack tgt=Sol_Headquarters(Clone) (Target)
[ORDER] commander=ai team=Team_Human_Centauri unit=Light Raider kind=attack tgt=Sol_Headquarters(Clone) (Target)
[ORDER] commander=ai team=Team_Human_Centauri unit=Heavy Raider kind=attack tgt=Sol_Headquarters(Clone) (Target)
[ORDER] commander=ai team=Team_Human_Centauri unit=Light Raider kind=attack tgt=Sol_Light_PlatoonHauler(Clone) (Target)
[ORDER] commander=ai team=Team_Human_Centauri unit=Light Raider kind=attack tgt=Sol_Light_PlatoonHauler(Clone) (Target)
[ORDER] commander=ai team=Team_Human_Centauri unit=Heavy Raider kind=attack tgt=Sol_Light_PlatoonHauler(Clone) (Target)
[ORDER] commander=ai team=Team_Human_Centauri unit=Trooper kind=attack tgt=Sol_Light_PlatoonHauler(Clone) (Target)
[ORDER] commander=ai team=Team_Human_Centauri unit=Trooper kind=attack tgt=Sol_Light_PlatoonHauler(Clone) (Target)
[H2] team=Team_Human_Centauri fire=Headquarters argmaxCell=(146,152) val=90 atWorld=(-284,-44) hqCount=2
[AI] [Team_Human_Centauri] tick=84 reqs=4 type={Construct:4} task={} prio(min/avg/max)=10/50.8/81 groups=0
[ORDER] commander=ai team=Team_Human_Sol unit=Light Striker kind=move dst=(-1309,22,-330)
[ORDER] commander=ai team=Team_Human_Sol unit=Platoon Hauler kind=move dst=(-1309,22,-330)
[P31] team=Team_Alien preset=Harvest stock=Shrimp ours=Shrimp agree=True rationale=biotic cap (have 23/70)
[ORDER] commander=ai team=Team_Alien unit=Crab kind=move dst=(-393,51,773)
[ORDER] commander=ai team=Team_Alien unit=Crab kind=move dst=(-393,51,773)
[ORDER] commander=ai team=Team_Alien unit=Crab kind=move dst=(-393,51,773)
[ORDER] commander=ai team=Team_Alien unit=Crab kind=move dst=(-393,51,773)
[ORDER] commander=ai team=Team_Alien unit=Shocker kind=move dst=(146,38,-1361)
[ORDER] commander=ai team=Team_Alien unit=Shocker kind=move dst=(146,38,-1361)
[ORDER] commander=ai team=Team_Alien unit=Shocker kind=move dst=(146,38,-1361)
[ORDER] commander=ai team=Team_Alien unit=Crab kind=move dst=(146,38,-1361)
[ORDER] commander=ai team=Team_Alien unit=Shocker kind=attack tgt=Cent_Soldier_Militia(Clone) (Target)
[ORDER] commander=ai team=Team_Alien unit=Shocker kind=attack tgt=Cent_Soldier_Militia(Clone) (Target)
[ORDER] commander=ai team=Team_Alien unit=Shocker kind=attack tgt=Cent_Soldier_Militia(Clone) (Target)
[ORDER] commander=ai team=Team_Alien unit=Crab kind=attack tgt=Cent_Soldier_Militia(Clone) (Target)
[ORDER] commander=ai team=Team_Alien unit=Crab kind=attack tgt=Sol_Refinery(Clone) (Target)
[ORDER] commander=ai team=Team_Alien unit=Crab kind=attack tgt=Sol_Refinery(Clone) (Target)
[ORDER] commander=ai team=Team_Alien unit=Crab kind=attack tgt=Sol_Refinery(Clone) (Target)
[ORDER] commander=ai team=Team_Alien unit=Crab kind=attack tgt=Sol_Refinery(Clone) (Target)
[AI] [Team_Alien] tick=84 reqs=5 type={Construct:5} task={} prio(min/avg/max)=1/21.2/50 groups=0
[ORDER] commander=ai team=Team_Human_Centauri unit=Light Raider kind=move dst=(-1095,24,-870)
[ORDER] commander=ai team=Team_Human_Centauri unit=Light Raider kind=move dst=(-1095,24,-870)
[ORDER] commander=ai team=Team_Human_Centauri unit=Heavy Raider kind=move dst=(-1095,24,-870)
[ORDER] commander=ai team=Team_Human_Centauri unit=Trooper kind=move dst=(-1428,24,-313)
[ORDER] commander=ai team=Team_Human_Centauri unit=Trooper kind=move dst=(-1428,24,-313)
[ORDER] commander=ai team=Team_Alien unit=Squid kind=move dst=(338,30,-77)
[ORDER] commander=ai team=Team_Alien unit=Squid kind=move dst=(338,30,-77)
[SPAWN_U] team=Team_Alien unit=Shrimp
[ORDER] commander=ai team=Team_Human_Sol unit=Scout kind=move dst=(-1727,114,-130)
[ORDER] commander=ai team=Team_Human_Sol unit=Rifleman kind=move dst=(-1727,114,-130)
[ORDER] commander=ai team=Team_Human_Sol unit=Platoon Hauler kind=attack tgt=Cent_Light_SquadTransport(Clone) (Target)
[ORDER] commander=ai team=Team_Human_Sol unit=Scout kind=attack tgt=Cent_Light_SquadTransport(Clone) (Target)
[ORDER] commander=ai team=Team_Human_Sol unit=Rifleman kind=attack tgt=Cent_Light_SquadTransport(Clone) (Target)
[H2] team=Team_Human_Sol fire=Headquarters argmaxCell=(118,152) val=66 atWorld=(-1404,-44) hqCount=2
[AI] [Team_Human_Sol] tick=84 reqs=3 type={Construct:3} task={} prio(min/avg/max)=7/24.7/57 groups=0
[ORDER] commander=ai team=Team_Alien unit=Squid kind=move dst=(338,30,-77)
[ORDER] commander=ai team=Team_Alien unit=Crab kind=move dst=(0,20,0)
[ORDER] commander=ai team=Team_Alien unit=Squid kind=move dst=(338,30,-77)
[SPAWN_U] team=Team_Alien unit=Shrimp
[ORDER] commander=ai team=Team_Human_Centauri unit=Light Raider kind=move dst=(-819,36,563)
[ORDER] commander=ai team=Team_Human_Centauri unit=Light Raider kind=move dst=(-819,36,563)
[ORDER] commander=ai team=Team_Human_Centauri unit=Heavy Raider kind=stop
[ORDER] commander=ai team=Team_Human_Sol unit=Light Quad kind=move dst=(-1333,21,-323)
[ORDER] commander=ai team=Team_Human_Centauri unit=Light Raider kind=move dst=(-667,113,1318)
[ORDER] commander=ai team=Team_Human_Centauri unit=Light Raider kind=move dst=(-667,113,1318)
[ORDER] commander=ai team=Team_Human_Centauri unit=Heavy Raider kind=move dst=(-667,113,1318)
[ORDER] commander=ai team=Team_Human_Centauri unit=Light Raider kind=move dst=(-430,50,1730)
[ORDER] commander=ai team=Team_Human_Centauri unit=Light Raider kind=move dst=(-430,50,1730)
[ORDER] commander=ai team=Team_Human_Centauri unit=Heavy Raider kind=move dst=(-430,50,1730)
[ORDER] commander=ai team=Team_Human_Centauri unit=Trooper kind=move dst=(-1727,114,-130)
[ORDER] commander=ai team=Team_Human_Centauri unit=Trooper kind=move dst=(-1727,114,-130)
[ORDER] commander=ai team=Team_Human_Centauri unit=Light Raider kind=attack tgt=Sol_Headquarters(Clone) (Target)
[ORDER] commander=ai team=Team_Human_Centauri unit=Light Raider kind=attack tgt=Sol_Headquarters(Clone) (Target)
[ORDER] commander=ai team=Team_Human_Centauri unit=Heavy Raider kind=attack tgt=Sol_Headquarters(Clone) (Target)
[ORDER] commander=ai team=Team_Human_Centauri unit=Light Raider kind=attack tgt=Sol_Light_PlatoonHauler(Clone) (Target)
[ORDER] commander=ai team=Team_Human_Centauri unit=Light Raider kind=attack tgt=Sol_Light_PlatoonHauler(Clone) (Target)
[ORDER] commander=ai team=Team_Human_Centauri unit=Heavy Raider kind=attack tgt=Sol_Light_PlatoonHauler(Clone) (Target)
[ORDER] commander=ai team=Team_Human_Centauri unit=Trooper kind=attack tgt=Sol_Light_PlatoonHauler(Clone) (Target)
[ORDER] commander=ai team=Team_Human_Centauri unit=Trooper kind=attack tgt=Sol_Light_PlatoonHauler(Clone) (Target)
[H2] team=Team_Human_Centauri fire=Headquarters argmaxCell=(146,152) val=90 atWorld=(-284,-44) hqCount=2
[AI] [Team_Human_Centauri] tick=85 reqs=4 type={Construct:4} task={} prio(min/avg/max)=10/50.8/81 groups=0
[P31] team=Team_Alien preset=Harvest stock=Shrimp ours=Shrimp agree=True rationale=biotic cap (have 25/70)
[ORDER] commander=ai team=Team_Alien unit=Shrimp kind=move dst=(914,36,139)
[ORDER] commander=ai team=Team_Alien unit=Crab kind=move dst=(-393,51,773)
[ORDER] commander=ai team=Team_Alien unit=Crab kind=move dst=(-393,51,773)
[ORDER] commander=ai team=Team_Alien unit=Crab kind=move dst=(-393,51,773)
[ORDER] commander=ai team=Team_Alien unit=Crab kind=move dst=(-393,51,773)
[ORDER] commander=ai team=Team_Alien unit=Shocker kind=move dst=(146,38,-1361)
[ORDER] commander=ai team=Team_Alien unit=Shocker kind=move dst=(146,38,-1361)
[ORDER] commander=ai team=Team_Alien unit=Shocker kind=move dst=(146,38,-1361)
[ORDER] commander=ai team=Team_Alien unit=Crab kind=move dst=(146,38,-1361)
[ORDER] commander=ai team=Team_Alien unit=Shocker kind=attack tgt=Cent_Soldier_Militia(Clone) (Target)
[ORDER] commander=ai team=Team_Alien unit=Shocker kind=attack tgt=Cent_Soldier_Militia(Clone) (Target)
[ORDER] commander=ai team=Team_Alien unit=Shocker kind=attack tgt=Cent_Soldier_Militia(Clone) (Target)
[ORDER] commander=ai team=Team_Alien unit=Crab kind=attack tgt=Cent_Soldier_Militia(Clone) (Target)
[ORDER] commander=ai team=Team_Alien unit=Crab kind=attack tgt=Sol_Refinery(Clone) (Target)
[ORDER] commander=ai team=Team_Alien unit=Crab kind=attack tgt=Sol_Refinery(Clone) (Target)
[ORDER] commander=ai team=Team_Alien unit=Crab kind=attack tgt=Sol_Refinery(Clone) (Target)
[ORDER] commander=ai team=Team_Alien unit=Crab kind=attack tgt=Sol_Refinery(Clone) (Target)
[AI] [Team_Alien] tick=85 reqs=4 type={Construct:4} task={} prio(min/avg/max)=2/35.8/81 groups=0
[ORDER] commander=ai team=Team_Human_Centauri unit=Light Raider kind=move dst=(-1420,23,-333)
[ORDER] commander=ai team=Team_Human_Centauri unit=Light Raider kind=move dst=(-1420,23,-333)
[ORDER] commander=ai team=Team_Human_Centauri unit=Heavy Raider kind=move dst=(-1420,23,-333)
[ORDER] commander=ai team=Team_Human_Centauri unit=Trooper kind=move dst=(-1420,23,-333)
[ORDER] commander=ai team=Team_Human_Centauri unit=Trooper kind=move dst=(-1420,23,-333)
[ORDER] commander=ai team=Team_Alien unit=Wasp kind=move dst=(-1050,12,-1185)
[ORDER] commander=ai team=Team_Alien unit=Squid kind=move dst=(-1050,12,-1185)
[ORDER] commander=ai team=Team_Alien unit=Squid kind=move dst=(-1050,12,-1185)
[ORDER] commander=ai team=Team_Human_Centauri unit=Light Raider kind=move dst=(-821,36,559)
[ORDER] commander=ai team=Team_Human_Centauri unit=Light Raider kind=move dst=(-821,36,559)
[ORDER] commander=ai team=Team_Human_Centauri unit=Heavy Raider kind=stop
[ORDER] commander=ai team=Team_Human_Sol unit=Platoon Hauler kind=move dst=(-1727,114,-130)
[H1] team=Team_Human_Sol fire=Refinery atBalterium=(-1229,-735) refCount=2
[H1] team=Team_Human_Sol fire=Refinery atBalterium=(-1515,-1118) refCount=3
[H2] team=Team_Human_Sol fire=Headquarters argmaxCell=(118,152) val=66 atWorld=(-1404,-44) hqCount=2
[H3] team=Team_Human_Sol fire=Barracks nearHq=(-1095,-870)
[H3] team=Team_Human_Sol fire=Research Facility nearHq=(-1095,-870)
[AI] [Team_Human_Sol] tick=85 reqs=3 type={Construct:3} task={} prio(min/avg/max)=7/24.7/57 groups=0
[ORDER] commander=ai team=Team_Alien unit=Crab kind=move dst=(0,20,0)
[ORDER] commander=ai team=Team_Human_Sol unit=Heavy Quad kind=move dst=(-1346,22,-324)
[ORDER] commander=ai team=Team_Human_Centauri unit=Assault Car kind=move dst=(-1415,22,-345)
[ORDER] commander=ai team=Team_Alien unit=Wasp kind=stop
[ORDER] commander=ai team=Team_Alien unit=Squid kind=move dst=(323,39,-91)
[ORDER] commander=ai team=Team_Alien unit=Squid kind=move dst=(323,39,-91)
[ORDER] commander=ai team=Team_Alien unit=Squid kind=move dst=(323,39,-91)
[ORDER] commander=ai team=Team_Alien unit=Horned Crab kind=move dst=(0,20,0)
[ORDER] commander=ai team=Team_Alien unit=Shocker kind=move dst=(0,20,0)
[ORDER] commander=ai team=Team_Human_Centauri unit=Trooper kind=move dst=(-667,113,1318)
[ORDER] commander=ai team=Team_Human_Centauri unit=Trooper kind=move dst=(-667,113,1318)
[ORDER] commander=ai team=Team_Human_Centauri unit=Assault Car kind=move dst=(-430,50,1730)
[ORDER] commander=ai team=Team_Human_Centauri unit=Trooper kind=move dst=(-1727,114,-130)
[ORDER] commander=ai team=Team_Human_Centauri unit=Trooper kind=attack tgt=Sol_Headquarters(Clone) (Target)
[ORDER] commander=ai team=Team_Human_Centauri unit=Trooper kind=attack tgt=Sol_Headquarters(Clone) (Target)
[ORDER] commander=ai team=Team_Human_Centauri unit=Assault Car kind=attack tgt=Hunter(Clone) (Target)
[H2] team=Team_Human_Centauri fire=Headquarters argmaxCell=(146,152) val=90 atWorld=(-284,-44) hqCount=2
[AI] [Team_Human_Centauri] tick=86 reqs=4 type={Construct:4} task={} prio(min/avg/max)=10/50.8/81 groups=0
[ORDER] commander=ai team=Team_Human_Centauri unit=Assault Car kind=move dst=(-505,28,-183)
[P31] team=Team_Alien preset=Harvest stock=Shrimp ours=Shrimp agree=True rationale=biotic cap (have 25/70)
[ORDER] commander=ai team=Team_Alien unit=Crab kind=move dst=(-393,51,773)
[ORDER] commander=ai team=Team_Alien unit=Crab kind=move dst=(-393,51,773)
[ORDER] commander=ai team=Team_Alien unit=Crab kind=move dst=(-393,51,773)
[ORDER] commander=ai team=Team_Alien unit=Crab kind=move dst=(-393,51,773)
[ORDER] commander=ai team=Team_Alien unit=Shocker kind=move dst=(146,38,-1361)
[ORDER] commander=ai team=Team_Alien unit=Shocker kind=move dst=(146,38,-1361)
[ORDER] commander=ai team=Team_Alien unit=Shocker kind=move dst=(146,38,-1361)
[ORDER] commander=ai team=Team_Alien unit=Crab kind=move dst=(146,38,-1361)
[ORDER] commander=ai team=Team_Alien unit=Shocker kind=attack tgt=Cent_Soldier_Militia(Clone) (Target)
[ORDER] commander=ai team=Team_Alien unit=Shocker kind=attack tgt=Cent_Soldier_Militia(Clone) (Target)
[ORDER] commander=ai team=Team_Alien unit=Shocker kind=attack tgt=Cent_Soldier_Militia(Clone) (Target)
[ORDER] commander=ai team=Team_Alien unit=Crab kind=attack tgt=Cent_Soldier_Militia(Clone) (Target)
[ORDER] commander=ai team=Team_Alien unit=Crab kind=attack tgt=Sol_Refinery(Clone) (Target)
[ORDER] commander=ai team=Team_Alien unit=Crab kind=attack tgt=Sol_Refinery(Clone) (Target)
[ORDER] commander=ai team=Team_Alien unit=Crab kind=attack tgt=Sol_Refinery(Clone) (Target)
[ORDER] commander=ai team=Team_Alien unit=Crab kind=attack tgt=Sol_Refinery(Clone) (Target)
[AI] [Team_Alien] tick=86 reqs=4 type={Construct:4} task={} prio(min/avg/max)=2/35.8/81 groups=0
[ORDER] commander=ai team=Team_Human_Centauri unit=Trooper kind=move dst=(-1095,24,-870)
[ORDER] commander=ai team=Team_Human_Centauri unit=Trooper kind=move dst=(-1095,24,-870)
[ORDER] commander=ai team=Team_Alien unit=Wasp kind=move dst=(-1050,12,-1185)
[ORDER] commander=ai team=Team_Alien unit=Squid kind=move dst=(-1050,12,-1185)
[ORDER] commander=ai team=Team_Alien unit=Squid kind=move dst=(-1050,12,-1185)
[ORDER] commander=ai team=Team_Alien unit=Squid kind=move dst=(-1050,12,-1185)
[SPAWN_U] team=Team_Alien unit=Shrimp
[ORDER] commander=ai team=Team_Human_Centauri unit=Light Raider kind=move dst=(-1095,24,-870)
[ORDER] commander=ai team=Team_Human_Centauri unit=Heavy Raider kind=move dst=(-1095,24,-870)
[ORDER] commander=ai team=Team_Human_Sol unit=Light Quad kind=attack tgt=Hunter(Clone) (Target)
[ORDER] commander=ai team=Team_Human_Sol unit=Heavy Quad kind=attack tgt=Hunter(Clone) (Target)
[ORDER] commander=ai team=Team_Human_Sol unit=Platoon Hauler kind=move dst=(-1727,114,-130)
[ORDER] commander=ai team=Team_Human_Sol unit=Platoon Hauler kind=move dst=(-245,14,-1662)
[ORDER] commander=ai team=Team_Human_Sol unit=Platoon Hauler kind=attack tgt=Cent_Light_AssaultCar(Clone) (Target)
[ORDER] commander=ai team=Team_Human_Sol unit=Platoon Hauler kind=attack tgt=Cent_Light_SquadTransport(Clone) (Target)
[H2] team=Team_Human_Sol fire=Headquarters argmaxCell=(118,152) val=66 atWorld=(-1404,-44) hqCount=2
[AI] [Team_Human_Sol] tick=86 reqs=3 type={Construct:3} task={} prio(min/avg/max)=7/24.7/57 groups=0
[ORDER] commander=ai team=Team_Human_Sol unit=Light Quad kind=move dst=(-505,28,-188)
[ORDER] commander=ai team=Team_Human_Sol unit=Heavy Quad kind=move dst=(-505,28,-188)
[ORDER] commander=ai team=Team_Human_Sol unit=Platoon Hauler kind=move dst=(-686,41,-288)
[ORDER] commander=ai team=Team_Human_Centauri unit=Light Raider kind=move dst=(-867,43,464)
[ORDER] commander=ai team=Team_Human_Centauri unit=Light Raider kind=move dst=(-867,43,464)
[ORDER] commander=ai team=Team_Human_Centauri unit=Heavy Raider kind=stop
[ORDER] commander=ai team=Team_Human_Sol unit=Rifleman kind=move dst=(-695,41,-288)
[ORDER] commander=ai team=Team_Human_Centauri unit=Light Raider kind=move dst=(0,0,0)
[ORDER] commander=ai team=Team_Human_Centauri unit=Light Raider kind=move dst=(-667,113,1318)
[ORDER] commander=ai team=Team_Human_Centauri unit=Light Raider kind=move dst=(-667,113,1318)
[ORDER] commander=ai team=Team_Human_Centauri unit=Heavy Raider kind=move dst=(-667,113,1318)
[ORDER] commander=ai team=Team_Human_Centauri unit=Squad Transport kind=move dst=(-430,50,1730)
[ORDER] commander=ai team=Team_Human_Centauri unit=Light Raider kind=attack tgt=Sol_Headquarters(Clone) (Target)
[ORDER] commander=ai team=Team_Human_Centauri unit=Light Raider kind=attack tgt=Sol_Headquarters(Clone) (Target)
[ORDER] commander=ai team=Team_Human_Centauri unit=Heavy Raider kind=attack tgt=Sol_Headquarters(Clone) (Target)
[ORDER] commander=ai team=Team_Human_Centauri unit=Trooper kind=attack tgt=Hunter(Clone) (Target)
[H2] team=Team_Human_Centauri fire=Headquarters argmaxCell=(146,152) val=90 atWorld=(-284,-44) hqCount=2
[AI] [Team_Human_Centauri] tick=87 reqs=4 type={Construct:4} task={} prio(min/avg/max)=10/50.8/81 groups=0
[P31] team=Team_Alien preset=Harvest stock=Shrimp ours=Shrimp agree=True rationale=biotic cap (have 26/70)
[ORDER] commander=ai team=Team_Alien unit=Crab kind=move dst=(-393,51,773)
[ORDER] commander=ai team=Team_Alien unit=Crab kind=move dst=(-393,51,773)
[ORDER] commander=ai team=Team_Alien unit=Crab kind=move dst=(-393,51,773)
[ORDER] commander=ai team=Team_Alien unit=Crab kind=move dst=(-393,51,773)
[ORDER] commander=ai team=Team_Alien unit=Shocker kind=move dst=(146,38,-1361)
[ORDER] commander=ai team=Team_Alien unit=Shocker kind=move dst=(146,38,-1361)
[ORDER] commander=ai team=Team_Alien unit=Shocker kind=move dst=(146,38,-1361)
[ORDER] commander=ai team=Team_Alien unit=Crab kind=move dst=(146,38,-1361)
[ORDER] commander=ai team=Team_Alien unit=Shocker kind=attack tgt=Cent_Soldier_Militia(Clone) (Target)
[ORDER] commander=ai team=Team_Alien unit=Shocker kind=attack tgt=Cent_Soldier_Militia(Clone) (Target)
[ORDER] commander=ai team=Team_Alien unit=Shocker kind=attack tgt=Cent_Soldier_Militia(Clone) (Target)
[ORDER] commander=ai team=Team_Alien unit=Crab kind=attack tgt=Cent_Soldier_Militia(Clone) (Target)
[ORDER] commander=ai team=Team_Alien unit=Crab kind=attack tgt=Sol_Refinery(Clone) (Target)
[ORDER] commander=ai team=Team_Alien unit=Crab kind=attack tgt=Sol_Refinery(Clone) (Target)
[ORDER] commander=ai team=Team_Alien unit=Crab kind=attack tgt=Sol_Refinery(Clone) (Target)
[ORDER] commander=ai team=Team_Alien unit=Crab kind=attack tgt=Sol_Refinery(Clone) (Target)
[AI] [Team_Alien] tick=87 reqs=4 type={Construct:4} task={} prio(min/avg/max)=4/31.5/62 groups=0
[ORDER] commander=ai team=Team_Human_Centauri unit=Light Raider kind=move dst=(-1095,24,-870)
[ORDER] commander=ai team=Team_Human_Centauri unit=Light Raider kind=move dst=(-1095,24,-870)
[ORDER] commander=ai team=Team_Human_Centauri unit=Heavy Raider kind=move dst=(-1095,24,-870)
[ORDER] commander=ai team=Team_Human_Centauri unit=Light Raider kind=move dst=(-1095,24,-870)
[ORDER] commander=ai team=Team_Human_Sol unit=Platoon Hauler kind=move dst=(-430,35,-1750)
[ORDER] commander=ai team=Team_Human_Sol unit=Platoon Hauler kind=move dst=(-245,14,-1662)
[ORDER] commander=ai team=Team_Human_Sol unit=Platoon Hauler kind=attack tgt=Cent_Light_AssaultCar(Clone) (Target)
[ORDER] commander=ai team=Team_Human_Sol unit=Platoon Hauler kind=attack tgt=Cent_Light_SquadTransport(Clone) (Target)
[ORDER] commander=ai team=Team_Human_Sol unit=Platoon Hauler kind=attack tgt=Hunter(Clone) (Target)
[H1] team=Team_Human_Sol fire=Refinery atBalterium=(-1229,-735) refCount=2
[H1] team=Team_Human_Sol fire=Refinery atBalterium=(-1515,-1118) refCount=3
[H2] team=Team_Human_Sol fire=Headquarters argmaxCell=(118,152) val=66 atWorld=(-1404,-44) hqCount=2
[H3] team=Team_Human_Sol fire=Barracks nearHq=(-1095,-870)
[H3] team=Team_Human_Sol fire=Research Facility nearHq=(-1095,-870)
[AI] [Team_Human_Sol] tick=87 reqs=3 type={Construct:3} task={} prio(min/avg/max)=7/24.7/57 groups=0
[ORDER] commander=ai team=Team_Alien unit=Crab kind=move dst=(0,20,0)
[ORDER] commander=ai team=Team_Alien unit=Horned Crab kind=move dst=(0,20,0)
[ORDER] commander=ai team=Team_Human_Sol unit=Platoon Hauler kind=move dst=(-722,40,-280)
[ORDER] commander=ai team=Team_Alien unit=Crab kind=move dst=(0,20,0)
[ORDER] commander=ai team=Team_Human_Centauri unit=Light Raider kind=move dst=(-667,113,1318)
[ORDER] commander=ai team=Team_Human_Centauri unit=Light Raider kind=move dst=(-667,113,1318)
[ORDER] commander=ai team=Team_Human_Centauri unit=Heavy Raider kind=move dst=(-667,113,1318)
[ORDER] commander=ai team=Team_Human_Centauri unit=Trooper kind=move dst=(-1727,114,-130)
[ORDER] commander=ai team=Team_Human_Centauri unit=Trooper kind=move dst=(-1727,114,-130)
[ORDER] commander=ai team=Team_Human_Centauri unit=Heavy Raider kind=attack tgt=Sol_Light_LightStriker(Clone) (Target)
[ORDER] commander=ai team=Team_Human_Centauri unit=Heavy Raider kind=attack tgt=Sol_Light_LightStriker(Clone) (Target)
[ORDER] commander=ai team=Team_Human_Centauri unit=Light Raider kind=attack tgt=Sol_Headquarters(Clone) (Target)
[ORDER] commander=ai team=Team_Human_Centauri unit=Light Raider kind=attack tgt=Sol_Headquarters(Clone) (Target)
[ORDER] commander=ai team=Team_Human_Centauri unit=Heavy Raider kind=attack tgt=Sol_Headquarters(Clone) (Target)
[ORDER] commander=ai team=Team_Human_Centauri unit=Trooper kind=attack tgt=Hunter(Clone) (Target)
[ORDER] commander=ai team=Team_Human_Centauri unit=Trooper kind=attack tgt=Hunter(Clone) (Target)
[ORDER] commander=ai team=Team_Human_Centauri unit=Squad Transport kind=attack tgt=Sol_Light_LightStriker(Clone) (Target)
[H2] team=Team_Human_Centauri fire=Headquarters argmaxCell=(146,152) val=90 atWorld=(-284,-44) hqCount=2
[AI] [Team_Human_Centauri] tick=88 reqs=4 type={Construct:4} task={} prio(min/avg/max)=10/50.8/81 groups=0
[P31] team=Team_Alien preset=Harvest stock=Shrimp ours=Shrimp agree=True rationale=biotic cap (have 26/70)
[ORDER] commander=ai team=Team_Alien unit=Crab kind=move dst=(-393,51,773)
[ORDER] commander=ai team=Team_Alien unit=Crab kind=move dst=(-393,51,773)
[ORDER] commander=ai team=Team_Alien unit=Crab kind=move dst=(-393,51,773)
[ORDER] commander=ai team=Team_Alien unit=Crab kind=move dst=(-393,51,773)
[ORDER] commander=ai team=Team_Alien unit=Shocker kind=move dst=(146,38,-1361)
[ORDER] commander=ai team=Team_Alien unit=Shocker kind=move dst=(146,38,-1361)
[ORDER] commander=ai team=Team_Alien unit=Shocker kind=move dst=(146,38,-1361)
[ORDER] commander=ai team=Team_Alien unit=Crab kind=move dst=(146,38,-1361)
[ORDER] commander=ai team=Team_Alien unit=Shocker kind=attack tgt=Cent_Soldier_Militia(Clone) (Target)
[ORDER] commander=ai team=Team_Alien unit=Shocker kind=attack tgt=Cent_Soldier_Militia(Clone) (Target)
[ORDER] commander=ai team=Team_Alien unit=Shocker kind=attack tgt=Cent_Soldier_Militia(Clone) (Target)
[ORDER] commander=ai team=Team_Alien unit=Crab kind=attack tgt=Cent_Soldier_Militia(Clone) (Target)
[ORDER] commander=ai team=Team_Alien unit=Hunter kind=attack tgt=Sol_Refinery(Clone) (Target)
[ORDER] commander=ai team=Team_Alien unit=Hunter kind=attack tgt=Sol_Refinery(Clone) (Target)
[AI] [Team_Alien] tick=88 reqs=4 type={Construct:4} task={} prio(min/avg/max)=5/31.8/62 groups=0
[ORDER] commander=ai team=Team_Human_Centauri unit=Trooper kind=move dst=(-520,28,-269)
[ORDER] commander=ai team=Team_Human_Centauri unit=Trooper kind=move dst=(-520,28,-269)
[ORDER] commander=ai team=Team_Human_Centauri unit=Heavy Raider kind=move dst=(-1003,35,-416)
[ORDER] commander=ai team=Team_Alien unit=Wasp kind=stop
[ORDER] commander=ai team=Team_Alien unit=Squid kind=move dst=(193,23,-197)
[ORDER] commander=ai team=Team_Alien unit=Squid kind=move dst=(193,23,-197)
[ORDER] commander=ai team=Team_Alien unit=Squid kind=move dst=(193,23,-197)
[ORDER] commander=ai team=Team_Human_Sol unit=Light Striker kind=move dst=(-1727,114,-130)
[ORDER] commander=ai team=Team_Human_Sol unit=Light Striker kind=move dst=(-1727,114,-130)
[ORDER] commander=ai team=Team_Human_Sol unit=Heavy Quad kind=move dst=(-1727,114,-130)
[ORDER] commander=ai team=Team_Human_Sol unit=Platoon Hauler kind=move dst=(-430,35,-1750)
[ORDER] commander=ai team=Team_Human_Sol unit=Platoon Hauler kind=move dst=(-245,14,-1662)
[ORDER] commander=ai team=Team_Human_Sol unit=Platoon Hauler kind=attack tgt=Cent_Light_SquadTransport(Clone) (Target)
[ORDER] commander=ai team=Team_Human_Sol unit=Platoon Hauler kind=attack tgt=Hunter(Clone) (Target)
[H2] team=Team_Human_Sol fire=Headquarters argmaxCell=(118,152) val=66 atWorld=(-1404,-44) hqCount=2
[AI] [Team_Human_Sol] tick=88 reqs=3 type={Construct:3} task={} prio(min/avg/max)=7/24.7/57 groups=0
[ORDER] commander=ai team=Team_Alien unit=Shocker kind=move dst=(0,20,0)
[ORDER] commander=ai team=Team_Human_Sol unit=Platoon Hauler kind=move dst=(-734,38,-257)
[ORDER] commander=ai team=Team_Alien unit=Squid kind=move dst=(182,32,-206)
[ORDER] commander=ai team=Team_Alien unit=Squid kind=move dst=(182,32,-206)
[ORDER] commander=ai team=Team_Alien unit=Squid kind=move dst=(182,32,-206)
[ORDER] commander=ai team=Team_Alien unit=Shocker kind=move dst=(0,20,0)
[ORDER] commander=ai team=Team_Human_Centauri unit=Light Raider kind=move dst=(-667,113,1318)
[ORDER] commander=ai team=Team_Human_Centauri unit=Light Raider kind=move dst=(-667,113,1318)
[ORDER] commander=ai team=Team_Human_Centauri unit=Heavy Raider kind=move dst=(-667,113,1318)
[ORDER] commander=ai team=Team_Human_Centauri unit=Light Raider kind=move dst=(-430,50,1730)
[ORDER] commander=ai team=Team_Human_Centauri unit=Light Raider kind=move dst=(-430,50,1730)
[ORDER] commander=ai team=Team_Human_Centauri unit=Heavy Raider kind=move dst=(-430,50,1730)
[ORDER] commander=ai team=Team_Human_Centauri unit=Trooper kind=move dst=(-1727,114,-130)
[ORDER] commander=ai team=Team_Human_Centauri unit=Trooper kind=move dst=(-1727,114,-130)
[ORDER] commander=ai team=Team_Human_Centauri unit=Trooper kind=attack tgt=Hunter(Clone) (Target)
[ORDER] commander=ai team=Team_Human_Centauri unit=Trooper kind=attack tgt=Hunter(Clone) (Target)
[ORDER] commander=ai team=Team_Human_Centauri unit=Light Raider kind=attack tgt=Sol_Light_LightStriker(Clone) (Target)
[ORDER] commander=ai team=Team_Human_Centauri unit=Light Raider kind=attack tgt=Sol_Light_LightStriker(Clone) (Target)
[ORDER] commander=ai team=Team_Human_Centauri unit=Heavy Raider kind=attack tgt=Sol_Light_LightStriker(Clone) (Target)
[H2] team=Team_Human_Centauri fire=Headquarters argmaxCell=(146,152) val=90 atWorld=(-284,-44) hqCount=2
[AI] [Team_Human_Centauri] tick=89 reqs=4 type={Construct:4} task={} prio(min/avg/max)=10/50.8/81 groups=0
[P31] team=Team_Alien preset=Harvest stock=Shrimp ours=Shrimp agree=True rationale=biotic cap (have 26/70)
[ORDER] commander=ai team=Team_Alien unit=Hunter kind=move dst=(309,46,1050)
[ORDER] commander=ai team=Team_Alien unit=Hunter kind=move dst=(309,46,1050)
[ORDER] commander=ai team=Team_Alien unit=Shocker kind=move dst=(146,38,-1361)
[ORDER] commander=ai team=Team_Alien unit=Shocker kind=move dst=(146,38,-1361)
[ORDER] commander=ai team=Team_Alien unit=Shocker kind=move dst=(146,38,-1361)
[ORDER] commander=ai team=Team_Alien unit=Crab kind=move dst=(146,38,-1361)
[ORDER] commander=ai team=Team_Alien unit=Shocker kind=attack tgt=Cent_Soldier_Militia(Clone) (Target)
[ORDER] commander=ai team=Team_Alien unit=Shocker kind=attack tgt=Cent_Soldier_Militia(Clone) (Target)
[ORDER] commander=ai team=Team_Alien unit=Shocker kind=attack tgt=Cent_Soldier_Militia(Clone) (Target)
[ORDER] commander=ai team=Team_Alien unit=Crab kind=attack tgt=Cent_Soldier_Militia(Clone) (Target)
[ORDER] commander=ai team=Team_Alien unit=Crab kind=attack tgt=Sol_Refinery(Clone) (Target)
[ORDER] commander=ai team=Team_Alien unit=Crab kind=attack tgt=Sol_Refinery(Clone) (Target)
[ORDER] commander=ai team=Team_Alien unit=Crab kind=attack tgt=Sol_Refinery(Clone) (Target)
[ORDER] commander=ai team=Team_Alien unit=Crab kind=attack tgt=Sol_Refinery(Clone) (Target)
[AI] [Team_Alien] tick=89 reqs=4 type={Construct:4} task={} prio(min/avg/max)=6/32.0/62 groups=0
[ORDER] commander=ai team=Team_Human_Centauri unit=Light Raider kind=move dst=(-1044,34,-419)
[ORDER] commander=ai team=Team_Human_Centauri unit=Light Raider kind=move dst=(-1044,34,-419)
[ORDER] commander=ai team=Team_Human_Centauri unit=Heavy Raider kind=move dst=(-1044,34,-419)
[ORDER] commander=ai team=Team_Human_Centauri unit=Trooper kind=move dst=(-528,30,-314)
[ORDER] commander=ai team=Team_Human_Centauri unit=Trooper kind=move dst=(-528,30,-314)
[ORDER] commander=ai team=Team_Alien unit=Wasp kind=move dst=(-1050,12,-1185)
[ORDER] commander=ai team=Team_Alien unit=Squid kind=move dst=(-1050,12,-1185)
[ORDER] commander=ai team=Team_Alien unit=Squid kind=move dst=(-1050,12,-1185)
[ORDER] commander=ai team=Team_Alien unit=Squid kind=move dst=(-1050,12,-1185)
[SPAWN_U] team=Team_Alien unit=Shrimp
[ORDER] commander=ai team=Team_Human_Sol unit=Light Striker kind=attack tgt=Hunter(Clone) (Target)
[ORDER] commander=ai team=Team_Human_Sol unit=Light Striker kind=attack tgt=Hunter(Clone) (Target)
[ORDER] commander=ai team=Team_Human_Sol unit=Heavy Quad kind=attack tgt=Hunter(Clone) (Target)
[ORDER] commander=ai team=Team_Human_Sol unit=Rifleman kind=move dst=(-1727,114,-130)
[ORDER] commander=ai team=Team_Human_Sol unit=Platoon Hauler kind=move dst=(-430,35,-1750)
[ORDER] commander=ai team=Team_Human_Sol unit=Platoon Hauler kind=attack tgt=Hunter(Clone) (Target)
[H1] team=Team_Human_Sol fire=Refinery atBalterium=(-1229,-735) refCount=2
[H1] team=Team_Human_Sol fire=Refinery atBalterium=(-1515,-1118) refCount=3
[H2] team=Team_Human_Sol fire=Headquarters argmaxCell=(118,152) val=66 atWorld=(-1404,-44) hqCount=2
[H3] team=Team_Human_Sol fire=Barracks nearHq=(-1095,-870)
[H3] team=Team_Human_Sol fire=Research Facility nearHq=(-1095,-870)
[AI] [Team_Human_Sol] tick=89 reqs=3 type={Construct:3} task={} prio(min/avg/max)=7/24.7/57 groups=0
[ORDER] commander=ai team=Team_Human_Sol unit=Platoon Hauler kind=move dst=(-528,30,-319)
[ORDER] commander=ai team=Team_Human_Sol unit=Platoon Hauler kind=move dst=(-531,31,-343)
[SPAWN_U] team=Team_Alien unit=Shrimp
[ORDER] commander=ai team=Team_Human_Centauri unit=Light Raider kind=move dst=(-430,50,1730)
[ORDER] commander=ai team=Team_Human_Centauri unit=Light Raider kind=move dst=(-430,50,1730)
[ORDER] commander=ai team=Team_Human_Centauri unit=Heavy Raider kind=move dst=(-430,50,1730)
[ORDER] commander=ai team=Team_Human_Centauri unit=Trooper kind=move dst=(-1727,114,-130)
[ORDER] commander=ai team=Team_Human_Centauri unit=Trooper kind=move dst=(-1727,114,-130)
[ORDER] commander=ai team=Team_Human_Centauri unit=Light Raider kind=attack tgt=Hunter(Clone) (Target)
[ORDER] commander=ai team=Team_Human_Centauri unit=Light Raider kind=attack tgt=Hunter(Clone) (Target)
[ORDER] commander=ai team=Team_Human_Centauri unit=Heavy Raider kind=attack tgt=Hunter(Clone) (Target)
[H2] team=Team_Human_Centauri fire=Headquarters argmaxCell=(146,152) val=90 atWorld=(-284,-44) hqCount=2
[AI] [Team_Human_Centauri] tick=90 reqs=4 type={Construct:4} task={} prio(min/avg/max)=10/50.8/81 groups=0
[ORDER] commander=ai team=Team_Alien unit=Crab kind=move dst=(-393,51,773)
[ORDER] commander=ai team=Team_Alien unit=Crab kind=move dst=(-393,51,773)
[ORDER] commander=ai team=Team_Alien unit=Crab kind=move dst=(-393,51,773)
[ORDER] commander=ai team=Team_Alien unit=Crab kind=move dst=(-393,51,773)
[ORDER] commander=ai team=Team_Alien unit=Shocker kind=move dst=(146,38,-1361)
[ORDER] commander=ai team=Team_Alien unit=Shocker kind=move dst=(146,38,-1361)
[ORDER] commander=ai team=Team_Alien unit=Shocker kind=move dst=(146,38,-1361)
[ORDER] commander=ai team=Team_Alien unit=Crab kind=move dst=(146,38,-1361)
[ORDER] commander=ai team=Team_Alien unit=Shocker kind=attack tgt=Cent_Soldier_Militia(Clone) (Target)
[ORDER] commander=ai team=Team_Alien unit=Shocker kind=attack tgt=Cent_Soldier_Militia(Clone) (Target)
[ORDER] commander=ai team=Team_Alien unit=Shocker kind=attack tgt=Cent_Soldier_Militia(Clone) (Target)
[ORDER] commander=ai team=Team_Alien unit=Crab kind=attack tgt=Cent_Soldier_Militia(Clone) (Target)
[ORDER] commander=ai team=Team_Alien unit=Hunter kind=attack tgt=Sol_Refinery(Clone) (Target)
[ORDER] commander=ai team=Team_Alien unit=Hunter kind=attack tgt=Sol_Refinery(Clone) (Target)
[AI] [Team_Alien] tick=90 reqs=3 type={Construct:3} task={} prio(min/avg/max)=7/22.3/50 groups=0
[ORDER] commander=ai team=Team_Human_Centauri unit=Light Raider kind=move dst=(-530,33,-354)
[ORDER] commander=ai team=Team_Human_Centauri unit=Light Raider kind=move dst=(-530,33,-354)
[ORDER] commander=ai team=Team_Human_Centauri unit=Heavy Raider kind=move dst=(-530,33,-354)
[ORDER] commander=ai team=Team_Human_Sol unit=Rifleman kind=attack tgt=Hunter(Clone) (Target)
[H2] team=Team_Human_Sol fire=Headquarters argmaxCell=(118,152) val=66 atWorld=(-1404,-44) hqCount=2
[AI] [Team_Human_Sol] tick=90 reqs=3 type={Construct:3} task={} prio(min/avg/max)=7/24.7/57 groups=0
[ORDER] commander=ai team=Team_Human_Centauri unit=Light Raider kind=move dst=(-430,50,1730)
[ORDER] commander=ai team=Team_Human_Centauri unit=Light Raider kind=move dst=(-430,50,1730)
[ORDER] commander=ai team=Team_Human_Centauri unit=Heavy Raider kind=move dst=(-430,50,1730)
[ORDER] commander=ai team=Team_Human_Centauri unit=Trooper kind=attack tgt=Hunter(Clone) (Target)
[ORDER] commander=ai team=Team_Human_Centauri unit=Trooper kind=attack tgt=Hunter(Clone) (Target)
[H2] team=Team_Human_Centauri fire=Headquarters argmaxCell=(146,152) val=90 atWorld=(-284,-44) hqCount=2
[AI] [Team_Human_Centauri] tick=91 reqs=4 type={Construct:4} task={} prio(min/avg/max)=10/50.8/81 groups=0
[ORDER] commander=ai team=Team_Alien unit=Hunter kind=move dst=(309,46,1050)
[ORDER] commander=ai team=Team_Alien unit=Hunter kind=move dst=(309,46,1050)
[ORDER] commander=ai team=Team_Alien unit=Shocker kind=move dst=(146,38,-1361)
[ORDER] commander=ai team=Team_Alien unit=Shocker kind=move dst=(146,38,-1361)
[ORDER] commander=ai team=Team_Alien unit=Shocker kind=move dst=(146,38,-1361)
[ORDER] commander=ai team=Team_Alien unit=Crab kind=move dst=(146,38,-1361)
[ORDER] commander=ai team=Team_Alien unit=Shocker kind=attack tgt=Cent_Soldier_Militia(Clone) (Target)
[ORDER] commander=ai team=Team_Alien unit=Shocker kind=attack tgt=Cent_Soldier_Militia(Clone) (Target)
[ORDER] commander=ai team=Team_Alien unit=Shocker kind=attack tgt=Cent_Soldier_Militia(Clone) (Target)
[ORDER] commander=ai team=Team_Alien unit=Crab kind=attack tgt=Cent_Soldier_Militia(Clone) (Target)
[ORDER] commander=ai team=Team_Alien unit=Crab kind=attack tgt=Sol_Refinery(Clone) (Target)
[ORDER] commander=ai team=Team_Alien unit=Crab kind=attack tgt=Sol_Refinery(Clone) (Target)
[ORDER] commander=ai team=Team_Alien unit=Crab kind=attack tgt=Sol_Refinery(Clone) (Target)
[ORDER] commander=ai team=Team_Alien unit=Crab kind=attack tgt=Sol_Refinery(Clone) (Target)
[AI] [Team_Alien] tick=91 reqs=3 type={Construct:3} task={} prio(min/avg/max)=8/22.7/50 groups=0
[ORDER] commander=ai team=Team_Human_Centauri unit=Trooper kind=move dst=(-537,40,-392)
[ORDER] commander=ai team=Team_Human_Centauri unit=Trooper kind=move dst=(-537,40,-392)
[SPAWN_U] team=Team_Alien unit=Shrimp
[H1] team=Team_Human_Sol fire=Refinery atBalterium=(-1229,-735) refCount=2
[H1] team=Team_Human_Sol fire=Refinery atBalterium=(-1515,-1118) refCount=3
[H2] team=Team_Human_Sol fire=Headquarters argmaxCell=(118,152) val=66 atWorld=(-1404,-44) hqCount=2
[H3] team=Team_Human_Sol fire=Barracks nearHq=(-1095,-870)
[H3] team=Team_Human_Sol fire=Research Facility nearHq=(-1095,-870)
[AI] [Team_Human_Sol] tick=91 reqs=3 type={Construct:3} task={} prio(min/avg/max)=7/24.7/57 groups=0
[ORDER] commander=ai team=Team_Alien unit=Shocker kind=move dst=(0,20,0)
[ORDER] commander=ai team=Team_Alien unit=Horned Crab kind=move dst=(0,20,0)
[ORDER] commander=ai team=Team_Alien unit=Horned Crab kind=move dst=(0,20,0)
[ORDER] commander=ai team=Team_Human_Centauri unit=Militia kind=move dst=(-1727,114,-130)
[ORDER] commander=ai team=Team_Human_Centauri unit=Militia kind=move dst=(-1727,114,-130)
[ORDER] commander=ai team=Team_Human_Centauri unit=Militia kind=move dst=(-1727,114,-130)
[ORDER] commander=ai team=Team_Human_Centauri unit=Light Raider kind=attack tgt=Hunter(Clone) (Target)
[ORDER] commander=ai team=Team_Human_Centauri unit=Light Raider kind=attack tgt=Hunter(Clone) (Target)
[ORDER] commander=ai team=Team_Human_Centauri unit=Heavy Raider kind=attack tgt=Hunter(Clone) (Target)
[H2] team=Team_Human_Centauri fire=Headquarters argmaxCell=(146,152) val=90 atWorld=(-284,-44) hqCount=2
[AI] [Team_Human_Centauri] tick=92 reqs=4 type={Construct:4} task={} prio(min/avg/max)=10/50.8/81 groups=0
[P31] team=Team_Alien preset=Harvest stock=Shrimp ours=Shrimp agree=True rationale=biotic cap (have 29/70)
[ORDER] commander=ai team=Team_Alien unit=Shrimp kind=move dst=(936,24,580)
[ORDER] commander=ai team=Team_Alien unit=Crab kind=move dst=(-393,51,773)
[ORDER] commander=ai team=Team_Alien unit=Crab kind=move dst=(-393,51,773)
[ORDER] commander=ai team=Team_Alien unit=Crab kind=move dst=(-393,51,773)
[ORDER] commander=ai team=Team_Alien unit=Crab kind=move dst=(-393,51,773)
[ORDER] commander=ai team=Team_Alien unit=Shocker kind=move dst=(146,38,-1361)
[ORDER] commander=ai team=Team_Alien unit=Shocker kind=move dst=(146,38,-1361)
[ORDER] commander=ai team=Team_Alien unit=Shocker kind=move dst=(146,38,-1361)
[ORDER] commander=ai team=Team_Alien unit=Crab kind=move dst=(146,38,-1361)
[ORDER] commander=ai team=Team_Alien unit=Shocker kind=attack tgt=Cent_Soldier_Militia(Clone) (Target)
[ORDER] commander=ai team=Team_Alien unit=Shocker kind=attack tgt=Cent_Soldier_Militia(Clone) (Target)
[ORDER] commander=ai team=Team_Alien unit=Shocker kind=attack tgt=Cent_Soldier_Militia(Clone) (Target)
[ORDER] commander=ai team=Team_Alien unit=Crab kind=attack tgt=Cent_Soldier_Militia(Clone) (Target)
[ORDER] commander=ai team=Team_Alien unit=Hunter kind=attack tgt=Sol_Refinery(Clone) (Target)
[ORDER] commander=ai team=Team_Alien unit=Hunter kind=attack tgt=Sol_Refinery(Clone) (Target)
[AI] [Team_Alien] tick=92 reqs=4 type={Construct:4} task={} prio(min/avg/max)=9/37.5/81 groups=0
[ORDER] commander=ai team=Team_Human_Sol unit=Platoon Hauler kind=move dst=(-545,50,-418)
[H2] team=Team_Human_Sol fire=Headquarters argmaxCell=(118,152) val=66 atWorld=(-1404,-44) hqCount=2
[AI] [Team_Human_Sol] tick=92 reqs=3 type={Construct:3} task={} prio(min/avg/max)=7/24.7/57 groups=0
[ORDER] commander=ai team=Team_Human_Centauri unit=Light Raider kind=move dst=(-841,45,342)
[ORDER] commander=ai team=Team_Human_Centauri unit=Light Raider kind=move dst=(-841,45,342)
[ORDER] commander=ai team=Team_Human_Centauri unit=Heavy Raider kind=stop
[ORDER] commander=ai team=Team_Human_Centauri unit=Light Raider kind=move dst=(-667,113,1318)
[ORDER] commander=ai team=Team_Human_Centauri unit=Light Raider kind=move dst=(-667,113,1318)
[ORDER] commander=ai team=Team_Human_Centauri unit=Heavy Raider kind=move dst=(-667,113,1318)
[ORDER] commander=ai team=Team_Human_Centauri unit=Light Raider kind=attack tgt=Hunter(Clone) (Target)
[ORDER] commander=ai team=Team_Human_Centauri unit=Light Raider kind=attack tgt=Hunter(Clone) (Target)
[ORDER] commander=ai team=Team_Human_Centauri unit=Heavy Raider kind=attack tgt=Hunter(Clone) (Target)
[H2] team=Team_Human_Centauri fire=Headquarters argmaxCell=(146,152) val=90 atWorld=(-284,-44) hqCount=2
[AI] [Team_Human_Centauri] tick=93 reqs=4 type={Construct:4} task={} prio(min/avg/max)=10/50.8/81 groups=0
[P31] team=Team_Alien preset=Harvest stock=Shrimp ours=Shrimp agree=True rationale=biotic cap (have 29/70)
[ORDER] commander=ai team=Team_Alien unit=Hunter kind=move dst=(309,46,1050)
[ORDER] commander=ai team=Team_Alien unit=Hunter kind=move dst=(309,46,1050)
[ORDER] commander=ai team=Team_Alien unit=Shocker kind=move dst=(146,38,-1361)
[ORDER] commander=ai team=Team_Alien unit=Shocker kind=move dst=(146,38,-1361)
[ORDER] commander=ai team=Team_Alien unit=Shocker kind=move dst=(146,38,-1361)
[ORDER] commander=ai team=Team_Alien unit=Crab kind=move dst=(146,38,-1361)
[ORDER] commander=ai team=Team_Alien unit=Shocker kind=attack tgt=Cent_Soldier_Militia(Clone) (Target)
[ORDER] commander=ai team=Team_Alien unit=Shocker kind=attack tgt=Cent_Soldier_Militia(Clone) (Target)
[ORDER] commander=ai team=Team_Alien unit=Shocker kind=attack tgt=Cent_Soldier_Militia(Clone) (Target)
[ORDER] commander=ai team=Team_Alien unit=Crab kind=attack tgt=Cent_Soldier_Militia(Clone) (Target)
[ORDER] commander=ai team=Team_Alien unit=Crab kind=attack tgt=Sol_Refinery(Clone) (Target)
[ORDER] commander=ai team=Team_Alien unit=Crab kind=attack tgt=Sol_Refinery(Clone) (Target)
[ORDER] commander=ai team=Team_Alien unit=Crab kind=attack tgt=Sol_Refinery(Clone) (Target)
[ORDER] commander=ai team=Team_Alien unit=Crab kind=attack tgt=Sol_Refinery(Clone) (Target)
[AI] [Team_Alien] tick=93 reqs=4 type={Construct:4} task={} prio(min/avg/max)=10/38.0/81 groups=0
[ORDER] commander=ai team=Team_Human_Centauri unit=Light Raider kind=move dst=(-843,45,347)
[ORDER] commander=ai team=Team_Human_Centauri unit=Light Raider kind=move dst=(-843,45,347)
[ORDER] commander=ai team=Team_Alien unit=Shocker kind=move dst=(-720,36,-159)
[ORDER] commander=ai team=Team_Alien unit=Shocker kind=move dst=(-720,36,-159)
[ORDER] commander=ai team=Team_Alien unit=Shocker kind=move dst=(-720,36,-159)
[ORDER] commander=ai team=Team_Alien unit=Crab kind=move dst=(-720,36,-159)
[H1] team=Team_Human_Sol fire=Refinery atBalterium=(-1229,-735) refCount=2
[H1] team=Team_Human_Sol fire=Refinery atBalterium=(-1515,-1118) refCount=3
[H2] team=Team_Human_Sol fire=Headquarters argmaxCell=(118,152) val=66 atWorld=(-1404,-44) hqCount=2
[H3] team=Team_Human_Sol fire=Barracks nearHq=(-1095,-870)
[H3] team=Team_Human_Sol fire=Research Facility nearHq=(-1095,-870)
[AI] [Team_Human_Sol] tick=93 reqs=3 type={Construct:3} task={} prio(min/avg/max)=7/24.7/57 groups=0
[ORDER] commander=ai team=Team_Alien unit=Wasp kind=stop
[ORDER] commander=ai team=Team_Alien unit=Squid kind=move dst=(-105,49,-441)
[ORDER] commander=ai team=Team_Alien unit=Squid kind=move dst=(-105,49,-441)
[ORDER] commander=ai team=Team_Alien unit=Squid kind=move dst=(-105,49,-441)
[ORDER] commander=ai team=Team_Alien unit=Squid kind=move dst=(-119,50,-452)
[ORDER] commander=ai team=Team_Alien unit=Squid kind=move dst=(-119,50,-452)
[ORDER] commander=ai team=Team_Alien unit=Squid kind=move dst=(-119,50,-452)
[ORDER] commander=ai team=Team_Human_Centauri unit=Light Raider kind=move dst=(-667,113,1318)
[ORDER] commander=ai team=Team_Human_Centauri unit=Light Raider kind=move dst=(-667,113,1318)
[ORDER] commander=ai team=Team_Human_Centauri unit=Heavy Raider kind=move dst=(-667,113,1318)
[ORDER] commander=ai team=Team_Human_Centauri unit=Assault Car kind=attack tgt=Sol_Light_PlatoonHauler(Clone) (Target)
[ORDER] commander=ai team=Team_Human_Centauri unit=Light Raider kind=attack tgt=Hunter(Clone) (Target)
[ORDER] commander=ai team=Team_Human_Centauri unit=Light Raider kind=attack tgt=Hunter(Clone) (Target)
[ORDER] commander=ai team=Team_Human_Centauri unit=Heavy Raider kind=attack tgt=Hunter(Clone) (Target)
[ORDER] commander=ai team=Team_Human_Centauri unit=Light Raider kind=attack tgt=Sol_Light_PlatoonHauler(Clone) (Target)
[ORDER] commander=ai team=Team_Human_Centauri unit=Light Raider kind=attack tgt=Sol_Light_PlatoonHauler(Clone) (Target)
[ORDER] commander=ai team=Team_Human_Centauri unit=Heavy Raider kind=attack tgt=Sol_Light_PlatoonHauler(Clone) (Target)
[H2] team=Team_Human_Centauri fire=Headquarters argmaxCell=(146,152) val=90 atWorld=(-284,-44) hqCount=2
[AI] [Team_Human_Centauri] tick=94 reqs=4 type={Construct:4} task={} prio(min/avg/max)=10/50.8/81 groups=0
[ORDER] commander=ai team=Team_Human_Centauri unit=Assault Car kind=move dst=(-547,43,-393)
[P31] team=Team_Alien preset=Combat stock=Crab ours=Crab agree=True rationale=swarm floor (have 7/16)
[P31] team=Team_Alien preset=Harvest stock=Shrimp ours=Shrimp agree=True rationale=biotic cap (have 29/70)
[ORDER] commander=ai team=Team_Alien unit=Crab kind=move dst=(-393,51,773)
[ORDER] commander=ai team=Team_Alien unit=Crab kind=move dst=(-393,51,773)
[ORDER] commander=ai team=Team_Alien unit=Crab kind=move dst=(-393,51,773)
[ORDER] commander=ai team=Team_Alien unit=Crab kind=move dst=(-393,51,773)
[ORDER] commander=ai team=Team_Alien unit=Shocker kind=move dst=(146,38,-1361)
[ORDER] commander=ai team=Team_Alien unit=Shocker kind=move dst=(146,38,-1361)
[ORDER] commander=ai team=Team_Alien unit=Shocker kind=move dst=(146,38,-1361)
[ORDER] commander=ai team=Team_Alien unit=Crab kind=move dst=(146,38,-1361)
[ORDER] commander=ai team=Team_Alien unit=Shocker kind=attack tgt=Cent_Soldier_Militia(Clone) (Target)
[ORDER] commander=ai team=Team_Alien unit=Shocker kind=attack tgt=Cent_Soldier_Militia(Clone) (Target)
[ORDER] commander=ai team=Team_Alien unit=Shocker kind=attack tgt=Cent_Soldier_Militia(Clone) (Target)
[ORDER] commander=ai team=Team_Alien unit=Crab kind=attack tgt=Cent_Soldier_Militia(Clone) (Target)
[ORDER] commander=ai team=Team_Alien unit=Hunter kind=attack tgt=Sol_Refinery(Clone) (Target)
[ORDER] commander=ai team=Team_Alien unit=Hunter kind=attack tgt=Sol_Refinery(Clone) (Target)
[AI] [Team_Alien] tick=94 reqs=5 type={Construct:5} task={} prio(min/avg/max)=10/39.6/81 groups=0
[ORDER] commander=ai team=Team_Human_Centauri unit=Light Raider kind=move dst=(-843,45,347)
[ORDER] commander=ai team=Team_Human_Centauri unit=Light Raider kind=move dst=(-843,45,347)
[ORDER] commander=ai team=Team_Alien unit=Shocker kind=move dst=(-735,36,-159)
[ORDER] commander=ai team=Team_Alien unit=Shocker kind=move dst=(-735,36,-159)
[ORDER] commander=ai team=Team_Alien unit=Shocker kind=move dst=(-735,36,-159)
[ORDER] commander=ai team=Team_Alien unit=Crab kind=move dst=(-735,36,-159)
[SPAWN_U] team=Team_Alien unit=Shrimp
[ORDER] commander=ai team=Team_Human_Centauri unit=Light Raider kind=move dst=(-817,35,556)
[ORDER] commander=ai team=Team_Human_Centauri unit=Light Raider kind=move dst=(-817,35,556)
[ORDER] commander=ai team=Team_Human_Centauri unit=Heavy Raider kind=stop
[ORDER] commander=ai team=Team_Human_Sol unit=Rifleman kind=move dst=(-1727,114,-130)
[ORDER] commander=ai team=Team_Human_Sol unit=Platoon Hauler kind=move dst=(-430,35,-1750)
[ORDER] commander=ai team=Team_Human_Sol unit=Platoon Hauler kind=move dst=(-245,14,-1662)
[H2] team=Team_Human_Sol fire=Headquarters argmaxCell=(118,152) val=66 atWorld=(-1404,-44) hqCount=2
[AI] [Team_Human_Sol] tick=94 reqs=3 type={Construct:3} task={} prio(min/avg/max)=7/24.7/57 groups=0
[ORDER] commander=ai team=Team_Human_Centauri unit=Heavy Raider kind=stop
[ORDER] commander=ai team=Team_Alien unit=Wasp kind=move dst=(-1050,12,-1185)
[ORDER] commander=ai team=Team_Alien unit=Squid kind=move dst=(-1050,12,-1185)
[ORDER] commander=ai team=Team_Alien unit=Squid kind=move dst=(-1050,12,-1185)
[ORDER] commander=ai team=Team_Alien unit=Squid kind=move dst=(-1050,12,-1185)
[ORDER] commander=ai team=Team_Alien unit=Crab kind=stop
[ORDER] commander=ai team=Team_Alien unit=Crab kind=move dst=(170,76,188)
[ORDER] commander=ai team=Team_Alien unit=Crab kind=move dst=(170,76,188)
[ORDER] commander=ai team=Team_Alien unit=Crab kind=move dst=(170,76,188)
[ORDER] commander=ai team=Team_Human_Centauri unit=Light Raider kind=move dst=(0,0,0)
[ORDER] commander=ai team=Team_Alien unit=Crab kind=move dst=(-393,51,773)
[ORDER] commander=ai team=Team_Alien unit=Crab kind=move dst=(-393,51,773)
[ORDER] commander=ai team=Team_Human_Centauri unit=Light Raider kind=move dst=(-667,113,1318)
[ORDER] commander=ai team=Team_Human_Centauri unit=Light Raider kind=move dst=(-667,113,1318)
[ORDER] commander=ai team=Team_Human_Centauri unit=Heavy Raider kind=move dst=(-667,113,1318)
[ORDER] commander=ai team=Team_Human_Centauri unit=Trooper kind=move dst=(-430,50,1730)
[ORDER] commander=ai team=Team_Human_Centauri unit=Light Raider kind=attack tgt=Sol_Headquarters(Clone) (Target)
[ORDER] commander=ai team=Team_Human_Centauri unit=Light Raider kind=attack tgt=Sol_Headquarters(Clone) (Target)
[ORDER] commander=ai team=Team_Human_Centauri unit=Heavy Raider kind=attack tgt=Sol_Headquarters(Clone) (Target)
[ORDER] commander=ai team=Team_Human_Centauri unit=Trooper kind=attack tgt=Sol_Soldier_Rifleman(Clone) (Target)
[ORDER] commander=ai team=Team_Human_Centauri unit=Trooper kind=attack tgt=Sol_Soldier_Rifleman(Clone) (Target)
[ORDER] commander=ai team=Team_Human_Centauri unit=Light Raider kind=attack tgt=Sol_Light_PlatoonHauler(Clone) (Target)
[ORDER] commander=ai team=Team_Human_Centauri unit=Light Raider kind=attack tgt=Sol_Light_PlatoonHauler(Clone) (Target)
[ORDER] commander=ai team=Team_Human_Centauri unit=Heavy Raider kind=attack tgt=Sol_Light_PlatoonHauler(Clone) (Target)
[ORDER] commander=ai team=Team_Human_Centauri unit=Militia kind=attack tgt=Sol_Headquarters(Clone) (Target)
[ORDER] commander=ai team=Team_Human_Centauri unit=Militia kind=attack tgt=Sol_Headquarters(Clone) (Target)
[H2] team=Team_Human_Centauri fire=Headquarters argmaxCell=(146,152) val=90 atWorld=(-284,-44) hqCount=2
[AI] [Team_Human_Centauri] tick=95 reqs=5 type={Construct:5} task={} prio(min/avg/max)=10/50.6/81 groups=0
[P31] team=Team_Alien preset=Combat stock=Crab ours=Crab agree=True rationale=swarm floor (have 7/16)
[P31] team=Team_Alien preset=Harvest stock=Shrimp ours=Shrimp agree=True rationale=biotic cap (have 30/70)
[ORDER] commander=ai team=Team_Alien unit=Hunter kind=move dst=(309,46,1050)
[ORDER] commander=ai team=Team_Alien unit=Hunter kind=move dst=(309,46,1050)
[ORDER] commander=ai team=Team_Alien unit=Shocker kind=move dst=(146,38,-1361)
[ORDER] commander=ai team=Team_Alien unit=Shocker kind=move dst=(146,38,-1361)
[ORDER] commander=ai team=Team_Alien unit=Shocker kind=move dst=(146,38,-1361)
[ORDER] commander=ai team=Team_Alien unit=Crab kind=move dst=(146,38,-1361)
[ORDER] commander=ai team=Team_Alien unit=Shocker kind=attack tgt=Cent_Soldier_Militia(Clone) (Target)
[ORDER] commander=ai team=Team_Alien unit=Shocker kind=attack tgt=Cent_Soldier_Militia(Clone) (Target)
[ORDER] commander=ai team=Team_Alien unit=Shocker kind=attack tgt=Cent_Soldier_Militia(Clone) (Target)
[ORDER] commander=ai team=Team_Alien unit=Crab kind=attack tgt=Cent_Soldier_Militia(Clone) (Target)
[ORDER] commander=ai team=Team_Alien unit=Hunter kind=attack tgt=Sol_Refinery(Clone) (Target)
[ORDER] commander=ai team=Team_Alien unit=Hunter kind=attack tgt=Sol_Refinery(Clone) (Target)
[AI] [Team_Alien] tick=95 reqs=5 type={Construct:5} task={} prio(min/avg/max)=10/36.4/62 groups=0
[ORDER] commander=ai team=Team_Human_Centauri unit=Light Raider kind=move dst=(-843,45,347)
[ORDER] commander=ai team=Team_Human_Centauri unit=Light Raider kind=move dst=(-843,45,347)
[ORDER] commander=ai team=Team_Human_Centauri unit=Trooper kind=move dst=(-714,58,-345)
[ORDER] commander=ai team=Team_Human_Centauri unit=Trooper kind=move dst=(-714,58,-345)
[ORDER] commander=ai team=Team_Alien unit=Shocker kind=move dst=(-753,36,-162)
[ORDER] commander=ai team=Team_Alien unit=Shocker kind=move dst=(-753,36,-162)
[ORDER] commander=ai team=Team_Alien unit=Shocker kind=move dst=(-753,36,-162)
[ORDER] commander=ai team=Team_Alien unit=Crab kind=move dst=(-753,36,-162)
[SPAWN_U] team=Team_Alien unit=Shrimp
[H1] team=Team_Human_Sol fire=Refinery atBalterium=(-1229,-735) refCount=2
[H1] team=Team_Human_Sol fire=Refinery atBalterium=(-1515,-1118) refCount=3
[H2] team=Team_Human_Sol fire=Headquarters argmaxCell=(118,152) val=66 atWorld=(-1404,-44) hqCount=2
[H3] team=Team_Human_Sol fire=Barracks nearHq=(-1095,-870)
[H3] team=Team_Human_Sol fire=Research Facility nearHq=(-1095,-870)
[AI] [Team_Human_Sol] tick=95 reqs=3 type={Construct:3} task={} prio(min/avg/max)=7/24.7/57 groups=0
[ORDER] commander=ai team=Team_Human_Centauri unit=Heavy Raider kind=stop
[ORDER] commander=ai team=Team_Alien unit=Horned Crab kind=move dst=(0,20,0)
[ORDER] commander=ai team=Team_Alien unit=Crab kind=move dst=(-393,51,773)
[ORDER] commander=ai team=Team_Human_Centauri unit=Light Raider kind=move dst=(-667,113,1318)
[ORDER] commander=ai team=Team_Human_Centauri unit=Light Raider kind=move dst=(-667,113,1318)
[ORDER] commander=ai team=Team_Human_Centauri unit=Heavy Raider kind=move dst=(-667,113,1318)
[ORDER] commander=ai team=Team_Human_Centauri unit=Trooper kind=move dst=(-1727,114,-130)
[ORDER] commander=ai team=Team_Human_Centauri unit=Trooper kind=move dst=(-1727,114,-130)
[ORDER] commander=ai team=Team_Human_Centauri unit=Light Raider kind=attack tgt=Sol_Light_PlatoonHauler(Clone) (Target)
[ORDER] commander=ai team=Team_Human_Centauri unit=Light Raider kind=attack tgt=Sol_Light_PlatoonHauler(Clone) (Target)
[ORDER] commander=ai team=Team_Human_Centauri unit=Heavy Raider kind=attack tgt=Sol_Light_PlatoonHauler(Clone) (Target)
[ORDER] commander=ai team=Team_Human_Centauri unit=Trooper kind=attack tgt=Sol_Headquarters(Clone) (Target)
[ORDER] commander=ai team=Team_Human_Centauri unit=Trooper kind=attack tgt=Sol_Headquarters(Clone) (Target)
[H2] team=Team_Human_Centauri fire=Headquarters argmaxCell=(146,152) val=90 atWorld=(-284,-44) hqCount=2
[AI] [Team_Human_Centauri] tick=96 reqs=5 type={Construct:5} task={} prio(min/avg/max)=10/50.6/81 groups=0
[P31] team=Team_Alien preset=Combat stock=Crab ours=Crab agree=True rationale=swarm floor (have 7/16)
[P31] team=Team_Alien preset=Harvest stock=Shrimp ours=Shrimp agree=True rationale=biotic cap (have 31/70)
[ORDER] commander=ai team=Team_Alien unit=Crab kind=move dst=(309,46,1050)
[ORDER] commander=ai team=Team_Alien unit=Horned Crab kind=move dst=(309,46,1050)
[ORDER] commander=ai team=Team_Alien unit=Horned Crab kind=move dst=(309,46,1050)
[ORDER] commander=ai team=Team_Alien unit=Shocker kind=move dst=(309,46,1050)
[ORDER] commander=ai team=Team_Alien unit=Shocker kind=move dst=(146,38,-1361)
[ORDER] commander=ai team=Team_Alien unit=Shocker kind=move dst=(146,38,-1361)
[ORDER] commander=ai team=Team_Alien unit=Shocker kind=move dst=(146,38,-1361)
[ORDER] commander=ai team=Team_Alien unit=Crab kind=move dst=(146,38,-1361)
[ORDER] commander=ai team=Team_Alien unit=Crab kind=attack tgt=Cent_Soldier_Militia(Clone) (Target)
[ORDER] commander=ai team=Team_Alien unit=Crab kind=attack tgt=Cent_Soldier_Militia(Clone) (Target)
[ORDER] commander=ai team=Team_Alien unit=Crab kind=attack tgt=Cent_Soldier_Militia(Clone) (Target)
[ORDER] commander=ai team=Team_Alien unit=Crab kind=attack tgt=Cent_Soldier_Militia(Clone) (Target)
[ORDER] commander=ai team=Team_Alien unit=Crab kind=attack tgt=Sol_Refinery(Clone) (Target)
[ORDER] commander=ai team=Team_Alien unit=Horned Crab kind=attack tgt=Sol_Refinery(Clone) (Target)
[ORDER] commander=ai team=Team_Alien unit=Horned Crab kind=attack tgt=Sol_Refinery(Clone) (Target)
[ORDER] commander=ai team=Team_Alien unit=Shocker kind=attack tgt=Sol_Refinery(Clone) (Target)
[AI] [Team_Alien] tick=96 reqs=5 type={Construct:5} task={} prio(min/avg/max)=10/32.8/50 groups=0
[ORDER] commander=ai team=Team_Human_Centauri unit=Trooper kind=move dst=(-1095,24,-870)
[ORDER] commander=ai team=Team_Human_Centauri unit=Trooper kind=move dst=(-1095,24,-870)
[SPAWN_U] team=Team_Alien unit=Shrimp
[ORDER] commander=ai team=Team_Human_Sol unit=Platoon Hauler kind=move dst=(-1727,114,-130)
[ORDER] commander=ai team=Team_Human_Sol unit=Platoon Hauler kind=move dst=(-430,35,-1750)
[H2] team=Team_Human_Sol fire=Headquarters argmaxCell=(118,152) val=66 atWorld=(-1404,-44) hqCount=2
[AI] [Team_Human_Sol] tick=96 reqs=3 type={Construct:3} task={} prio(min/avg/max)=7/24.7/57 groups=0
[ORDER] commander=ai team=Team_Human_Centauri unit=Heavy Raider kind=move dst=(-1095,24,-870)
[ORDER] commander=ai team=Team_Human_Centauri unit=Light Raider kind=move dst=(-667,113,1318)
[ORDER] commander=ai team=Team_Human_Centauri unit=Light Raider kind=move dst=(-667,113,1318)
[ORDER] commander=ai team=Team_Human_Centauri unit=Heavy Raider kind=move dst=(-667,113,1318)
[ORDER] commander=ai team=Team_Human_Centauri unit=Trooper kind=move dst=(-1727,114,-130)
[ORDER] commander=ai team=Team_Human_Centauri unit=Trooper kind=move dst=(-1727,114,-130)
[ORDER] commander=ai team=Team_Human_Centauri unit=Light Raider kind=attack tgt=Sol_Light_PlatoonHauler(Clone) (Target)
[ORDER] commander=ai team=Team_Human_Centauri unit=Light Raider kind=attack tgt=Sol_Light_PlatoonHauler(Clone) (Target)
[ORDER] commander=ai team=Team_Human_Centauri unit=Heavy Raider kind=attack tgt=Sol_Light_PlatoonHauler(Clone) (Target)
[ORDER] commander=ai team=Team_Human_Centauri unit=Trooper kind=attack tgt=Sol_Headquarters(Clone) (Target)
[ORDER] commander=ai team=Team_Human_Centauri unit=Trooper kind=attack tgt=Sol_Headquarters(Clone) (Target)
[H2] team=Team_Human_Centauri fire=Headquarters argmaxCell=(133,152) val=92 atWorld=(-804,-44) hqCount=2
[AI] [Team_Human_Centauri] tick=97 reqs=5 type={Construct:5} task={} prio(min/avg/max)=10/50.6/81 groups=0
[P31] team=Team_Alien preset=Combat stock=Crab ours=Crab agree=True rationale=swarm floor (have 7/16)
[ORDER] commander=ai team=Team_Alien unit=Hunter kind=move dst=(309,46,1050)
[ORDER] commander=ai team=Team_Alien unit=Hunter kind=move dst=(309,46,1050)
[ORDER] commander=ai team=Team_Alien unit=Crab kind=move dst=(-393,51,773)
[ORDER] commander=ai team=Team_Alien unit=Crab kind=move dst=(-393,51,773)
[ORDER] commander=ai team=Team_Alien unit=Crab kind=move dst=(-393,51,773)
[ORDER] commander=ai team=Team_Alien unit=Crab kind=move dst=(-393,51,773)
[ORDER] commander=ai team=Team_Alien unit=Hunter kind=attack tgt=Cent_Soldier_Militia(Clone) (Target)
[ORDER] commander=ai team=Team_Alien unit=Hunter kind=attack tgt=Cent_Soldier_Militia(Clone) (Target)
[ORDER] commander=ai team=Team_Alien unit=Crab kind=attack tgt=Sol_Refinery(Clone) (Target)
[ORDER] commander=ai team=Team_Alien unit=Crab kind=attack tgt=Sol_Refinery(Clone) (Target)
[ORDER] commander=ai team=Team_Alien unit=Crab kind=attack tgt=Sol_Refinery(Clone) (Target)
[ORDER] commander=ai team=Team_Alien unit=Crab kind=attack tgt=Sol_Refinery(Clone) (Target)
[AI] [Team_Alien] tick=97 reqs=4 type={Construct:4} task={} prio(min/avg/max)=10/30.5/50 groups=0
[ORDER] commander=ai team=Team_Human_Centauri unit=Trooper kind=move dst=(-1095,24,-870)
[ORDER] commander=ai team=Team_Human_Centauri unit=Trooper kind=move dst=(-1095,24,-870)
[ORDER] commander=ai team=Team_Alien unit=Wasp kind=stop
[ORDER] commander=ai team=Team_Alien unit=Squid kind=move dst=(-266,66,-573)
[ORDER] commander=ai team=Team_Alien unit=Squid kind=move dst=(-266,66,-573)
[ORDER] commander=ai team=Team_Alien unit=Squid kind=move dst=(-266,66,-573)
[H1] team=Team_Human_Sol fire=Refinery atBalterium=(-1229,-735) refCount=2
[H1] team=Team_Human_Sol fire=Refinery atBalterium=(-1515,-1118) refCount=3
[H2] team=Team_Human_Sol fire=Headquarters argmaxCell=(118,152) val=66 atWorld=(-1404,-44) hqCount=2
[H3] team=Team_Human_Sol fire=Barracks nearHq=(-1095,-870)
[H3] team=Team_Human_Sol fire=Research Facility nearHq=(-1095,-870)
[AI] [Team_Human_Sol] tick=97 reqs=3 type={Construct:3} task={} prio(min/avg/max)=7/24.7/57 groups=0
[ORDER] commander=ai team=Team_Human_Centauri unit=Light Raider kind=move dst=(-1095,24,-870)
[ORDER] commander=ai team=Team_Alien unit=Squid kind=move dst=(-277,84,-580)
[ORDER] commander=ai team=Team_Alien unit=Squid kind=move dst=(-277,84,-580)
[ORDER] commander=ai team=Team_Alien unit=Squid kind=move dst=(-277,84,-580)
[ORDER] commander=ai team=Team_Alien unit=Squid kind=move dst=(-277,84,-580)
[ORDER] commander=ai team=Team_Alien unit=Squid kind=move dst=(-277,84,-580)
[ORDER] commander=ai team=Team_Alien unit=Squid kind=move dst=(-277,84,-580)
[ORDER] commander=ai team=Team_Human_Centauri unit=Light Raider kind=move dst=(-667,113,1318)
[ORDER] commander=ai team=Team_Human_Centauri unit=Light Raider kind=move dst=(-667,113,1318)
[ORDER] commander=ai team=Team_Human_Centauri unit=Heavy Raider kind=move dst=(-667,113,1318)
[ORDER] commander=ai team=Team_Human_Centauri unit=Trooper kind=move dst=(-1727,114,-130)
[ORDER] commander=ai team=Team_Human_Centauri unit=Trooper kind=move dst=(-1727,114,-130)
[ORDER] commander=ai team=Team_Human_Centauri unit=Trooper kind=attack tgt=Sol_Light_PlatoonHauler(Clone) (Target)
[ORDER] commander=ai team=Team_Human_Centauri unit=Trooper kind=attack tgt=Sol_Light_PlatoonHauler(Clone) (Target)
[ORDER] commander=ai team=Team_Human_Centauri unit=Light Raider kind=attack tgt=Sol_Headquarters(Clone) (Target)
[ORDER] commander=ai team=Team_Human_Centauri unit=Light Raider kind=attack tgt=Sol_Headquarters(Clone) (Target)
[ORDER] commander=ai team=Team_Human_Centauri unit=Heavy Raider kind=attack tgt=Sol_Headquarters(Clone) (Target)
[H2] team=Team_Human_Centauri fire=Headquarters argmaxCell=(146,152) val=90 atWorld=(-284,-44) hqCount=2
[AI] [Team_Human_Centauri] tick=98 reqs=5 type={Construct:5} task={} prio(min/avg/max)=10/50.6/81 groups=0
[P31] team=Team_Alien preset=Combat stock=Crab ours=Crab agree=True rationale=swarm floor (have 7/16)
[ORDER] commander=ai team=Team_Alien unit=Hunter kind=move dst=(309,46,1050)
[ORDER] commander=ai team=Team_Alien unit=Hunter kind=move dst=(309,46,1050)
[ORDER] commander=ai team=Team_Alien unit=Crab kind=move dst=(-393,51,773)
[ORDER] commander=ai team=Team_Alien unit=Crab kind=move dst=(-393,51,773)
[ORDER] commander=ai team=Team_Alien unit=Crab kind=move dst=(-393,51,773)
[ORDER] commander=ai team=Team_Alien unit=Crab kind=move dst=(-393,51,773)
[ORDER] commander=ai team=Team_Alien unit=Crab kind=attack tgt=Sol_Refinery(Clone) (Target)
[ORDER] commander=ai team=Team_Alien unit=Crab kind=attack tgt=Sol_Refinery(Clone) (Target)
[ORDER] commander=ai team=Team_Alien unit=Crab kind=attack tgt=Sol_Refinery(Clone) (Target)
[ORDER] commander=ai team=Team_Alien unit=Crab kind=attack tgt=Sol_Refinery(Clone) (Target)
[AI] [Team_Alien] tick=98 reqs=4 type={Construct:4} task={} prio(min/avg/max)=10/30.5/50 groups=0
[ORDER] commander=ai team=Team_Human_Centauri unit=Trooper kind=move dst=(-517,40,-412)
[ORDER] commander=ai team=Team_Human_Centauri unit=Trooper kind=move dst=(-517,40,-412)
[ORDER] commander=ai team=Team_Alien unit=Squid kind=move dst=(-277,84,-580)
[ORDER] commander=ai team=Team_Alien unit=Squid kind=move dst=(-277,84,-580)
[ORDER] commander=ai team=Team_Alien unit=Squid kind=move dst=(-277,84,-580)
[H2] team=Team_Human_Sol fire=Headquarters argmaxCell=(118,152) val=66 atWorld=(-1404,-44) hqCount=2
[AI] [Team_Human_Sol] tick=98 reqs=3 type={Construct:3} task={} prio(min/avg/max)=7/24.7/57 groups=0
[ORDER] commander=ai team=Team_Alien unit=Squid kind=move dst=(-277,84,-580)
[ORDER] commander=ai team=Team_Alien unit=Squid kind=move dst=(-277,84,-580)
[ORDER] commander=ai team=Team_Alien unit=Squid kind=move dst=(-277,84,-580)
[ORDER] commander=ai team=Team_Alien unit=Squid kind=move dst=(-277,84,-580)
[ORDER] commander=ai team=Team_Alien unit=Squid kind=move dst=(-277,84,-580)
[ORDER] commander=ai team=Team_Alien unit=Squid kind=move dst=(-277,84,-580)
[ORDER] commander=ai team=Team_Human_Centauri unit=Light Raider kind=move dst=(-667,113,1318)
[ORDER] commander=ai team=Team_Human_Centauri unit=Light Raider kind=move dst=(-667,113,1318)
[ORDER] commander=ai team=Team_Human_Centauri unit=Heavy Raider kind=move dst=(-667,113,1318)
[ORDER] commander=ai team=Team_Human_Centauri unit=Trooper kind=move dst=(-1727,114,-130)
[ORDER] commander=ai team=Team_Human_Centauri unit=Trooper kind=move dst=(-1727,114,-130)
[ORDER] commander=ai team=Team_Human_Centauri unit=Trooper kind=attack tgt=Sol_Light_PlatoonHauler(Clone) (Target)
[ORDER] commander=ai team=Team_Human_Centauri unit=Trooper kind=attack tgt=Sol_Light_PlatoonHauler(Clone) (Target)
[ORDER] commander=ai team=Team_Human_Centauri unit=Light Raider kind=attack tgt=Sol_Headquarters(Clone) (Target)
[ORDER] commander=ai team=Team_Human_Centauri unit=Light Raider kind=attack tgt=Sol_Headquarters(Clone) (Target)
[ORDER] commander=ai team=Team_Human_Centauri unit=Heavy Raider kind=attack tgt=Sol_Headquarters(Clone) (Target)
[H2] team=Team_Human_Centauri fire=Headquarters argmaxCell=(146,152) val=90 atWorld=(-284,-44) hqCount=2
[AI] [Team_Human_Centauri] tick=99 reqs=5 type={Construct:5} task={} prio(min/avg/max)=10/50.6/81 groups=0
[P31] team=Team_Alien preset=Combat stock=Crab ours=Crab agree=True rationale=swarm floor (have 7/16)
[ORDER] commander=ai team=Team_Alien unit=Crab kind=move dst=(-393,51,773)
[ORDER] commander=ai team=Team_Alien unit=Crab kind=move dst=(-393,51,773)
[ORDER] commander=ai team=Team_Alien unit=Crab kind=move dst=(-393,51,773)
[ORDER] commander=ai team=Team_Alien unit=Crab kind=move dst=(-393,51,773)
[ORDER] commander=ai team=Team_Alien unit=Hunter kind=attack tgt=Sol_Refinery(Clone) (Target)
[ORDER] commander=ai team=Team_Alien unit=Hunter kind=attack tgt=Sol_Refinery(Clone) (Target)
[AI] [Team_Alien] tick=99 reqs=4 type={Construct:4} task={} prio(min/avg/max)=10/31.5/50 groups=0
[ORDER] commander=ai team=Team_Human_Centauri unit=Trooper kind=move dst=(-487,36,-424)
[ORDER] commander=ai team=Team_Human_Centauri unit=Trooper kind=move dst=(-487,36,-424)
[ORDER] commander=ai team=Team_Alien unit=Squid kind=move dst=(-277,84,-580)
[ORDER] commander=ai team=Team_Alien unit=Squid kind=move dst=(-277,84,-580)
[ORDER] commander=ai team=Team_Alien unit=Squid kind=move dst=(-277,84,-580)
[SPAWN_U] team=Team_Alien unit=Shrimp
[H1] team=Team_Human_Sol fire=Refinery atBalterium=(-1229,-735) refCount=2
[H1] team=Team_Human_Sol fire=Refinery atBalterium=(-1515,-1118) refCount=3
[H2] team=Team_Human_Sol fire=Headquarters argmaxCell=(118,152) val=66 atWorld=(-1404,-44) hqCount=2
[H3] team=Team_Human_Sol fire=Barracks nearHq=(-1095,-870)
[H3] team=Team_Human_Sol fire=Research Facility nearHq=(-1095,-870)
[AI] [Team_Human_Sol] tick=99 reqs=3 type={Construct:3} task={} prio(min/avg/max)=7/24.7/57 groups=0
[ORDER] commander=ai team=Team_Alien unit=Wasp kind=move dst=(-1050,12,-1185)
[ORDER] commander=ai team=Team_Alien unit=Squid kind=move dst=(-1050,12,-1185)
[ORDER] commander=ai team=Team_Alien unit=Squid kind=move dst=(-1050,12,-1185)
[ORDER] commander=ai team=Team_Alien unit=Squid kind=move dst=(-1050,12,-1185)
[ORDER] commander=ai team=Team_Human_Centauri unit=Light Raider kind=move dst=(-667,113,1318)
[ORDER] commander=ai team=Team_Human_Centauri unit=Light Raider kind=move dst=(-667,113,1318)
[ORDER] commander=ai team=Team_Human_Centauri unit=Heavy Raider kind=move dst=(-667,113,1318)
[ORDER] commander=ai team=Team_Human_Centauri unit=Trooper kind=move dst=(-1727,114,-130)
[ORDER] commander=ai team=Team_Human_Centauri unit=Trooper kind=move dst=(-1727,114,-130)
[ORDER] commander=ai team=Team_Human_Centauri unit=Trooper kind=attack tgt=Sol_Light_PlatoonHauler(Clone) (Target)
[ORDER] commander=ai team=Team_Human_Centauri unit=Trooper kind=attack tgt=Sol_Light_PlatoonHauler(Clone) (Target)
[ORDER] commander=ai team=Team_Human_Centauri unit=Light Raider kind=attack tgt=Sol_Headquarters(Clone) (Target)
[ORDER] commander=ai team=Team_Human_Centauri unit=Light Raider kind=attack tgt=Sol_Headquarters(Clone) (Target)
[ORDER] commander=ai team=Team_Human_Centauri unit=Heavy Raider kind=attack tgt=Sol_Headquarters(Clone) (Target)
[H2] team=Team_Human_Centauri fire=Headquarters argmaxCell=(146,152) val=90 atWorld=(-284,-44) hqCount=2
[AI] [Team_Human_Centauri] tick=100 reqs=5 type={Construct:5} task={} prio(min/avg/max)=10/50.6/81 groups=0
[P31] team=Team_Alien preset=Combat stock=Crab ours=Crab agree=True rationale=swarm floor (have 7/16)
[P31] team=Team_Alien preset=Harvest stock=Shrimp ours=Shrimp agree=True rationale=biotic cap (have 33/70)
[ORDER] commander=ai team=Team_Alien unit=Shrimp kind=move dst=(1128,21,881)
[ORDER] commander=ai team=Team_Alien unit=Hunter kind=move dst=(309,46,1050)
[ORDER] commander=ai team=Team_Alien unit=Hunter kind=move dst=(309,46,1050)
[ORDER] commander=ai team=Team_Alien unit=Hunter kind=attack tgt=Sol_Refinery(Clone) (Target)
[ORDER] commander=ai team=Team_Alien unit=Hunter kind=attack tgt=Sol_Refinery(Clone) (Target)
[P32] team=Team_Alien fire=BC patchAt=(1768,99) minDistToOwned=8m bcAttempts=7
[P32] team=Team_Alien fire=BC patchAt=(534,-706) minDistToOwned=36m bcAttempts=8
[P32] team=Team_Alien fire=BC patchAt=(1102,28) minDistToOwned=44m bcAttempts=9
[AI] [Team_Alien] tick=100 reqs=5 type={Construct:5} task={} prio(min/avg/max)=10/45.4/81 groups=0
[ORDER] commander=ai team=Team_Human_Centauri unit=Trooper kind=move dst=(-479,35,-431)
[ORDER] commander=ai team=Team_Human_Centauri unit=Trooper kind=move dst=(-479,35,-431)
[P32] team=Team_Alien fire=Cyst phase=eager-at-BC atBcAt=(1090,20)
[P32] team=Team_Alien fire=Cyst phase=eager-at-BC atBcAt=(525,-715)
[P32] team=Team_Alien fire=Cyst phase=eager-at-BC atBcAt=(1760,90)
[P32] team=Team_Alien constructed=Cyst atBcAt=(525,-715) landedAt=(530,-725) result=Success
[H2] team=Team_Human_Sol fire=Headquarters argmaxCell=(118,152) val=66 atWorld=(-1404,-44) hqCount=2
[AI] [Team_Human_Sol] tick=100 reqs=3 type={Construct:3} task={} prio(min/avg/max)=7/24.7/57 groups=0
[P32] team=Team_Alien constructed=Cyst atBcAt=(1760,90) landedAt=(1745,75) result=Success
[P32] team=Team_Alien constructed=Cyst atBcAt=(1090,20) landedAt=(1085,5) result=Success
[SPAWN_U] team=Team_Alien unit=Shrimp
[ORDER] commander=ai team=Team_Human_Centauri unit=Light Raider kind=move dst=(-667,113,1318)
[ORDER] commander=ai team=Team_Human_Centauri unit=Light Raider kind=move dst=(-667,113,1318)
[ORDER] commander=ai team=Team_Human_Centauri unit=Heavy Raider kind=move dst=(-667,113,1318)
[ORDER] commander=ai team=Team_Human_Centauri unit=Trooper kind=move dst=(-1727,114,-130)
[ORDER] commander=ai team=Team_Human_Centauri unit=Trooper kind=move dst=(-1727,114,-130)
[ORDER] commander=ai team=Team_Human_Centauri unit=Trooper kind=attack tgt=Sol_Light_PlatoonHauler(Clone) (Target)
[ORDER] commander=ai team=Team_Human_Centauri unit=Trooper kind=attack tgt=Sol_Light_PlatoonHauler(Clone) (Target)
[ORDER] commander=ai team=Team_Human_Centauri unit=Light Raider kind=attack tgt=Sol_Headquarters(Clone) (Target)
[ORDER] commander=ai team=Team_Human_Centauri unit=Light Raider kind=attack tgt=Sol_Headquarters(Clone) (Target)
[ORDER] commander=ai team=Team_Human_Centauri unit=Heavy Raider kind=attack tgt=Sol_Headquarters(Clone) (Target)
[H2] team=Team_Human_Centauri fire=Headquarters argmaxCell=(146,152) val=90 atWorld=(-284,-44) hqCount=2
[AI] [Team_Human_Centauri] tick=101 reqs=5 type={Construct:5} task={} prio(min/avg/max)=10/50.6/81 groups=0
[P31] team=Team_Alien preset=Combat stock=Crab ours=Crab agree=True rationale=swarm floor (have 7/16)
[P31] team=Team_Alien preset=Harvest stock=Shrimp ours=Shrimp agree=True rationale=biotic cap (have 34/70)
[ORDER] commander=ai team=Team_Alien unit=Hunter kind=move dst=(309,46,1050)
[ORDER] commander=ai team=Team_Alien unit=Hunter kind=move dst=(309,46,1050)
[ORDER] commander=ai team=Team_Alien unit=Hunter kind=attack tgt=Sol_Refinery(Clone) (Target)
[ORDER] commander=ai team=Team_Alien unit=Hunter kind=attack tgt=Sol_Refinery(Clone) (Target)
[AI] [Team_Alien] tick=101 reqs=5 type={Construct:5} task={} prio(min/avg/max)=7/34.4/62 groups=0
[ORDER] commander=ai team=Team_Human_Centauri unit=Trooper kind=move dst=(-479,35,-431)
[ORDER] commander=ai team=Team_Human_Centauri unit=Trooper kind=move dst=(-479,35,-431)
[SPAWN_U] team=Team_Alien unit=Shrimp
[H1] team=Team_Human_Sol fire=Refinery atBalterium=(-1229,-735) refCount=2
[H1] team=Team_Human_Sol fire=Refinery atBalterium=(-1515,-1118) refCount=3
[H2] team=Team_Human_Sol fire=Headquarters argmaxCell=(133,153) val=88 atWorld=(-804,-4) hqCount=2
[H3] team=Team_Human_Sol fire=Barracks nearHq=(-1095,-870)
[H3] team=Team_Human_Sol fire=Research Facility nearHq=(-1095,-870)
[AI] [Team_Human_Sol] tick=101 reqs=3 type={Construct:3} task={} prio(min/avg/max)=7/24.7/57 groups=0
[ORDER] commander=ai team=Team_Human_Centauri unit=Light Raider kind=move dst=(-667,113,1318)
[ORDER] commander=ai team=Team_Human_Centauri unit=Light Raider kind=move dst=(-667,113,1318)
[ORDER] commander=ai team=Team_Human_Centauri unit=Heavy Raider kind=move dst=(-667,113,1318)
[ORDER] commander=ai team=Team_Human_Centauri unit=Trooper kind=move dst=(-1727,114,-130)
[ORDER] commander=ai team=Team_Human_Centauri unit=Trooper kind=move dst=(-1727,114,-130)
[ORDER] commander=ai team=Team_Human_Centauri unit=Light Raider kind=attack tgt=Sol_Headquarters(Clone) (Target)
[ORDER] commander=ai team=Team_Human_Centauri unit=Light Raider kind=attack tgt=Sol_Headquarters(Clone) (Target)
[ORDER] commander=ai team=Team_Human_Centauri unit=Heavy Raider kind=attack tgt=Sol_Headquarters(Clone) (Target)
[H2] team=Team_Human_Centauri fire=Headquarters argmaxCell=(146,152) val=90 atWorld=(-284,-44) hqCount=2
[AI] [Team_Human_Centauri] tick=102 reqs=6 type={Construct:6} task={} prio(min/avg/max)=0/42.2/81 groups=0
[P31] team=Team_Alien preset=Combat stock=Crab ours=Crab agree=True rationale=swarm floor (have 7/16)
[P31] team=Team_Alien preset=Harvest stock=Shrimp ours=Shrimp agree=True rationale=biotic cap (have 35/70)
[ORDER] commander=ai team=Team_Alien unit=Hunter kind=move dst=(309,46,1050)
[ORDER] commander=ai team=Team_Alien unit=Hunter kind=move dst=(309,46,1050)
[ORDER] commander=ai team=Team_Alien unit=Hunter kind=attack tgt=Sol_Refinery(Clone) (Target)
[ORDER] commander=ai team=Team_Alien unit=Hunter kind=attack tgt=Sol_Refinery(Clone) (Target)
[AI] [Team_Alien] tick=102 reqs=5 type={Construct:5} task={} prio(min/avg/max)=10/32.8/50 groups=0
[H2] team=Team_Human_Sol fire=Headquarters argmaxCell=(133,153) val=88 atWorld=(-804,-4) hqCount=2
[AI] [Team_Human_Sol] tick=102 reqs=3 type={Construct:3} task={} prio(min/avg/max)=7/24.7/57 groups=0
[ORDER] commander=ai team=Team_Human_Centauri unit=Light Raider kind=move dst=(-667,113,1318)
[ORDER] commander=ai team=Team_Human_Centauri unit=Light Raider kind=move dst=(-667,113,1318)
[ORDER] commander=ai team=Team_Human_Centauri unit=Heavy Raider kind=move dst=(-667,113,1318)
[ORDER] commander=ai team=Team_Human_Centauri unit=Light Raider kind=attack tgt=Sol_Headquarters(Clone) (Target)
[ORDER] commander=ai team=Team_Human_Centauri unit=Light Raider kind=attack tgt=Sol_Headquarters(Clone) (Target)
[ORDER] commander=ai team=Team_Human_Centauri unit=Heavy Raider kind=attack tgt=Sol_Headquarters(Clone) (Target)
[H2] team=Team_Human_Centauri fire=Headquarters argmaxCell=(146,152) val=90 atWorld=(-284,-44) hqCount=2
[AI] [Team_Human_Centauri] tick=103 reqs=6 type={Construct:6} task={} prio(min/avg/max)=0/42.2/81 groups=0
[P31] team=Team_Alien preset=Combat stock=Crab ours=Crab agree=True rationale=swarm floor (have 7/16)
[P31] team=Team_Alien preset=Harvest stock=Shrimp ours=Shrimp agree=True rationale=biotic cap (have 35/70)
[ORDER] commander=ai team=Team_Alien unit=Hunter kind=move dst=(309,46,1050)
[ORDER] commander=ai team=Team_Alien unit=Hunter kind=move dst=(309,46,1050)
[ORDER] commander=ai team=Team_Alien unit=Hunter kind=attack tgt=Sol_Refinery(Clone) (Target)
[ORDER] commander=ai team=Team_Alien unit=Hunter kind=attack tgt=Sol_Refinery(Clone) (Target)
[AI] [Team_Alien] tick=103 reqs=5 type={Construct:5} task={} prio(min/avg/max)=10/32.6/50 groups=0
[H1] team=Team_Human_Sol fire=Refinery atBalterium=(-1229,-735) refCount=2
[H1] team=Team_Human_Sol fire=Refinery atBalterium=(-1515,-1118) refCount=3
[H2] team=Team_Human_Sol fire=Headquarters argmaxCell=(133,153) val=88 atWorld=(-804,-4) hqCount=2
[H3] team=Team_Human_Sol fire=Barracks nearHq=(-1095,-870)
[H3] team=Team_Human_Sol fire=Research Facility nearHq=(-1095,-870)
[AI] [Team_Human_Sol] tick=103 reqs=3 type={Construct:3} task={} prio(min/avg/max)=7/24.7/57 groups=0
[ORDER] commander=ai team=Team_Human_Centauri unit=Light Raider kind=move dst=(-667,113,1318)
[ORDER] commander=ai team=Team_Human_Centauri unit=Light Raider kind=move dst=(-667,113,1318)
[ORDER] commander=ai team=Team_Human_Centauri unit=Heavy Raider kind=move dst=(-667,113,1318)
[ORDER] commander=ai team=Team_Human_Centauri unit=Light Raider kind=attack tgt=Sol_Headquarters(Clone) (Target)
[ORDER] commander=ai team=Team_Human_Centauri unit=Light Raider kind=attack tgt=Sol_Headquarters(Clone) (Target)
[ORDER] commander=ai team=Team_Human_Centauri unit=Heavy Raider kind=attack tgt=Sol_Headquarters(Clone) (Target)
[H2] team=Team_Human_Centauri fire=Headquarters argmaxCell=(146,152) val=90 atWorld=(-284,-44) hqCount=2
[AI] [Team_Human_Centauri] tick=104 reqs=6 type={Construct:6} task={} prio(min/avg/max)=0/42.2/81 groups=0
[P31] team=Team_Alien preset=Combat stock=Crab ours=Crab agree=True rationale=swarm floor (have 7/16)
[P31] team=Team_Alien preset=Harvest stock=Shrimp ours=Shrimp agree=True rationale=biotic cap (have 35/70)
[ORDER] commander=ai team=Team_Alien unit=Hunter kind=move dst=(309,46,1050)
[ORDER] commander=ai team=Team_Alien unit=Hunter kind=move dst=(309,46,1050)
[ORDER] commander=ai team=Team_Alien unit=Hunter kind=attack tgt=Sol_Refinery(Clone) (Target)
[ORDER] commander=ai team=Team_Alien unit=Hunter kind=attack tgt=Sol_Refinery(Clone) (Target)
[AI] [Team_Alien] tick=104 reqs=5 type={Construct:5} task={} prio(min/avg/max)=10/32.4/50 groups=0
[SPAWN_U] team=Team_Alien unit=Shrimp
[H2] team=Team_Human_Sol fire=Headquarters argmaxCell=(133,153) val=88 atWorld=(-804,-4) hqCount=2
[AI] [Team_Human_Sol] tick=104 reqs=3 type={Construct:3} task={} prio(min/avg/max)=7/24.7/57 groups=0
[ORDER] commander=ai team=Team_Human_Centauri unit=Light Raider kind=move dst=(-667,113,1318)
[ORDER] commander=ai team=Team_Human_Centauri unit=Light Raider kind=move dst=(-667,113,1318)
[ORDER] commander=ai team=Team_Human_Centauri unit=Heavy Raider kind=move dst=(-667,113,1318)
[ORDER] commander=ai team=Team_Human_Centauri unit=Light Raider kind=attack tgt=Sol_Headquarters(Clone) (Target)
[ORDER] commander=ai team=Team_Human_Centauri unit=Light Raider kind=attack tgt=Sol_Headquarters(Clone) (Target)
[ORDER] commander=ai team=Team_Human_Centauri unit=Heavy Raider kind=attack tgt=Sol_Headquarters(Clone) (Target)
[H2] team=Team_Human_Centauri fire=Headquarters argmaxCell=(146,152) val=90 atWorld=(-284,-44) hqCount=2
[AI] [Team_Human_Centauri] tick=105 reqs=6 type={Construct:6} task={} prio(min/avg/max)=0/42.2/81 groups=0
[P31] team=Team_Alien preset=Combat stock=Crab ours=Crab agree=True rationale=swarm floor (have 7/16)
[ORDER] commander=ai team=Team_Alien unit=Hunter kind=move dst=(309,46,1050)
[ORDER] commander=ai team=Team_Alien unit=Hunter kind=move dst=(309,46,1050)
[ORDER] commander=ai team=Team_Alien unit=Hunter kind=attack tgt=Sol_Refinery(Clone) (Target)
[ORDER] commander=ai team=Team_Alien unit=Hunter kind=attack tgt=Sol_Refinery(Clone) (Target)
[AI] [Team_Alien] tick=105 reqs=4 type={Construct:4} task={} prio(min/avg/max)=10/29.8/50 groups=0
[H1] team=Team_Human_Sol fire=Refinery atBalterium=(-1229,-735) refCount=2
[H1] team=Team_Human_Sol fire=Refinery atBalterium=(-1515,-1118) refCount=3
[H2] team=Team_Human_Sol fire=Headquarters argmaxCell=(133,153) val=88 atWorld=(-804,-4) hqCount=2
[H3] team=Team_Human_Sol fire=Barracks nearHq=(-1095,-870)
[H3] team=Team_Human_Sol fire=Research Facility nearHq=(-1095,-870)
[AI] [Team_Human_Sol] tick=105 reqs=3 type={Construct:3} task={} prio(min/avg/max)=7/24.7/57 groups=0
[ORDER] commander=ai team=Team_Human_Centauri unit=Light Raider kind=move dst=(-667,113,1318)
[ORDER] commander=ai team=Team_Human_Centauri unit=Light Raider kind=move dst=(-667,113,1318)
[ORDER] commander=ai team=Team_Human_Centauri unit=Heavy Raider kind=move dst=(-667,113,1318)
[ORDER] commander=ai team=Team_Human_Centauri unit=Light Raider kind=attack tgt=Sol_Headquarters(Clone) (Target)
[ORDER] commander=ai team=Team_Human_Centauri unit=Light Raider kind=attack tgt=Sol_Headquarters(Clone) (Target)
[ORDER] commander=ai team=Team_Human_Centauri unit=Heavy Raider kind=attack tgt=Sol_Headquarters(Clone) (Target)
[H2] team=Team_Human_Centauri fire=Headquarters argmaxCell=(146,152) val=90 atWorld=(-284,-44) hqCount=2
[AI] [Team_Human_Centauri] tick=106 reqs=6 type={Construct:6} task={} prio(min/avg/max)=0/42.2/81 groups=0
[P31] team=Team_Alien preset=Combat stock=Crab ours=Crab agree=True rationale=swarm floor (have 7/16)
[ORDER] commander=ai team=Team_Alien unit=Hunter kind=move dst=(309,46,1050)
[ORDER] commander=ai team=Team_Alien unit=Hunter kind=move dst=(309,46,1050)
[ORDER] commander=ai team=Team_Alien unit=Hunter kind=attack tgt=Sol_Refinery(Clone) (Target)
[ORDER] commander=ai team=Team_Alien unit=Hunter kind=attack tgt=Sol_Refinery(Clone) (Target)
[AI] [Team_Alien] tick=106 reqs=4 type={Construct:4} task={} prio(min/avg/max)=10/29.8/50 groups=0
[SPAWN_U] team=Team_Alien unit=Shrimp
[H2] team=Team_Human_Sol fire=Headquarters argmaxCell=(133,153) val=88 atWorld=(-804,-4) hqCount=2
[AI] [Team_Human_Sol] tick=106 reqs=3 type={Construct:3} task={} prio(min/avg/max)=7/24.7/57 groups=0
[SPAWN_U] team=Team_Alien unit=Shrimp
[ORDER] commander=ai team=Team_Human_Centauri unit=Light Raider kind=move dst=(-667,113,1318)
[ORDER] commander=ai team=Team_Human_Centauri unit=Light Raider kind=move dst=(-667,113,1318)
[ORDER] commander=ai team=Team_Human_Centauri unit=Heavy Raider kind=move dst=(-667,113,1318)
[ORDER] commander=ai team=Team_Human_Centauri unit=Light Raider kind=attack tgt=Sol_Headquarters(Clone) (Target)
[ORDER] commander=ai team=Team_Human_Centauri unit=Light Raider kind=attack tgt=Sol_Headquarters(Clone) (Target)
[ORDER] commander=ai team=Team_Human_Centauri unit=Heavy Raider kind=attack tgt=Sol_Headquarters(Clone) (Target)
[H2] team=Team_Human_Centauri fire=Headquarters argmaxCell=(146,152) val=90 atWorld=(-284,-44) hqCount=2
[AI] [Team_Human_Centauri] tick=107 reqs=6 type={Construct:6} task={} prio(min/avg/max)=0/42.2/81 groups=0
[P31] team=Team_Alien preset=Combat stock=Crab ours=Crab agree=True rationale=swarm floor (have 7/16)
[P31] team=Team_Alien preset=Harvest stock=Shrimp ours=Shrimp agree=True rationale=biotic cap (have 38/70)
[ORDER] commander=ai team=Team_Alien unit=Shrimp kind=move dst=(957,101,-318)
[ORDER] commander=ai team=Team_Alien unit=Shrimp kind=move dst=(957,101,-318)
[ORDER] commander=ai team=Team_Alien unit=Hunter kind=move dst=(309,46,1050)
[ORDER] commander=ai team=Team_Alien unit=Hunter kind=move dst=(309,46,1050)
[ORDER] commander=ai team=Team_Alien unit=Hunter kind=attack tgt=Sol_Refinery(Clone) (Target)
[ORDER] commander=ai team=Team_Alien unit=Hunter kind=attack tgt=Sol_Refinery(Clone) (Target)
[AI] [Team_Alien] tick=107 reqs=5 type={Construct:5} task={} prio(min/avg/max)=10/36.2/62 groups=0
[H1] team=Team_Human_Sol fire=Refinery atBalterium=(-1229,-735) refCount=2
[H1] team=Team_Human_Sol fire=Refinery atBalterium=(-1515,-1118) refCount=3
[H2] team=Team_Human_Sol fire=Headquarters argmaxCell=(133,153) val=88 atWorld=(-804,-4) hqCount=2
[H3] team=Team_Human_Sol fire=Barracks nearHq=(-1095,-870)
[H3] team=Team_Human_Sol fire=Research Facility nearHq=(-1095,-870)
[AI] [Team_Human_Sol] tick=107 reqs=3 type={Construct:3} task={} prio(min/avg/max)=7/24.7/57 groups=0
[ORDER] commander=ai team=Team_Human_Centauri unit=Light Raider kind=move dst=(-667,113,1318)
[ORDER] commander=ai team=Team_Human_Centauri unit=Light Raider kind=move dst=(-667,113,1318)
[ORDER] commander=ai team=Team_Human_Centauri unit=Heavy Raider kind=move dst=(-667,113,1318)
[ORDER] commander=ai team=Team_Human_Centauri unit=Light Raider kind=attack tgt=Sol_Headquarters(Clone) (Target)
[ORDER] commander=ai team=Team_Human_Centauri unit=Light Raider kind=attack tgt=Sol_Headquarters(Clone) (Target)
[ORDER] commander=ai team=Team_Human_Centauri unit=Heavy Raider kind=attack tgt=Sol_Headquarters(Clone) (Target)
[H2] team=Team_Human_Centauri fire=Headquarters argmaxCell=(146,152) val=90 atWorld=(-284,-44) hqCount=2
[AI] [Team_Human_Centauri] tick=108 reqs=6 type={Construct:6} task={} prio(min/avg/max)=0/42.2/81 groups=0
[P31] team=Team_Alien preset=Combat stock=Crab ours=Crab agree=True rationale=swarm floor (have 7/16)
[P31] team=Team_Alien preset=Harvest stock=Shrimp ours=Shrimp agree=True rationale=biotic cap (have 38/70)
[ORDER] commander=ai team=Team_Alien unit=Hunter kind=move dst=(309,46,1050)
[ORDER] commander=ai team=Team_Alien unit=Hunter kind=move dst=(309,46,1050)
[ORDER] commander=ai team=Team_Alien unit=Hunter kind=attack tgt=Sol_Refinery(Clone) (Target)
[ORDER] commander=ai team=Team_Alien unit=Hunter kind=attack tgt=Sol_Refinery(Clone) (Target)
[AI] [Team_Alien] tick=108 reqs=5 type={Construct:5} task={} prio(min/avg/max)=10/36.2/62 groups=0
[H2] team=Team_Human_Sol fire=Headquarters argmaxCell=(133,153) val=88 atWorld=(-804,-4) hqCount=2
[AI] [Team_Human_Sol] tick=108 reqs=3 type={Construct:3} task={} prio(min/avg/max)=7/24.7/57 groups=0
[ORDER] commander=ai team=Team_Human_Centauri unit=Light Raider kind=move dst=(-667,113,1318)
[ORDER] commander=ai team=Team_Human_Centauri unit=Light Raider kind=move dst=(-667,113,1318)
[ORDER] commander=ai team=Team_Human_Centauri unit=Heavy Raider kind=move dst=(-667,113,1318)
[ORDER] commander=ai team=Team_Human_Centauri unit=Light Raider kind=attack tgt=Sol_Headquarters(Clone) (Target)
[ORDER] commander=ai team=Team_Human_Centauri unit=Light Raider kind=attack tgt=Sol_Headquarters(Clone) (Target)
[ORDER] commander=ai team=Team_Human_Centauri unit=Heavy Raider kind=attack tgt=Sol_Headquarters(Clone) (Target)
[H2] team=Team_Human_Centauri fire=Headquarters argmaxCell=(146,152) val=90 atWorld=(-284,-44) hqCount=2
[AI] [Team_Human_Centauri] tick=109 reqs=6 type={Construct:6} task={} prio(min/avg/max)=0/42.2/81 groups=0
[P31] team=Team_Alien preset=Combat stock=Crab ours=Crab agree=True rationale=swarm floor (have 7/16)
[P31] team=Team_Alien preset=Harvest stock=Shrimp ours=Shrimp agree=True rationale=biotic cap (have 38/70)
[ORDER] commander=ai team=Team_Alien unit=Hunter kind=move dst=(309,46,1050)
[ORDER] commander=ai team=Team_Alien unit=Hunter kind=move dst=(309,46,1050)
[ORDER] commander=ai team=Team_Alien unit=Hunter kind=attack tgt=Sol_Refinery(Clone) (Target)
[ORDER] commander=ai team=Team_Alien unit=Hunter kind=attack tgt=Sol_Refinery(Clone) (Target)
[AI] [Team_Alien] tick=109 reqs=5 type={Construct:5} task={} prio(min/avg/max)=10/36.2/62 groups=0
[H1] team=Team_Human_Sol fire=Refinery atBalterium=(-1229,-735) refCount=2
[H1] team=Team_Human_Sol fire=Refinery atBalterium=(-1515,-1118) refCount=3
[H2] team=Team_Human_Sol fire=Headquarters argmaxCell=(133,153) val=88 atWorld=(-804,-4) hqCount=2
[H3] team=Team_Human_Sol fire=Barracks nearHq=(-1095,-870)
[H3] team=Team_Human_Sol fire=Research Facility nearHq=(-1095,-870)
[AI] [Team_Human_Sol] tick=109 reqs=3 type={Construct:3} task={} prio(min/avg/max)=7/24.7/57 groups=0
[ORDER] commander=ai team=Team_Human_Centauri unit=Light Raider kind=move dst=(-667,113,1318)
[ORDER] commander=ai team=Team_Human_Centauri unit=Light Raider kind=move dst=(-667,113,1318)
[ORDER] commander=ai team=Team_Human_Centauri unit=Heavy Raider kind=move dst=(-667,113,1318)
[ORDER] commander=ai team=Team_Human_Centauri unit=Light Raider kind=attack tgt=Sol_Headquarters(Clone) (Target)
[ORDER] commander=ai team=Team_Human_Centauri unit=Light Raider kind=attack tgt=Sol_Headquarters(Clone) (Target)
[ORDER] commander=ai team=Team_Human_Centauri unit=Heavy Raider kind=attack tgt=Sol_Headquarters(Clone) (Target)
[H2] team=Team_Human_Centauri fire=Headquarters argmaxCell=(146,152) val=90 atWorld=(-284,-44) hqCount=2
[AI] [Team_Human_Centauri] tick=110 reqs=6 type={Construct:6} task={} prio(min/avg/max)=0/42.2/81 groups=0
[P31] team=Team_Alien preset=Combat stock=Crab ours=Crab agree=True rationale=swarm floor (have 7/16)
[P31] team=Team_Alien preset=Harvest stock=Shrimp ours=Shrimp agree=True rationale=biotic cap (have 38/70)
[ORDER] commander=ai team=Team_Alien unit=Hunter kind=move dst=(309,46,1050)
[ORDER] commander=ai team=Team_Alien unit=Hunter kind=move dst=(309,46,1050)
[ORDER] commander=ai team=Team_Alien unit=Hunter kind=attack tgt=Sol_Refinery(Clone) (Target)
[ORDER] commander=ai team=Team_Alien unit=Hunter kind=attack tgt=Sol_Refinery(Clone) (Target)
[AI] [Team_Alien] tick=110 reqs=5 type={Construct:5} task={} prio(min/avg/max)=10/36.2/62 groups=0
[SPAWN_S] team=Team_Alien structure=Bio Cache at=(1090,20)
[SPAWN_S] team=Team_Alien structure=Bio Cache at=(525,-715)
[SPAWN_S] team=Team_Alien structure=Bio Cache at=(1760,90)
[H2] team=Team_Human_Sol fire=Headquarters argmaxCell=(133,153) val=88 atWorld=(-804,-4) hqCount=2
[AI] [Team_Human_Sol] tick=110 reqs=3 type={Construct:3} task={} prio(min/avg/max)=7/24.7/57 groups=0
[SPAWN_U] team=Team_Alien unit=Shrimp
[ORDER] commander=ai team=Team_Human_Centauri unit=Light Raider kind=move dst=(-667,113,1318)
[ORDER] commander=ai team=Team_Human_Centauri unit=Light Raider kind=move dst=(-667,113,1318)
[ORDER] commander=ai team=Team_Human_Centauri unit=Heavy Raider kind=move dst=(-667,113,1318)
[ORDER] commander=ai team=Team_Human_Centauri unit=Light Raider kind=attack tgt=Sol_Headquarters(Clone) (Target)
[ORDER] commander=ai team=Team_Human_Centauri unit=Light Raider kind=attack tgt=Sol_Headquarters(Clone) (Target)
[ORDER] commander=ai team=Team_Human_Centauri unit=Heavy Raider kind=attack tgt=Sol_Headquarters(Clone) (Target)
[H2] team=Team_Human_Centauri fire=Headquarters argmaxCell=(146,152) val=90 atWorld=(-284,-44) hqCount=2
[AI] [Team_Human_Centauri] tick=111 reqs=6 type={Construct:6} task={} prio(min/avg/max)=0/42.2/81 groups=0
[P31] team=Team_Alien preset=Combat stock=Crab ours=Crab agree=True rationale=swarm floor (have 7/16)
[P31] team=Team_Alien preset=Harvest stock=Shrimp ours=Shrimp agree=True rationale=biotic cap (have 39/70)
[ORDER] commander=ai team=Team_Alien unit=Hunter kind=move dst=(309,46,1050)
[ORDER] commander=ai team=Team_Alien unit=Hunter kind=move dst=(309,46,1050)
[ORDER] commander=ai team=Team_Alien unit=Hunter kind=attack tgt=Sol_Refinery(Clone) (Target)
[ORDER] commander=ai team=Team_Alien unit=Hunter kind=attack tgt=Sol_Refinery(Clone) (Target)
[AI] [Team_Alien] tick=111 reqs=4 type={Construct:4} task={} prio(min/avg/max)=10/36.5/50 groups=0
[SPAWN_U] team=Team_Alien unit=Shrimp
[H1] team=Team_Human_Sol fire=Refinery atBalterium=(-1229,-735) refCount=2
[H1] team=Team_Human_Sol fire=Refinery atBalterium=(-1515,-1118) refCount=3
[H2] team=Team_Human_Sol fire=Headquarters argmaxCell=(133,153) val=88 atWorld=(-804,-4) hqCount=2
[H3] team=Team_Human_Sol fire=Barracks nearHq=(-1095,-870)
[H3] team=Team_Human_Sol fire=Research Facility nearHq=(-1095,-870)
[AI] [Team_Human_Sol] tick=111 reqs=3 type={Construct:3} task={} prio(min/avg/max)=7/24.7/57 groups=0
[SPAWN_S] team=Team_Alien structure=Lesser Spawning Cyst at=(530,-725)
[SPAWN_S] team=Team_Alien structure=Lesser Spawning Cyst at=(1745,75)
[SPAWN_S] team=Team_Alien structure=Lesser Spawning Cyst at=(1085,5)
[ORDER] commander=ai team=Team_Human_Centauri unit=Light Raider kind=move dst=(-667,113,1318)
[ORDER] commander=ai team=Team_Human_Centauri unit=Light Raider kind=move dst=(-667,113,1318)
[ORDER] commander=ai team=Team_Human_Centauri unit=Heavy Raider kind=move dst=(-667,113,1318)
[ORDER] commander=ai team=Team_Human_Centauri unit=Light Raider kind=attack tgt=Sol_Headquarters(Clone) (Target)
[ORDER] commander=ai team=Team_Human_Centauri unit=Light Raider kind=attack tgt=Sol_Headquarters(Clone) (Target)
[ORDER] commander=ai team=Team_Human_Centauri unit=Heavy Raider kind=attack tgt=Sol_Headquarters(Clone) (Target)
[H2] team=Team_Human_Centauri fire=Headquarters argmaxCell=(146,152) val=90 atWorld=(-284,-44) hqCount=2
[AI] [Team_Human_Centauri] tick=112 reqs=8 type={Construct:8} task={} prio(min/avg/max)=0/39.4/81 groups=0
[P31] team=Team_Alien preset=Combat stock=Crab ours=Crab agree=True rationale=swarm floor (have 7/16)
[ORDER] commander=ai team=Team_Alien unit=Hunter kind=move dst=(309,46,1050)
[ORDER] commander=ai team=Team_Alien unit=Hunter kind=move dst=(309,46,1050)
[ORDER] commander=ai team=Team_Alien unit=Hunter kind=attack tgt=Sol_Refinery(Clone) (Target)
[ORDER] commander=ai team=Team_Alien unit=Hunter kind=attack tgt=Sol_Refinery(Clone) (Target)
[AI] [Team_Alien] tick=112 reqs=3 type={Construct:3} task={} prio(min/avg/max)=10/34.3/50 groups=0
[H2] team=Team_Human_Sol fire=Headquarters argmaxCell=(133,153) val=88 atWorld=(-804,-4) hqCount=2
[AI] [Team_Human_Sol] tick=112 reqs=3 type={Construct:3} task={} prio(min/avg/max)=7/24.7/57 groups=0
[SPAWN_U] team=Team_Alien unit=Shrimp
[ORDER] commander=ai team=Team_Human_Centauri unit=Light Raider kind=move dst=(-667,113,1318)
[ORDER] commander=ai team=Team_Human_Centauri unit=Light Raider kind=move dst=(-667,113,1318)
[ORDER] commander=ai team=Team_Human_Centauri unit=Heavy Raider kind=move dst=(-667,113,1318)
[ORDER] commander=ai team=Team_Human_Centauri unit=Light Raider kind=attack tgt=Sol_Headquarters(Clone) (Target)
[ORDER] commander=ai team=Team_Human_Centauri unit=Light Raider kind=attack tgt=Sol_Headquarters(Clone) (Target)
[ORDER] commander=ai team=Team_Human_Centauri unit=Heavy Raider kind=attack tgt=Sol_Headquarters(Clone) (Target)
[H2] team=Team_Human_Centauri fire=Headquarters argmaxCell=(146,152) val=90 atWorld=(-284,-44) hqCount=2
[AI] [Team_Human_Centauri] tick=113 reqs=8 type={Construct:8} task={} prio(min/avg/max)=0/39.4/81 groups=0
[P31] team=Team_Alien preset=Combat stock=Crab ours=Crab agree=True rationale=swarm floor (have 7/16)
[P31] team=Team_Alien preset=Harvest stock=Shrimp ours=Shrimp agree=True rationale=biotic cap (have 41/70)
[ORDER] commander=ai team=Team_Alien unit=Shrimp kind=move dst=(770,24,841)
[ORDER] commander=ai team=Team_Alien unit=Hunter kind=move dst=(309,46,1050)
[ORDER] commander=ai team=Team_Alien unit=Hunter kind=move dst=(309,46,1050)
[ORDER] commander=ai team=Team_Alien unit=Hunter kind=attack tgt=Sol_Refinery(Clone) (Target)
[ORDER] commander=ai team=Team_Alien unit=Hunter kind=attack tgt=Sol_Refinery(Clone) (Target)
[AI] [Team_Alien] tick=113 reqs=4 type={Construct:4} task={} prio(min/avg/max)=10/46.0/81 groups=0
[H1] team=Team_Human_Sol fire=Refinery atBalterium=(-1229,-735) refCount=2
[H1] team=Team_Human_Sol fire=Refinery atBalterium=(-1515,-1118) refCount=3
[H2] team=Team_Human_Sol fire=Headquarters argmaxCell=(133,153) val=88 atWorld=(-804,-4) hqCount=2
[H3] team=Team_Human_Sol fire=Barracks nearHq=(-1095,-870)
[H3] team=Team_Human_Sol fire=Research Facility nearHq=(-1095,-870)
[AI] [Team_Human_Sol] tick=113 reqs=3 type={Construct:3} task={} prio(min/avg/max)=7/24.7/57 groups=0
[ORDER] commander=ai team=Team_Human_Centauri unit=Light Raider kind=move dst=(-667,113,1318)
[ORDER] commander=ai team=Team_Human_Centauri unit=Light Raider kind=move dst=(-667,113,1318)
[ORDER] commander=ai team=Team_Human_Centauri unit=Heavy Raider kind=move dst=(-667,113,1318)
[ORDER] commander=ai team=Team_Human_Centauri unit=Light Raider kind=attack tgt=Sol_Headquarters(Clone) (Target)
[ORDER] commander=ai team=Team_Human_Centauri unit=Light Raider kind=attack tgt=Sol_Headquarters(Clone) (Target)
[ORDER] commander=ai team=Team_Human_Centauri unit=Heavy Raider kind=attack tgt=Sol_Headquarters(Clone) (Target)
[H2] team=Team_Human_Centauri fire=Headquarters argmaxCell=(146,152) val=90 atWorld=(-284,-44) hqCount=2
[AI] [Team_Human_Centauri] tick=114 reqs=8 type={Construct:8} task={} prio(min/avg/max)=0/39.4/81 groups=0
[P31] team=Team_Alien preset=Combat stock=Crab ours=Crab agree=True rationale=swarm floor (have 7/16)
[P31] team=Team_Alien preset=Harvest stock=Shrimp ours=Shrimp agree=True rationale=biotic cap (have 41/70)
[ORDER] commander=ai team=Team_Alien unit=Hunter kind=move dst=(309,46,1050)
[ORDER] commander=ai team=Team_Alien unit=Hunter kind=move dst=(309,46,1050)
[ORDER] commander=ai team=Team_Alien unit=Hunter kind=attack tgt=Sol_Refinery(Clone) (Target)
[ORDER] commander=ai team=Team_Alien unit=Hunter kind=attack tgt=Sol_Refinery(Clone) (Target)
[AI] [Team_Alien] tick=114 reqs=4 type={Construct:4} task={} prio(min/avg/max)=10/46.0/81 groups=0
[H2] team=Team_Human_Sol fire=Headquarters argmaxCell=(133,153) val=88 atWorld=(-804,-4) hqCount=2
[AI] [Team_Human_Sol] tick=114 reqs=3 type={Construct:3} task={} prio(min/avg/max)=7/24.7/57 groups=0
[ORDER] commander=ai team=Team_Human_Centauri unit=Light Raider kind=move dst=(-667,113,1318)
[ORDER] commander=ai team=Team_Human_Centauri unit=Light Raider kind=move dst=(-667,113,1318)
[ORDER] commander=ai team=Team_Human_Centauri unit=Heavy Raider kind=move dst=(-667,113,1318)
[ORDER] commander=ai team=Team_Human_Centauri unit=Light Raider kind=attack tgt=Sol_Headquarters(Clone) (Target)
[ORDER] commander=ai team=Team_Human_Centauri unit=Light Raider kind=attack tgt=Sol_Headquarters(Clone) (Target)
[ORDER] commander=ai team=Team_Human_Centauri unit=Heavy Raider kind=attack tgt=Sol_Headquarters(Clone) (Target)
[H2] team=Team_Human_Centauri fire=Headquarters argmaxCell=(146,152) val=90 atWorld=(-284,-44) hqCount=2
[AI] [Team_Human_Centauri] tick=115 reqs=8 type={Construct:8} task={} prio(min/avg/max)=0/39.4/81 groups=0
[P31] team=Team_Alien preset=Combat stock=Crab ours=Crab agree=True rationale=swarm floor (have 7/16)
[P31] team=Team_Alien preset=Harvest stock=Shrimp ours=Shrimp agree=True rationale=biotic cap (have 41/70)
[ORDER] commander=ai team=Team_Alien unit=Hunter kind=move dst=(309,46,1050)
[ORDER] commander=ai team=Team_Alien unit=Hunter kind=move dst=(309,46,1050)
[ORDER] commander=ai team=Team_Alien unit=Hunter kind=attack tgt=Sol_Refinery(Clone) (Target)
[ORDER] commander=ai team=Team_Alien unit=Hunter kind=attack tgt=Sol_Refinery(Clone) (Target)
[AI] [Team_Alien] tick=115 reqs=4 type={Construct:4} task={} prio(min/avg/max)=10/46.0/81 groups=0
[H1] team=Team_Human_Sol fire=Refinery atBalterium=(-1229,-735) refCount=2
[H1] team=Team_Human_Sol fire=Refinery atBalterium=(-1515,-1118) refCount=3
[H2] team=Team_Human_Sol fire=Headquarters argmaxCell=(133,153) val=88 atWorld=(-804,-4) hqCount=2
[H3] team=Team_Human_Sol fire=Barracks nearHq=(-1095,-870)
[H3] team=Team_Human_Sol fire=Research Facility nearHq=(-1095,-870)
[AI] [Team_Human_Sol] tick=115 reqs=3 type={Construct:3} task={} prio(min/avg/max)=7/24.7/57 groups=0
[SPAWN_U] team=Team_Alien unit=Shrimp
[ORDER] commander=ai team=Team_Human_Centauri unit=Light Raider kind=move dst=(-667,113,1318)
[ORDER] commander=ai team=Team_Human_Centauri unit=Light Raider kind=move dst=(-667,113,1318)
[ORDER] commander=ai team=Team_Human_Centauri unit=Heavy Raider kind=move dst=(-667,113,1318)
[ORDER] commander=ai team=Team_Human_Centauri unit=Light Raider kind=attack tgt=Sol_Headquarters(Clone) (Target)
[ORDER] commander=ai team=Team_Human_Centauri unit=Light Raider kind=attack tgt=Sol_Headquarters(Clone) (Target)
[ORDER] commander=ai team=Team_Human_Centauri unit=Heavy Raider kind=attack tgt=Sol_Headquarters(Clone) (Target)
[H2] team=Team_Human_Centauri fire=Headquarters argmaxCell=(146,152) val=90 atWorld=(-284,-44) hqCount=2
[AI] [Team_Human_Centauri] tick=116 reqs=8 type={Construct:8} task={} prio(min/avg/max)=0/39.4/81 groups=0
[P31] team=Team_Alien preset=Combat stock=Crab ours=Crab agree=True rationale=swarm floor (have 7/16)
[P31] team=Team_Alien preset=Harvest stock=Shrimp ours=Shrimp agree=True rationale=biotic cap (have 42/70)
[ORDER] commander=ai team=Team_Alien unit=Hunter kind=move dst=(309,46,1050)
[ORDER] commander=ai team=Team_Alien unit=Hunter kind=move dst=(309,46,1050)
[ORDER] commander=ai team=Team_Alien unit=Hunter kind=attack tgt=Sol_Refinery(Clone) (Target)
[ORDER] commander=ai team=Team_Alien unit=Hunter kind=attack tgt=Sol_Refinery(Clone) (Target)
[AI] [Team_Alien] tick=116 reqs=4 type={Construct:4} task={} prio(min/avg/max)=10/41.3/62 groups=0
[SPAWN_U] team=Team_Alien unit=Shrimp
[H2] team=Team_Human_Sol fire=Headquarters argmaxCell=(133,153) val=88 atWorld=(-804,-4) hqCount=2
[AI] [Team_Human_Sol] tick=116 reqs=3 type={Construct:3} task={} prio(min/avg/max)=7/24.7/57 groups=0
[ORDER] commander=ai team=Team_Human_Centauri unit=Light Raider kind=move dst=(-667,113,1318)
[ORDER] commander=ai team=Team_Human_Centauri unit=Light Raider kind=move dst=(-667,113,1318)
[ORDER] commander=ai team=Team_Human_Centauri unit=Heavy Raider kind=move dst=(-667,113,1318)
[ORDER] commander=ai team=Team_Human_Centauri unit=Light Raider kind=attack tgt=Sol_Headquarters(Clone) (Target)
[ORDER] commander=ai team=Team_Human_Centauri unit=Light Raider kind=attack tgt=Sol_Headquarters(Clone) (Target)
[ORDER] commander=ai team=Team_Human_Centauri unit=Heavy Raider kind=attack tgt=Sol_Headquarters(Clone) (Target)
[H2] team=Team_Human_Centauri fire=Headquarters argmaxCell=(146,152) val=90 atWorld=(-284,-44) hqCount=2
[AI] [Team_Human_Centauri] tick=117 reqs=8 type={Construct:8} task={} prio(min/avg/max)=0/39.4/81 groups=0
[P31] team=Team_Alien preset=Combat stock=Crab ours=Crab agree=True rationale=swarm floor (have 7/16)
[P31] team=Team_Alien preset=Harvest stock=Shrimp ours=Shrimp agree=True rationale=biotic cap (have 43/70)
[ORDER] commander=ai team=Team_Alien unit=Hunter kind=move dst=(309,46,1050)
[ORDER] commander=ai team=Team_Alien unit=Hunter kind=move dst=(309,46,1050)
[ORDER] commander=ai team=Team_Alien unit=Hunter kind=attack tgt=Sol_Refinery(Clone) (Target)
[ORDER] commander=ai team=Team_Alien unit=Hunter kind=attack tgt=Sol_Refinery(Clone) (Target)
[AI] [Team_Alien] tick=117 reqs=4 type={Construct:4} task={} prio(min/avg/max)=10/36.5/50 groups=0
[SPAWN_U] team=Team_Alien unit=Shrimp
[SPAWN_U] team=Team_Alien unit=Shrimp
[SPAWN_U] team=Team_Alien unit=Shrimp
[H1] team=Team_Human_Sol fire=Refinery atBalterium=(-1229,-735) refCount=2
[H1] team=Team_Human_Sol fire=Refinery atBalterium=(-1515,-1118) refCount=3
[H2] team=Team_Human_Sol fire=Headquarters argmaxCell=(133,153) val=88 atWorld=(-804,-4) hqCount=2
[H3] team=Team_Human_Sol fire=Barracks nearHq=(-1095,-870)
[H3] team=Team_Human_Sol fire=Research Facility nearHq=(-1095,-870)
[AI] [Team_Human_Sol] tick=117 reqs=3 type={Construct:3} task={} prio(min/avg/max)=7/24.7/57 groups=0
[ORDER] commander=ai team=Team_Human_Centauri unit=Light Raider kind=move dst=(-667,113,1318)
[ORDER] commander=ai team=Team_Human_Centauri unit=Light Raider kind=move dst=(-667,113,1318)
[ORDER] commander=ai team=Team_Human_Centauri unit=Heavy Raider kind=move dst=(-667,113,1318)
[ORDER] commander=ai team=Team_Human_Centauri unit=Light Raider kind=attack tgt=Sol_Headquarters(Clone) (Target)
[ORDER] commander=ai team=Team_Human_Centauri unit=Light Raider kind=attack tgt=Sol_Headquarters(Clone) (Target)
[ORDER] commander=ai team=Team_Human_Centauri unit=Heavy Raider kind=attack tgt=Sol_Headquarters(Clone) (Target)
[H2] team=Team_Human_Centauri fire=Headquarters argmaxCell=(133,152) val=92 atWorld=(-804,-44) hqCount=2
[AI] [Team_Human_Centauri] tick=118 reqs=8 type={Construct:8} task={} prio(min/avg/max)=0/39.4/81 groups=0
[P31] team=Team_Alien preset=Combat stock=Crab ours=Crab agree=True rationale=swarm floor (have 7/16)
[P31] team=Team_Alien preset=Harvest stock=Shrimp ours=Shrimp agree=True rationale=biotic cap (have 46/70)
[ORDER] commander=ai team=Team_Alien unit=Shrimp kind=move dst=(641,38,32)
[ORDER] commander=ai team=Team_Alien unit=Shrimp kind=move dst=(641,38,32)
[ORDER] commander=ai team=Team_Alien unit=Hunter kind=move dst=(309,46,1050)
[ORDER] commander=ai team=Team_Alien unit=Hunter kind=move dst=(309,46,1050)
[ORDER] commander=ai team=Team_Alien unit=Hunter kind=attack tgt=Sol_Refinery(Clone) (Target)
[ORDER] commander=ai team=Team_Alien unit=Hunter kind=attack tgt=Sol_Refinery(Clone) (Target)
[AI] [Team_Alien] tick=118 reqs=4 type={Construct:4} task={} prio(min/avg/max)=10/41.3/62 groups=0
[H2] team=Team_Human_Sol fire=Headquarters argmaxCell=(133,153) val=88 atWorld=(-804,-4) hqCount=2
[AI] [Team_Human_Sol] tick=118 reqs=3 type={Construct:3} task={} prio(min/avg/max)=7/24.7/57 groups=0
[SPAWN_U] team=Team_Alien unit=Shrimp
[ORDER] commander=ai team=Team_Human_Centauri unit=Light Raider kind=move dst=(-667,113,1318)
[ORDER] commander=ai team=Team_Human_Centauri unit=Light Raider kind=move dst=(-667,113,1318)
[ORDER] commander=ai team=Team_Human_Centauri unit=Heavy Raider kind=move dst=(-667,113,1318)
[ORDER] commander=ai team=Team_Human_Centauri unit=Light Raider kind=attack tgt=Sol_Headquarters(Clone) (Target)
[ORDER] commander=ai team=Team_Human_Centauri unit=Light Raider kind=attack tgt=Sol_Headquarters(Clone) (Target)
[ORDER] commander=ai team=Team_Human_Centauri unit=Heavy Raider kind=attack tgt=Sol_Headquarters(Clone) (Target)
[H2] team=Team_Human_Centauri fire=Headquarters argmaxCell=(146,152) val=90 atWorld=(-284,-44) hqCount=2
[AI] [Team_Human_Centauri] tick=119 reqs=8 type={Construct:8} task={} prio(min/avg/max)=0/39.4/81 groups=0
[P31] team=Team_Alien preset=Combat stock=Crab ours=Crab agree=True rationale=swarm floor (have 7/16)
[P31] team=Team_Alien preset=Harvest stock=Shrimp ours=Shrimp agree=True rationale=biotic cap (have 47/70)
[ORDER] commander=ai team=Team_Alien unit=Hunter kind=move dst=(309,46,1050)
[ORDER] commander=ai team=Team_Alien unit=Hunter kind=move dst=(309,46,1050)
[ORDER] commander=ai team=Team_Alien unit=Hunter kind=attack tgt=Sol_Refinery(Clone) (Target)
[ORDER] commander=ai team=Team_Alien unit=Hunter kind=attack tgt=Sol_Refinery(Clone) (Target)
[AI] [Team_Alien] tick=119 reqs=4 type={Construct:4} task={} prio(min/avg/max)=10/36.5/50 groups=0
[H1] team=Team_Human_Sol fire=Refinery atBalterium=(-1229,-735) refCount=2
[H1] team=Team_Human_Sol fire=Refinery atBalterium=(-1515,-1118) refCount=3
[H2] team=Team_Human_Sol fire=Headquarters argmaxCell=(133,153) val=88 atWorld=(-804,-4) hqCount=2
[H3] team=Team_Human_Sol fire=Barracks nearHq=(-1095,-870)
[H3] team=Team_Human_Sol fire=Research Facility nearHq=(-1095,-870)
[AI] [Team_Human_Sol] tick=119 reqs=3 type={Construct:3} task={} prio(min/avg/max)=7/24.7/57 groups=0

========== ROUND SUMMARY ==========
--- Team_Alien ---
  structures: built=46 lost=0
    built:    Node×33, Bio Cache×6, Lesser Spawning Cyst×6, Nest×1
    lost:     -
  units:      built=82 lost=8
    built:    Shrimp×47, Shocker×11, Crab×7, Squid×7, Hunter×6, Horned Crab×2, Queen×1, Wasp×1
    lost:     Squid×4, Hunter×3, Shocker×1
  orders:     total=2101  commander(ai)=2101 commander(player)=0 piloted=0
    breakdown: cmdAI(m/a/s)=1508/541/52  cmdPlayer(m/a/s)=0/0/0  piloted(m/a/s)=0/0/0
  micro/unit: 25.6 orders per unit produced
  construction handler:  ticks=119
    avg BuildableStructures/tick = 3.8
    avg BuildableUnits/tick      = 1.1
    avg BuildableTechUpgrades    = 0.0
    avg MissingResources/tick    = 0
    ticks with 0 buildable structures = 0 (0%)
  unit handler: ticks=119  avg presets combat/explore/harvest = 11.0/3.0/1.0

--- Team_AlienWorms ---
  structures: built=0 lost=1
    built:    -
    lost:     Ultra Heavy Factory×1
  units:      built=0 lost=0
    built:    -
    lost:     -
  orders:     total=0  commander(ai)=0 commander(player)=0 piloted=0
    breakdown: cmdAI(m/a/s)=0/0/0  cmdPlayer(m/a/s)=0/0/0  piloted(m/a/s)=0/0/0

--- Team_Human_Centauri ---
  structures: built=6 lost=0
    built:    Refinery×3, Headquarters×1, Barracks×1, Research Facility×1
    lost:     -
  units:      built=31 lost=12
    built:    Light Raider×6, Militia×6, Squad Transport×5, Heavy Raider×4, Assault Car×4, Trooper×3, Harvester×3
    lost:     Squad Transport×5, Militia×4, Assault Car×3
  orders:     total=1470  commander(ai)=1470 commander(player)=0 piloted=0
    breakdown: cmdAI(m/a/s)=901/506/63  cmdPlayer(m/a/s)=0/0/0  piloted(m/a/s)=0/0/0
  micro/unit: 47.4 orders per unit produced
  construction handler:  ticks=119
    avg BuildableStructures/tick = 4.1
    avg BuildableUnits/tick      = 1.6
    avg BuildableTechUpgrades    = 0.3
    avg MissingResources/tick    = 0
    ticks with 0 buildable structures = 0 (0%)
  unit handler: ticks=119  avg presets combat/explore/harvest = 15.0/6.0/1.0

--- Team_Human_Sol ---
  structures: built=3 lost=0
    built:    Headquarters×1, Ultra Heavy Factory×1, Refinery×1
    lost:     -
  units:      built=25 lost=22
    built:    Scout×6, Platoon Hauler×5, Heavy Quad×4, Light Striker×4, Rifleman×3, Light Quad×2, Harvester×1
    lost:     Scout×6, Heavy Quad×4, Rifleman×3, Platoon Hauler×3, Light Striker×2, Light Raider×2, Light Quad×2
  orders:     total=773  commander(ai)=773 commander(player)=0 piloted=0
    breakdown: cmdAI(m/a/s)=570/152/51  cmdPlayer(m/a/s)=0/0/0  piloted(m/a/s)=0/0/0
  micro/unit: 30.9 orders per unit produced
  construction handler:  ticks=119
    avg BuildableStructures/tick = 3.6
    avg BuildableUnits/tick      = 0.0
    avg BuildableTechUpgrades    = 0.0
    avg MissingResources/tick    = 0
    ticks with 0 buildable structures = 0 (0%)
  unit handler: ticks=119  avg presets combat/explore/harvest = 15.0/6.0/1.0

========== END ROUND SUMMARY ==========

--- Phase 3.1 (unit-production decision agreement) ---
  Team_Alien: samples=79 agree=79 differ=0 oursNotBuildable=0 overridesApplied=0 overrideEnabled=True

--- Phase 3.2 slice 1 (OWN Alien construction) ---
  BC fires:    attempts=9 success=6 fail=3
  Cyst fires:  attempts=9 success=9 fail=0
  Node fires:  attempts=34 success=33 fail=1
  Intelligent decisions:
    BC delayed — eco not at capacity:    1708
    BC delayed — cash below buffer:      0
    Cyst skipped — cluster already full: 0
    Max BC clusters detected on map:     0

--- Phase 3.2 slice 1 (direct Shrimp queuing at Cysts) ---
  Shrimps queued this round:  55
  Skipped (queue full / fail): 140

--- Human construction (Refinery + HQ + Barracks + Research) ---
  Refinery fires: attempts=124 success=4 fail=118
  HQ fires:       attempts=194  success=22  fail=171
  Barracks fires: attempts=61 success=2 fail=58
  Research fires: attempts=63 success=4 fail=58

--- Human tech research ---
  Marks queued this round:      4
  Skipped (queue full / fail):  0

