# Si_RTS_AI observability log — scene=NorthPolarCap startedAt=2026-07-03 21:50:39
# categories: [AI] commander Think summary, [ORDER] unit order (attack/move/stop), [SPAWN_S] structure, [SPAWN_U] unit, [PILOT] player controlled-unit change, [TEAM] player team change
# Phase 2 additions: AIConstructionHandler + AIUnitHandler observability rolled into the round-summary block at the end of this file.
[SPAWN_S] team=Team_Human_Sol structure=Headquarters at=(-1110,840)
[SPAWN_S] team=Team_Human_Centauri structure=Headquarters at=(-1095,-870)
[SPAWN_S] team=Team_Alien structure=Nest at=(1470,240)
[SPAWN_U] team=Team_Alien unit=Crab
[SPAWN_U] team=Team_Alien unit=Queen
[TEAM] player=TheKnecht Team? -> Team_Human_Centauri
[SPAWN_U] team=Team_Human_Centauri unit=Militia
[SELECT] player=TheKnecht team=Team_Human_Centauri unit=Militia (was: -)
[PILOT] player=TheKnecht team=Team_Human_Centauri unit=Militia (was: -)
[SPAWN_S] team=Team_Human_Sol structure=Ultra Heavy Factory at=(0,0)
[SPAWN_U] team=Team_Human_Sol unit=Light Quad
[SPAWN_U] team=Team_Human_Sol unit=Light Quad
[SPAWN_U] team=Team_Human_Sol unit=Scout
[SPAWN_U] team=Team_Human_Sol unit=Scout
[SPAWN_U] team=Team_Human_Sol unit=Scout
[SPAWN_U] team=Team_Human_Sol unit=Scout
[SPAWN_U] team=Team_Human_Sol unit=Scout
[SPAWN_U] team=Team_Human_Sol unit=Scout
[SPAWN_U] team=Team_Human_Sol unit=Rifleman
[SPAWN_U] team=Team_Human_Sol unit=Rifleman
[SPAWN_U] team=Team_Human_Sol unit=Rifleman
[SPAWN_U] team=Team_Human_Sol unit=Heavy Quad
[SPAWN_U] team=Team_Human_Centauri unit=Light Raider
[SPAWN_U] team=Team_Human_Centauri unit=Light Raider
[SPAWN_U] team=Team_Human_Centauri unit=Militia
[SPAWN_U] team=Team_Human_Centauri unit=Militia
[SPAWN_U] team=Team_Human_Centauri unit=Militia
[SPAWN_U] team=Team_Human_Centauri unit=Militia
[SPAWN_U] team=Team_Human_Centauri unit=Militia
[SPAWN_U] team=Team_Human_Centauri unit=Militia
[SPAWN_U] team=Team_Human_Centauri unit=Trooper
[SPAWN_U] team=Team_Human_Centauri unit=Trooper
[SPAWN_U] team=Team_Human_Centauri unit=Trooper
[SPAWN_U] team=Team_Human_Centauri unit=Heavy Raider
[SPAWN_U] team=Team_Alien unit=Hunter
[SPAWN_U] team=Team_Alien unit=Horned Crab
[SPAWN_U] team=Team_Alien unit=Horned Crab
[SPAWN_U] team=Team_Alien unit=Shocker
[SPAWN_U] team=Team_Alien unit=Shocker
[SPAWN_U] team=Team_Alien unit=Shocker
[SPAWN_U] team=Team_Alien unit=Shocker
[SPAWN_U] team=Team_Alien unit=Crab
[SPAWN_U] team=Team_Alien unit=Crab
[SPAWN_U] team=Team_Alien unit=Crab
[SPAWN_U] team=Team_Alien unit=Crab
[SPAWN_U] team=Team_Alien unit=Crab
[SPAWN_U] team=Team_Alien unit=Crab
[SPAWN_U] team=Team_Alien unit=Shrimp
[SPAWN_U] team=Team_Alien unit=Shrimp
[SPAWN_U] team=Team_Alien unit=Shrimp
[ORDER] commander=ai team=Team_Human_Centauri unit=Light Raider kind=move dst=(-598,46,-378)
[ORDER] commander=ai team=Team_Human_Centauri unit=Light Raider kind=move dst=(-598,46,-378)
[ORDER] commander=ai team=Team_Human_Centauri unit=Militia kind=move dst=(-345,25,-329)
[ORDER] commander=ai team=Team_Human_Centauri unit=Militia kind=move dst=(-345,25,-329)
[ORDER] commander=ai team=Team_Human_Centauri unit=Militia kind=move dst=(-345,25,-329)
[ORDER] commander=ai team=Team_Human_Centauri unit=Trooper kind=move dst=(-345,25,-329)
[ORDER] commander=ai team=Team_Human_Centauri unit=Trooper kind=move dst=(-1727,114,-130)
[ORDER] commander=ai team=Team_Human_Centauri unit=Militia kind=move dst=(-1125,64,-130)
[ORDER] commander=ai team=Team_Human_Centauri unit=Militia kind=move dst=(-1125,64,-130)
[ORDER] commander=ai team=Team_Human_Centauri unit=Militia kind=move dst=(-1125,64,-130)
[ORDER] commander=ai team=Team_Human_Centauri unit=Trooper kind=move dst=(-1125,64,-130)
[ORDER] commander=ai team=Team_Human_Centauri unit=Heavy Raider kind=move dst=(-221,50,-1151)
[H1] team=Team_Human_Centauri fire=Refinery atBalterium=(-1229,-735) refCount=1
[H1] team=Team_Human_Centauri fire=Refinery atBalterium=(-910,-1047) refCount=2
[H1] team=Team_Human_Centauri fire=Refinery atBalterium=(-1515,-1118) refCount=3
[H2] team=Team_Human_Centauri fire=Headquarters argmaxCell=(111,135) val=30 atWorld=(-1684,-724) hqCount=2
[AI] [Team_Human_Centauri] tick=1 reqs=4 type={Construct:4} task={} prio(min/avg/max)=10/77.5/100 groups=0
[ORDER] commander=ai team=Team_Human_Sol unit=Scout kind=move dst=(-769,17,509)
[ORDER] commander=ai team=Team_Human_Sol unit=Scout kind=move dst=(-769,17,509)
[ORDER] commander=ai team=Team_Human_Sol unit=Scout kind=move dst=(-769,17,509)
[ORDER] commander=ai team=Team_Human_Sol unit=Rifleman kind=move dst=(-769,17,509)
[ORDER] commander=ai team=Team_Human_Sol unit=Scout kind=move dst=(-667,113,1318)
[ORDER] commander=ai team=Team_Human_Sol unit=Scout kind=move dst=(-667,113,1318)
[ORDER] commander=ai team=Team_Human_Sol unit=Scout kind=move dst=(-667,113,1318)
[ORDER] commander=ai team=Team_Human_Sol unit=Rifleman kind=move dst=(-667,113,1318)
[ORDER] commander=ai team=Team_Human_Sol unit=Light Quad kind=move dst=(-393,51,773)
[ORDER] commander=ai team=Team_Human_Sol unit=Light Quad kind=move dst=(-393,51,773)
[ORDER] commander=ai team=Team_Human_Sol unit=Heavy Quad kind=move dst=(-393,51,773)
[ORDER] commander=ai team=Team_Human_Sol unit=Rifleman kind=attack tgt=SpecialContainer_Long_01_Large(Clone) (Target)
[H1] team=Team_Human_Sol fire=Refinery atBalterium=(-1248,631) refCount=1
[H1] team=Team_Human_Sol fire=Refinery atBalterium=(-962,1073) refCount=2
[H1] team=Team_Human_Sol fire=Refinery atBalterium=(-1489,1092) refCount=3
[AI] [Team_Human_Sol] tick=1 reqs=4 type={Construct:4} task={} prio(min/avg/max)=10/77.5/100 groups=0
[ORDER] commander=ai team=Team_Alien unit=Shrimp kind=move dst=(1578,111,301)
[ORDER] commander=ai team=Team_Alien unit=Shrimp kind=move dst=(1578,111,301)
[ORDER] commander=ai team=Team_Alien unit=Shrimp kind=move dst=(1578,111,301)
[ORDER] commander=ai team=Team_Alien unit=Crab kind=move dst=(839,41,64)
[ORDER] commander=ai team=Team_Alien unit=Crab kind=move dst=(839,41,64)
[ORDER] commander=ai team=Team_Alien unit=Crab kind=move dst=(839,41,64)
[ORDER] commander=ai team=Team_Alien unit=Crab kind=move dst=(839,41,64)
[ORDER] commander=ai team=Team_Alien unit=Shocker kind=move dst=(882,34,919)
[ORDER] commander=ai team=Team_Alien unit=Shocker kind=move dst=(882,34,919)
[ORDER] commander=ai team=Team_Alien unit=Shocker kind=move dst=(882,34,919)
[ORDER] commander=ai team=Team_Alien unit=Crab kind=move dst=(882,34,919)
[ORDER] commander=ai team=Team_Alien unit=Crab kind=move dst=(739,55,-311)
[ORDER] commander=ai team=Team_Alien unit=Horned Crab kind=move dst=(739,55,-311)
[ORDER] commander=ai team=Team_Alien unit=Horned Crab kind=move dst=(739,55,-311)
[ORDER] commander=ai team=Team_Alien unit=Shocker kind=move dst=(739,55,-311)
[ORDER] commander=ai team=Team_Alien unit=Hunter kind=attack tgt=Sol_UltraHeavyFactory(Clone) (Target)
[ORDER] commander=ai team=Team_Alien unit=Crab kind=move dst=(1289,32,273)
[P32] team=Team_Alien fire=BC patchAt=(1578,301) minDistToOwned=124m bcAttempts=1
[P32] team=Team_Alien fire=BC patchAt=(1406,409) minDistToOwned=181m bcAttempts=2
[P32] team=Team_Alien fire=Node towardPatchAt=(1768,99) distToOwned=329m nodesOwned=1 anchorAt=(1470,240)
[P32] team=Team_Alien fire=Node towardPatchAt=(1102,28) distToOwned=425m nodesOwned=2 anchorAt=(1470,240)
[AI] [Team_Alien] tick=1 reqs=3 type={Construct:3} task={} prio(min/avg/max)=10/70.0/100 groups=0
[P32] team=Team_Alien fire=Cyst phase=eager-at-BC atBcAt=(1585,305)
[P32] team=Team_Alien fire=Cyst phase=eager-at-BC atBcAt=(1395,400)
[P32] team=Team_Alien constructed=Cyst atBcAt=(1585,305) landedAt=(1565,285) result=UnmetPrerequisite
[ORDER] commander=ai team=Team_Human_Centauri unit=Heavy Raider kind=attack tgt=SpecialContainer_Long_01_Large(Clone) (Target)
[ORDER] commander=ai team=Team_Human_Centauri unit=Militia kind=attack tgt=SpecialContainer_Short_01_Small(Clone) (Target)
[ORDER] commander=ai team=Team_Human_Centauri unit=Militia kind=attack tgt=SpecialContainer_Short_01_Small(Clone) (Target)
[ORDER] commander=ai team=Team_Human_Centauri unit=Militia kind=attack tgt=SpecialContainer_Short_01_Small(Clone) (Target)
[ORDER] commander=ai team=Team_Human_Centauri unit=Trooper kind=attack tgt=SpecialContainer_Short_01_Small(Clone) (Target)
[AI] [Team_Human_Centauri] tick=2 reqs=4 type={Construct:4} task={} prio(min/avg/max)=10/77.5/100 groups=0
[ORDER] commander=ai team=Team_Human_Centauri unit=Heavy Raider kind=move dst=(-1292,20,-1069)
[H1] team=Team_Human_Centauri constructed=Refinery atBalterium=(-910,-1047) landedAt=(-1035,-1170) yaw=180 result=Success
[AI] [Team_Human_Sol] tick=2 reqs=4 type={Construct:4} task={} prio(min/avg/max)=10/77.5/100 groups=0
[P32] team=Team_Alien fire=BC patchAt=(1768,99) minDistToOwned=130m bcAttempts=3
[P32] team=Team_Alien fire=Node towardPatchAt=(914,139) distToOwned=547m nodesOwned=2 anchorAt=(1470,240)
[AI] [Team_Alien] tick=2 reqs=3 type={Construct:3} task={} prio(min/avg/max)=10/70.0/100 groups=0
[H1] team=Team_Human_Centauri constructed=Refinery atBalterium=(-1229,-735) landedAt=(-1350,-615) yaw=180 result=Success
[H1] team=Team_Human_Centauri constructed=Refinery atBalterium=(-1515,-1118) landedAt=(-1635,-1260) yaw=90 result=Success
[ORDER] commander=ai team=Team_Alien unit=Crab kind=stop
[ORDER] commander=ai team=Team_Alien unit=Crab kind=move dst=(1428,56,240)
[ORDER] commander=ai team=Team_Alien unit=Crab kind=move dst=(1428,56,240)
[ORDER] commander=ai team=Team_Alien unit=Crab kind=move dst=(1428,56,240)
[P32] team=Team_Alien constructed=Cyst atBcAt=(1395,400) landedAt=(1420,360) result=UnmetPrerequisite
[SPAWN_U] team=Team_Alien unit=Hunter
[SPAWN_U] team=Team_Alien unit=Hunter
[SPAWN_U] team=Team_Alien unit=Hunter
[SPAWN_U] team=Team_Alien unit=Squid
[SPAWN_U] team=Team_Alien unit=Squid
[SPAWN_U] team=Team_Alien unit=Shocker
[SPAWN_U] team=Team_Alien unit=Shocker
[SPAWN_U] team=Team_Alien unit=Shocker
[SPAWN_U] team=Team_Alien unit=Shocker
[SPAWN_U] team=Team_Alien unit=Wasp
[SPAWN_U] team=Team_Human_Centauri unit=Squad Transport
[SPAWN_U] team=Team_Human_Centauri unit=Squad Transport
[SPAWN_U] team=Team_Human_Centauri unit=Assault Car
[SPAWN_U] team=Team_Human_Centauri unit=Assault Car
[SPAWN_U] team=Team_Human_Centauri unit=Heavy Raider
[SPAWN_U] team=Team_Human_Centauri unit=Heavy Raider
[SPAWN_U] team=Team_Human_Sol unit=Platoon Hauler
[SPAWN_U] team=Team_Human_Sol unit=Platoon Hauler
[SPAWN_U] team=Team_Human_Sol unit=Light Striker
[SPAWN_U] team=Team_Human_Sol unit=Light Striker
[SPAWN_U] team=Team_Human_Sol unit=Heavy Quad
[SPAWN_U] team=Team_Human_Sol unit=Heavy Quad
[SPAWN_U] team=Team_Human_Sol unit=Platoon Hauler
[SPAWN_U] team=Team_Human_Sol unit=Platoon Hauler
[SPAWN_U] team=Team_Human_Sol unit=Platoon Hauler
[SPAWN_U] team=Team_Human_Centauri unit=Light Raider
[SPAWN_U] team=Team_Human_Centauri unit=Light Raider
[SPAWN_U] team=Team_Human_Sol unit=Heavy Quad
[SPAWN_U] team=Team_Human_Sol unit=Light Striker
[SPAWN_U] team=Team_Human_Sol unit=Light Striker
[SPAWN_U] team=Team_Human_Centauri unit=Squad Transport
[SPAWN_U] team=Team_Human_Centauri unit=Squad Transport
[SPAWN_U] team=Team_Human_Centauri unit=Squad Transport
[SPAWN_U] team=Team_Human_Centauri unit=Light Raider
[SPAWN_U] team=Team_Human_Centauri unit=Light Raider
[SPAWN_U] team=Team_Human_Centauri unit=Heavy Raider
[SPAWN_U] team=Team_Human_Centauri unit=Assault Car
[SPAWN_U] team=Team_Human_Centauri unit=Assault Car
[SPAWN_U] team=Team_Alien unit=Hunter
[SPAWN_U] team=Team_Alien unit=Hunter
[SPAWN_U] team=Team_Alien unit=Shocker
[SPAWN_U] team=Team_Alien unit=Shocker
[SPAWN_U] team=Team_Alien unit=Shocker
[SPAWN_U] team=Team_Alien unit=Squid
[SPAWN_U] team=Team_Alien unit=Squid
[SPAWN_U] team=Team_Alien unit=Squid
[SPAWN_U] team=Team_Alien unit=Squid
[SPAWN_U] team=Team_Alien unit=Squid
[SPAWN_U] team=Team_Alien unit=Shrimp
[SPAWN_U] team=Team_Alien unit=Shrimp
[SPAWN_U] team=Team_Alien unit=Shrimp
[SPAWN_U] team=Team_Alien unit=Shrimp
[SPAWN_U] team=Team_Alien unit=Shrimp
[SPAWN_U] team=Team_Alien unit=Shrimp
[ORDER] commander=ai team=Team_Alien unit=Crab kind=move dst=(839,41,64)
[ORDER] commander=ai team=Team_Alien unit=Crab kind=move dst=(839,41,64)
[H1] team=Team_Human_Sol constructed=Refinery atBalterium=(-1248,631) landedAt=(-1380,765) yaw=270 result=Success
[ORDER] commander=ai team=Team_Human_Centauri unit=Assault Car kind=attack tgt=SpecialContainer_Short_01_Small(Clone) (Target)
[ORDER] commander=ai team=Team_Human_Centauri unit=Heavy Raider kind=attack tgt=SpecialContainer_Short_01_Small(Clone) (Target)
[ORDER] commander=ai team=Team_Human_Centauri unit=Heavy Raider kind=move dst=(-1125,64,-130)
[ORDER] commander=ai team=Team_Human_Centauri unit=Assault Car kind=move dst=(-1125,64,-130)
[ORDER] commander=ai team=Team_Human_Centauri unit=Assault Car kind=move dst=(-1125,64,-130)
[ORDER] commander=ai team=Team_Human_Centauri unit=Squad Transport kind=move dst=(-221,50,-1151)
[ORDER] commander=ai team=Team_Human_Centauri unit=Heavy Raider kind=move dst=(-1190,67,46)
[ORDER] commander=ai team=Team_Human_Centauri unit=Light Raider kind=move dst=(-1190,67,46)
[ORDER] commander=ai team=Team_Human_Centauri unit=Light Raider kind=move dst=(-1190,67,46)
[ORDER] commander=ai team=Team_Human_Centauri unit=Squad Transport kind=move dst=(-458,58,-1218)
[H3] team=Team_Human_Centauri fire=Barracks nearHq=(-1095,-870)
[H3] team=Team_Human_Centauri fire=Research Facility nearHq=(-1095,-870)
[AI] [Team_Human_Centauri] tick=3 reqs=2 type={Construct:2} task={} prio(min/avg/max)=10/55.0/100 groups=0
[ORDER] commander=ai team=Team_Human_Centauri unit=Assault Car kind=move dst=(-1292,20,-1069)
[ORDER] commander=ai team=Team_Human_Centauri unit=Assault Car kind=move dst=(-1461,25,-552)
[ORDER] commander=ai team=Team_Human_Centauri unit=Heavy Raider kind=move dst=(-1461,25,-552)
[ORDER] commander=ai team=Team_Alien unit=Crab kind=stop
[ORDER] commander=ai team=Team_Alien unit=Crab kind=move dst=(1419,54,240)
[ORDER] commander=ai team=Team_Alien unit=Crab kind=move dst=(1419,54,240)
[ORDER] commander=ai team=Team_Alien unit=Crab kind=move dst=(1419,54,240)
[ORDER] commander=ai team=Team_Human_Sol unit=Platoon Hauler kind=move dst=(-1008,47,72)
[ORDER] commander=ai team=Team_Human_Sol unit=Light Striker kind=move dst=(-1190,67,46)
[ORDER] commander=ai team=Team_Human_Sol unit=Light Striker kind=move dst=(-1190,67,46)
[ORDER] commander=ai team=Team_Human_Sol unit=Heavy Quad kind=move dst=(-1190,67,46)
[ORDER] commander=ai team=Team_Human_Sol unit=Heavy Quad kind=move dst=(-1573,22,1593)
[ORDER] commander=ai team=Team_Human_Sol unit=Light Striker kind=move dst=(-1573,22,1593)
[H1] team=Team_Human_Sol fire=Refinery atBalterium=(-962,1073) refCount=2
[H1] team=Team_Human_Sol fire=Refinery atBalterium=(-1489,1092) refCount=3
[H3] team=Team_Human_Sol fire=Barracks nearHq=(-1110,840)
[H3] team=Team_Human_Sol fire=Research Facility nearHq=(-1110,840)
[AI] [Team_Human_Sol] tick=3 reqs=4 type={Construct:4} task={} prio(min/avg/max)=10/77.5/100 groups=0
[ORDER] commander=ai team=Team_Human_Centauri unit=Heavy Raider kind=stop
[ORDER] commander=ai team=Team_Human_Centauri unit=Light Raider kind=move dst=(-1035,29,-766)
[ORDER] commander=ai team=Team_Human_Centauri unit=Light Raider kind=move dst=(-1035,29,-766)
[ORDER] commander=ai team=Team_Alien unit=Shrimp kind=move dst=(1289,32,273)
[ORDER] commander=ai team=Team_Alien unit=Shrimp kind=move dst=(1406,105,409)
[ORDER] commander=ai team=Team_Alien unit=Shrimp kind=move dst=(1406,105,409)
[ORDER] commander=ai team=Team_Alien unit=Shrimp kind=move dst=(1406,105,409)
[ORDER] commander=ai team=Team_Alien unit=Shrimp kind=move dst=(1406,105,409)
[ORDER] commander=ai team=Team_Alien unit=Squid kind=move dst=(1289,32,273)
[ORDER] commander=ai team=Team_Alien unit=Squid kind=move dst=(1289,32,273)
[ORDER] commander=ai team=Team_Alien unit=Squid kind=move dst=(1289,32,273)
[ORDER] commander=ai team=Team_Alien unit=Hunter kind=move dst=(1217,86,-280)
[ORDER] commander=ai team=Team_Alien unit=Crab kind=move dst=(936,24,580)
[ORDER] commander=ai team=Team_Alien unit=Shocker kind=move dst=(936,24,580)
[ORDER] commander=ai team=Team_Alien unit=Shocker kind=move dst=(936,24,580)
[ORDER] commander=ai team=Team_Alien unit=Shocker kind=move dst=(936,24,580)
[ORDER] commander=ai team=Team_Alien unit=Hunter kind=move dst=(1181,54,45)
[ORDER] commander=ai team=Team_Alien unit=Hunter kind=move dst=(1181,54,45)
[ORDER] commander=ai team=Team_Alien unit=Hunter kind=move dst=(1181,54,45)
[P32] team=Team_Alien fire=BC patchAt=(1289,273) minDistToOwned=166m bcAttempts=4
[AI] [Team_Alien] tick=3 reqs=3 type={Construct:3} task={} prio(min/avg/max)=10/70.0/100 groups=0
[ORDER] commander=ai team=Team_Alien unit=Shocker kind=move dst=(1582,86,201)
[ORDER] commander=ai team=Team_Alien unit=Shocker kind=move dst=(1582,86,201)
[ORDER] commander=ai team=Team_Alien unit=Shocker kind=move dst=(1582,86,201)
[ORDER] commander=ai team=Team_Human_Centauri unit=Heavy Raider kind=move dst=(-1095,25,-750)
[ORDER] commander=ai team=Team_Human_Centauri unit=Assault Car kind=stop
[ORDER] commander=ai team=Team_Human_Centauri unit=Assault Car kind=move dst=(-1095,25,-750)
[P32] team=Team_Alien fire=Cyst phase=eager-at-BC atBcAt=(1290,280)
[ORDER] commander=ai team=Team_Alien unit=Squid kind=stop
[ORDER] commander=ai team=Team_Alien unit=Squid kind=move dst=(1427,105,351)
[ORDER] commander=ai team=Team_Alien unit=Squid kind=move dst=(1427,105,351)
[ORDER] commander=ai team=Team_Alien unit=Crab kind=move dst=(839,41,64)
[ORDER] commander=ai team=Team_Alien unit=Crab kind=move dst=(839,41,64)
[ORDER] commander=ai team=Team_Human_Sol unit=Light Striker kind=stop
[ORDER] commander=ai team=Team_Human_Sol unit=Light Striker kind=move dst=(-1170,26,736)
[ORDER] commander=ai team=Team_Human_Sol unit=Heavy Quad kind=move dst=(-1170,26,736)
[ORDER] commander=ai team=Team_Alien unit=Squid kind=move dst=(1537,61,143)
[ORDER] commander=ai team=Team_Alien unit=Squid kind=move dst=(1537,61,143)
[ORDER] commander=ai team=Team_Alien unit=Squid kind=move dst=(1537,61,143)
[ORDER] commander=ai team=Team_Alien unit=Squid kind=move dst=(1537,61,143)
[ORDER] commander=ai team=Team_Human_Sol unit=Light Raider kind=move dst=(-1050,26,944)
[ORDER] commander=ai team=Team_Human_Sol unit=Light Raider kind=move dst=(-1050,26,944)
[ORDER] commander=ai team=Team_Alien unit=Hunter kind=move dst=(0,20,0)
[ORDER] commander=ai team=Team_Alien unit=Squid kind=move dst=(1426,105,352)
[ORDER] commander=ai team=Team_Alien unit=Squid kind=move dst=(1426,105,352)
[ORDER] commander=ai team=Team_Human_Centauri unit=Squad Transport kind=move dst=(-1007,44,40)
[ORDER] commander=ai team=Team_Human_Centauri unit=Squad Transport kind=move dst=(-1043,23,-1418)
[ORDER] commander=ai team=Team_Human_Centauri unit=Squad Transport kind=move dst=(-1302,24,-411)
[AI] [Team_Human_Centauri] tick=4 reqs=2 type={Construct:2} task={} prio(min/avg/max)=10/55.0/100 groups=0
[ORDER] commander=ai team=Team_Alien unit=Squid kind=move dst=(1426,105,352)
[ORDER] commander=ai team=Team_Alien unit=Squid kind=move dst=(1426,105,352)
[ORDER] commander=ai team=Team_Alien unit=Crab kind=stop
[ORDER] commander=ai team=Team_Alien unit=Crab kind=move dst=(1387,47,244)
[ORDER] commander=ai team=Team_Alien unit=Crab kind=move dst=(1387,47,244)
[ORDER] commander=ai team=Team_Alien unit=Crab kind=move dst=(1387,47,244)
[ORDER] commander=ai team=Team_Alien unit=Crab kind=move dst=(1405,36,195)
[ORDER] commander=ai team=Team_Alien unit=Horned Crab kind=move dst=(1405,36,195)
[ORDER] commander=ai team=Team_Alien unit=Horned Crab kind=move dst=(1405,36,195)
[ORDER] commander=ai team=Team_Alien unit=Shocker kind=stop
[ORDER] commander=ai team=Team_Human_Sol unit=Platoon Hauler kind=move dst=(-652,33,30)
[ORDER] commander=ai team=Team_Human_Sol unit=Platoon Hauler kind=move dst=(-660,29,123)
[ORDER] commander=ai team=Team_Human_Sol unit=Heavy Quad kind=move dst=(-1768,26,618)
[ORDER] commander=ai team=Team_Human_Sol unit=Light Raider kind=move dst=(-1768,26,618)
[ORDER] commander=ai team=Team_Human_Sol unit=Light Raider kind=move dst=(-1768,26,618)
[ORDER] commander=ai team=Team_Human_Sol unit=Platoon Hauler kind=move dst=(-1154,47,314)
[ORDER] commander=ai team=Team_Human_Sol unit=Light Striker kind=move dst=(-1669,33,1331)
[ORDER] commander=ai team=Team_Human_Sol unit=Platoon Hauler kind=move dst=(-249,43,887)
[AI] [Team_Human_Sol] tick=4 reqs=4 type={Construct:4} task={} prio(min/avg/max)=10/77.5/100 groups=0
[ORDER] commander=ai team=Team_Alien unit=Squid kind=move dst=(1289,32,273)
[ORDER] commander=ai team=Team_Alien unit=Squid kind=move dst=(1289,32,273)
[ORDER] commander=ai team=Team_Alien unit=Squid kind=move dst=(1289,32,273)
[ORDER] commander=ai team=Team_Alien unit=Shocker kind=move dst=(1948,41,676)
[ORDER] commander=ai team=Team_Alien unit=Shocker kind=move dst=(1948,41,676)
[ORDER] commander=ai team=Team_Alien unit=Shocker kind=move dst=(1948,41,676)
[ORDER] commander=ai team=Team_Alien unit=Shocker kind=move dst=(1948,41,676)
[ORDER] commander=ai team=Team_Alien unit=Squid kind=move dst=(1099,42,513)
[ORDER] commander=ai team=Team_Alien unit=Squid kind=move dst=(1099,42,513)
[ORDER] commander=ai team=Team_Alien unit=Wasp kind=move dst=(1099,42,513)
[ORDER] commander=ai team=Team_Alien unit=Squid kind=move dst=(1099,42,513)
[ORDER] commander=ai team=Team_Alien unit=Squid kind=move dst=(1099,42,513)
[AI] [Team_Alien] tick=4 reqs=3 type={Construct:3} task={} prio(min/avg/max)=10/70.0/100 groups=0
[ORDER] commander=ai team=Team_Alien unit=Squid kind=stop
[ORDER] commander=ai team=Team_Alien unit=Squid kind=move dst=(1425,107,352)
[ORDER] commander=ai team=Team_Alien unit=Squid kind=move dst=(1425,107,352)
[ORDER] commander=ai team=Team_Alien unit=Crab kind=move dst=(839,41,64)
[ORDER] commander=ai team=Team_Alien unit=Crab kind=move dst=(839,41,64)
[ORDER] commander=ai team=Team_Alien unit=Squid kind=move dst=(1535,61,144)
[ORDER] commander=ai team=Team_Alien unit=Squid kind=move dst=(1535,61,144)
[ORDER] commander=ai team=Team_Alien unit=Wasp kind=stop
[ORDER] commander=ai team=Team_Alien unit=Squid kind=move dst=(1535,61,144)
[ORDER] commander=ai team=Team_Alien unit=Squid kind=move dst=(1535,61,144)
[ORDER] commander=ai team=Team_Alien unit=Horned Crab kind=move dst=(739,55,-311)
[ORDER] commander=ai team=Team_Alien unit=Shocker kind=move dst=(739,55,-311)
[ORDER] commander=ai team=Team_Human_Sol unit=Heavy Quad kind=stop
[ORDER] commander=ai team=Team_Human_Sol unit=Light Raider kind=move dst=(-1050,26,944)
[ORDER] commander=ai team=Team_Human_Sol unit=Light Raider kind=move dst=(-1050,26,944)
[ORDER] commander=ai team=Team_Alien unit=Shocker kind=stop
[ORDER] commander=ai team=Team_Alien unit=Shocker kind=move dst=(1586,90,206)
[ORDER] commander=ai team=Team_Alien unit=Shocker kind=move dst=(1586,90,206)
[ORDER] commander=ai team=Team_Alien unit=Shocker kind=move dst=(1586,90,206)
[ORDER] commander=ai team=Team_Alien unit=Squid kind=move dst=(1421,111,351)
[ORDER] commander=ai team=Team_Alien unit=Squid kind=move dst=(1421,111,351)
[ORDER] commander=ai team=Team_Alien unit=Squid kind=move dst=(1533,61,146)
[ORDER] commander=ai team=Team_Alien unit=Squid kind=move dst=(1533,61,146)
[ORDER] commander=ai team=Team_Alien unit=Squid kind=move dst=(1533,61,146)
[ORDER] commander=ai team=Team_Alien unit=Squid kind=move dst=(1533,61,146)
[ORDER] commander=ai team=Team_Alien unit=Shocker kind=move dst=(1589,91,208)
[ORDER] commander=ai team=Team_Alien unit=Shocker kind=move dst=(1589,91,208)
[ORDER] commander=ai team=Team_Alien unit=Shocker kind=move dst=(1589,91,208)
[H3] team=Team_Human_Centauri fire=Barracks nearHq=(-1095,-870)
[H3] team=Team_Human_Centauri fire=Research Facility nearHq=(-1095,-870)
[AI] [Team_Human_Centauri] tick=5 reqs=2 type={Construct:2} task={} prio(min/avg/max)=10/55.0/100 groups=0
[ORDER] commander=ai team=Team_Alien unit=Squid kind=move dst=(1421,111,351)
[ORDER] commander=ai team=Team_Alien unit=Squid kind=move dst=(1421,111,351)
[ORDER] commander=ai team=Team_Alien unit=Crab kind=stop
[ORDER] commander=ai team=Team_Alien unit=Crab kind=move dst=(1377,49,240)
[ORDER] commander=ai team=Team_Alien unit=Crab kind=move dst=(1377,49,240)
[ORDER] commander=ai team=Team_Alien unit=Crab kind=move dst=(1377,49,240)
[ORDER] commander=ai team=Team_Alien unit=Crab kind=move dst=(1386,30,185)
[ORDER] commander=ai team=Team_Alien unit=Horned Crab kind=move dst=(1386,30,185)
[ORDER] commander=ai team=Team_Alien unit=Horned Crab kind=move dst=(1386,30,185)
[ORDER] commander=ai team=Team_Alien unit=Shocker kind=stop
[H1] team=Team_Human_Sol fire=Refinery atBalterium=(-962,1073) refCount=2
[H1] team=Team_Human_Sol fire=Refinery atBalterium=(-1489,1092) refCount=3
[H3] team=Team_Human_Sol fire=Barracks nearHq=(-1110,840)
[H3] team=Team_Human_Sol fire=Research Facility nearHq=(-1110,840)
[AI] [Team_Human_Sol] tick=5 reqs=4 type={Construct:4} task={} prio(min/avg/max)=10/77.5/100 groups=0
[ORDER] commander=ai team=Team_Alien unit=Squid kind=move dst=(1289,32,273)
[ORDER] commander=ai team=Team_Alien unit=Squid kind=move dst=(1289,32,273)
[ORDER] commander=ai team=Team_Alien unit=Squid kind=move dst=(1289,32,273)
[P32] team=Team_Alien fire=Node towardPatchAt=(914,139) distToOwned=258m nodesOwned=4 anchorAt=(1470,240)
[AI] [Team_Alien] tick=5 reqs=3 type={Construct:3} task={} prio(min/avg/max)=10/70.0/100 groups=0
[ORDER] commander=ai team=Team_Alien unit=Squid kind=stop
[ORDER] commander=ai team=Team_Alien unit=Squid kind=move dst=(1420,112,351)
[ORDER] commander=ai team=Team_Alien unit=Squid kind=move dst=(1420,112,351)
[ORDER] commander=ai team=Team_Alien unit=Crab kind=move dst=(839,41,64)
[ORDER] commander=ai team=Team_Alien unit=Crab kind=move dst=(839,41,64)
[ORDER] commander=ai team=Team_Alien unit=Crab kind=move dst=(1383,29,181)
[ORDER] commander=ai team=Team_Alien unit=Horned Crab kind=move dst=(1383,29,181)
[ORDER] commander=ai team=Team_Alien unit=Horned Crab kind=move dst=(1383,29,181)
[P32] team=Team_Alien constructed=Cyst atBcAt=(1290,280) landedAt=(1345,230) result=UnmetPrerequisite
[ORDER] commander=ai team=Team_Human_Centauri unit=Assault Car kind=move dst=(-1125,64,-130)
[ORDER] commander=ai team=Team_Alien unit=Squid kind=move dst=(1420,113,351)
[ORDER] commander=ai team=Team_Alien unit=Squid kind=move dst=(1420,113,351)
[ORDER] commander=ai team=Team_Alien unit=Shocker kind=move dst=(739,55,-311)
[ORDER] commander=ai team=Team_Alien unit=Shocker kind=move dst=(1948,41,676)
[AI] [Team_Human_Centauri] tick=6 reqs=2 type={Construct:2} task={} prio(min/avg/max)=10/55.0/100 groups=0
[ORDER] commander=ai team=Team_Alien unit=Squid kind=move dst=(1420,113,351)
[ORDER] commander=ai team=Team_Alien unit=Squid kind=move dst=(1420,113,351)
[AI] [Team_Human_Sol] tick=6 reqs=4 type={Construct:4} task={} prio(min/avg/max)=10/77.5/100 groups=0
[ORDER] commander=ai team=Team_Human_Centauri unit=Light Raider kind=move dst=(-1035,29,-768)
[ORDER] commander=ai team=Team_Human_Centauri unit=Light Raider kind=move dst=(-1035,29,-768)
[ORDER] commander=ai team=Team_Alien unit=Squid kind=move dst=(1289,32,273)
[ORDER] commander=ai team=Team_Alien unit=Squid kind=move dst=(1289,32,273)
[ORDER] commander=ai team=Team_Alien unit=Squid kind=move dst=(1289,32,273)
[AI] [Team_Alien] tick=6 reqs=3 type={Construct:3} task={} prio(min/avg/max)=10/70.0/100 groups=0
[ORDER] commander=ai team=Team_Alien unit=Squid kind=stop
[ORDER] commander=ai team=Team_Alien unit=Squid kind=move dst=(1418,114,351)
[ORDER] commander=ai team=Team_Alien unit=Squid kind=move dst=(1418,114,351)
[ORDER] commander=ai team=Team_Alien unit=Squid kind=move dst=(1533,61,146)
[ORDER] commander=ai team=Team_Alien unit=Squid kind=move dst=(1533,61,146)
[ORDER] commander=ai team=Team_Alien unit=Squid kind=move dst=(1533,61,146)
[ORDER] commander=ai team=Team_Alien unit=Horned Crab kind=move dst=(739,55,-311)
[ORDER] commander=ai team=Team_Alien unit=Horned Crab kind=move dst=(739,55,-311)
[ORDER] commander=ai team=Team_Alien unit=Squid kind=move dst=(1413,116,348)
[ORDER] commander=ai team=Team_Alien unit=Squid kind=move dst=(1413,116,348)
[AI] [Team_Human_Centauri] tick=7 reqs=2 type={Construct:2} task={} prio(min/avg/max)=10/55.0/100 groups=0
[ORDER] commander=ai team=Team_Alien unit=Squid kind=move dst=(1413,116,348)
[ORDER] commander=ai team=Team_Alien unit=Squid kind=move dst=(1413,116,348)
[ORDER] commander=ai team=Team_Human_Sol unit=Light Striker kind=move dst=(-1190,67,46)
[ORDER] commander=ai team=Team_Alien unit=Squid kind=move dst=(1533,61,146)
[H1] team=Team_Human_Sol fire=Refinery atBalterium=(-962,1073) refCount=2
[H1] team=Team_Human_Sol fire=Refinery atBalterium=(-1489,1092) refCount=3
[H3] team=Team_Human_Sol fire=Barracks nearHq=(-1110,840)
[H3] team=Team_Human_Sol fire=Research Facility nearHq=(-1110,840)
[AI] [Team_Human_Sol] tick=7 reqs=4 type={Construct:4} task={} prio(min/avg/max)=10/77.5/100 groups=0
[ORDER] commander=ai team=Team_Alien unit=Squid kind=move dst=(1289,32,273)
[ORDER] commander=ai team=Team_Alien unit=Squid kind=move dst=(1289,32,273)
[ORDER] commander=ai team=Team_Alien unit=Squid kind=move dst=(1289,32,273)
[AI] [Team_Alien] tick=7 reqs=3 type={Construct:3} task={} prio(min/avg/max)=10/70.0/100 groups=0
[ORDER] commander=ai team=Team_Human_Centauri unit=Heavy Raider kind=move dst=(-1125,64,-130)
[ORDER] commander=ai team=Team_Alien unit=Squid kind=stop
[ORDER] commander=ai team=Team_Alien unit=Squid kind=move dst=(1413,116,348)
[ORDER] commander=ai team=Team_Alien unit=Squid kind=move dst=(1413,116,348)
[ORDER] commander=ai team=Team_Alien unit=Squid kind=move dst=(1533,61,146)
[ORDER] commander=ai team=Team_Alien unit=Squid kind=move dst=(1533,61,146)
[ORDER] commander=ai team=Team_Alien unit=Squid kind=move dst=(1533,61,146)
[ORDER] commander=ai team=Team_Human_Centauri unit=Assault Car kind=move dst=(-1125,64,-130)
[ORDER] commander=ai team=Team_Alien unit=Squid kind=move dst=(1412,116,347)
[ORDER] commander=ai team=Team_Alien unit=Squid kind=move dst=(1412,116,347)
[ORDER] commander=ai team=Team_Alien unit=Squid kind=move dst=(1533,61,146)
[ORDER] commander=ai team=Team_Human_Centauri unit=Heavy Raider kind=move dst=(-1190,67,46)
[ORDER] commander=ai team=Team_Human_Centauri unit=Heavy Raider kind=move dst=(-1076,33,-696)
[ORDER] commander=ai team=Team_Human_Centauri unit=Assault Car kind=stop
[ORDER] commander=ai team=Team_Human_Centauri unit=Assault Car kind=move dst=(-1076,33,-696)
[AI] [Team_Human_Centauri] tick=8 reqs=2 type={Construct:2} task={} prio(min/avg/max)=10/55.0/100 groups=0
[ORDER] commander=ai team=Team_Alien unit=Squid kind=move dst=(1412,116,347)
[ORDER] commander=ai team=Team_Alien unit=Squid kind=move dst=(1412,116,347)
[ORDER] commander=ai team=Team_Alien unit=Squid kind=move dst=(1533,61,146)
[ORDER] commander=ai team=Team_Alien unit=Squid kind=move dst=(1533,61,146)
[ORDER] commander=ai team=Team_Alien unit=Squid kind=move dst=(1533,61,146)
[AI] [Team_Human_Sol] tick=8 reqs=4 type={Construct:4} task={} prio(min/avg/max)=10/77.5/100 groups=0
[ORDER] commander=ai team=Team_Human_Centauri unit=Light Raider kind=move dst=(-1190,67,46)
[ORDER] commander=ai team=Team_Alien unit=Squid kind=move dst=(1289,32,273)
[ORDER] commander=ai team=Team_Alien unit=Squid kind=move dst=(1289,32,273)
[ORDER] commander=ai team=Team_Alien unit=Squid kind=move dst=(1289,32,273)
[ORDER] commander=ai team=Team_Alien unit=Hunter kind=move dst=(900,28,208)
[ORDER] commander=ai team=Team_Alien unit=Hunter kind=move dst=(900,28,208)
[ORDER] commander=ai team=Team_Alien unit=Hunter kind=move dst=(900,28,208)
[AI] [Team_Alien] tick=8 reqs=3 type={Construct:3} task={} prio(min/avg/max)=10/70.0/100 groups=0
[ORDER] commander=ai team=Team_Human_Centauri unit=Heavy Raider kind=move dst=(-1074,34,-691)
[ORDER] commander=ai team=Team_Human_Centauri unit=Assault Car kind=move dst=(-1074,34,-691)
[ORDER] commander=ai team=Team_Alien unit=Squid kind=stop
[ORDER] commander=ai team=Team_Alien unit=Squid kind=move dst=(1410,117,347)
[ORDER] commander=ai team=Team_Alien unit=Squid kind=move dst=(1410,117,347)
[ORDER] commander=ai team=Team_Alien unit=Crab kind=stop
[ORDER] commander=ai team=Team_Alien unit=Crab kind=move dst=(1279,24,217)
[ORDER] commander=ai team=Team_Alien unit=Crab kind=move dst=(1279,24,217)
[ORDER] commander=ai team=Team_Alien unit=Crab kind=move dst=(1279,24,217)
[ORDER] commander=ai team=Team_Alien unit=Squid kind=move dst=(1533,61,146)
[ORDER] commander=ai team=Team_Human_Centauri unit=Assault Car kind=move dst=(-1125,64,-130)
[ORDER] commander=ai team=Team_Alien unit=Squid kind=move dst=(1406,120,345)
[ORDER] commander=ai team=Team_Alien unit=Squid kind=move dst=(1406,120,345)
[ORDER] commander=ai team=Team_Human_Sol unit=Light Striker kind=move dst=(-1190,67,46)
[ORDER] commander=ai team=Team_Alien unit=Squid kind=move dst=(1533,61,146)
[ORDER] commander=ai team=Team_Alien unit=Squid kind=move dst=(1533,61,146)
[AI] [Team_Human_Centauri] tick=9 reqs=2 type={Construct:2} task={} prio(min/avg/max)=10/55.0/100 groups=0
[ORDER] commander=ai team=Team_Alien unit=Squid kind=move dst=(1406,120,345)
[ORDER] commander=ai team=Team_Alien unit=Squid kind=move dst=(1406,120,345)
[ORDER] commander=ai team=Team_Alien unit=Crab kind=move dst=(839,41,64)
[ORDER] commander=ai team=Team_Alien unit=Squid kind=move dst=(1533,61,146)
[ORDER] commander=ai team=Team_Alien unit=Squid kind=move dst=(1533,61,146)
[H1] team=Team_Human_Sol fire=Refinery atBalterium=(-962,1073) refCount=2
[H1] team=Team_Human_Sol fire=Refinery atBalterium=(-1489,1092) refCount=3
[H3] team=Team_Human_Sol fire=Barracks nearHq=(-1110,840)
[H3] team=Team_Human_Sol fire=Research Facility nearHq=(-1110,840)
[AI] [Team_Human_Sol] tick=9 reqs=4 type={Construct:4} task={} prio(min/avg/max)=10/77.5/100 groups=0
[ORDER] commander=ai team=Team_Alien unit=Squid kind=move dst=(1289,32,273)
[ORDER] commander=ai team=Team_Alien unit=Squid kind=move dst=(1289,32,273)
[ORDER] commander=ai team=Team_Alien unit=Squid kind=move dst=(1289,32,273)
[AI] [Team_Alien] tick=9 reqs=3 type={Construct:3} task={} prio(min/avg/max)=10/70.0/100 groups=0
[ORDER] commander=ai team=Team_Alien unit=Shocker kind=move dst=(1948,41,676)
[ORDER] commander=ai team=Team_Alien unit=Squid kind=stop
[ORDER] commander=ai team=Team_Alien unit=Squid kind=move dst=(1406,120,344)
[ORDER] commander=ai team=Team_Alien unit=Squid kind=move dst=(1406,120,344)
[ORDER] commander=ai team=Team_Human_Sol unit=Light Striker kind=stop
[ORDER] commander=ai team=Team_Human_Sol unit=Light Striker kind=move dst=(-1174,31,674)
[ORDER] commander=ai team=Team_Human_Sol unit=Heavy Quad kind=move dst=(-1174,31,674)
[ORDER] commander=ai team=Team_Alien unit=Squid kind=move dst=(1533,61,146)
[ORDER] commander=ai team=Team_Alien unit=Squid kind=move dst=(1533,61,146)
[ORDER] commander=ai team=Team_Alien unit=Crab kind=stop
[ORDER] commander=ai team=Team_Alien unit=Crab kind=move dst=(1256,24,208)
[ORDER] commander=ai team=Team_Alien unit=Crab kind=move dst=(1256,24,208)
[ORDER] commander=ai team=Team_Alien unit=Crab kind=move dst=(1256,24,208)
[ORDER] commander=ai team=Team_Human_Sol unit=Light Striker kind=move dst=(-1190,67,46)
[ORDER] commander=ai team=Team_Alien unit=Squid kind=move dst=(1533,61,146)
[ORDER] commander=ai team=Team_Alien unit=Squid kind=move dst=(1533,61,146)
[ORDER] commander=ai team=Team_Alien unit=Squid kind=move dst=(1533,61,146)
[ORDER] commander=ai team=Team_Alien unit=Squid kind=move dst=(1533,61,146)
[AI] [Team_Human_Centauri] tick=10 reqs=2 type={Construct:2} task={} prio(min/avg/max)=10/55.0/100 groups=0
[ORDER] commander=ai team=Team_Alien unit=Crab kind=move dst=(839,41,64)
[ORDER] commander=ai team=Team_Alien unit=Squid kind=move dst=(1533,61,146)
[ORDER] commander=ai team=Team_Alien unit=Squid kind=move dst=(1533,61,146)
[ORDER] commander=ai team=Team_Alien unit=Squid kind=move dst=(1533,61,146)
[AI] [Team_Human_Sol] tick=10 reqs=4 type={Construct:4} task={} prio(min/avg/max)=10/77.5/100 groups=0
[ORDER] commander=ai team=Team_Alien unit=Squid kind=move dst=(1128,21,881)
[ORDER] commander=ai team=Team_Alien unit=Squid kind=move dst=(1128,21,881)
[ORDER] commander=ai team=Team_Alien unit=Squid kind=move dst=(1128,21,881)
[AI] [Team_Alien] tick=10 reqs=3 type={Construct:3} task={} prio(min/avg/max)=10/70.0/100 groups=0
[ORDER] commander=ai team=Team_Alien unit=Squid kind=move dst=(1533,61,146)
[ORDER] commander=ai team=Team_Alien unit=Squid kind=move dst=(1533,61,146)
[ORDER] commander=ai team=Team_Alien unit=Squid kind=move dst=(1533,61,146)
[ORDER] commander=ai team=Team_Alien unit=Squid kind=move dst=(1533,61,146)
[ORDER] commander=ai team=Team_Human_Sol unit=Heavy Quad kind=move dst=(-1768,26,618)
[ORDER] commander=ai team=Team_Human_Sol unit=Light Raider kind=move dst=(-1768,26,618)
[ORDER] commander=ai team=Team_Human_Sol unit=Light Raider kind=move dst=(-1768,26,618)
[ORDER] commander=ai team=Team_Human_Centauri unit=Heavy Raider kind=move dst=(-1125,64,-130)
[ORDER] commander=ai team=Team_Human_Centauri unit=Assault Car kind=move dst=(-1125,64,-130)
[ORDER] commander=ai team=Team_Alien unit=Crab kind=move dst=(839,41,64)
[ORDER] commander=ai team=Team_Alien unit=Squid kind=move dst=(1533,61,146)
[ORDER] commander=ai team=Team_Alien unit=Squid kind=move dst=(1533,61,146)
[ORDER] commander=ai team=Team_Alien unit=Squid kind=move dst=(1533,61,146)
[ORDER] commander=ai team=Team_Human_Centauri unit=Light Raider kind=move dst=(-1190,67,46)
[ORDER] commander=ai team=Team_Alien unit=Shocker kind=move dst=(1948,41,676)
[AI] [Team_Human_Centauri] tick=11 reqs=2 type={Construct:2} task={} prio(min/avg/max)=10/55.0/100 groups=0
[ORDER] commander=ai team=Team_Alien unit=Crab kind=stop
[ORDER] commander=ai team=Team_Alien unit=Crab kind=move dst=(1227,24,180)
[ORDER] commander=ai team=Team_Alien unit=Crab kind=move dst=(1227,24,180)
[ORDER] commander=ai team=Team_Alien unit=Crab kind=move dst=(1227,24,180)
[ORDER] commander=ai team=Team_Alien unit=Squid kind=move dst=(1533,61,146)
[ORDER] commander=ai team=Team_Alien unit=Squid kind=move dst=(1533,61,146)
[ORDER] commander=ai team=Team_Alien unit=Squid kind=move dst=(1533,61,146)
[H1] team=Team_Human_Sol fire=Refinery atBalterium=(-962,1073) refCount=2
[H1] team=Team_Human_Sol fire=Refinery atBalterium=(-1489,1092) refCount=3
[H3] team=Team_Human_Sol fire=Barracks nearHq=(-1110,840)
[H3] team=Team_Human_Sol fire=Research Facility nearHq=(-1110,840)
[AI] [Team_Human_Sol] tick=11 reqs=4 type={Construct:4} task={} prio(min/avg/max)=10/77.5/100 groups=0
[ORDER] commander=ai team=Team_Alien unit=Queen kind=attack tgt=SpecialContainer_Long_01_Small(Clone) (Target)
[AI] [Team_Alien] tick=11 reqs=3 type={Construct:3} task={} prio(min/avg/max)=10/70.0/100 groups=0
[ORDER] commander=ai team=Team_Human_Centauri unit=Heavy Raider kind=move dst=(-1025,39,-641)
[ORDER] commander=ai team=Team_Human_Centauri unit=Assault Car kind=stop
[ORDER] commander=ai team=Team_Human_Centauri unit=Assault Car kind=move dst=(-1025,39,-641)
[SPAWN_S] team=Team_Alien structure=Bio Cache at=(1585,305)
[P32] team=Team_Alien reject=BC-too-far patchAt=(1768,99) landedAt=(1750,210) dist=112m → will node instead
[SPAWN_S] team=Team_Alien structure=Bio Cache at=(1395,400)
[ORDER] commander=ai team=Team_Alien unit=Crab kind=move dst=(839,41,64)
[ORDER] commander=ai team=Team_Human_Sol unit=Light Striker kind=move dst=(-1190,67,46)
[ORDER] commander=ai team=Team_Alien unit=Squid kind=move dst=(1533,61,146)
[ORDER] commander=ai team=Team_Alien unit=Squid kind=move dst=(1533,61,146)
[ORDER] commander=ai team=Team_Alien unit=Squid kind=move dst=(1533,61,146)
[ORDER] commander=ai team=Team_Alien unit=Squid kind=move dst=(1533,61,146)
[ORDER] commander=ai team=Team_Alien unit=Queen kind=move dst=(731,25,250)
[ORDER] commander=ai team=Team_Human_Centauri unit=Heavy Raider kind=move dst=(-1019,39,-635)
[ORDER] commander=ai team=Team_Human_Centauri unit=Assault Car kind=move dst=(-1019,39,-635)
[ORDER] commander=ai team=Team_Alien unit=Crab kind=move dst=(839,41,64)
[ORDER] commander=ai team=Team_Alien unit=Squid kind=move dst=(1533,61,146)
[ORDER] commander=ai team=Team_Alien unit=Squid kind=move dst=(1533,61,146)
[ORDER] commander=ai team=Team_Alien unit=Squid kind=move dst=(1533,61,146)
[ORDER] commander=ai team=Team_Alien unit=Squid kind=move dst=(1533,61,146)
[ORDER] commander=ai team=Team_Human_Sol unit=Heavy Quad kind=stop
[ORDER] commander=ai team=Team_Human_Sol unit=Light Raider kind=move dst=(-1058,26,957)
[ORDER] commander=ai team=Team_Human_Sol unit=Light Raider kind=move dst=(-1058,26,957)
[ORDER] commander=ai team=Team_Human_Centauri unit=Assault Car kind=move dst=(-1125,64,-130)
[AI] [Team_Human_Centauri] tick=12 reqs=2 type={Construct:2} task={} prio(min/avg/max)=10/55.0/100 groups=0
[ORDER] commander=ai team=Team_Human_Sol unit=Light Striker kind=stop
[ORDER] commander=ai team=Team_Human_Sol unit=Light Striker kind=move dst=(-1186,39,612)
[ORDER] commander=ai team=Team_Human_Sol unit=Heavy Quad kind=move dst=(-1186,39,612)
[ORDER] commander=ai team=Team_Alien unit=Squid kind=move dst=(1533,61,146)
[ORDER] commander=ai team=Team_Alien unit=Squid kind=move dst=(1533,61,146)
[ORDER] commander=ai team=Team_Alien unit=Squid kind=move dst=(1533,61,146)
[ORDER] commander=ai team=Team_Human_Sol unit=Light Raider kind=move dst=(-1063,26,957)
[ORDER] commander=ai team=Team_Human_Sol unit=Light Raider kind=move dst=(-1063,26,957)
[AI] [Team_Human_Sol] tick=12 reqs=4 type={Construct:4} task={} prio(min/avg/max)=10/77.5/100 groups=0
[ORDER] commander=ai team=Team_Alien unit=Crab kind=move dst=(936,24,580)
[ORDER] commander=ai team=Team_Alien unit=Shocker kind=move dst=(936,24,580)
[ORDER] commander=ai team=Team_Alien unit=Shocker kind=move dst=(936,24,580)
[ORDER] commander=ai team=Team_Alien unit=Shocker kind=move dst=(936,24,580)
[P32] team=Team_Alien fire=Node towardPatchAt=(1768,99) distToOwned=130m nodesOwned=5 anchorAt=(1470,240)
[P32] team=Team_Alien fire=Node towardPatchAt=(936,580) distToOwned=372m nodesOwned=6 anchorAt=(1470,240)
[AI] [Team_Alien] tick=12 reqs=2 type={Construct:2} task={} prio(min/avg/max)=5/7.5/10 groups=0
[ORDER] commander=ai team=Team_Human_Sol unit=Light Striker kind=move dst=(-1190,67,46)
[ORDER] commander=ai team=Team_Alien unit=Squid kind=move dst=(1533,61,146)
[ORDER] commander=ai team=Team_Alien unit=Squid kind=move dst=(1533,61,146)
[ORDER] commander=ai team=Team_Alien unit=Squid kind=move dst=(1533,61,146)
[ORDER] commander=ai team=Team_Alien unit=Crab kind=move dst=(739,55,-311)
[ORDER] commander=ai team=Team_Alien unit=Squid kind=move dst=(1533,61,146)
[ORDER] commander=ai team=Team_Alien unit=Squid kind=move dst=(1533,61,146)
[ORDER] commander=ai team=Team_Alien unit=Squid kind=move dst=(1533,61,146)
[ORDER] commander=ai team=Team_Alien unit=Squid kind=move dst=(1533,61,146)
[ORDER] commander=ai team=Team_Human_Sol unit=Heavy Quad kind=move dst=(-1768,26,618)
[ORDER] commander=ai team=Team_Human_Sol unit=Light Raider kind=move dst=(-1768,26,618)
[ORDER] commander=ai team=Team_Human_Sol unit=Light Raider kind=move dst=(-1768,26,618)
[ORDER] commander=ai team=Team_Human_Sol unit=Scout kind=stop
[ORDER] commander=ai team=Team_Human_Sol unit=Scout kind=move dst=(-734,45,824)
[ORDER] commander=ai team=Team_Human_Sol unit=Scout kind=move dst=(-734,45,824)
[ORDER] commander=ai team=Team_Human_Sol unit=Rifleman kind=move dst=(-734,45,824)
[ORDER] commander=ai team=Team_Alien unit=Shocker kind=move dst=(1948,41,676)
[AI] [Team_Human_Centauri] tick=13 reqs=2 type={Construct:2} task={} prio(min/avg/max)=10/55.0/100 groups=0
[ORDER] commander=ai team=Team_Alien unit=Crab kind=stop
[ORDER] commander=ai team=Team_Alien unit=Crab kind=move dst=(1170,30,150)
[ORDER] commander=ai team=Team_Alien unit=Crab kind=move dst=(1170,30,150)
[ORDER] commander=ai team=Team_Alien unit=Crab kind=move dst=(1170,30,150)
[ORDER] commander=ai team=Team_Alien unit=Squid kind=move dst=(1533,61,146)
[ORDER] commander=ai team=Team_Alien unit=Squid kind=move dst=(1533,61,146)
[ORDER] commander=ai team=Team_Alien unit=Squid kind=move dst=(1533,61,146)
[ORDER] commander=ai team=Team_Alien unit=Squid kind=move dst=(1533,61,146)
[H1] team=Team_Human_Sol fire=Refinery atBalterium=(-962,1073) refCount=2
[H1] team=Team_Human_Sol fire=Refinery atBalterium=(-1489,1092) refCount=3
[H3] team=Team_Human_Sol fire=Barracks nearHq=(-1110,840)
[H3] team=Team_Human_Sol fire=Research Facility nearHq=(-1110,840)
[AI] [Team_Human_Sol] tick=13 reqs=4 type={Construct:4} task={} prio(min/avg/max)=10/77.5/100 groups=0
[ORDER] commander=ai team=Team_Alien unit=Shrimp kind=move dst=(1768,127,99)
[ORDER] commander=ai team=Team_Alien unit=Hunter kind=move dst=(1217,86,-280)
[ORDER] commander=ai team=Team_Alien unit=Crab kind=move dst=(936,24,580)
[ORDER] commander=ai team=Team_Alien unit=Shocker kind=move dst=(936,24,580)
[ORDER] commander=ai team=Team_Alien unit=Shocker kind=move dst=(936,24,580)
[ORDER] commander=ai team=Team_Alien unit=Shocker kind=move dst=(936,24,580)
[ORDER] commander=ai team=Team_Alien unit=Squid kind=move dst=(1128,21,881)
[ORDER] commander=ai team=Team_Alien unit=Squid kind=move dst=(1128,21,881)
[ORDER] commander=ai team=Team_Alien unit=Squid kind=move dst=(1128,21,881)
[P32] team=Team_Alien cleared force-node patchAt=(1768,99) distToOwned=8m — retrying BC placement
[P32] team=Team_Alien fire=Node towardPatchAt=(1217,-280) distToOwned=422m nodesOwned=6 anchorAt=(1470,240)
[P32] team=Team_Alien fire=Node towardPatchAt=(1128,881) distToOwned=550m nodesOwned=7 anchorAt=(1470,240)
[AI] [Team_Alien] tick=13 reqs=2 type={Construct:2} task={} prio(min/avg/max)=5/7.5/10 groups=0
[ORDER] commander=ai team=Team_Human_Centauri unit=Heavy Raider kind=move dst=(-1125,64,-130)
[SPAWN_S] team=Team_Alien structure=Bio Cache at=(1290,280)
[ORDER] commander=ai team=Team_Alien unit=Crab kind=move dst=(1168,31,147)
[ORDER] commander=ai team=Team_Alien unit=Crab kind=move dst=(1168,31,147)
[ORDER] commander=ai team=Team_Alien unit=Crab kind=move dst=(1168,31,147)
[ORDER] commander=ai team=Team_Alien unit=Squid kind=move dst=(1533,61,146)
[ORDER] commander=ai team=Team_Alien unit=Squid kind=move dst=(1533,61,146)
[ORDER] commander=ai team=Team_Alien unit=Squid kind=move dst=(1533,61,146)
[ORDER] commander=ai team=Team_Human_Sol unit=Scout kind=move dst=(-769,17,509)
[ORDER] commander=ai team=Team_Human_Sol unit=Scout kind=move dst=(-769,17,509)
[ORDER] commander=ai team=Team_Human_Sol unit=Scout kind=move dst=(-769,17,509)
[ORDER] commander=ai team=Team_Human_Centauri unit=Assault Car kind=move dst=(-1125,64,-130)
[ORDER] commander=ai team=Team_Alien unit=Crab kind=move dst=(839,41,64)
[ORDER] commander=ai team=Team_Alien unit=Squid kind=move dst=(1533,61,146)
[ORDER] commander=ai team=Team_Alien unit=Squid kind=move dst=(1533,61,146)
[ORDER] commander=ai team=Team_Alien unit=Squid kind=move dst=(1533,61,146)
[ORDER] commander=ai team=Team_Alien unit=Squid kind=move dst=(1533,61,146)
[ORDER] commander=ai team=Team_Alien unit=Crab kind=move dst=(1205,45,481)
[ORDER] commander=ai team=Team_Alien unit=Shocker kind=stop
[ORDER] commander=ai team=Team_Alien unit=Shocker kind=move dst=(1205,45,481)
[ORDER] commander=ai team=Team_Alien unit=Shocker kind=move dst=(1205,45,481)
[AI] [Team_Human_Centauri] tick=14 reqs=2 type={Construct:2} task={} prio(min/avg/max)=10/55.0/100 groups=0
[ORDER] commander=ai team=Team_Alien unit=Crab kind=move dst=(839,41,64)
[ORDER] commander=ai team=Team_Human_Sol unit=Light Striker kind=move dst=(-1190,67,46)
[ORDER] commander=ai team=Team_Alien unit=Squid kind=move dst=(1533,61,146)
[ORDER] commander=ai team=Team_Alien unit=Squid kind=move dst=(1533,61,146)
[ORDER] commander=ai team=Team_Alien unit=Squid kind=move dst=(1533,61,146)
[ORDER] commander=ai team=Team_Alien unit=Squid kind=move dst=(1533,61,146)
[AI] [Team_Human_Sol] tick=14 reqs=4 type={Construct:4} task={} prio(min/avg/max)=10/77.5/100 groups=0
[ORDER] commander=ai team=Team_Alien unit=Crab kind=move dst=(0,0,0)
[ORDER] commander=ai team=Team_Alien unit=Hunter kind=move dst=(1238,83,-664)
[ORDER] commander=ai team=Team_Alien unit=Crab kind=move dst=(1217,86,-280)
[ORDER] commander=ai team=Team_Alien unit=Shocker kind=move dst=(1217,86,-280)
[ORDER] commander=ai team=Team_Alien unit=Shocker kind=move dst=(1217,86,-280)
[ORDER] commander=ai team=Team_Alien unit=Shocker kind=move dst=(1217,86,-280)
[ORDER] commander=ai team=Team_Alien unit=Squid kind=move dst=(1128,21,881)
[ORDER] commander=ai team=Team_Alien unit=Squid kind=move dst=(1128,21,881)
[ORDER] commander=ai team=Team_Alien unit=Squid kind=move dst=(1128,21,881)
[ORDER] commander=ai team=Team_Alien unit=Hunter kind=move dst=(957,101,-318)
[ORDER] commander=ai team=Team_Alien unit=Hunter kind=move dst=(957,101,-318)
[ORDER] commander=ai team=Team_Alien unit=Hunter kind=move dst=(957,101,-318)
[P32] team=Team_Alien fire=Node towardPatchAt=(936,580) distToOwned=251m nodesOwned=7 anchorAt=(1470,240)
[AI] [Team_Alien] tick=14 reqs=1 type={Construct:1} task={} prio(min/avg/max)=10/10.0/10 groups=0
[ORDER] commander=ai team=Team_Alien unit=Squid kind=move dst=(1533,61,146)
[ORDER] commander=ai team=Team_Alien unit=Squid kind=move dst=(1533,61,146)
[ORDER] commander=ai team=Team_Alien unit=Squid kind=move dst=(1533,61,146)
[ORDER] commander=ai team=Team_Alien unit=Squid kind=move dst=(1533,61,146)
[ORDER] commander=ai team=Team_Alien unit=Hunter kind=move dst=(1238,83,-664)
[ORDER] commander=ai team=Team_Human_Sol unit=Light Striker kind=stop
[ORDER] commander=ai team=Team_Human_Sol unit=Light Striker kind=move dst=(-1182,42,541)
[ORDER] commander=ai team=Team_Human_Sol unit=Heavy Quad kind=move dst=(-1182,42,541)
[ORDER] commander=ai team=Team_Alien unit=Squid kind=move dst=(1533,61,146)
[ORDER] commander=ai team=Team_Alien unit=Squid kind=move dst=(1533,61,146)
[ORDER] commander=ai team=Team_Alien unit=Squid kind=move dst=(1533,61,146)
[ORDER] commander=ai team=Team_Human_Centauri unit=Squad Transport kind=attack tgt=SpecialContainer_Long_01_Small(Clone) (Target)
[AI] [Team_Human_Centauri] tick=15 reqs=2 type={Construct:2} task={} prio(min/avg/max)=10/55.0/100 groups=0
[ORDER] commander=ai team=Team_Human_Centauri unit=Squad Transport kind=move dst=(-528,57,-857)
[ORDER] commander=ai team=Team_Human_Centauri unit=Assault Car kind=move dst=(-1292,20,-1069)
[ORDER] commander=ai team=Team_Human_Sol unit=Light Striker kind=move dst=(-1182,42,531)
[ORDER] commander=ai team=Team_Human_Sol unit=Heavy Quad kind=move dst=(-1182,42,531)
[ORDER] commander=ai team=Team_Alien unit=Squid kind=move dst=(1533,61,146)
[ORDER] commander=ai team=Team_Alien unit=Squid kind=move dst=(1533,61,146)
[ORDER] commander=ai team=Team_Alien unit=Squid kind=move dst=(1533,61,146)
[ORDER] commander=ai team=Team_Alien unit=Squid kind=move dst=(1533,61,146)
[H1] team=Team_Human_Sol fire=Refinery atBalterium=(-962,1073) refCount=2
[H1] team=Team_Human_Sol fire=Refinery atBalterium=(-1489,1092) refCount=3
[H3] team=Team_Human_Sol fire=Barracks nearHq=(-1110,840)
[H3] team=Team_Human_Sol fire=Research Facility nearHq=(-1110,840)
[AI] [Team_Human_Sol] tick=15 reqs=4 type={Construct:4} task={} prio(min/avg/max)=10/77.5/100 groups=0
[ORDER] commander=ai team=Team_Alien unit=Crab kind=move dst=(1217,86,-280)
[ORDER] commander=ai team=Team_Alien unit=Shocker kind=move dst=(1217,86,-280)
[ORDER] commander=ai team=Team_Alien unit=Shocker kind=move dst=(1217,86,-280)
[ORDER] commander=ai team=Team_Alien unit=Shocker kind=move dst=(1217,86,-280)
[ORDER] commander=ai team=Team_Alien unit=Squid kind=move dst=(770,24,841)
[ORDER] commander=ai team=Team_Alien unit=Squid kind=move dst=(770,24,841)
[ORDER] commander=ai team=Team_Alien unit=Squid kind=move dst=(770,24,841)
[P32] team=Team_Alien fire=Node towardPatchAt=(1082,-567) distToOwned=734m nodesOwned=8 anchorAt=(1470,240)
[AI] [Team_Alien] tick=15 reqs=1 type={Construct:1} task={} prio(min/avg/max)=10/10.0/10 groups=0
[ORDER] commander=ai team=Team_Human_Sol unit=Light Striker kind=move dst=(-1190,67,46)
[ORDER] commander=ai team=Team_Alien unit=Squid kind=move dst=(1533,61,146)
[ORDER] commander=ai team=Team_Alien unit=Squid kind=move dst=(1533,61,146)
[ORDER] commander=ai team=Team_Alien unit=Squid kind=move dst=(1533,61,146)
[ORDER] commander=ai team=Team_Alien unit=Crab kind=move dst=(1147,81,-21)
[ORDER] commander=ai team=Team_Alien unit=Horned Crab kind=move dst=(1147,81,-21)
[ORDER] commander=ai team=Team_Alien unit=Horned Crab kind=move dst=(1147,81,-21)
[ORDER] commander=ai team=Team_Alien unit=Shocker kind=stop
[ORDER] commander=ai team=Team_Alien unit=Crab kind=stop
[ORDER] commander=ai team=Team_Alien unit=Crab kind=move dst=(1082,42,130)
[ORDER] commander=ai team=Team_Alien unit=Crab kind=move dst=(1082,42,130)
[ORDER] commander=ai team=Team_Alien unit=Crab kind=move dst=(1082,42,130)
[ORDER] commander=ai team=Team_Alien unit=Squid kind=move dst=(1533,61,146)
[ORDER] commander=ai team=Team_Alien unit=Squid kind=move dst=(1533,61,146)
[ORDER] commander=ai team=Team_Alien unit=Squid kind=move dst=(1533,61,146)
[ORDER] commander=ai team=Team_Alien unit=Squid kind=move dst=(1533,61,146)
[ORDER] commander=ai team=Team_Alien unit=Shocker kind=move dst=(739,55,-311)
[AI] [Team_Human_Centauri] tick=16 reqs=2 type={Construct:2} task={} prio(min/avg/max)=10/55.0/100 groups=0
[ORDER] commander=ai team=Team_Alien unit=Crab kind=move dst=(839,41,64)
[ORDER] commander=ai team=Team_Alien unit=Squid kind=move dst=(1533,61,146)
[ORDER] commander=ai team=Team_Alien unit=Squid kind=move dst=(1533,61,146)
[ORDER] commander=ai team=Team_Alien unit=Squid kind=move dst=(1533,61,146)
[ORDER] commander=ai team=Team_Human_Sol unit=Platoon Hauler kind=move dst=(-228,29,1086)
[H2] team=Team_Human_Sol fire=Headquarters argmaxCell=(122,158) val=48 atWorld=(-1244,196) hqCount=2
[AI] [Team_Human_Sol] tick=16 reqs=4 type={Construct:4} task={} prio(min/avg/max)=10/77.5/100 groups=0
[ORDER] commander=ai team=Team_Alien unit=Crab kind=move dst=(1217,86,-280)
[ORDER] commander=ai team=Team_Alien unit=Shocker kind=move dst=(1217,86,-280)
[ORDER] commander=ai team=Team_Alien unit=Shocker kind=move dst=(1217,86,-280)
[ORDER] commander=ai team=Team_Alien unit=Shocker kind=move dst=(1217,86,-280)
[ORDER] commander=ai team=Team_Alien unit=Squid kind=move dst=(770,24,841)
[ORDER] commander=ai team=Team_Alien unit=Squid kind=move dst=(770,24,841)
[ORDER] commander=ai team=Team_Alien unit=Squid kind=move dst=(770,24,841)
[P32] team=Team_Alien fire=Node towardPatchAt=(1128,881) distToOwned=269m nodesOwned=9 anchorAt=(1470,240)
[P32] team=Team_Alien fire=Node towardPatchAt=(770,841) distToOwned=291m nodesOwned=10 anchorAt=(1470,240)
[AI] [Team_Alien] tick=16 reqs=1 type={Construct:1} task={} prio(min/avg/max)=10/10.0/10 groups=0
[ORDER] commander=ai team=Team_Alien unit=Squid kind=move dst=(1533,61,146)
[ORDER] commander=ai team=Team_Alien unit=Squid kind=move dst=(1533,61,146)
[ORDER] commander=ai team=Team_Alien unit=Squid kind=move dst=(1533,61,146)
[ORDER] commander=ai team=Team_Alien unit=Horned Crab kind=move dst=(739,55,-311)
[ORDER] commander=ai team=Team_Human_Sol unit=Heavy Quad kind=stop
[ORDER] commander=ai team=Team_Human_Sol unit=Light Raider kind=move dst=(-1167,27,916)
[ORDER] commander=ai team=Team_Human_Sol unit=Light Raider kind=move dst=(-1167,27,916)
[ORDER] commander=ai team=Team_Human_Sol unit=Scout kind=stop
[ORDER] commander=ai team=Team_Human_Sol unit=Scout kind=move dst=(-695,63,778)
[ORDER] commander=ai team=Team_Human_Sol unit=Scout kind=move dst=(-695,63,778)
[ORDER] commander=ai team=Team_Human_Sol unit=Rifleman kind=move dst=(-695,63,778)
[ORDER] commander=ai team=Team_Alien unit=Crab kind=move dst=(839,41,64)
[ORDER] commander=ai team=Team_Alien unit=Squid kind=move dst=(1533,61,146)
[ORDER] commander=ai team=Team_Alien unit=Squid kind=move dst=(1533,61,146)
[ORDER] commander=ai team=Team_Alien unit=Squid kind=move dst=(1533,61,146)
[ORDER] commander=ai team=Team_Alien unit=Squid kind=move dst=(1533,61,146)
[ORDER] commander=ai team=Team_Human_Sol unit=Light Raider kind=move dst=(-1173,27,915)
[ORDER] commander=ai team=Team_Human_Sol unit=Light Raider kind=move dst=(-1173,27,915)
[ORDER] commander=ai team=Team_Human_Sol unit=Scout kind=move dst=(-694,63,776)
[ORDER] commander=ai team=Team_Human_Sol unit=Scout kind=move dst=(-694,63,776)
[ORDER] commander=ai team=Team_Human_Sol unit=Rifleman kind=move dst=(-694,63,776)
[AI] [Team_Human_Centauri] tick=17 reqs=2 type={Construct:2} task={} prio(min/avg/max)=10/55.0/100 groups=0
[SPAWN_S] team=Team_Human_Centauri structure=Refinery at=(-1035,-1170)
[SPAWN_U] team=Team_Human_Centauri unit=Harvester
[ORDER] commander=ai team=Team_Human_Sol unit=Light Striker kind=move dst=(-1190,67,46)
[ORDER] commander=ai team=Team_Alien unit=Squid kind=move dst=(1533,61,146)
[ORDER] commander=ai team=Team_Alien unit=Squid kind=move dst=(1533,61,146)
[ORDER] commander=ai team=Team_Alien unit=Squid kind=move dst=(1533,61,146)
[ORDER] commander=ai team=Team_Alien unit=Horned Crab kind=move dst=(739,55,-311)
[ORDER] commander=ai team=Team_Human_Sol unit=Platoon Hauler kind=move dst=(-1125,64,-130)
[ORDER] commander=ai team=Team_Human_Sol unit=Light Striker kind=move dst=(-1403,39,591)
[ORDER] commander=ai team=Team_Human_Sol unit=Light Striker kind=move dst=(-1403,39,591)
[ORDER] commander=ai team=Team_Human_Sol unit=Heavy Quad kind=move dst=(-1403,39,591)
[H1] team=Team_Human_Sol fire=Refinery atBalterium=(-962,1073) refCount=2
[H1] team=Team_Human_Sol fire=Refinery atBalterium=(-1489,1092) refCount=3
[H2] team=Team_Human_Sol fire=Headquarters argmaxCell=(132,152) val=46 atWorld=(-844,-44) hqCount=2
[H3] team=Team_Human_Sol fire=Barracks nearHq=(-1110,840)
[H3] team=Team_Human_Sol fire=Research Facility nearHq=(-1110,840)
[AI] [Team_Human_Sol] tick=17 reqs=4 type={Construct:4} task={} prio(min/avg/max)=10/77.5/100 groups=0
[ORDER] commander=ai team=Team_Human_Sol unit=Scout kind=move dst=(-769,17,509)
[ORDER] commander=ai team=Team_Alien unit=Crab kind=move dst=(1217,86,-280)
[ORDER] commander=ai team=Team_Alien unit=Shocker kind=move dst=(1217,86,-280)
[ORDER] commander=ai team=Team_Alien unit=Shocker kind=move dst=(1217,86,-280)
[ORDER] commander=ai team=Team_Alien unit=Shocker kind=move dst=(1217,86,-280)
[ORDER] commander=ai team=Team_Alien unit=Squid kind=move dst=(770,24,841)
[ORDER] commander=ai team=Team_Alien unit=Squid kind=move dst=(770,24,841)
[ORDER] commander=ai team=Team_Alien unit=Squid kind=move dst=(770,24,841)
[P32] team=Team_Alien fire=Node towardPatchAt=(1217,-280) distToOwned=286m nodesOwned=12 anchorAt=(1470,240)
[AI] [Team_Alien] tick=17 reqs=1 type={Construct:1} task={} prio(min/avg/max)=10/10.0/10 groups=0
[SPAWN_S] team=Team_Human_Centauri structure=Refinery at=(-1350,-615)
[SPAWN_U] team=Team_Human_Centauri unit=Harvester
[SPAWN_S] team=Team_Human_Centauri structure=Refinery at=(-1635,-1260)
[SPAWN_U] team=Team_Human_Centauri unit=Harvester
[ORDER] commander=ai team=Team_Alien unit=Squid kind=move dst=(1533,61,146)
[ORDER] commander=ai team=Team_Alien unit=Squid kind=move dst=(1533,61,146)
[ORDER] commander=ai team=Team_Alien unit=Squid kind=move dst=(1533,61,146)
[ORDER] commander=ai team=Team_Alien unit=Squid kind=move dst=(1533,61,146)
[ORDER] commander=ai team=Team_Human_Centauri unit=Heavy Raider kind=stop
[ORDER] commander=ai team=Team_Human_Centauri unit=Light Raider kind=move dst=(-1007,37,-374)
[ORDER] commander=ai team=Team_Human_Centauri unit=Light Raider kind=move dst=(-1007,37,-374)
[ORDER] commander=ai team=Team_Human_Sol unit=Scout kind=move dst=(-769,17,509)
[ORDER] commander=ai team=Team_Alien unit=Squid kind=move dst=(1533,61,146)
[ORDER] commander=ai team=Team_Alien unit=Squid kind=move dst=(1533,61,146)
[ORDER] commander=ai team=Team_Alien unit=Squid kind=move dst=(1533,61,146)
[SPAWN_S] team=Team_Human_Sol structure=Refinery at=(-1380,765)
[SPAWN_U] team=Team_Human_Sol unit=Harvester
[ORDER] commander=ai team=Team_Human_Centauri unit=Light Raider kind=move dst=(-1006,37,-364)
[ORDER] commander=ai team=Team_Human_Centauri unit=Light Raider kind=move dst=(-1006,37,-364)
[ORDER] commander=ai team=Team_Human_Centauri unit=Harvester kind=move dst=(-910,21,-1047)
[ORDER] commander=ai team=Team_Human_Centauri unit=Harvester kind=move dst=(-1229,25,-735)
[ORDER] commander=ai team=Team_Human_Centauri unit=Harvester kind=move dst=(-1515,26,-1118)
[ORDER] commander=ai team=Team_Human_Centauri unit=Squad Transport kind=attack tgt=SpecialContainer_Short_01_Small(Clone) (Target)
[ORDER] commander=ai team=Team_Human_Centauri unit=Squad Transport kind=move dst=(-1573,27,-1671)
[ORDER] commander=ai team=Team_Human_Centauri unit=Squad Transport kind=move dst=(-72,32,-865)
[AI] [Team_Human_Centauri] tick=18 reqs=1 type={Construct:1} task={} prio(min/avg/max)=10/10.0/10 groups=0
[SPAWN_S] team=Team_Alien structure=Node at=(1680,195)
[ORDER] commander=ai team=Team_Alien unit=Crab kind=stop
[ORDER] commander=ai team=Team_Alien unit=Crab kind=move dst=(1038,44,114)
[ORDER] commander=ai team=Team_Alien unit=Crab kind=move dst=(1038,44,114)
[ORDER] commander=ai team=Team_Alien unit=Crab kind=move dst=(1038,44,114)
[ORDER] commander=ai team=Team_Alien unit=Squid kind=move dst=(1533,61,146)
[ORDER] commander=ai team=Team_Alien unit=Squid kind=move dst=(1533,61,146)
[ORDER] commander=ai team=Team_Alien unit=Squid kind=move dst=(1533,61,146)
[ORDER] commander=ai team=Team_Human_Sol unit=Heavy Quad kind=move dst=(-1768,26,618)
[ORDER] commander=ai team=Team_Human_Sol unit=Light Raider kind=move dst=(-1768,26,618)
[ORDER] commander=ai team=Team_Human_Sol unit=Light Raider kind=move dst=(-1768,26,618)
[ORDER] commander=ai team=Team_Human_Sol unit=Harvester kind=move dst=(-1248,38,631)
[ORDER] commander=ai team=Team_Human_Sol unit=Heavy Quad kind=move dst=(-267,28,1346)
[ORDER] commander=ai team=Team_Human_Sol unit=Light Striker kind=move dst=(-267,28,1346)
[H2] team=Team_Human_Sol fire=Headquarters argmaxCell=(132,152) val=46 atWorld=(-844,-44) hqCount=2
[AI] [Team_Human_Sol] tick=18 reqs=2 type={Construct:2} task={} prio(min/avg/max)=7/8.5/10 groups=0
[ORDER] commander=ai team=Team_Alien unit=Crab kind=move dst=(1217,86,-280)
[ORDER] commander=ai team=Team_Alien unit=Shocker kind=move dst=(1217,86,-280)
[ORDER] commander=ai team=Team_Alien unit=Shocker kind=move dst=(1217,86,-280)
[ORDER] commander=ai team=Team_Alien unit=Shocker kind=move dst=(1217,86,-280)
[ORDER] commander=ai team=Team_Alien unit=Squid kind=move dst=(770,24,841)
[ORDER] commander=ai team=Team_Alien unit=Squid kind=move dst=(770,24,841)
[ORDER] commander=ai team=Team_Alien unit=Squid kind=move dst=(770,24,841)
[P32] team=Team_Alien fire=Node towardPatchAt=(554,761) distToOwned=322m nodesOwned=13 anchorAt=(1470,240)
[P32] team=Team_Alien fire=Node towardPatchAt=(565,938) distToOwned=371m nodesOwned=14 anchorAt=(1470,240)
[AI] [Team_Alien] tick=18 reqs=1 type={Construct:1} task={} prio(min/avg/max)=10/10.0/10 groups=0
[ORDER] commander=ai team=Team_Alien unit=Crab kind=move dst=(839,41,64)
[ORDER] commander=ai team=Team_Alien unit=Squid kind=move dst=(1533,61,146)
[ORDER] commander=ai team=Team_Alien unit=Squid kind=move dst=(1533,61,146)
[ORDER] commander=ai team=Team_Alien unit=Squid kind=move dst=(1533,61,146)
[ORDER] commander=ai team=Team_Alien unit=Squid kind=move dst=(1533,61,146)
[ORDER] commander=ai team=Team_Human_Centauri unit=Heavy Raider kind=move dst=(-1292,20,-1069)
[ORDER] commander=ai team=Team_Alien unit=Crab kind=move dst=(839,41,64)
[ORDER] commander=ai team=Team_Alien unit=Squid kind=move dst=(1533,61,146)
[ORDER] commander=ai team=Team_Alien unit=Squid kind=move dst=(1533,61,146)
[ORDER] commander=ai team=Team_Alien unit=Squid kind=move dst=(1533,61,146)
[ORDER] commander=ai team=Team_Human_Centauri unit=Militia kind=move dst=(-1165,61,48)
[ORDER] commander=ai team=Team_Human_Centauri unit=Militia kind=move dst=(-1165,61,48)
[ORDER] commander=ai team=Team_Human_Centauri unit=Militia kind=move dst=(-1165,61,48)
[ORDER] commander=ai team=Team_Human_Centauri unit=Trooper kind=move dst=(-1165,61,48)
[AI] [Team_Human_Centauri] tick=19 reqs=1 type={Construct:1} task={} prio(min/avg/max)=10/10.0/10 groups=0
[ORDER] commander=ai team=Team_Alien unit=Squid kind=move dst=(1533,61,146)
[ORDER] commander=ai team=Team_Alien unit=Squid kind=move dst=(1533,61,146)
[ORDER] commander=ai team=Team_Alien unit=Squid kind=move dst=(1533,61,146)
[ORDER] commander=ai team=Team_Alien unit=Squid kind=move dst=(1533,61,146)
[H1] team=Team_Human_Sol fire=Refinery atBalterium=(-962,1073) refCount=2
[H1] team=Team_Human_Sol fire=Refinery atBalterium=(-1489,1092) refCount=3
[H2] team=Team_Human_Sol fire=Headquarters argmaxCell=(107,185) val=42 atWorld=(-1844,1276) hqCount=2
[H3] team=Team_Human_Sol fire=Barracks nearHq=(-1110,840)
[H3] team=Team_Human_Sol fire=Research Facility nearHq=(-1110,840)
[AI] [Team_Human_Sol] tick=19 reqs=2 type={Construct:2} task={} prio(min/avg/max)=7/8.5/10 groups=0
[ORDER] commander=ai team=Team_Human_Centauri unit=Heavy Raider kind=move dst=(-1190,67,46)
[ORDER] commander=ai team=Team_Human_Centauri unit=Light Raider kind=move dst=(-1190,67,46)
[ORDER] commander=ai team=Team_Human_Sol unit=Scout kind=move dst=(-769,17,509)
[ORDER] commander=ai team=Team_Alien unit=Squid kind=move dst=(790,27,919)
[ORDER] commander=ai team=Team_Alien unit=Squid kind=move dst=(790,27,919)
[ORDER] commander=ai team=Team_Alien unit=Squid kind=move dst=(790,27,919)
[ORDER] commander=ai team=Team_Alien unit=Crab kind=move dst=(1217,86,-280)
[ORDER] commander=ai team=Team_Alien unit=Shocker kind=move dst=(1217,86,-280)
[ORDER] commander=ai team=Team_Alien unit=Shocker kind=move dst=(1217,86,-280)
[ORDER] commander=ai team=Team_Alien unit=Shocker kind=move dst=(1217,86,-280)
[ORDER] commander=ai team=Team_Alien unit=Squid kind=move dst=(641,38,32)
[ORDER] commander=ai team=Team_Alien unit=Squid kind=move dst=(641,38,32)
[ORDER] commander=ai team=Team_Alien unit=Wasp kind=move dst=(641,38,32)
[ORDER] commander=ai team=Team_Alien unit=Squid kind=move dst=(641,38,32)
[ORDER] commander=ai team=Team_Alien unit=Squid kind=move dst=(641,38,32)
[P32] team=Team_Alien fire=Node towardPatchAt=(1082,-567) distToOwned=368m nodesOwned=14 anchorAt=(1470,240)
[AI] [Team_Alien] tick=19 reqs=1 type={Construct:1} task={} prio(min/avg/max)=10/10.0/10 groups=0
[ORDER] commander=ai team=Team_Alien unit=Squid kind=move dst=(790,27,919)
[ORDER] commander=ai team=Team_Alien unit=Squid kind=move dst=(1533,63,145)
[ORDER] commander=ai team=Team_Alien unit=Squid kind=move dst=(1533,63,145)
[ORDER] commander=ai team=Team_Alien unit=Wasp kind=stop
[ORDER] commander=ai team=Team_Alien unit=Squid kind=move dst=(1533,63,145)
[ORDER] commander=ai team=Team_Alien unit=Squid kind=move dst=(1533,63,145)
[ORDER] commander=ai team=Team_Human_Centauri unit=Heavy Raider kind=move dst=(-1292,20,-1069)
[ORDER] commander=ai team=Team_Alien unit=Squid kind=move dst=(1532,65,144)
[ORDER] commander=ai team=Team_Alien unit=Squid kind=move dst=(1532,65,144)
[ORDER] commander=ai team=Team_Alien unit=Squid kind=move dst=(1532,65,144)
[ORDER] commander=ai team=Team_Human_Centauri unit=Light Raider kind=move dst=(-1190,67,46)
[AI] [Team_Human_Centauri] tick=20 reqs=1 type={Construct:1} task={} prio(min/avg/max)=10/10.0/10 groups=0
[SPAWN_S] team=Team_Alien structure=Node at=(1295,135)
[SPAWN_S] team=Team_Alien structure=Node at=(1145,255)
[ORDER] commander=ai team=Team_Alien unit=Crab kind=stop
[ORDER] commander=ai team=Team_Alien unit=Crab kind=move dst=(997,44,85)
[ORDER] commander=ai team=Team_Alien unit=Crab kind=move dst=(997,44,85)
[ORDER] commander=ai team=Team_Alien unit=Crab kind=move dst=(997,44,85)
[ORDER] commander=ai team=Team_Alien unit=Squid kind=move dst=(1532,65,144)
[ORDER] commander=ai team=Team_Alien unit=Squid kind=move dst=(1532,65,144)
[ORDER] commander=ai team=Team_Alien unit=Squid kind=move dst=(1532,65,144)
[ORDER] commander=ai team=Team_Alien unit=Squid kind=move dst=(1532,65,144)
[H2] team=Team_Human_Sol fire=Headquarters argmaxCell=(107,185) val=42 atWorld=(-1844,1276) hqCount=2
[AI] [Team_Human_Sol] tick=20 reqs=2 type={Construct:2} task={} prio(min/avg/max)=7/8.5/10 groups=0
[ORDER] commander=ai team=Team_Human_Sol unit=Scout kind=stop
[ORDER] commander=ai team=Team_Human_Sol unit=Scout kind=move dst=(-687,61,719)
[ORDER] commander=ai team=Team_Human_Sol unit=Scout kind=move dst=(-687,61,719)
[ORDER] commander=ai team=Team_Human_Sol unit=Rifleman kind=move dst=(-687,61,719)
[ORDER] commander=ai team=Team_Alien unit=Hunter kind=move dst=(1217,86,-280)
[ORDER] commander=ai team=Team_Alien unit=Hunter kind=move dst=(1217,86,-280)
[ORDER] commander=ai team=Team_Alien unit=Hunter kind=move dst=(1217,86,-280)
[ORDER] commander=ai team=Team_Alien unit=Crab kind=move dst=(957,101,-318)
[ORDER] commander=ai team=Team_Alien unit=Shocker kind=move dst=(957,101,-318)
[ORDER] commander=ai team=Team_Alien unit=Shocker kind=move dst=(957,101,-318)
[ORDER] commander=ai team=Team_Alien unit=Shocker kind=move dst=(957,101,-318)
[ORDER] commander=ai team=Team_Alien unit=Squid kind=move dst=(641,38,32)
[ORDER] commander=ai team=Team_Alien unit=Squid kind=move dst=(641,38,32)
[ORDER] commander=ai team=Team_Alien unit=Wasp kind=move dst=(641,38,32)
[ORDER] commander=ai team=Team_Alien unit=Squid kind=move dst=(641,38,32)
[ORDER] commander=ai team=Team_Alien unit=Squid kind=move dst=(641,38,32)
[P32] team=Team_Alien fire=Node towardPatchAt=(957,-318) distToOwned=378m nodesOwned=16 anchorAt=(1470,240)
[P32] team=Team_Alien fire=Node towardPatchAt=(641,32) distToOwned=408m nodesOwned=17 anchorAt=(1470,240)
[AI] [Team_Alien] tick=20 reqs=1 type={Construct:1} task={} prio(min/avg/max)=10/10.0/10 groups=0
[ORDER] commander=ai team=Team_Alien unit=Squid kind=move dst=(790,27,919)
[ORDER] commander=ai team=Team_Alien unit=Crab kind=move dst=(995,44,82)
[ORDER] commander=ai team=Team_Alien unit=Crab kind=move dst=(995,44,82)
[ORDER] commander=ai team=Team_Alien unit=Crab kind=move dst=(995,44,82)
[ORDER] commander=ai team=Team_Alien unit=Squid kind=move dst=(1530,65,144)
[ORDER] commander=ai team=Team_Alien unit=Squid kind=move dst=(1530,65,144)
[ORDER] commander=ai team=Team_Alien unit=Wasp kind=stop
[ORDER] commander=ai team=Team_Alien unit=Squid kind=move dst=(1530,65,144)
[ORDER] commander=ai team=Team_Alien unit=Squid kind=move dst=(1530,65,144)
[TEAM] player=TheKnecht Team_Human_Centauri -> Team_Human_Sol
[PILOT] player=TheKnecht team=Team_Human_Sol unit=- (was: Militia)
[ORDER] commander=ai team=Team_Alien unit=Squid kind=move dst=(790,27,919)
[ORDER] commander=ai team=Team_Alien unit=Squid kind=move dst=(790,27,919)
[ORDER] commander=ai team=Team_Alien unit=Squid kind=move dst=(1528,65,143)
[ORDER] commander=ai team=Team_Alien unit=Squid kind=move dst=(1528,65,143)
[ORDER] commander=ai team=Team_Alien unit=Squid kind=move dst=(1528,65,143)
[ORDER] commander=ai team=Team_Human_Sol unit=Scout kind=move dst=(-769,17,509)
[ORDER] commander=ai team=Team_Human_Sol unit=Scout kind=move dst=(-769,17,509)
[ORDER] commander=ai team=Team_Alien unit=Shocker kind=stop
[ORDER] commander=ai team=Team_Alien unit=Shocker kind=move dst=(1835,53,546)
[ORDER] commander=ai team=Team_Alien unit=Shocker kind=move dst=(1835,53,546)
[ORDER] commander=ai team=Team_Alien unit=Shocker kind=move dst=(1835,53,546)
[ORDER] commander=ai team=Team_Human_Centauri unit=Squad Transport kind=move dst=(-430,35,-1750)
[ORDER] commander=ai team=Team_Human_Centauri unit=Squad Transport kind=attack tgt=SpecialContainer_Long_01_Small(Clone) (Target)
[ORDER] commander=ai team=Team_Human_Centauri unit=Militia kind=move dst=(-221,50,-1151)
[ORDER] commander=ai team=Team_Human_Centauri unit=Militia kind=move dst=(-221,50,-1151)
[ORDER] commander=ai team=Team_Human_Centauri unit=Militia kind=move dst=(-221,50,-1151)
[ORDER] commander=ai team=Team_Human_Centauri unit=Trooper kind=move dst=(-221,50,-1151)
[AI] [Team_Human_Centauri] tick=21 reqs=1 type={Construct:1} task={} prio(min/avg/max)=10/10.0/10 groups=0
[ORDER] commander=ai team=Team_Human_Sol unit=Light Quad kind=move dst=(-460,50,744)
[ORDER] commander=ai team=Team_Human_Sol unit=Light Quad kind=move dst=(-460,50,744)
[ORDER] commander=ai team=Team_Human_Sol unit=Heavy Quad kind=stop
[ORDER] commander=ai team=Team_Human_Centauri unit=Squad Transport kind=move dst=(-528,57,-857)
[SPAWN_U] team=Team_Human_Sol unit=Scout
[SELECT] player=TheKnecht team=Team_Human_Sol unit=Scout (was: -)
[PILOT] player=TheKnecht team=Team_Human_Sol unit=Scout (was: -)
[ORDER] commander=ai team=Team_Alien unit=Crab kind=move dst=(839,41,64)
[ORDER] commander=ai team=Team_Alien unit=Squid kind=move dst=(1528,65,143)
[ORDER] commander=ai team=Team_Alien unit=Squid kind=move dst=(1528,65,143)
[ORDER] commander=ai team=Team_Alien unit=Squid kind=move dst=(1528,65,143)
[ORDER] commander=ai team=Team_Alien unit=Squid kind=move dst=(1528,65,143)
[ORDER] commander=ai team=Team_Human_Sol unit=Platoon Hauler kind=attack tgt=Cent_Light_SquadTransport(Clone) (Target)
[ORDER] commander=ai team=Team_Human_Sol unit=Heavy Quad kind=attack tgt=Cent_Light_SquadTransport(Clone) (Target)
[ORDER] commander=ai team=Team_Human_Sol unit=Light Striker kind=attack tgt=Cent_Light_SquadTransport(Clone) (Target)
[H1] team=Team_Human_Sol fire=Refinery atBalterium=(-962,1073) refCount=2
[H1] team=Team_Human_Sol fire=Refinery atBalterium=(-1489,1092) refCount=3
[H2] team=Team_Human_Sol fire=Headquarters argmaxCell=(107,185) val=42 atWorld=(-1844,1276) hqCount=2
[H3] team=Team_Human_Sol fire=Barracks nearHq=(-1110,840)
[H3] team=Team_Human_Sol fire=Research Facility nearHq=(-1110,840)
[AI] [Team_Human_Sol] tick=21 reqs=2 type={Construct:2} task={} prio(min/avg/max)=7/8.5/10 groups=0
[ORDER] commander=ai team=Team_Human_Sol unit=Platoon Hauler kind=move dst=(-871,36,-227)
[ORDER] commander=ai team=Team_Alien unit=Hunter kind=move dst=(434,20,-150)
[ORDER] commander=ai team=Team_Alien unit=Hunter kind=move dst=(434,20,-150)
[ORDER] commander=ai team=Team_Alien unit=Hunter kind=move dst=(434,20,-150)
[ORDER] commander=ai team=Team_Alien unit=Crab kind=move dst=(1217,86,-280)
[ORDER] commander=ai team=Team_Alien unit=Shocker kind=move dst=(1217,86,-280)
[ORDER] commander=ai team=Team_Alien unit=Shocker kind=move dst=(1217,86,-280)
[ORDER] commander=ai team=Team_Alien unit=Shocker kind=move dst=(1217,86,-280)
[ORDER] commander=ai team=Team_Alien unit=Squid kind=move dst=(957,101,-318)
[ORDER] commander=ai team=Team_Alien unit=Squid kind=move dst=(957,101,-318)
[ORDER] commander=ai team=Team_Alien unit=Wasp kind=move dst=(957,101,-318)
[ORDER] commander=ai team=Team_Alien unit=Squid kind=move dst=(957,101,-318)
[ORDER] commander=ai team=Team_Alien unit=Squid kind=move dst=(957,101,-318)
[ORDER] commander=ai team=Team_Alien unit=Shocker kind=move dst=(641,38,32)
[ORDER] commander=ai team=Team_Alien unit=Shocker kind=move dst=(641,38,32)
[ORDER] commander=ai team=Team_Alien unit=Shocker kind=move dst=(641,38,32)
[ORDER] commander=ai team=Team_Alien unit=Shocker kind=move dst=(641,38,32)
[P32] team=Team_Alien fire=Node towardPatchAt=(966,1237) distToOwned=457m nodesOwned=17 anchorAt=(1470,240)
[AI] [Team_Alien] tick=21 reqs=1 type={Construct:1} task={} prio(min/avg/max)=10/10.0/10 groups=0
[ORDER] commander=ai team=Team_Human_Sol unit=Light Striker kind=move dst=(-867,36,-228)
[ORDER] commander=ai team=Team_Human_Sol unit=Light Quad kind=move dst=(-453,49,747)
[ORDER] commander=ai team=Team_Human_Sol unit=Light Quad kind=move dst=(-453,49,747)
[ORDER] commander=ai team=Team_Human_Centauri unit=Heavy Raider kind=move dst=(0,0,0)
[ORDER] commander=ai team=Team_Alien unit=Squid kind=move dst=(0,0,0)
[ORDER] commander=ai team=Team_Alien unit=Squid kind=move dst=(1528,64,142)
[ORDER] commander=ai team=Team_Alien unit=Squid kind=move dst=(1528,64,142)
[ORDER] commander=ai team=Team_Alien unit=Wasp kind=stop
[ORDER] commander=ai team=Team_Alien unit=Squid kind=move dst=(1528,64,142)
[ORDER] commander=ai team=Team_Alien unit=Squid kind=move dst=(1528,64,142)
[ORDER] commander=ai team=Team_Alien unit=Shocker kind=stop
[ORDER] commander=ai team=Team_Alien unit=Shocker kind=move dst=(1838,53,550)
[ORDER] commander=ai team=Team_Alien unit=Shocker kind=move dst=(1838,53,550)
[ORDER] commander=ai team=Team_Alien unit=Shocker kind=move dst=(1838,53,550)
[ORDER] commander=ai team=Team_Alien unit=Crab kind=move dst=(839,41,64)
[ORDER] commander=ai team=Team_Alien unit=Squid kind=move dst=(1526,61,140)
[ORDER] commander=ai team=Team_Alien unit=Squid kind=move dst=(1526,61,140)
[ORDER] commander=ai team=Team_Alien unit=Squid kind=move dst=(1526,61,140)
[ORDER] commander=ai team=Team_Alien unit=Squid kind=move dst=(1526,61,140)
[ORDER] commander=ai team=Team_Human_Sol unit=Scout kind=move dst=(-769,17,509)
[ORDER] commander=ai team=Team_Human_Centauri unit=Assault Car kind=attack tgt=Sol_UltraHeavyFactory(Clone) (Target)
[ORDER] commander=ai team=Team_Human_Centauri unit=Heavy Raider kind=attack tgt=Sol_UltraHeavyFactory(Clone) (Target)
[ORDER] commander=ai team=Team_Human_Centauri unit=Heavy Raider kind=move dst=(-1384,24,-1569)
[ORDER] commander=ai team=Team_Human_Centauri unit=Assault Car kind=move dst=(-1384,24,-1569)
[H2] team=Team_Human_Centauri fire=Headquarters argmaxCell=(111,135) val=30 atWorld=(-1684,-724) hqCount=2
[AI] [Team_Human_Centauri] tick=22 reqs=1 type={Construct:1} task={} prio(min/avg/max)=10/10.0/10 groups=0
[ORDER] commander=ai team=Team_Human_Centauri unit=Heavy Raider kind=move dst=(0,20,0)
[ORDER] commander=ai team=Team_Alien unit=Squid kind=move dst=(1526,61,140)
[ORDER] commander=ai team=Team_Alien unit=Squid kind=move dst=(1526,61,140)
[ORDER] commander=ai team=Team_Alien unit=Squid kind=move dst=(1526,61,140)
[ORDER] commander=ai team=Team_Alien unit=Squid kind=move dst=(1526,61,140)
[ORDER] commander=ai team=Team_Alien unit=Crab kind=move dst=(1023,59,-132)
[ORDER] commander=ai team=Team_Alien unit=Horned Crab kind=move dst=(1023,59,-132)
[ORDER] commander=ai team=Team_Alien unit=Horned Crab kind=move dst=(1023,59,-132)
[ORDER] commander=ai team=Team_Alien unit=Shocker kind=stop
[ORDER] commander=ai team=Team_Human_Sol unit=Platoon Hauler kind=attack tgt=Sol_UltraHeavyFactory(Clone) (Target)
[ORDER] commander=ai team=Team_Human_Sol unit=Platoon Hauler kind=move dst=(-267,28,1346)
[H2] team=Team_Human_Sol fire=Headquarters argmaxCell=(107,185) val=42 atWorld=(-1844,1276) hqCount=2
[AI] [Team_Human_Sol] tick=22 reqs=2 type={Construct:2} task={} prio(min/avg/max)=7/8.5/10 groups=0
[ORDER] commander=ai team=Team_Alien unit=Crab kind=move dst=(957,101,-318)
[ORDER] commander=ai team=Team_Alien unit=Shocker kind=move dst=(957,101,-318)
[ORDER] commander=ai team=Team_Alien unit=Shocker kind=move dst=(957,101,-318)
[ORDER] commander=ai team=Team_Alien unit=Shocker kind=move dst=(957,101,-318)
[ORDER] commander=ai team=Team_Alien unit=Squid kind=move dst=(966,24,1237)
[ORDER] commander=ai team=Team_Alien unit=Squid kind=move dst=(966,24,1237)
[ORDER] commander=ai team=Team_Alien unit=Squid kind=move dst=(966,24,1237)
[ORDER] commander=ai team=Team_Alien unit=Squid kind=move dst=(554,62,761)
[ORDER] commander=ai team=Team_Alien unit=Squid kind=move dst=(554,62,761)
[ORDER] commander=ai team=Team_Alien unit=Wasp kind=move dst=(554,62,761)
[ORDER] commander=ai team=Team_Alien unit=Squid kind=move dst=(554,62,761)
[ORDER] commander=ai team=Team_Alien unit=Squid kind=move dst=(554,62,761)
[ORDER] commander=ai team=Team_Alien unit=Shocker kind=move dst=(399,20,-175)
[ORDER] commander=ai team=Team_Alien unit=Shocker kind=move dst=(399,20,-175)
[ORDER] commander=ai team=Team_Alien unit=Shocker kind=move dst=(399,20,-175)
[ORDER] commander=ai team=Team_Alien unit=Shocker kind=move dst=(399,20,-175)
[P32] team=Team_Alien fire=Node towardPatchAt=(416,145) distToOwned=580m nodesOwned=18 anchorAt=(1470,240)
[AI] [Team_Alien] tick=22 reqs=1 type={Construct:1} task={} prio(min/avg/max)=10/10.0/10 groups=0
[ORDER] commander=ai team=Team_Human_Sol unit=Platoon Hauler kind=move dst=(0,20,0)
[ORDER] commander=ai team=Team_Alien unit=Squid kind=move dst=(1528,62,142)
[ORDER] commander=ai team=Team_Alien unit=Squid kind=move dst=(1528,62,142)
[ORDER] commander=ai team=Team_Alien unit=Wasp kind=stop
[ORDER] commander=ai team=Team_Alien unit=Squid kind=move dst=(1528,62,142)
[ORDER] commander=ai team=Team_Alien unit=Squid kind=move dst=(1528,62,142)
[ORDER] commander=ai team=Team_Alien unit=Shocker kind=move dst=(739,55,-311)
[ORDER] commander=ai team=Team_Alien unit=Crab kind=move dst=(839,41,64)
[ORDER] commander=ai team=Team_Alien unit=Squid kind=move dst=(1528,63,143)
[ORDER] commander=ai team=Team_Alien unit=Squid kind=move dst=(1528,63,143)
[ORDER] commander=ai team=Team_Human_Centauri unit=Light Raider kind=move dst=(-799,52,-482)
[ORDER] commander=ai team=Team_Human_Centauri unit=Light Raider kind=move dst=(-799,52,-482)
[AI] [Team_Human_Centauri] tick=23 reqs=1 type={Construct:1} task={} prio(min/avg/max)=10/10.0/10 groups=0
[ORDER] commander=ai team=Team_Alien unit=Squid kind=move dst=(1528,63,143)
[ORDER] commander=ai team=Team_Alien unit=Squid kind=move dst=(1528,63,143)
[ORDER] commander=ai team=Team_Alien unit=Squid kind=move dst=(1528,63,143)
[ORDER] commander=ai team=Team_Alien unit=Squid kind=move dst=(1528,63,143)
[ORDER] commander=ai team=Team_Alien unit=Horned Crab kind=move dst=(739,55,-311)
[ORDER] commander=ai team=Team_Alien unit=Horned Crab kind=move dst=(739,55,-311)
[ORDER] commander=ai team=Team_Human_Sol unit=Platoon Hauler kind=attack tgt=SpecialContainer_Long_01_Large(Clone) (Target)
[ORDER] commander=ai team=Team_Human_Sol unit=Heavy Quad kind=move dst=(-228,29,1086)
[ORDER] commander=ai team=Team_Human_Sol unit=Light Raider kind=move dst=(-228,29,1086)
[ORDER] commander=ai team=Team_Human_Sol unit=Light Raider kind=move dst=(-228,29,1086)
[H1] team=Team_Human_Sol fire=Refinery atBalterium=(-962,1073) refCount=2
[H1] team=Team_Human_Sol fire=Refinery atBalterium=(-1489,1092) refCount=3
[H2] team=Team_Human_Sol fire=Headquarters argmaxCell=(122,188) val=42 atWorld=(-1244,1396) hqCount=2
[H3] team=Team_Human_Sol fire=Barracks nearHq=(-1110,840)
[H3] team=Team_Human_Sol fire=Research Facility nearHq=(-1110,840)
[AI] [Team_Human_Sol] tick=23 reqs=2 type={Construct:2} task={} prio(min/avg/max)=7/8.5/10 groups=0
[ORDER] commander=ai team=Team_Human_Sol unit=Platoon Hauler kind=move dst=(-754,45,615)
[ORDER] commander=ai team=Team_Alien unit=Squid kind=move dst=(204,84,320)
[ORDER] commander=ai team=Team_Alien unit=Squid kind=move dst=(204,84,320)
[ORDER] commander=ai team=Team_Alien unit=Squid kind=move dst=(204,84,320)
[ORDER] commander=ai team=Team_Alien unit=Crab kind=move dst=(957,101,-318)
[ORDER] commander=ai team=Team_Alien unit=Shocker kind=move dst=(957,101,-318)
[ORDER] commander=ai team=Team_Alien unit=Shocker kind=move dst=(957,101,-318)
[ORDER] commander=ai team=Team_Alien unit=Shocker kind=move dst=(957,101,-318)
[ORDER] commander=ai team=Team_Alien unit=Squid kind=move dst=(966,24,1237)
[ORDER] commander=ai team=Team_Alien unit=Squid kind=move dst=(966,24,1237)
[ORDER] commander=ai team=Team_Alien unit=Wasp kind=move dst=(966,24,1237)
[ORDER] commander=ai team=Team_Alien unit=Squid kind=move dst=(966,24,1237)
[ORDER] commander=ai team=Team_Alien unit=Squid kind=move dst=(966,24,1237)
[ORDER] commander=ai team=Team_Alien unit=Shocker kind=move dst=(416,65,145)
[ORDER] commander=ai team=Team_Alien unit=Shocker kind=move dst=(416,65,145)
[ORDER] commander=ai team=Team_Alien unit=Shocker kind=move dst=(416,65,145)
[ORDER] commander=ai team=Team_Alien unit=Shocker kind=move dst=(416,65,145)
[P32] team=Team_Alien fire=Node towardPatchAt=(641,32) distToOwned=270m nodesOwned=19 anchorAt=(1470,240)
[AI] [Team_Alien] tick=23 reqs=1 type={Construct:1} task={} prio(min/avg/max)=10/10.0/10 groups=0
[ORDER] commander=ai team=Team_Human_Sol unit=Light Quad kind=move dst=(-393,51,773)
[ORDER] commander=ai team=Team_Human_Sol unit=Light Quad kind=move dst=(-393,51,773)
[ORDER] commander=ai team=Team_Human_Sol unit=Heavy Quad kind=move dst=(-393,51,773)
[ORDER] commander=ai team=Team_Alien unit=Squid kind=move dst=(1528,65,144)
[ORDER] commander=ai team=Team_Alien unit=Squid kind=move dst=(1528,65,144)
[ORDER] commander=ai team=Team_Alien unit=Wasp kind=stop
[ORDER] commander=ai team=Team_Alien unit=Squid kind=move dst=(1528,65,144)
[ORDER] commander=ai team=Team_Alien unit=Squid kind=move dst=(1528,65,144)
[ORDER] commander=ai team=Team_Alien unit=Crab kind=move dst=(996,56,-165)
[ORDER] commander=ai team=Team_Alien unit=Horned Crab kind=move dst=(996,56,-165)
[ORDER] commander=ai team=Team_Alien unit=Horned Crab kind=move dst=(996,56,-165)
[ORDER] commander=ai team=Team_Alien unit=Shocker kind=stop
[ORDER] commander=ai team=Team_Alien unit=Squid kind=move dst=(1530,69,147)
[ORDER] commander=ai team=Team_Alien unit=Squid kind=move dst=(1530,69,147)
[ORDER] commander=ai team=Team_Alien unit=Squid kind=stop
[ORDER] commander=ai team=Team_Alien unit=Squid kind=move dst=(1530,69,147)
[ORDER] commander=ai team=Team_Alien unit=Shocker kind=move dst=(739,55,-311)
[AI] [Team_Human_Centauri] tick=24 reqs=1 type={Construct:1} task={} prio(min/avg/max)=10/10.0/10 groups=0
[ORDER] commander=ai team=Team_Alien unit=Squid kind=move dst=(1530,69,147)
[ORDER] commander=ai team=Team_Alien unit=Squid kind=move dst=(1530,69,147)
[ORDER] commander=ai team=Team_Alien unit=Squid kind=move dst=(1530,69,147)
[ORDER] commander=ai team=Team_Alien unit=Squid kind=move dst=(1530,69,147)
[ORDER] commander=ai team=Team_Human_Sol unit=Platoon Hauler kind=move dst=(-1742,32,102)
[ORDER] commander=ai team=Team_Human_Sol unit=Light Striker kind=move dst=(-1125,64,-130)
[ORDER] commander=ai team=Team_Human_Sol unit=Light Striker kind=move dst=(-1125,64,-130)
[ORDER] commander=ai team=Team_Human_Sol unit=Heavy Quad kind=move dst=(-1125,64,-130)
[H2] team=Team_Human_Sol fire=Headquarters argmaxCell=(118,152) val=69 atWorld=(-1404,-44) hqCount=2
[AI] [Team_Human_Sol] tick=24 reqs=2 type={Construct:2} task={} prio(min/avg/max)=7/8.5/10 groups=0
[ORDER] commander=ai team=Team_Alien unit=Hunter kind=move dst=(957,101,-318)
[ORDER] commander=ai team=Team_Alien unit=Shocker kind=move dst=(966,24,1237)
[ORDER] commander=ai team=Team_Alien unit=Shocker kind=move dst=(966,24,1237)
[ORDER] commander=ai team=Team_Alien unit=Shocker kind=move dst=(966,24,1237)
[ORDER] commander=ai team=Team_Alien unit=Shocker kind=move dst=(966,24,1237)
[ORDER] commander=ai team=Team_Alien unit=Crab kind=move dst=(416,65,145)
[ORDER] commander=ai team=Team_Alien unit=Shocker kind=move dst=(416,65,145)
[ORDER] commander=ai team=Team_Alien unit=Shocker kind=move dst=(416,65,145)
[ORDER] commander=ai team=Team_Alien unit=Shocker kind=move dst=(416,65,145)
[ORDER] commander=ai team=Team_Alien unit=Squid kind=move dst=(1728,38,-169)
[ORDER] commander=ai team=Team_Alien unit=Squid kind=move dst=(1728,38,-169)
[ORDER] commander=ai team=Team_Alien unit=Wasp kind=move dst=(1728,38,-169)
[ORDER] commander=ai team=Team_Alien unit=Squid kind=move dst=(1728,38,-169)
[ORDER] commander=ai team=Team_Alien unit=Squid kind=move dst=(1728,38,-169)
[AI] [Team_Alien] tick=24 reqs=1 type={Construct:1} task={} prio(min/avg/max)=10/10.0/10 groups=0
[ORDER] commander=ai team=Team_Alien unit=Squid kind=move dst=(1530,69,147)
[ORDER] commander=ai team=Team_Alien unit=Squid kind=move dst=(1530,69,147)
[ORDER] commander=ai team=Team_Alien unit=Wasp kind=stop
[ORDER] commander=ai team=Team_Alien unit=Squid kind=stop
[ORDER] commander=ai team=Team_Alien unit=Squid kind=move dst=(1530,69,147)
[ORDER] commander=ai team=Team_Alien unit=Horned Crab kind=move dst=(739,55,-311)
[ORDER] commander=ai team=Team_Alien unit=Horned Crab kind=move dst=(739,55,-311)
[ORDER] commander=ai team=Team_Human_Centauri unit=Heavy Raider kind=stop
[ORDER] commander=ai team=Team_Human_Centauri unit=Light Raider kind=move dst=(-989,44,-171)
[ORDER] commander=ai team=Team_Human_Centauri unit=Light Raider kind=move dst=(-989,44,-171)
[SPAWN_S] team=Team_Alien structure=Node at=(1775,95)
[ORDER] commander=ai team=Team_Alien unit=Squid kind=move dst=(1728,38,-169)
[ORDER] commander=ai team=Team_Alien unit=Squid kind=move dst=(1728,38,-169)
[ORDER] commander=ai team=Team_Alien unit=Wasp kind=move dst=(1728,38,-169)
[ORDER] commander=ai team=Team_Alien unit=Squid kind=move dst=(1728,38,-169)
[ORDER] commander=ai team=Team_Alien unit=Squid kind=move dst=(1728,38,-169)
[ORDER] commander=ai team=Team_Human_Centauri unit=Light Raider kind=move dst=(-989,44,-161)
[ORDER] commander=ai team=Team_Human_Centauri unit=Light Raider kind=move dst=(-989,44,-161)
[H2] team=Team_Human_Centauri fire=Headquarters argmaxCell=(122,146) val=30 atWorld=(-1244,-284) hqCount=2
[AI] [Team_Human_Centauri] tick=25 reqs=1 type={Construct:1} task={} prio(min/avg/max)=10/10.0/10 groups=0
[ORDER] commander=ai team=Team_Human_Sol unit=Light Striker kind=attack tgt=Cent_Light_AssaultCar(Clone) (Target)
[ORDER] commander=ai team=Team_Human_Sol unit=Light Striker kind=attack tgt=Cent_Light_AssaultCar(Clone) (Target)
[ORDER] commander=ai team=Team_Human_Sol unit=Heavy Quad kind=attack tgt=Cent_Light_AssaultCar(Clone) (Target)
[ORDER] commander=ai team=Team_Human_Sol unit=Light Striker kind=move dst=(-234,32,137)
[ORDER] commander=ai team=Team_Human_Sol unit=Light Striker kind=attack tgt=Cent_Light_AssaultCar(Clone) (Target)
[H1] team=Team_Human_Sol fire=Refinery atBalterium=(-962,1073) refCount=2
[H1] team=Team_Human_Sol fire=Refinery atBalterium=(-1489,1092) refCount=3
[H2] team=Team_Human_Sol fire=Headquarters argmaxCell=(118,152) val=69 atWorld=(-1404,-44) hqCount=2
[H3] team=Team_Human_Sol fire=Barracks nearHq=(-1110,840)
[H3] team=Team_Human_Sol fire=Research Facility nearHq=(-1110,840)
[AI] [Team_Human_Sol] tick=25 reqs=2 type={Construct:2} task={} prio(min/avg/max)=7/8.5/10 groups=0
[ORDER] commander=ai team=Team_Human_Centauri unit=Light Raider kind=move dst=(-988,44,-159)
[ORDER] commander=ai team=Team_Human_Centauri unit=Light Raider kind=move dst=(-988,44,-159)
[ORDER] commander=ai team=Team_Alien unit=Hunter kind=move dst=(790,35,-953)
[ORDER] commander=ai team=Team_Alien unit=Crab kind=move dst=(957,101,-318)
[ORDER] commander=ai team=Team_Alien unit=Shocker kind=move dst=(957,101,-318)
[ORDER] commander=ai team=Team_Alien unit=Shocker kind=move dst=(957,101,-318)
[ORDER] commander=ai team=Team_Alien unit=Shocker kind=move dst=(957,101,-318)
[ORDER] commander=ai team=Team_Alien unit=Shocker kind=move dst=(966,24,1237)
[ORDER] commander=ai team=Team_Alien unit=Shocker kind=move dst=(966,24,1237)
[ORDER] commander=ai team=Team_Alien unit=Shocker kind=move dst=(966,24,1237)
[ORDER] commander=ai team=Team_Alien unit=Shocker kind=move dst=(966,24,1237)
[ORDER] commander=ai team=Team_Alien unit=Squid kind=move dst=(416,65,145)
[ORDER] commander=ai team=Team_Alien unit=Squid kind=move dst=(416,65,145)
[ORDER] commander=ai team=Team_Alien unit=Wasp kind=move dst=(416,65,145)
[ORDER] commander=ai team=Team_Alien unit=Squid kind=move dst=(416,65,145)
[ORDER] commander=ai team=Team_Alien unit=Squid kind=move dst=(416,65,145)
[P32] team=Team_Alien fire=Node towardPatchAt=(330,863) distToOwned=414m nodesOwned=21 anchorAt=(1470,240)
[AI] [Team_Alien] tick=25 reqs=1 type={Construct:1} task={} prio(min/avg/max)=10/10.0/10 groups=0
[ORDER] commander=ai team=Team_Human_Centauri unit=Heavy Raider kind=move dst=(-992,44,-157)
[ORDER] commander=ai team=Team_Human_Centauri unit=Assault Car kind=stop
[ORDER] commander=ai team=Team_Human_Centauri unit=Assault Car kind=move dst=(-992,44,-157)
[ORDER] commander=ai team=Team_Human_Sol unit=Light Quad kind=move dst=(-393,51,773)
[ORDER] commander=ai team=Team_Alien unit=Crab kind=stop
[ORDER] commander=ai team=Team_Alien unit=Crab kind=move dst=(884,41,64)
[ORDER] commander=ai team=Team_Alien unit=Crab kind=move dst=(884,41,64)
[ORDER] commander=ai team=Team_Alien unit=Crab kind=move dst=(884,41,64)
[ORDER] commander=ai team=Team_Human_Centauri unit=Assault Car kind=move dst=(-1125,64,-130)
[ORDER] commander=ai team=Team_Human_Sol unit=Light Quad kind=move dst=(-393,51,773)
[ORDER] commander=ai team=Team_Human_Centauri unit=Heavy Raider kind=move dst=(-1125,64,-130)
[H3] team=Team_Human_Centauri fire=Barracks nearHq=(-1095,-870)
[H3] team=Team_Human_Centauri fire=Research Facility nearHq=(-1095,-870)
[AI] [Team_Human_Centauri] tick=26 reqs=1 type={Construct:1} task={} prio(min/avg/max)=10/10.0/10 groups=0
[ORDER] commander=ai team=Team_Alien unit=Hunter kind=stop
[ORDER] commander=ai team=Team_Alien unit=Hunter kind=move dst=(993,50,-51)
[ORDER] commander=ai team=Team_Alien unit=Hunter kind=move dst=(993,50,-51)
[ORDER] commander=ai team=Team_Alien unit=Crab kind=move dst=(839,41,64)
[ORDER] commander=ai team=Team_Alien unit=Crab kind=move dst=(839,41,64)
[PILOT] player=TheKnecht team=Team_Alien unit=- (was: Scout)
[TEAM] player=TheKnecht Team_Human_Sol -> Team_Alien
[ORDER] commander=ai team=Team_Human_Sol unit=Light Striker kind=attack tgt=Cent_Light_LightRaider(Clone) (Target)
[ORDER] commander=ai team=Team_Human_Sol unit=Light Striker kind=attack tgt=Cent_Light_LightRaider(Clone) (Target)
[ORDER] commander=ai team=Team_Human_Sol unit=Heavy Quad kind=attack tgt=Cent_Light_LightRaider(Clone) (Target)
[ORDER] commander=ai team=Team_Human_Sol unit=Heavy Quad kind=move dst=(-228,29,1086)
[ORDER] commander=ai team=Team_Human_Sol unit=Light Raider kind=move dst=(-228,29,1086)
[ORDER] commander=ai team=Team_Human_Sol unit=Light Raider kind=move dst=(-228,29,1086)
[ORDER] commander=ai team=Team_Human_Sol unit=Scout kind=attack tgt=Cent_Light_AssaultCar(Clone) (Target)
[ORDER] commander=ai team=Team_Human_Sol unit=Scout kind=attack tgt=Cent_Light_AssaultCar(Clone) (Target)
[ORDER] commander=ai team=Team_Human_Sol unit=Scout kind=attack tgt=Cent_Light_AssaultCar(Clone) (Target)
[ORDER] commander=ai team=Team_Human_Sol unit=Rifleman kind=attack tgt=Cent_Light_AssaultCar(Clone) (Target)
[H2] team=Team_Human_Sol fire=Headquarters argmaxCell=(118,152) val=69 atWorld=(-1404,-44) hqCount=2
[AI] [Team_Human_Sol] tick=26 reqs=2 type={Construct:2} task={} prio(min/avg/max)=7/8.5/10 groups=0
[ORDER] commander=ai team=Team_Human_Centauri unit=Heavy Raider kind=move dst=(-1190,67,46)
[ORDER] commander=ai team=Team_Alien unit=Shocker kind=move dst=(966,24,1237)
[ORDER] commander=ai team=Team_Alien unit=Shocker kind=move dst=(966,24,1237)
[ORDER] commander=ai team=Team_Alien unit=Shocker kind=move dst=(966,24,1237)
[ORDER] commander=ai team=Team_Alien unit=Shocker kind=move dst=(966,24,1237)
[ORDER] commander=ai team=Team_Alien unit=Crab kind=move dst=(416,65,145)
[ORDER] commander=ai team=Team_Alien unit=Shocker kind=move dst=(416,65,145)
[ORDER] commander=ai team=Team_Alien unit=Shocker kind=move dst=(416,65,145)
[ORDER] commander=ai team=Team_Alien unit=Shocker kind=move dst=(416,65,145)
[ORDER] commander=ai team=Team_Alien unit=Squid kind=move dst=(565,47,938)
[ORDER] commander=ai team=Team_Alien unit=Squid kind=move dst=(565,47,938)
[ORDER] commander=ai team=Team_Alien unit=Wasp kind=move dst=(565,47,938)
[ORDER] commander=ai team=Team_Alien unit=Squid kind=move dst=(565,47,938)
[ORDER] commander=ai team=Team_Alien unit=Squid kind=move dst=(565,47,938)
[P32] team=Team_Alien fire=Node towardPatchAt=(966,1237) distToOwned=310m nodesOwned=22 anchorAt=(1470,240)
[AI] [Team_Alien] tick=26 reqs=1 type={Construct:1} task={} prio(min/avg/max)=10/10.0/10 groups=0
[ORDER] commander=ai team=Team_Human_Sol unit=Scout kind=move dst=(-992,45,-140)
[ORDER] commander=ai team=Team_Human_Sol unit=Scout kind=move dst=(-992,45,-140)
[ORDER] commander=ai team=Team_Human_Sol unit=Rifleman kind=move dst=(-992,45,-140)
[ORDER] commander=ai team=Team_Human_Sol unit=Heavy Quad kind=move dst=(-393,51,773)
[ORDER] commander=ai team=Team_Human_Sol unit=Light Quad kind=move dst=(0,0,0)
[ORDER] commander=ai team=Team_Human_Sol unit=Light Quad kind=move dst=(0,0,0)
[SPAWN_U] team=Team_Alien unit=Crab
[SELECT] player=TheKnecht team=Team_Alien unit=Crab (was: -)
[PILOT] player=TheKnecht team=Team_Alien unit=Crab (was: -)
[SPAWN_S] team=Team_Alien structure=Node at=(1005,215)
[SPAWN_S] team=Team_Alien structure=Node at=(1105,395)
[SPAWN_S] team=Team_Alien structure=Node at=(1310,-10)
[ORDER] commander=ai team=Team_Human_Centauri unit=Light Raider kind=move dst=(-1190,67,46)
[AI] [Team_Human_Centauri] tick=27 reqs=1 type={Construct:1} task={} prio(min/avg/max)=10/10.0/10 groups=0
[ORDER] commander=ai team=Team_Alien unit=Hunter kind=move dst=(434,20,-150)
[ORDER] commander=ai team=Team_Alien unit=Hunter kind=move dst=(434,20,-150)
[ORDER] commander=ai team=Team_Alien unit=Hunter kind=move dst=(434,20,-150)
[ORDER] commander=ai team=Team_Alien unit=Crab kind=move dst=(839,41,64)
[ORDER] commander=ai team=Team_Alien unit=Squid kind=move dst=(1430,52,168)
[ORDER] commander=ai team=Team_Alien unit=Squid kind=move dst=(1430,52,168)
[ORDER] commander=ai team=Team_Alien unit=Wasp kind=stop
[ORDER] commander=ai team=Team_Alien unit=Squid kind=stop
[ORDER] commander=ai team=Team_Alien unit=Squid kind=move dst=(1430,52,168)
[ORDER] commander=ai team=Team_Human_Sol unit=Light Quad kind=move dst=(-667,113,1318)
[ORDER] commander=ai team=Team_Human_Sol unit=Light Quad kind=move dst=(-667,113,1318)
[ORDER] commander=ai team=Team_Human_Sol unit=Heavy Quad kind=move dst=(-667,113,1318)
[ORDER] commander=ai team=Team_Human_Sol unit=Heavy Quad kind=attack tgt=SpecialContainer_Long_01_Small(Clone) (Target)
[ORDER] commander=ai team=Team_Human_Sol unit=Light Raider kind=attack tgt=SpecialContainer_Long_01_Small(Clone) (Target)
[ORDER] commander=ai team=Team_Human_Sol unit=Light Raider kind=attack tgt=SpecialContainer_Long_01_Small(Clone) (Target)
[ORDER] commander=ai team=Team_Human_Sol unit=Light Quad kind=attack tgt=Cent_Light_AssaultCar(Clone) (Target)
[ORDER] commander=ai team=Team_Human_Sol unit=Light Quad kind=attack tgt=Cent_Light_AssaultCar(Clone) (Target)
[ORDER] commander=ai team=Team_Human_Sol unit=Heavy Quad kind=attack tgt=Cent_Light_AssaultCar(Clone) (Target)
[ORDER] commander=ai team=Team_Human_Sol unit=Scout kind=attack tgt=Cent_Light_LightRaider(Clone) (Target)
[ORDER] commander=ai team=Team_Human_Sol unit=Scout kind=attack tgt=Cent_Light_LightRaider(Clone) (Target)
[ORDER] commander=ai team=Team_Human_Sol unit=Scout kind=attack tgt=Cent_Light_LightRaider(Clone) (Target)
[ORDER] commander=ai team=Team_Human_Sol unit=Rifleman kind=attack tgt=Cent_Light_LightRaider(Clone) (Target)
[H1] team=Team_Human_Sol fire=Refinery atBalterium=(-962,1073) refCount=2
[H1] team=Team_Human_Sol fire=Refinery atBalterium=(-1489,1092) refCount=3
[H2] team=Team_Human_Sol fire=Headquarters argmaxCell=(118,152) val=69 atWorld=(-1404,-44) hqCount=2
[H3] team=Team_Human_Sol fire=Barracks nearHq=(-1110,840)
[H3] team=Team_Human_Sol fire=Research Facility nearHq=(-1110,840)
[AI] [Team_Human_Sol] tick=27 reqs=2 type={Construct:2} task={} prio(min/avg/max)=7/8.5/10 groups=0
[ORDER] commander=ai team=Team_Human_Sol unit=Scout kind=move dst=(-989,44,-156)
[ORDER] commander=ai team=Team_Human_Sol unit=Rifleman kind=move dst=(-989,44,-156)
[ORDER] commander=ai team=Team_Alien unit=Crab kind=move dst=(416,65,145)
[ORDER] commander=ai team=Team_Alien unit=Crab kind=move dst=(416,65,145)
[ORDER] commander=ai team=Team_Alien unit=Crab kind=move dst=(416,65,145)
[ORDER] commander=ai team=Team_Alien unit=Crab kind=move dst=(416,65,145)
[ORDER] commander=ai team=Team_Alien unit=Squid kind=move dst=(1471,23,1563)
[ORDER] commander=ai team=Team_Alien unit=Squid kind=move dst=(1471,23,1563)
[ORDER] commander=ai team=Team_Alien unit=Wasp kind=move dst=(1471,23,1563)
[ORDER] commander=ai team=Team_Alien unit=Squid kind=move dst=(1471,23,1563)
[ORDER] commander=ai team=Team_Alien unit=Squid kind=move dst=(1471,23,1563)
[ORDER] commander=ai team=Team_Alien unit=Crab kind=move dst=(30,30,-240)
[ORDER] commander=ai team=Team_Alien unit=Shocker kind=move dst=(30,30,-240)
[ORDER] commander=ai team=Team_Alien unit=Shocker kind=move dst=(30,30,-240)
[ORDER] commander=ai team=Team_Alien unit=Shocker kind=move dst=(30,30,-240)
[AI] [Team_Alien] tick=27 reqs=1 type={Construct:1} task={} prio(min/avg/max)=10/10.0/10 groups=0
[ORDER] commander=ai team=Team_Human_Centauri unit=Assault Car kind=move dst=(-1125,64,-130)
[ORDER] commander=ai team=Team_Human_Sol unit=Heavy Quad kind=move dst=(-992,44,-102)
[ORDER] commander=ai team=Team_Alien unit=Squid kind=move dst=(1422,51,176)
[ORDER] commander=ai team=Team_Alien unit=Squid kind=move dst=(1422,51,176)
[ORDER] commander=ai team=Team_Alien unit=Wasp kind=stop
[ORDER] commander=ai team=Team_Alien unit=Squid kind=stop
[ORDER] commander=ai team=Team_Alien unit=Squid kind=move dst=(1422,51,176)
[ORDER] commander=ai team=Team_Human_Sol unit=Platoon Hauler kind=move dst=(-516,30,-346)
[ORDER] commander=ai team=Team_Human_Centauri unit=Heavy Raider kind=move dst=(-992,43,-92)
[ORDER] commander=ai team=Team_Human_Centauri unit=Assault Car kind=stop
[ORDER] commander=ai team=Team_Human_Centauri unit=Assault Car kind=move dst=(-992,43,-92)
[ORDER] commander=ai team=Team_Alien unit=Squid kind=move dst=(1422,54,177)
[ORDER] commander=ai team=Team_Human_Centauri unit=Light Raider kind=move dst=(-1190,67,46)
[ORDER] commander=ai team=Team_Human_Centauri unit=Heavy Raider kind=move dst=(-994,43,-87)
[ORDER] commander=ai team=Team_Human_Centauri unit=Assault Car kind=move dst=(-994,43,-87)
[ORDER] commander=ai team=Team_Human_Centauri unit=Heavy Raider kind=attack tgt=Sol_Light_PlatoonHauler(Clone) (Target)
[ORDER] commander=ai team=Team_Human_Centauri unit=Assault Car kind=attack tgt=Sol_Light_PlatoonHauler(Clone) (Target)
[ORDER] commander=ai team=Team_Human_Centauri unit=Assault Car kind=attack tgt=Sol_Light_PlatoonHauler(Clone) (Target)
[ORDER] commander=ai team=Team_Human_Centauri unit=Heavy Raider kind=attack tgt=Sol_Light_PlatoonHauler(Clone) (Target)
[ORDER] commander=ai team=Team_Human_Centauri unit=Light Raider kind=attack tgt=Sol_Light_PlatoonHauler(Clone) (Target)
[ORDER] commander=ai team=Team_Human_Centauri unit=Light Raider kind=attack tgt=Sol_Light_PlatoonHauler(Clone) (Target)
[H2] team=Team_Human_Centauri fire=Headquarters argmaxCell=(131,153) val=44 atWorld=(-884,-4) hqCount=2
[AI] [Team_Human_Centauri] tick=28 reqs=1 type={Construct:1} task={} prio(min/avg/max)=10/10.0/10 groups=0
[ORDER] commander=ai team=Team_Alien unit=Hunter kind=stop
[ORDER] commander=ai team=Team_Alien unit=Hunter kind=move dst=(977,49,-60)
[ORDER] commander=ai team=Team_Alien unit=Hunter kind=move dst=(977,49,-60)
[ORDER] commander=ai team=Team_Alien unit=Squid kind=move dst=(1422,54,177)
[ORDER] commander=ai team=Team_Human_Sol unit=Scout kind=move dst=(-769,17,509)
[ORDER] commander=ai team=Team_Human_Sol unit=Scout kind=move dst=(-769,17,509)
[ORDER] commander=ai team=Team_Human_Sol unit=Scout kind=move dst=(-769,17,509)
[ORDER] commander=ai team=Team_Human_Sol unit=Rifleman kind=move dst=(-769,17,509)
[ORDER] commander=ai team=Team_Human_Sol unit=Scout kind=move dst=(-667,113,1318)
[ORDER] commander=ai team=Team_Human_Sol unit=Scout kind=move dst=(-667,113,1318)
[ORDER] commander=ai team=Team_Human_Sol unit=Scout kind=move dst=(-667,113,1318)
[ORDER] commander=ai team=Team_Human_Sol unit=Rifleman kind=move dst=(-667,113,1318)
[ORDER] commander=ai team=Team_Human_Sol unit=Scout kind=attack tgt=Cent_Light_AssaultCar(Clone) (Target)
[ORDER] commander=ai team=Team_Human_Sol unit=Scout kind=attack tgt=Cent_Light_AssaultCar(Clone) (Target)
[ORDER] commander=ai team=Team_Human_Sol unit=Scout kind=attack tgt=Cent_Light_AssaultCar(Clone) (Target)
[ORDER] commander=ai team=Team_Human_Sol unit=Rifleman kind=attack tgt=Cent_Light_AssaultCar(Clone) (Target)
[ORDER] commander=ai team=Team_Human_Sol unit=Scout kind=attack tgt=Cent_Light_LightRaider(Clone) (Target)
[ORDER] commander=ai team=Team_Human_Sol unit=Scout kind=attack tgt=Cent_Light_LightRaider(Clone) (Target)
[ORDER] commander=ai team=Team_Human_Sol unit=Scout kind=attack tgt=Cent_Light_LightRaider(Clone) (Target)
[ORDER] commander=ai team=Team_Human_Sol unit=Rifleman kind=attack tgt=Cent_Light_LightRaider(Clone) (Target)
[H2] team=Team_Human_Sol fire=Headquarters argmaxCell=(118,152) val=69 atWorld=(-1404,-44) hqCount=2
[AI] [Team_Human_Sol] tick=28 reqs=2 type={Construct:2} task={} prio(min/avg/max)=7/8.5/10 groups=0
[ORDER] commander=ai team=Team_Human_Sol unit=Scout kind=move dst=(-986,43,-130)
[ORDER] commander=ai team=Team_Human_Sol unit=Rifleman kind=move dst=(-986,43,-130)
[ORDER] commander=ai team=Team_Alien unit=Crab kind=move dst=(883,34,-1032)
[ORDER] commander=ai team=Team_Alien unit=Crab kind=move dst=(883,34,-1032)
[ORDER] commander=ai team=Team_Alien unit=Crab kind=move dst=(883,34,-1032)
[ORDER] commander=ai team=Team_Alien unit=Crab kind=move dst=(883,34,-1032)
[ORDER] commander=ai team=Team_Alien unit=Crab kind=move dst=(819,48,-756)
[ORDER] commander=ai team=Team_Alien unit=Shocker kind=move dst=(819,48,-756)
[ORDER] commander=ai team=Team_Alien unit=Shocker kind=move dst=(819,48,-756)
[ORDER] commander=ai team=Team_Alien unit=Shocker kind=move dst=(819,48,-756)
[P32] team=Team_Alien fire=Node towardPatchAt=(282,-54) distToOwned=346m nodesOwned=23 anchorAt=(1470,240)
[AI] [Team_Alien] tick=28 reqs=1 type={Construct:1} task={} prio(min/avg/max)=10/10.0/10 groups=0
[ORDER] commander=ai team=Team_Human_Sol unit=Scout kind=move dst=(-994,43,-87)
[ORDER] commander=ai team=Team_Alien unit=Squid kind=move dst=(1422,54,177)
[ORDER] commander=ai team=Team_Alien unit=Squid kind=move dst=(1422,54,177)
[ORDER] commander=ai team=Team_Alien unit=Hunter kind=move dst=(434,20,-150)
[ORDER] commander=ai team=Team_Alien unit=Hunter kind=move dst=(434,20,-150)
[ORDER] commander=ai team=Team_Alien unit=Hunter kind=move dst=(434,20,-150)
[ORDER] commander=ai team=Team_Alien unit=Squid kind=move dst=(1422,54,177)
[ORDER] commander=ai team=Team_Alien unit=Squid kind=move dst=(1422,54,177)
[ORDER] commander=ai team=Team_Human_Sol unit=Scout kind=stop
[ORDER] commander=ai team=Team_Human_Sol unit=Scout kind=move dst=(-663,19,556)
[ORDER] commander=ai team=Team_Human_Sol unit=Scout kind=move dst=(-663,19,556)
[ORDER] commander=ai team=Team_Human_Sol unit=Rifleman kind=move dst=(-663,19,556)
[AI] [Team_Human_Centauri] tick=29 reqs=1 type={Construct:1} task={} prio(min/avg/max)=10/10.0/10 groups=0
[ORDER] commander=ai team=Team_Human_Sol unit=Light Quad kind=move dst=(-383,42,755)
[ORDER] commander=ai team=Team_Human_Sol unit=Light Quad kind=move dst=(-383,42,755)
[ORDER] commander=ai team=Team_Human_Sol unit=Heavy Quad kind=stop
[ORDER] commander=ai team=Team_Alien unit=Squid kind=move dst=(1471,23,1563)
[ORDER] commander=ai team=Team_Alien unit=Squid kind=move dst=(1471,23,1563)
[ORDER] commander=ai team=Team_Alien unit=Wasp kind=move dst=(1471,23,1563)
[ORDER] commander=ai team=Team_Alien unit=Squid kind=move dst=(1471,23,1563)
[ORDER] commander=ai team=Team_Human_Sol unit=Scout kind=move dst=(-769,17,509)
[ORDER] commander=ai team=Team_Human_Sol unit=Scout kind=move dst=(-769,17,509)
[ORDER] commander=ai team=Team_Human_Sol unit=Scout kind=move dst=(-769,17,509)
[ORDER] commander=ai team=Team_Human_Sol unit=Rifleman kind=move dst=(-769,17,509)
[ORDER] commander=ai team=Team_Human_Sol unit=Scout kind=move dst=(-667,113,1318)
[ORDER] commander=ai team=Team_Human_Sol unit=Scout kind=move dst=(-667,113,1318)
[ORDER] commander=ai team=Team_Human_Sol unit=Scout kind=move dst=(-667,113,1318)
[ORDER] commander=ai team=Team_Human_Sol unit=Rifleman kind=move dst=(-667,113,1318)
[ORDER] commander=ai team=Team_Human_Sol unit=Heavy Quad kind=attack tgt=Cent_Light_LightRaider(Clone) (Target)
[ORDER] commander=ai team=Team_Human_Sol unit=Light Raider kind=attack tgt=Cent_Light_LightRaider(Clone) (Target)
[ORDER] commander=ai team=Team_Human_Sol unit=Light Raider kind=attack tgt=Cent_Light_LightRaider(Clone) (Target)
[ORDER] commander=ai team=Team_Human_Sol unit=Platoon Hauler kind=attack tgt=SpecialContainer_Long_01_Small(Clone) (Target)
[ORDER] commander=ai team=Team_Human_Sol unit=Scout kind=attack tgt=Cent_Light_AssaultCar(Clone) (Target)
[ORDER] commander=ai team=Team_Human_Sol unit=Scout kind=attack tgt=Cent_Light_AssaultCar(Clone) (Target)
[ORDER] commander=ai team=Team_Human_Sol unit=Scout kind=attack tgt=Cent_Light_AssaultCar(Clone) (Target)
[ORDER] commander=ai team=Team_Human_Sol unit=Rifleman kind=attack tgt=Cent_Light_AssaultCar(Clone) (Target)
[ORDER] commander=ai team=Team_Human_Sol unit=Scout kind=attack tgt=Cent_Light_LightRaider(Clone) (Target)
[ORDER] commander=ai team=Team_Human_Sol unit=Scout kind=attack tgt=Cent_Light_LightRaider(Clone) (Target)
[ORDER] commander=ai team=Team_Human_Sol unit=Scout kind=attack tgt=Cent_Light_LightRaider(Clone) (Target)
[ORDER] commander=ai team=Team_Human_Sol unit=Rifleman kind=attack tgt=Cent_Light_LightRaider(Clone) (Target)
[ORDER] commander=ai team=Team_Human_Sol unit=Platoon Hauler kind=attack tgt=Cent_Light_LightRaider(Clone) (Target)
[H1] team=Team_Human_Sol fire=Refinery atBalterium=(-962,1073) refCount=2
[H1] team=Team_Human_Sol fire=Refinery atBalterium=(-1489,1092) refCount=3
[H2] team=Team_Human_Sol fire=Headquarters argmaxCell=(118,152) val=69 atWorld=(-1404,-44) hqCount=2
[H3] team=Team_Human_Sol fire=Barracks nearHq=(-1110,840)
[H3] team=Team_Human_Sol fire=Research Facility nearHq=(-1110,840)
[AI] [Team_Human_Sol] tick=29 reqs=2 type={Construct:2} task={} prio(min/avg/max)=7/8.5/10 groups=0
[ORDER] commander=ai team=Team_Human_Sol unit=Scout kind=move dst=(-962,40,-124)
[ORDER] commander=ai team=Team_Human_Sol unit=Rifleman kind=move dst=(-962,40,-124)
[P32] team=Team_Alien fire=Node towardPatchAt=(330,863) distToOwned=338m nodesOwned=24 anchorAt=(1470,240)
[AI] [Team_Alien] tick=29 reqs=1 type={Construct:1} task={} prio(min/avg/max)=10/10.0/10 groups=0
[ORDER] commander=ai team=Team_Human_Sol unit=Scout kind=move dst=(-1007,44,-67)
[ORDER] commander=ai team=Team_Alien unit=Squid kind=move dst=(1471,23,1563)
[ORDER] commander=ai team=Team_Alien unit=Hunter kind=stop
[ORDER] commander=ai team=Team_Alien unit=Hunter kind=move dst=(965,44,-69)
[ORDER] commander=ai team=Team_Alien unit=Hunter kind=move dst=(965,44,-69)
[ORDER] commander=ai team=Team_Alien unit=Squid kind=move dst=(1426,97,198)
[ORDER] commander=ai team=Team_Alien unit=Squid kind=stop
[ORDER] commander=ai team=Team_Alien unit=Wasp kind=stop
[ORDER] commander=ai team=Team_Alien unit=Squid kind=move dst=(1426,97,198)
[ORDER] commander=ai team=Team_Alien unit=Squid kind=move dst=(1426,97,198)
[ORDER] commander=ai team=Team_Human_Centauri unit=Heavy Raider kind=stop
[ORDER] commander=ai team=Team_Human_Centauri unit=Light Raider kind=move dst=(-950,39,-105)
[ORDER] commander=ai team=Team_Human_Centauri unit=Light Raider kind=move dst=(-950,39,-105)
[AI] [Team_Human_Centauri] tick=30 reqs=1 type={Construct:1} task={} prio(min/avg/max)=10/10.0/10 groups=0
[ORDER] commander=ai team=Team_Human_Sol unit=Light Quad kind=move dst=(-1022,46,-54)
[ORDER] commander=ai team=Team_Human_Sol unit=Heavy Quad kind=move dst=(-1022,46,-54)
[ORDER] commander=ai team=Team_Alien unit=Squid kind=move dst=(1426,111,209)
[ORDER] commander=ai team=Team_Alien unit=Squid kind=move dst=(1426,111,209)
[ORDER] commander=ai team=Team_Alien unit=Squid kind=move dst=(1426,111,209)
[ORDER] commander=ai team=Team_Alien unit=Squid kind=stop
[ORDER] commander=ai team=Team_Alien unit=Crab kind=move dst=(739,55,-311)
[ORDER] commander=ai team=Team_Human_Sol unit=Scout kind=move dst=(-667,113,1318)
[ORDER] commander=ai team=Team_Human_Sol unit=Scout kind=move dst=(-667,113,1318)
[ORDER] commander=ai team=Team_Human_Sol unit=Scout kind=move dst=(-667,113,1318)
[ORDER] commander=ai team=Team_Human_Sol unit=Rifleman kind=move dst=(-667,113,1318)
[ORDER] commander=ai team=Team_Human_Sol unit=Light Striker kind=move dst=(-1742,32,102)
[ORDER] commander=ai team=Team_Human_Sol unit=Light Striker kind=move dst=(-1742,32,102)
[ORDER] commander=ai team=Team_Human_Sol unit=Heavy Quad kind=move dst=(-1742,32,102)
[ORDER] commander=ai team=Team_Human_Sol unit=Platoon Hauler kind=move dst=(-430,50,1730)
[ORDER] commander=ai team=Team_Human_Sol unit=Scout kind=attack tgt=Cent_Light_AssaultCar(Clone) (Target)
[ORDER] commander=ai team=Team_Human_Sol unit=Scout kind=attack tgt=Cent_Light_AssaultCar(Clone) (Target)
[ORDER] commander=ai team=Team_Human_Sol unit=Scout kind=attack tgt=Cent_Light_AssaultCar(Clone) (Target)
[ORDER] commander=ai team=Team_Human_Sol unit=Rifleman kind=attack tgt=Cent_Light_AssaultCar(Clone) (Target)
[ORDER] commander=ai team=Team_Human_Sol unit=Light Striker kind=attack tgt=Cent_Light_LightRaider(Clone) (Target)
[ORDER] commander=ai team=Team_Human_Sol unit=Light Striker kind=attack tgt=Cent_Light_LightRaider(Clone) (Target)
[ORDER] commander=ai team=Team_Human_Sol unit=Heavy Quad kind=attack tgt=Cent_Light_LightRaider(Clone) (Target)
[ORDER] commander=ai team=Team_Human_Sol unit=Platoon Hauler kind=attack tgt=Cent_Light_LightRaider(Clone) (Target)
[H2] team=Team_Human_Sol fire=Headquarters argmaxCell=(118,152) val=69 atWorld=(-1404,-44) hqCount=2
[AI] [Team_Human_Sol] tick=30 reqs=2 type={Construct:2} task={} prio(min/avg/max)=7/8.5/10 groups=0
[ORDER] commander=ai team=Team_Human_Centauri unit=Heavy Raider kind=move dst=(-726,36,-171)
[ORDER] commander=ai team=Team_Human_Centauri unit=Light Raider kind=move dst=(-726,36,-171)
[ORDER] commander=ai team=Team_Alien unit=Shocker kind=attack tgt=SpecialContainer_Short_01_Small(Clone) (Target)
[ORDER] commander=ai team=Team_Alien unit=Shocker kind=attack tgt=SpecialContainer_Short_01_Small(Clone) (Target)
[ORDER] commander=ai team=Team_Alien unit=Shocker kind=attack tgt=SpecialContainer_Short_01_Small(Clone) (Target)
[ORDER] commander=ai team=Team_Alien unit=Crab kind=attack tgt=SpecialContainer_Short_01_Small(Clone) (Target)
[ORDER] commander=ai team=Team_Alien unit=Crab kind=attack tgt=SpecialContainer_Long_01_Large(Clone) (Target)
[ORDER] commander=ai team=Team_Alien unit=Shocker kind=attack tgt=SpecialContainer_Long_01_Large(Clone) (Target)
[ORDER] commander=ai team=Team_Alien unit=Shocker kind=attack tgt=SpecialContainer_Long_01_Large(Clone) (Target)
[ORDER] commander=ai team=Team_Alien unit=Shocker kind=attack tgt=SpecialContainer_Long_01_Large(Clone) (Target)
[AI] [Team_Alien] tick=30 reqs=1 type={Construct:1} task={} prio(min/avg/max)=10/10.0/10 groups=0
[ORDER] commander=ai team=Team_Human_Sol unit=Scout kind=move dst=(-1029,47,-49)
[ORDER] commander=ai team=Team_Human_Sol unit=Light Quad kind=move dst=(-1030,47,-49)
[ORDER] commander=ai team=Team_Alien unit=Shocker kind=move dst=(147,20,-232)
[ORDER] commander=ai team=Team_Alien unit=Hunter kind=move dst=(434,20,-150)
[ORDER] commander=ai team=Team_Alien unit=Hunter kind=move dst=(434,20,-150)
[ORDER] commander=ai team=Team_Alien unit=Hunter kind=move dst=(434,20,-150)
[ORDER] commander=ai team=Team_Alien unit=Squid kind=move dst=(1426,111,209)
[ORDER] commander=ai team=Team_Alien unit=Squid kind=move dst=(1426,111,209)
[ORDER] commander=ai team=Team_Alien unit=Squid kind=move dst=(1426,111,209)
[ORDER] commander=ai team=Team_Human_Centauri unit=Light Raider kind=move dst=(-718,36,-179)
[ORDER] commander=ai team=Team_Alien unit=Squid kind=move dst=(1471,23,1563)
[ORDER] commander=ai team=Team_Alien unit=Squid kind=move dst=(1471,23,1563)
[ORDER] commander=ai team=Team_Alien unit=Wasp kind=move dst=(1471,23,1563)
[ORDER] commander=ai team=Team_Alien unit=Squid kind=move dst=(1471,23,1563)
[ORDER] commander=ai team=Team_Alien unit=Squid kind=move dst=(1471,23,1563)
[H2] team=Team_Human_Centauri fire=Headquarters argmaxCell=(118,152) val=66 atWorld=(-1404,-44) hqCount=2
[AI] [Team_Human_Centauri] tick=31 reqs=1 type={Construct:1} task={} prio(min/avg/max)=10/10.0/10 groups=0
[ORDER] commander=ai team=Team_Human_Sol unit=Scout kind=move dst=(-667,113,1318)
[ORDER] commander=ai team=Team_Human_Sol unit=Scout kind=move dst=(-667,113,1318)
[ORDER] commander=ai team=Team_Human_Sol unit=Scout kind=move dst=(-667,113,1318)
[ORDER] commander=ai team=Team_Human_Sol unit=Rifleman kind=move dst=(-667,113,1318)
[ORDER] commander=ai team=Team_Human_Sol unit=Light Striker kind=move dst=(-1742,32,102)
[ORDER] commander=ai team=Team_Human_Sol unit=Light Striker kind=move dst=(-1742,32,102)
[ORDER] commander=ai team=Team_Human_Sol unit=Heavy Quad kind=move dst=(-1742,32,102)
[ORDER] commander=ai team=Team_Human_Sol unit=Platoon Hauler kind=move dst=(-430,50,1730)
[ORDER] commander=ai team=Team_Human_Sol unit=Scout kind=attack tgt=Cent_Light_AssaultCar(Clone) (Target)
[ORDER] commander=ai team=Team_Human_Sol unit=Scout kind=attack tgt=Cent_Light_AssaultCar(Clone) (Target)
[ORDER] commander=ai team=Team_Human_Sol unit=Scout kind=attack tgt=Cent_Light_AssaultCar(Clone) (Target)
[ORDER] commander=ai team=Team_Human_Sol unit=Rifleman kind=attack tgt=Cent_Light_AssaultCar(Clone) (Target)
[ORDER] commander=ai team=Team_Human_Sol unit=Light Striker kind=attack tgt=Cent_Light_LightRaider(Clone) (Target)
[ORDER] commander=ai team=Team_Human_Sol unit=Light Striker kind=attack tgt=Cent_Light_LightRaider(Clone) (Target)
[ORDER] commander=ai team=Team_Human_Sol unit=Heavy Quad kind=attack tgt=Cent_Light_LightRaider(Clone) (Target)
[ORDER] commander=ai team=Team_Human_Sol unit=Platoon Hauler kind=attack tgt=Cent_Light_LightRaider(Clone) (Target)
[H1] team=Team_Human_Sol fire=Refinery atBalterium=(-962,1073) refCount=2
[H1] team=Team_Human_Sol fire=Refinery atBalterium=(-1489,1092) refCount=3
[H2] team=Team_Human_Sol fire=Headquarters argmaxCell=(125,161) val=52 atWorld=(-1124,316) hqCount=2
[H3] team=Team_Human_Sol fire=Barracks nearHq=(-1110,840)
[H3] team=Team_Human_Sol fire=Research Facility nearHq=(-1110,840)
[AI] [Team_Human_Sol] tick=31 reqs=2 type={Construct:2} task={} prio(min/avg/max)=7/8.5/10 groups=0
[H2] team=Team_Human_Sol reject=HQ-too-close targetCell=(-1124,316) landedAt=(-1125,315) distToExistingHq=525m
[ORDER] commander=ai team=Team_Alien unit=Crab kind=move dst=(819,48,-756)
[ORDER] commander=ai team=Team_Alien unit=Horned Crab kind=move dst=(819,48,-756)
[ORDER] commander=ai team=Team_Alien unit=Horned Crab kind=move dst=(819,48,-756)
[ORDER] commander=ai team=Team_Alien unit=Shocker kind=move dst=(819,48,-756)
[P32] team=Team_Alien fire=Node towardPatchAt=(187,255) distToOwned=312m nodesOwned=26 anchorAt=(1470,240)
[P32] team=Team_Alien fire=Node towardPatchAt=(84,306) distToOwned=425m nodesOwned=27 anchorAt=(1470,240)
[AI] [Team_Alien] tick=31 reqs=1 type={Construct:1} task={} prio(min/avg/max)=10/10.0/10 groups=0
[ORDER] commander=ai team=Team_Human_Sol unit=Scout kind=move dst=(-1055,51,-38)
[ORDER] commander=ai team=Team_Alien unit=Squid kind=move dst=(204,84,320)
[ORDER] commander=ai team=Team_Human_Centauri unit=Heavy Raider kind=stop
[ORDER] commander=ai team=Team_Human_Centauri unit=Light Raider kind=move dst=(-901,35,-113)
[ORDER] commander=ai team=Team_Human_Centauri unit=Light Raider kind=move dst=(-901,35,-113)
[H2] team=Team_Human_Centauri fire=Headquarters argmaxCell=(118,152) val=66 atWorld=(-1404,-44) hqCount=2
[AI] [Team_Human_Centauri] tick=32 reqs=1 type={Construct:1} task={} prio(min/avg/max)=10/10.0/10 groups=0
[ORDER] commander=ai team=Team_Alien unit=Hunter kind=stop
[ORDER] commander=ai team=Team_Alien unit=Hunter kind=move dst=(902,38,-93)
[ORDER] commander=ai team=Team_Alien unit=Hunter kind=move dst=(902,38,-93)
[ORDER] commander=ai team=Team_Alien unit=Squid kind=move dst=(204,84,320)
[ORDER] commander=ai team=Team_Human_Sol unit=Scout kind=move dst=(-667,113,1318)
[ORDER] commander=ai team=Team_Human_Sol unit=Scout kind=move dst=(-667,113,1318)
[ORDER] commander=ai team=Team_Human_Sol unit=Scout kind=move dst=(-667,113,1318)
[ORDER] commander=ai team=Team_Human_Sol unit=Rifleman kind=move dst=(-667,113,1318)
[ORDER] commander=ai team=Team_Human_Sol unit=Light Striker kind=move dst=(-1742,32,102)
[ORDER] commander=ai team=Team_Human_Sol unit=Light Striker kind=move dst=(-1742,32,102)
[ORDER] commander=ai team=Team_Human_Sol unit=Heavy Quad kind=move dst=(-1742,32,102)
[ORDER] commander=ai team=Team_Human_Sol unit=Platoon Hauler kind=move dst=(-430,50,1730)
[ORDER] commander=ai team=Team_Human_Sol unit=Scout kind=attack tgt=Cent_Light_AssaultCar(Clone) (Target)
[ORDER] commander=ai team=Team_Human_Sol unit=Scout kind=attack tgt=Cent_Light_AssaultCar(Clone) (Target)
[ORDER] commander=ai team=Team_Human_Sol unit=Scout kind=attack tgt=Cent_Light_AssaultCar(Clone) (Target)
[ORDER] commander=ai team=Team_Human_Sol unit=Rifleman kind=attack tgt=Cent_Light_AssaultCar(Clone) (Target)
[ORDER] commander=ai team=Team_Human_Sol unit=Light Striker kind=attack tgt=Cent_Light_LightRaider(Clone) (Target)
[ORDER] commander=ai team=Team_Human_Sol unit=Light Striker kind=attack tgt=Cent_Light_LightRaider(Clone) (Target)
[ORDER] commander=ai team=Team_Human_Sol unit=Heavy Quad kind=attack tgt=Cent_Light_LightRaider(Clone) (Target)
[ORDER] commander=ai team=Team_Human_Sol unit=Platoon Hauler kind=attack tgt=Cent_Light_LightRaider(Clone) (Target)
[H2] team=Team_Human_Sol fire=Headquarters argmaxCell=(125,161) val=52 atWorld=(-1124,316) hqCount=2
[AI] [Team_Human_Sol] tick=32 reqs=2 type={Construct:2} task={} prio(min/avg/max)=7/8.5/10 groups=0
[H2] team=Team_Human_Sol reject=HQ-too-close targetCell=(-1124,316) landedAt=(-1140,300) distToExistingHq=541m
[ORDER] commander=ai team=Team_Human_Sol unit=Scout kind=stop
[ORDER] commander=ai team=Team_Human_Sol unit=Scout kind=move dst=(-642,19,529)
[ORDER] commander=ai team=Team_Human_Sol unit=Scout kind=move dst=(-642,19,529)
[ORDER] commander=ai team=Team_Human_Sol unit=Rifleman kind=move dst=(-642,19,529)
[ORDER] commander=ai team=Team_Alien unit=Crab kind=attack tgt=Sol_Headquarters(Clone) (Target)
[ORDER] commander=ai team=Team_Alien unit=Horned Crab kind=attack tgt=Sol_Headquarters(Clone) (Target)
[ORDER] commander=ai team=Team_Alien unit=Horned Crab kind=attack tgt=Sol_Headquarters(Clone) (Target)
[ORDER] commander=ai team=Team_Alien unit=Shocker kind=attack tgt=Sol_Headquarters(Clone) (Target)
[ORDER] commander=ai team=Team_Alien unit=Hunter kind=attack tgt=Sol_Light_LightQuad(Clone) (Target)
[ORDER] commander=ai team=Team_Alien unit=Hunter kind=attack tgt=Sol_Light_LightQuad(Clone) (Target)
[ORDER] commander=ai team=Team_Alien unit=Squid kind=attack tgt=Cent_Refinery(Clone) (Target)
[ORDER] commander=ai team=Team_Alien unit=Squid kind=attack tgt=Cent_Refinery(Clone) (Target)
[ORDER] commander=ai team=Team_Alien unit=Wasp kind=attack tgt=Cent_Refinery(Clone) (Target)
[ORDER] commander=ai team=Team_Alien unit=Squid kind=attack tgt=Cent_Refinery(Clone) (Target)
[ORDER] commander=ai team=Team_Alien unit=Squid kind=attack tgt=Cent_Refinery(Clone) (Target)
[ORDER] commander=ai team=Team_Alien unit=Shocker kind=attack tgt=Cent_Refinery(Clone) (Target)
[ORDER] commander=ai team=Team_Alien unit=Shocker kind=attack tgt=Cent_Refinery(Clone) (Target)
[ORDER] commander=ai team=Team_Alien unit=Shocker kind=attack tgt=Cent_Refinery(Clone) (Target)
[ORDER] commander=ai team=Team_Alien unit=Shocker kind=attack tgt=Cent_Refinery(Clone) (Target)
[ORDER] commander=ai team=Team_Alien unit=Hunter kind=attack tgt=Sol_Headquarters(Clone) (Target)
[ORDER] commander=ai team=Team_Alien unit=Hunter kind=attack tgt=Sol_Headquarters(Clone) (Target)
[ORDER] commander=ai team=Team_Alien unit=Hunter kind=attack tgt=Sol_Headquarters(Clone) (Target)
[P32] team=Team_Alien fire=Node towardPatchAt=(819,-756) distToOwned=451m nodesOwned=28 anchorAt=(1470,240)
[AI] [Team_Alien] tick=32 reqs=1 type={Construct:1} task={} prio(min/avg/max)=10/10.0/10 groups=0
[ORDER] commander=ai team=Team_Alien unit=Shocker kind=move dst=(-1350,45,-615)
[ORDER] commander=ai team=Team_Alien unit=Shocker kind=move dst=(-1350,45,-615)
[ORDER] commander=ai team=Team_Alien unit=Shocker kind=move dst=(-1350,45,-615)
[ORDER] commander=ai team=Team_Alien unit=Shocker kind=move dst=(-1350,45,-615)
[ORDER] commander=ai team=Team_Human_Centauri unit=Heavy Raider kind=move dst=(-1125,57,7)
[ORDER] commander=ai team=Team_Human_Sol unit=Scout kind=move dst=(-1078,55,-33)
[ORDER] commander=ai team=Team_Alien unit=Hunter kind=stop
[ORDER] commander=ai team=Team_Alien unit=Hunter kind=move dst=(900,38,-93)
[ORDER] commander=ai team=Team_Alien unit=Hunter kind=move dst=(900,38,-93)
[ORDER] commander=ai team=Team_Alien unit=Squid kind=move dst=(204,84,320)
[ORDER] commander=ai team=Team_Alien unit=Squid kind=move dst=(204,84,320)
[ORDER] commander=ai team=Team_Alien unit=Hunter kind=move dst=(-1110,30,840)
[ORDER] commander=ai team=Team_Alien unit=Hunter kind=move dst=(-1110,30,840)
[ORDER] commander=ai team=Team_Alien unit=Hunter kind=move dst=(-1110,30,840)
[ORDER] commander=ai team=Team_Alien unit=Squid kind=move dst=(204,84,320)
[ORDER] commander=ai team=Team_Alien unit=Squid kind=move dst=(204,84,320)
[ORDER] commander=ai team=Team_Human_Sol unit=Scout kind=move dst=(-838,35,-124)
[ORDER] commander=ai team=Team_Human_Sol unit=Scout kind=move dst=(-838,35,-124)
[ORDER] commander=ai team=Team_Human_Centauri unit=Heavy Raider kind=move dst=(-1143,52,202)
[ORDER] commander=ai team=Team_Human_Centauri unit=Assault Car kind=move dst=(-1143,52,202)
[ORDER] commander=ai team=Team_Human_Centauri unit=Assault Car kind=move dst=(-1143,52,202)
[H2] team=Team_Human_Centauri fire=Headquarters argmaxCell=(118,152) val=66 atWorld=(-1404,-44) hqCount=2
[AI] [Team_Human_Centauri] tick=33 reqs=1 type={Construct:1} task={} prio(min/avg/max)=10/10.0/10 groups=0
[ORDER] commander=ai team=Team_Alien unit=Squid kind=move dst=(204,84,320)
[ORDER] commander=ai team=Team_Human_Sol unit=Heavy Quad kind=stop
[ORDER] commander=ai team=Team_Human_Sol unit=Light Raider kind=move dst=(-1185,25,853)
[ORDER] commander=ai team=Team_Human_Sol unit=Light Raider kind=move dst=(-1185,25,853)
[ORDER] commander=ai team=Team_Human_Sol unit=Platoon Hauler kind=move dst=(-667,113,1318)
[ORDER] commander=ai team=Team_Human_Sol unit=Light Striker kind=move dst=(-1742,32,102)
[ORDER] commander=ai team=Team_Human_Sol unit=Light Striker kind=move dst=(-1742,32,102)
[ORDER] commander=ai team=Team_Human_Sol unit=Heavy Quad kind=move dst=(-1742,32,102)
[ORDER] commander=ai team=Team_Human_Sol unit=Scout kind=move dst=(-430,50,1730)
[ORDER] commander=ai team=Team_Human_Sol unit=Scout kind=move dst=(-430,50,1730)
[ORDER] commander=ai team=Team_Human_Sol unit=Scout kind=move dst=(-430,50,1730)
[ORDER] commander=ai team=Team_Human_Sol unit=Rifleman kind=move dst=(-430,50,1730)
[ORDER] commander=ai team=Team_Human_Sol unit=Scout kind=attack tgt=Cent_Light_AssaultCar(Clone) (Target)
[ORDER] commander=ai team=Team_Human_Sol unit=Scout kind=attack tgt=Cent_Light_AssaultCar(Clone) (Target)
[ORDER] commander=ai team=Team_Human_Sol unit=Scout kind=attack tgt=Cent_Light_AssaultCar(Clone) (Target)
[ORDER] commander=ai team=Team_Human_Sol unit=Rifleman kind=attack tgt=Cent_Light_AssaultCar(Clone) (Target)
[ORDER] commander=ai team=Team_Human_Sol unit=Light Striker kind=attack tgt=Cent_Light_LightRaider(Clone) (Target)
[ORDER] commander=ai team=Team_Human_Sol unit=Light Striker kind=attack tgt=Cent_Light_LightRaider(Clone) (Target)
[ORDER] commander=ai team=Team_Human_Sol unit=Heavy Quad kind=attack tgt=Cent_Light_LightRaider(Clone) (Target)
[ORDER] commander=ai team=Team_Human_Sol unit=Platoon Hauler kind=attack tgt=Cent_Light_LightRaider(Clone) (Target)
[H1] team=Team_Human_Sol fire=Refinery atBalterium=(-962,1073) refCount=2
[H1] team=Team_Human_Sol fire=Refinery atBalterium=(-1489,1092) refCount=3
[H2] team=Team_Human_Sol fire=Headquarters argmaxCell=(125,161) val=52 atWorld=(-1124,316) hqCount=2
[H3] team=Team_Human_Sol fire=Barracks nearHq=(-1110,840)
[H3] team=Team_Human_Sol fire=Research Facility nearHq=(-1110,840)
[AI] [Team_Human_Sol] tick=33 reqs=2 type={Construct:2} task={} prio(min/avg/max)=7/8.5/10 groups=0
[ORDER] commander=ai team=Team_Human_Centauri unit=Heavy Raider kind=move dst=(-605,36,-282)
[ORDER] commander=ai team=Team_Human_Centauri unit=Light Raider kind=move dst=(-605,36,-282)
[ORDER] commander=ai team=Team_Human_Centauri unit=Light Raider kind=move dst=(-605,36,-282)
[ORDER] commander=ai team=Team_Human_Sol unit=Platoon Hauler kind=move dst=(-754,45,615)
[H2] team=Team_Human_Sol reject=HQ-too-close targetCell=(-1124,316) landedAt=(-1140,300) distToExistingHq=541m
[ORDER] commander=ai team=Team_Alien unit=Squid kind=move dst=(204,84,320)
[ORDER] commander=ai team=Team_Alien unit=Squid kind=move dst=(204,84,320)
[ORDER] commander=ai team=Team_Alien unit=Squid kind=move dst=(204,84,320)
[ORDER] commander=ai team=Team_Alien unit=Hunter kind=attack tgt=Sol_Headquarters(Clone) (Target)
[AI] [Team_Alien] tick=33 reqs=1 type={Construct:1} task={} prio(min/avg/max)=10/10.0/10 groups=0
[ORDER] commander=ai team=Team_Human_Sol unit=Scout kind=move dst=(-1105,58,-28)
[SPAWN_S] team=Team_Alien structure=Node at=(1010,505)
[SPAWN_S] team=Team_Alien structure=Node at=(1330,-155)
[SPAWN_S] team=Team_Alien structure=Node at=(860,190)
[ORDER] commander=ai team=Team_Alien unit=Squid kind=stop
[ORDER] commander=ai team=Team_Alien unit=Squid kind=move dst=(224,145,350)
[ORDER] commander=ai team=Team_Alien unit=Squid kind=move dst=(224,145,350)
[ORDER] commander=ai team=Team_Alien unit=Squid kind=move dst=(204,84,320)
[ORDER] commander=ai team=Team_Alien unit=Squid kind=move dst=(204,84,320)
[ORDER] commander=ai team=Team_Alien unit=Squid kind=move dst=(204,84,320)
[ORDER] commander=ai team=Team_Human_Sol unit=Light Raider kind=move dst=(0,0,0)
[ORDER] commander=ai team=Team_Human_Centauri unit=Squad Transport kind=move dst=(-245,14,-1662)
[ORDER] commander=ai team=Team_Human_Centauri unit=Squad Transport kind=attack tgt=SpecialContainer_Long_01_Small(Clone) (Target)
[ORDER] commander=ai team=Team_Human_Centauri unit=Light Raider kind=move dst=(-72,32,-865)
[ORDER] commander=ai team=Team_Human_Centauri unit=Light Raider kind=move dst=(-72,32,-865)
[H2] team=Team_Human_Centauri fire=Headquarters argmaxCell=(118,152) val=66 atWorld=(-1404,-44) hqCount=2
[AI] [Team_Human_Centauri] tick=34 reqs=1 type={Construct:1} task={} prio(min/avg/max)=10/10.0/10 groups=0
[ORDER] commander=ai team=Team_Human_Centauri unit=Squad Transport kind=move dst=(-528,57,-857)
[ORDER] commander=ai team=Team_Human_Sol unit=Platoon Hauler kind=move dst=(-667,113,1318)
[ORDER] commander=ai team=Team_Human_Sol unit=Heavy Quad kind=move dst=(-1742,32,102)
[ORDER] commander=ai team=Team_Human_Sol unit=Light Raider kind=move dst=(-1742,32,102)
[ORDER] commander=ai team=Team_Human_Sol unit=Light Raider kind=move dst=(-1742,32,102)
[ORDER] commander=ai team=Team_Human_Sol unit=Scout kind=move dst=(-430,50,1730)
[ORDER] commander=ai team=Team_Human_Sol unit=Scout kind=move dst=(-430,50,1730)
[ORDER] commander=ai team=Team_Human_Sol unit=Scout kind=move dst=(-430,50,1730)
[ORDER] commander=ai team=Team_Human_Sol unit=Rifleman kind=move dst=(-430,50,1730)
[ORDER] commander=ai team=Team_Human_Sol unit=Light Striker kind=attack tgt=Cent_Light_HeavyRaider(Clone) (Target)
[ORDER] commander=ai team=Team_Human_Sol unit=Light Striker kind=attack tgt=Cent_Light_HeavyRaider(Clone) (Target)
[ORDER] commander=ai team=Team_Human_Sol unit=Heavy Quad kind=attack tgt=Cent_Light_HeavyRaider(Clone) (Target)
[ORDER] commander=ai team=Team_Human_Sol unit=Scout kind=attack tgt=Cent_Light_HeavyRaider(Clone) (Target)
[ORDER] commander=ai team=Team_Human_Sol unit=Scout kind=attack tgt=Cent_Light_HeavyRaider(Clone) (Target)
[ORDER] commander=ai team=Team_Human_Sol unit=Scout kind=attack tgt=Cent_Light_HeavyRaider(Clone) (Target)
[ORDER] commander=ai team=Team_Human_Sol unit=Rifleman kind=attack tgt=Cent_Light_HeavyRaider(Clone) (Target)
[ORDER] commander=ai team=Team_Human_Sol unit=Heavy Quad kind=attack tgt=Cent_Light_LightRaider(Clone) (Target)
[ORDER] commander=ai team=Team_Human_Sol unit=Light Raider kind=attack tgt=Cent_Light_LightRaider(Clone) (Target)
[ORDER] commander=ai team=Team_Human_Sol unit=Light Raider kind=attack tgt=Cent_Light_LightRaider(Clone) (Target)
[ORDER] commander=ai team=Team_Human_Sol unit=Platoon Hauler kind=attack tgt=Cent_Light_HeavyRaider(Clone) (Target)
[H2] team=Team_Human_Sol fire=Headquarters argmaxCell=(125,161) val=52 atWorld=(-1124,316) hqCount=2
[AI] [Team_Human_Sol] tick=34 reqs=2 type={Construct:2} task={} prio(min/avg/max)=7/8.5/10 groups=0
[H2] team=Team_Human_Sol reject=HQ-too-close targetCell=(-1124,316) landedAt=(-1140,300) distToExistingHq=541m
[ORDER] commander=ai team=Team_Alien unit=Hunter kind=move dst=(790,35,-953)
[ORDER] commander=ai team=Team_Alien unit=Shocker kind=move dst=(309,46,1050)
[ORDER] commander=ai team=Team_Alien unit=Shocker kind=move dst=(309,46,1050)
[ORDER] commander=ai team=Team_Alien unit=Shocker kind=move dst=(309,46,1050)
[ORDER] commander=ai team=Team_Alien unit=Crab kind=move dst=(309,46,1050)
[ORDER] commander=ai team=Team_Alien unit=Crab kind=attack tgt=Sol_Light_LightQuad(Clone) (Target)
[ORDER] commander=ai team=Team_Alien unit=Shocker kind=attack tgt=Sol_Light_LightQuad(Clone) (Target)
[ORDER] commander=ai team=Team_Alien unit=Shocker kind=attack tgt=Sol_Light_LightQuad(Clone) (Target)
[ORDER] commander=ai team=Team_Alien unit=Shocker kind=attack tgt=Sol_Light_LightQuad(Clone) (Target)
[ORDER] commander=ai team=Team_Alien unit=Squid kind=attack tgt=Sol_Light_PlatoonHauler(Clone) (Target)
[ORDER] commander=ai team=Team_Alien unit=Squid kind=attack tgt=Sol_Light_PlatoonHauler(Clone) (Target)
[ORDER] commander=ai team=Team_Alien unit=Wasp kind=attack tgt=Sol_Light_PlatoonHauler(Clone) (Target)
[ORDER] commander=ai team=Team_Alien unit=Squid kind=attack tgt=Sol_Light_PlatoonHauler(Clone) (Target)
[ORDER] commander=ai team=Team_Alien unit=Squid kind=attack tgt=Sol_Light_PlatoonHauler(Clone) (Target)
[ORDER] commander=ai team=Team_Alien unit=Hunter kind=attack tgt=Sol_Headquarters(Clone) (Target)
[ORDER] commander=ai team=Team_Alien unit=Crab kind=attack tgt=Sol_Light_LightQuad(Clone) (Target)
[ORDER] commander=ai team=Team_Alien unit=Crab kind=attack tgt=Sol_Light_LightQuad(Clone) (Target)
[ORDER] commander=ai team=Team_Alien unit=Crab kind=attack tgt=Sol_Light_LightQuad(Clone) (Target)
[ORDER] commander=ai team=Team_Alien unit=Crab kind=attack tgt=Sol_Light_LightQuad(Clone) (Target)
[ORDER] commander=ai team=Team_Alien unit=Shocker kind=attack tgt=Sol_Light_LightQuad(Clone) (Target)
[ORDER] commander=ai team=Team_Alien unit=Shocker kind=attack tgt=Sol_Light_LightQuad(Clone) (Target)
[ORDER] commander=ai team=Team_Alien unit=Shocker kind=attack tgt=Sol_Light_LightQuad(Clone) (Target)
[ORDER] commander=ai team=Team_Alien unit=Crab kind=attack tgt=Sol_Light_LightQuad(Clone) (Target)
[AI] [Team_Alien] tick=34 reqs=1 type={Construct:1} task={} prio(min/avg/max)=10/10.0/10 groups=0
[ORDER] commander=ai team=Team_Human_Sol unit=Scout kind=move dst=(-881,34,-119)
[ORDER] commander=ai team=Team_Human_Sol unit=Scout kind=move dst=(-881,34,-119)
[ORDER] commander=ai team=Team_Human_Sol unit=Scout kind=move dst=(-881,34,-119)
[ORDER] commander=ai team=Team_Alien unit=Shocker kind=move dst=(-504,42,708)
[ORDER] commander=ai team=Team_Alien unit=Shocker kind=move dst=(-504,42,708)
[ORDER] commander=ai team=Team_Alien unit=Crab kind=move dst=(-504,42,708)
[ORDER] commander=ai team=Team_Alien unit=Squid kind=move dst=(225,137,307)
[ORDER] commander=ai team=Team_Alien unit=Squid kind=move dst=(225,137,307)
[ORDER] commander=ai team=Team_Alien unit=Squid kind=move dst=(1291,64,247)
[ORDER] commander=ai team=Team_Alien unit=Squid kind=move dst=(1291,64,247)
[ORDER] commander=ai team=Team_Alien unit=Wasp kind=stop
[ORDER] commander=ai team=Team_Alien unit=Squid kind=move dst=(1291,64,247)
[ORDER] commander=ai team=Team_Alien unit=Squid kind=move dst=(1291,64,247)
[ORDER] commander=ai team=Team_Alien unit=Squid kind=move dst=(204,84,320)
[ORDER] commander=ai team=Team_Alien unit=Squid kind=move dst=(204,84,320)
[ORDER] commander=ai team=Team_Alien unit=Squid kind=move dst=(204,84,320)
[ORDER] commander=ai team=Team_Alien unit=Squid kind=move dst=(1287,60,245)
[ORDER] commander=ai team=Team_Alien unit=Squid kind=move dst=(1287,60,245)
[H2] team=Team_Human_Centauri fire=Headquarters argmaxCell=(118,152) val=66 atWorld=(-1404,-44) hqCount=2
[AI] [Team_Human_Centauri] tick=35 reqs=1 type={Construct:1} task={} prio(min/avg/max)=10/10.0/10 groups=0
[ORDER] commander=ai team=Team_Alien unit=Squid kind=stop
[ORDER] commander=ai team=Team_Alien unit=Squid kind=move dst=(226,136,288)
[ORDER] commander=ai team=Team_Alien unit=Squid kind=move dst=(226,136,288)
[ORDER] commander=ai team=Team_Alien unit=Crab kind=stop
[ORDER] commander=ai team=Team_Alien unit=Crab kind=move dst=(844,37,-180)
[ORDER] commander=ai team=Team_Alien unit=Crab kind=move dst=(844,37,-180)
[ORDER] commander=ai team=Team_Alien unit=Crab kind=move dst=(844,37,-180)
[ORDER] commander=ai team=Team_Alien unit=Squid kind=move dst=(-217,33,220)
[ORDER] commander=ai team=Team_Alien unit=Wasp kind=move dst=(-217,33,220)
[ORDER] commander=ai team=Team_Alien unit=Squid kind=move dst=(-217,33,220)
[ORDER] commander=ai team=Team_Human_Sol unit=Platoon Hauler kind=move dst=(-667,113,1318)
[ORDER] commander=ai team=Team_Human_Sol unit=Light Striker kind=move dst=(-1742,32,102)
[ORDER] commander=ai team=Team_Human_Sol unit=Light Striker kind=move dst=(-1742,32,102)
[ORDER] commander=ai team=Team_Human_Sol unit=Heavy Quad kind=move dst=(-1742,32,102)
[ORDER] commander=ai team=Team_Human_Sol unit=Scout kind=move dst=(-430,50,1730)
[ORDER] commander=ai team=Team_Human_Sol unit=Scout kind=move dst=(-430,50,1730)
[ORDER] commander=ai team=Team_Human_Sol unit=Scout kind=move dst=(-430,50,1730)
[ORDER] commander=ai team=Team_Human_Sol unit=Rifleman kind=move dst=(-430,50,1730)
[ORDER] commander=ai team=Team_Human_Sol unit=Scout kind=attack tgt=Cent_Soldier_Militia(Clone) (Target)
[ORDER] commander=ai team=Team_Human_Sol unit=Scout kind=attack tgt=Cent_Soldier_Militia(Clone) (Target)
[ORDER] commander=ai team=Team_Human_Sol unit=Scout kind=attack tgt=Cent_Soldier_Militia(Clone) (Target)
[ORDER] commander=ai team=Team_Human_Sol unit=Rifleman kind=attack tgt=Cent_Soldier_Militia(Clone) (Target)
[ORDER] commander=ai team=Team_Human_Sol unit=Scout kind=attack tgt=Cent_Light_HeavyRaider(Clone) (Target)
[ORDER] commander=ai team=Team_Human_Sol unit=Scout kind=attack tgt=Cent_Light_HeavyRaider(Clone) (Target)
[ORDER] commander=ai team=Team_Human_Sol unit=Scout kind=attack tgt=Cent_Light_HeavyRaider(Clone) (Target)
[ORDER] commander=ai team=Team_Human_Sol unit=Rifleman kind=attack tgt=Cent_Light_HeavyRaider(Clone) (Target)
[ORDER] commander=ai team=Team_Human_Sol unit=Light Striker kind=attack tgt=Cent_Light_LightRaider(Clone) (Target)
[ORDER] commander=ai team=Team_Human_Sol unit=Light Striker kind=attack tgt=Cent_Light_LightRaider(Clone) (Target)
[ORDER] commander=ai team=Team_Human_Sol unit=Heavy Quad kind=attack tgt=Cent_Light_LightRaider(Clone) (Target)
[ORDER] commander=ai team=Team_Human_Sol unit=Platoon Hauler kind=attack tgt=Cent_Soldier_Militia(Clone) (Target)
[H1] team=Team_Human_Sol fire=Refinery atBalterium=(-962,1073) refCount=2
[H1] team=Team_Human_Sol fire=Refinery atBalterium=(-1489,1092) refCount=3
[H2] team=Team_Human_Sol fire=Headquarters argmaxCell=(125,161) val=52 atWorld=(-1124,316) hqCount=2
[H3] team=Team_Human_Sol fire=Barracks nearHq=(-1110,840)
[H3] team=Team_Human_Sol fire=Research Facility nearHq=(-1110,840)
[AI] [Team_Human_Sol] tick=35 reqs=2 type={Construct:2} task={} prio(min/avg/max)=7/8.5/10 groups=0
[H2] team=Team_Human_Sol reject=HQ-too-close targetCell=(-1124,316) landedAt=(-1125,315) distToExistingHq=525m
[ORDER] commander=ai team=Team_Human_Sol unit=Scout kind=move dst=(-488,38,-440)
[ORDER] commander=ai team=Team_Human_Sol unit=Scout kind=move dst=(-488,38,-440)
[ORDER] commander=ai team=Team_Human_Sol unit=Scout kind=move dst=(-488,38,-440)
[ORDER] commander=ai team=Team_Human_Sol unit=Rifleman kind=move dst=(-488,38,-440)
[ORDER] commander=ai team=Team_Alien unit=Hunter kind=move dst=(790,35,-953)
[ORDER] commander=ai team=Team_Alien unit=Crab kind=move dst=(883,34,-1032)
[ORDER] commander=ai team=Team_Alien unit=Horned Crab kind=move dst=(883,34,-1032)
[ORDER] commander=ai team=Team_Alien unit=Horned Crab kind=move dst=(883,34,-1032)
[ORDER] commander=ai team=Team_Alien unit=Shocker kind=move dst=(883,34,-1032)
[ORDER] commander=ai team=Team_Alien unit=Shocker kind=move dst=(309,46,1050)
[ORDER] commander=ai team=Team_Alien unit=Shocker kind=move dst=(309,46,1050)
[ORDER] commander=ai team=Team_Alien unit=Shocker kind=move dst=(309,46,1050)
[ORDER] commander=ai team=Team_Alien unit=Crab kind=move dst=(309,46,1050)
[ORDER] commander=ai team=Team_Alien unit=Crab kind=attack tgt=Sol_Headquarters(Clone) (Target)
[ORDER] commander=ai team=Team_Alien unit=Horned Crab kind=attack tgt=Sol_Headquarters(Clone) (Target)
[ORDER] commander=ai team=Team_Alien unit=Horned Crab kind=attack tgt=Sol_Headquarters(Clone) (Target)
[ORDER] commander=ai team=Team_Alien unit=Shocker kind=attack tgt=Sol_Headquarters(Clone) (Target)
[ORDER] commander=ai team=Team_Alien unit=Hunter kind=attack tgt=Sol_Light_LightQuad(Clone) (Target)
[P32] team=Team_Alien fire=Node towardPatchAt=(819,-756) distToOwned=313m nodesOwned=29 anchorAt=(1470,240)
[AI] [Team_Alien] tick=35 reqs=1 type={Construct:1} task={} prio(min/avg/max)=10/10.0/10 groups=0
[ORDER] commander=ai team=Team_Human_Sol unit=Scout kind=move dst=(-848,35,-137)
[ORDER] commander=ai team=Team_Human_Sol unit=Scout kind=move dst=(-848,35,-137)
[ORDER] commander=ai team=Team_Human_Sol unit=Scout kind=move dst=(-848,35,-137)
[ORDER] commander=ai team=Team_Alien unit=Squid kind=move dst=(204,84,320)
[ORDER] commander=ai team=Team_Alien unit=Squid kind=move dst=(204,84,320)
[ORDER] commander=ai team=Team_Alien unit=Squid kind=move dst=(204,84,320)
[ORDER] commander=ai team=Team_Alien unit=Squid kind=move dst=(1281,53,245)
[ORDER] commander=ai team=Team_Alien unit=Squid kind=move dst=(1281,53,245)
[ORDER] commander=ai team=Team_Alien unit=Wasp kind=stop
[ORDER] commander=ai team=Team_Alien unit=Squid kind=move dst=(1281,53,245)
[ORDER] commander=ai team=Team_Alien unit=Squid kind=move dst=(1281,53,245)
[ORDER] commander=ai team=Team_Alien unit=Crab kind=move dst=(-654,46,672)
[ORDER] commander=ai team=Team_Alien unit=Crab kind=move dst=(-654,46,672)
[ORDER] commander=ai team=Team_Alien unit=Crab kind=move dst=(-654,46,672)
[ORDER] commander=ai team=Team_Human_Centauri unit=Heavy Raider kind=move dst=(-1083,41,-1875)
[ORDER] commander=ai team=Team_Human_Centauri unit=Assault Car kind=move dst=(-1083,41,-1875)
[H2] team=Team_Human_Centauri fire=Headquarters argmaxCell=(118,152) val=66 atWorld=(-1404,-44) hqCount=2
[AI] [Team_Human_Centauri] tick=36 reqs=1 type={Construct:1} task={} prio(min/avg/max)=10/10.0/10 groups=0
[ORDER] commander=ai team=Team_Alien unit=Squid kind=move dst=(204,84,320)
[ORDER] commander=ai team=Team_Alien unit=Squid kind=move dst=(204,84,320)
[ORDER] commander=ai team=Team_Alien unit=Squid kind=move dst=(1272,44,244)
[ORDER] commander=ai team=Team_Alien unit=Squid kind=move dst=(1272,44,244)
[ORDER] commander=ai team=Team_Human_Sol unit=Heavy Quad kind=move dst=(-667,113,1318)
[ORDER] commander=ai team=Team_Human_Sol unit=Light Striker kind=move dst=(-667,113,1318)
[ORDER] commander=ai team=Team_Human_Sol unit=Platoon Hauler kind=move dst=(-1742,32,102)
[ORDER] commander=ai team=Team_Human_Sol unit=Platoon Hauler kind=move dst=(-430,50,1730)
[ORDER] commander=ai team=Team_Human_Sol unit=Platoon Hauler kind=attack tgt=Cent_Light_SquadTransport(Clone) (Target)
[ORDER] commander=ai team=Team_Human_Sol unit=Platoon Hauler kind=attack tgt=Cent_Light_HeavyRaider(Clone) (Target)
[ORDER] commander=ai team=Team_Human_Sol unit=Heavy Quad kind=attack tgt=Cent_Light_LightRaider(Clone) (Target)
[ORDER] commander=ai team=Team_Human_Sol unit=Light Striker kind=attack tgt=Cent_Light_LightRaider(Clone) (Target)
[ORDER] commander=ai team=Team_Human_Sol unit=Platoon Hauler kind=attack tgt=Cent_Soldier_Militia(Clone) (Target)
[H2] team=Team_Human_Sol fire=Headquarters argmaxCell=(125,161) val=52 atWorld=(-1124,316) hqCount=2
[AI] [Team_Human_Sol] tick=36 reqs=2 type={Construct:2} task={} prio(min/avg/max)=7/8.5/10 groups=0
[H2] team=Team_Human_Sol reject=HQ-too-close targetCell=(-1124,316) landedAt=(-1140,300) distToExistingHq=541m
[ORDER] commander=ai team=Team_Human_Sol unit=Scout kind=stop
[ORDER] commander=ai team=Team_Human_Sol unit=Scout kind=move dst=(-634,18,451)
[ORDER] commander=ai team=Team_Human_Sol unit=Scout kind=move dst=(-634,18,451)
[ORDER] commander=ai team=Team_Human_Sol unit=Rifleman kind=move dst=(-634,18,451)
[ORDER] commander=ai team=Team_Human_Sol unit=Platoon Hauler kind=move dst=(-478,35,-430)
[ORDER] commander=ai team=Team_Alien unit=Hunter kind=move dst=(790,35,-953)
[ORDER] commander=ai team=Team_Alien unit=Crab kind=move dst=(883,34,-1032)
[ORDER] commander=ai team=Team_Alien unit=Horned Crab kind=move dst=(883,34,-1032)
[ORDER] commander=ai team=Team_Alien unit=Horned Crab kind=move dst=(883,34,-1032)
[ORDER] commander=ai team=Team_Alien unit=Shocker kind=move dst=(883,34,-1032)
[ORDER] commander=ai team=Team_Alien unit=Crab kind=attack tgt=Sol_Headquarters(Clone) (Target)
[ORDER] commander=ai team=Team_Alien unit=Horned Crab kind=attack tgt=Sol_Headquarters(Clone) (Target)
[ORDER] commander=ai team=Team_Alien unit=Horned Crab kind=attack tgt=Sol_Headquarters(Clone) (Target)
[ORDER] commander=ai team=Team_Alien unit=Shocker kind=attack tgt=Sol_Headquarters(Clone) (Target)
[AI] [Team_Alien] tick=36 reqs=1 type={Construct:1} task={} prio(min/avg/max)=10/10.0/10 groups=0
[ORDER] commander=ai team=Team_Alien unit=Squid kind=move dst=(204,84,320)
[ORDER] commander=ai team=Team_Alien unit=Squid kind=move dst=(1272,44,244)
[ORDER] commander=ai team=Team_Alien unit=Squid kind=move dst=(1272,44,244)
[ORDER] commander=ai team=Team_Alien unit=Squid kind=move dst=(1272,44,244)
[ORDER] commander=ai team=Team_Alien unit=Squid kind=stop
[ORDER] commander=ai team=Team_Human_Sol unit=Scout kind=move dst=(-473,32,-423)
[ORDER] commander=ai team=Team_Human_Sol unit=Scout kind=move dst=(-473,32,-423)
[ORDER] commander=ai team=Team_Alien unit=Squid kind=move dst=(1272,44,244)
[ORDER] commander=ai team=Team_Human_Centauri unit=Heavy Raider kind=attack tgt=Sol_Light_LightStriker(Clone) (Target)
[ORDER] commander=ai team=Team_Human_Centauri unit=Assault Car kind=attack tgt=Sol_Light_LightStriker(Clone) (Target)
[ORDER] commander=ai team=Team_Human_Centauri unit=Assault Car kind=attack tgt=Sol_Light_LightStriker(Clone) (Target)
[ORDER] commander=ai team=Team_Human_Centauri unit=Light Raider kind=attack tgt=Sol_Refinery(Clone) (Target)
[ORDER] commander=ai team=Team_Human_Centauri unit=Light Raider kind=attack tgt=Sol_Refinery(Clone) (Target)
[ORDER] commander=ai team=Team_Human_Centauri unit=Heavy Raider kind=move dst=(-72,32,-865)
[ORDER] commander=ai team=Team_Human_Centauri unit=Assault Car kind=move dst=(-72,32,-865)
[ORDER] commander=ai team=Team_Human_Centauri unit=Heavy Raider kind=attack tgt=Sol_Light_LightStriker(Clone) (Target)
[ORDER] commander=ai team=Team_Human_Centauri unit=Assault Car kind=attack tgt=Sol_Light_LightStriker(Clone) (Target)
[H2] team=Team_Human_Centauri fire=Headquarters argmaxCell=(118,152) val=66 atWorld=(-1404,-44) hqCount=2
[AI] [Team_Human_Centauri] tick=37 reqs=1 type={Construct:1} task={} prio(min/avg/max)=10/10.0/10 groups=0
[ORDER] commander=ai team=Team_Alien unit=Squid kind=move dst=(204,84,320)
[ORDER] commander=ai team=Team_Alien unit=Squid kind=move dst=(204,84,320)
[ORDER] commander=ai team=Team_Alien unit=Squid kind=move dst=(204,84,320)
[ORDER] commander=ai team=Team_Alien unit=Squid kind=move dst=(-144,32,210)
[ORDER] commander=ai team=Team_Alien unit=Wasp kind=move dst=(-144,32,210)
[ORDER] commander=ai team=Team_Alien unit=Squid kind=move dst=(-144,32,210)
[ORDER] commander=ai team=Team_Alien unit=Squid kind=move dst=(-144,32,210)
[ORDER] commander=ai team=Team_Human_Sol unit=Platoon Hauler kind=move dst=(-667,113,1318)
[ORDER] commander=ai team=Team_Human_Sol unit=Light Striker kind=move dst=(-1742,32,102)
[ORDER] commander=ai team=Team_Human_Sol unit=Light Striker kind=move dst=(-1742,32,102)
[ORDER] commander=ai team=Team_Human_Sol unit=Heavy Quad kind=move dst=(-1742,32,102)
[ORDER] commander=ai team=Team_Human_Sol unit=Scout kind=move dst=(-430,50,1730)
[ORDER] commander=ai team=Team_Human_Sol unit=Scout kind=move dst=(-430,50,1730)
[ORDER] commander=ai team=Team_Human_Sol unit=Scout kind=move dst=(-430,50,1730)
[ORDER] commander=ai team=Team_Human_Sol unit=Rifleman kind=move dst=(-430,50,1730)
[ORDER] commander=ai team=Team_Human_Sol unit=Scout kind=attack tgt=Cent_Light_HeavyRaider(Clone) (Target)
[ORDER] commander=ai team=Team_Human_Sol unit=Scout kind=attack tgt=Cent_Light_HeavyRaider(Clone) (Target)
[ORDER] commander=ai team=Team_Human_Sol unit=Scout kind=attack tgt=Cent_Light_HeavyRaider(Clone) (Target)
[ORDER] commander=ai team=Team_Human_Sol unit=Rifleman kind=attack tgt=Cent_Light_HeavyRaider(Clone) (Target)
[ORDER] commander=ai team=Team_Human_Sol unit=Light Striker kind=attack tgt=Cent_Light_LightRaider(Clone) (Target)
[ORDER] commander=ai team=Team_Human_Sol unit=Light Striker kind=attack tgt=Cent_Light_LightRaider(Clone) (Target)
[ORDER] commander=ai team=Team_Human_Sol unit=Heavy Quad kind=attack tgt=Cent_Light_LightRaider(Clone) (Target)
[ORDER] commander=ai team=Team_Human_Sol unit=Platoon Hauler kind=attack tgt=Cent_Soldier_Militia(Clone) (Target)
[H1] team=Team_Human_Sol fire=Refinery atBalterium=(-1235,618) refCount=2
[H1] team=Team_Human_Sol fire=Refinery atBalterium=(-962,1073) refCount=3
[H1] team=Team_Human_Sol fire=Refinery atBalterium=(-1489,1092) refCount=4
[H2] team=Team_Human_Sol fire=Headquarters argmaxCell=(125,161) val=52 atWorld=(-1124,316) hqCount=2
[H3] team=Team_Human_Sol fire=Barracks nearHq=(-1110,840)
[H3] team=Team_Human_Sol fire=Research Facility nearHq=(-1110,840)
[AI] [Team_Human_Sol] tick=37 reqs=2 type={Construct:2} task={} prio(min/avg/max)=7/8.5/10 groups=0
[ORDER] commander=ai team=Team_Human_Sol unit=Platoon Hauler kind=move dst=(-754,45,615)
[H2] team=Team_Human_Sol reject=HQ-too-close targetCell=(-1124,316) landedAt=(-1110,300) distToExistingHq=540m
[ORDER] commander=ai team=Team_Alien unit=Crab kind=move dst=(883,34,-1032)
[ORDER] commander=ai team=Team_Alien unit=Horned Crab kind=move dst=(883,34,-1032)
[ORDER] commander=ai team=Team_Alien unit=Horned Crab kind=move dst=(883,34,-1032)
[ORDER] commander=ai team=Team_Alien unit=Shocker kind=move dst=(883,34,-1032)
[ORDER] commander=ai team=Team_Alien unit=Crab kind=attack tgt=Sol_Headquarters(Clone) (Target)
[ORDER] commander=ai team=Team_Alien unit=Horned Crab kind=attack tgt=Sol_Headquarters(Clone) (Target)
[ORDER] commander=ai team=Team_Alien unit=Horned Crab kind=attack tgt=Sol_Headquarters(Clone) (Target)
[ORDER] commander=ai team=Team_Alien unit=Shocker kind=attack tgt=Sol_Headquarters(Clone) (Target)
[AI] [Team_Alien] tick=37 reqs=1 type={Construct:1} task={} prio(min/avg/max)=10/10.0/10 groups=0
[ORDER] commander=ai team=Team_Human_Sol unit=Scout kind=move dst=(-752,35,-195)
[ORDER] commander=ai team=Team_Human_Sol unit=Scout kind=move dst=(-752,35,-195)
[ORDER] commander=ai team=Team_Human_Sol unit=Rifleman kind=move dst=(-752,35,-195)
[ORDER] commander=ai team=Team_Alien unit=Squid kind=stop
[ORDER] commander=ai team=Team_Alien unit=Squid kind=move dst=(204,129,301)
[ORDER] commander=ai team=Team_Alien unit=Squid kind=move dst=(204,129,301)
[ORDER] commander=ai team=Team_Alien unit=Crab kind=move dst=(-632,42,676)
[ORDER] commander=ai team=Team_Alien unit=Squid kind=move dst=(-144,30,201)
[ORDER] commander=ai team=Team_Alien unit=Squid kind=move dst=(201,126,300)
[ORDER] commander=ai team=Team_Alien unit=Squid kind=move dst=(201,126,300)
[ORDER] commander=ai team=Team_Alien unit=Squid kind=move dst=(1243,39,243)
[ORDER] commander=ai team=Team_Alien unit=Squid kind=move dst=(1243,39,243)
[ORDER] commander=ai team=Team_Alien unit=Wasp kind=stop
[ORDER] commander=ai team=Team_Alien unit=Squid kind=move dst=(1243,39,243)
[ORDER] commander=ai team=Team_Alien unit=Squid kind=stop
[ORDER] commander=ai team=Team_Human_Centauri unit=Heavy Raider kind=attack tgt=Sol_Headquarters(Clone) (Target)
[ORDER] commander=ai team=Team_Human_Centauri unit=Assault Car kind=attack tgt=Sol_Headquarters(Clone) (Target)
[ORDER] commander=ai team=Team_Human_Centauri unit=Assault Car kind=attack tgt=Sol_Headquarters(Clone) (Target)
[ORDER] commander=ai team=Team_Human_Centauri unit=Squad Transport kind=attack tgt=Sol_Light_LightStriker(Clone) (Target)
[ORDER] commander=ai team=Team_Human_Centauri unit=Militia kind=attack tgt=Sol_Headquarters(Clone) (Target)
[ORDER] commander=ai team=Team_Human_Centauri unit=Militia kind=attack tgt=Sol_Headquarters(Clone) (Target)
[ORDER] commander=ai team=Team_Human_Centauri unit=Militia kind=attack tgt=Sol_Headquarters(Clone) (Target)
[ORDER] commander=ai team=Team_Human_Centauri unit=Trooper kind=attack tgt=Sol_Headquarters(Clone) (Target)
[H2] team=Team_Human_Centauri fire=Headquarters argmaxCell=(118,152) val=66 atWorld=(-1404,-44) hqCount=2
[AI] [Team_Human_Centauri] tick=38 reqs=1 type={Construct:1} task={} prio(min/avg/max)=10/10.0/10 groups=0
[ORDER] commander=ai team=Team_Alien unit=Squid kind=move dst=(201,126,300)
[ORDER] commander=ai team=Team_Alien unit=Squid kind=move dst=(-152,30,182)
[ORDER] commander=ai team=Team_Alien unit=Squid kind=move dst=(-152,30,182)
[ORDER] commander=ai team=Team_Alien unit=Wasp kind=move dst=(-152,30,182)
[ORDER] commander=ai team=Team_Alien unit=Squid kind=move dst=(-152,30,182)
[ORDER] commander=ai team=Team_Alien unit=Squid kind=move dst=(-152,30,182)
[ORDER] commander=ai team=Team_Human_Sol unit=Platoon Hauler kind=move dst=(-667,113,1318)
[ORDER] commander=ai team=Team_Human_Sol unit=Light Striker kind=move dst=(-1742,32,102)
[ORDER] commander=ai team=Team_Human_Sol unit=Light Striker kind=move dst=(-1742,32,102)
[ORDER] commander=ai team=Team_Human_Sol unit=Heavy Quad kind=move dst=(-1742,32,102)
[ORDER] commander=ai team=Team_Human_Sol unit=Scout kind=move dst=(-430,50,1730)
[ORDER] commander=ai team=Team_Human_Sol unit=Scout kind=move dst=(-430,50,1730)
[ORDER] commander=ai team=Team_Human_Sol unit=Scout kind=move dst=(-430,50,1730)
[ORDER] commander=ai team=Team_Human_Sol unit=Rifleman kind=move dst=(-430,50,1730)
[ORDER] commander=ai team=Team_Human_Sol unit=Scout kind=attack tgt=Cent_Light_HeavyRaider(Clone) (Target)
[ORDER] commander=ai team=Team_Human_Sol unit=Scout kind=attack tgt=Cent_Light_HeavyRaider(Clone) (Target)
[ORDER] commander=ai team=Team_Human_Sol unit=Scout kind=attack tgt=Cent_Light_HeavyRaider(Clone) (Target)
[ORDER] commander=ai team=Team_Human_Sol unit=Rifleman kind=attack tgt=Cent_Light_HeavyRaider(Clone) (Target)
[ORDER] commander=ai team=Team_Human_Sol unit=Light Striker kind=attack tgt=Cent_Light_LightRaider(Clone) (Target)
[ORDER] commander=ai team=Team_Human_Sol unit=Light Striker kind=attack tgt=Cent_Light_LightRaider(Clone) (Target)
[ORDER] commander=ai team=Team_Human_Sol unit=Heavy Quad kind=attack tgt=Cent_Light_LightRaider(Clone) (Target)
[ORDER] commander=ai team=Team_Human_Sol unit=Platoon Hauler kind=attack tgt=Cent_Soldier_Militia(Clone) (Target)
[H2] team=Team_Human_Sol fire=Headquarters argmaxCell=(125,161) val=52 atWorld=(-1124,316) hqCount=2
[AI] [Team_Human_Sol] tick=38 reqs=2 type={Construct:2} task={} prio(min/avg/max)=7/8.5/10 groups=0
[H2] team=Team_Human_Sol reject=HQ-too-close targetCell=(-1124,316) landedAt=(-1110,330) distToExistingHq=510m
[ORDER] commander=ai team=Team_Human_Sol unit=Platoon Hauler kind=move dst=(-460,25,-403)
[ORDER] commander=ai team=Team_Alien unit=Crab kind=move dst=(883,34,-1032)
[ORDER] commander=ai team=Team_Alien unit=Horned Crab kind=move dst=(883,34,-1032)
[ORDER] commander=ai team=Team_Alien unit=Horned Crab kind=move dst=(883,34,-1032)
[ORDER] commander=ai team=Team_Alien unit=Shocker kind=move dst=(883,34,-1032)
[ORDER] commander=ai team=Team_Alien unit=Shocker kind=attack tgt=Cent_Light_HeavyRaider(Clone) (Target)
[ORDER] commander=ai team=Team_Alien unit=Shocker kind=attack tgt=Cent_Light_HeavyRaider(Clone) (Target)
[ORDER] commander=ai team=Team_Alien unit=Shocker kind=attack tgt=Cent_Light_HeavyRaider(Clone) (Target)
[ORDER] commander=ai team=Team_Alien unit=Shocker kind=attack tgt=Cent_Light_HeavyRaider(Clone) (Target)
[ORDER] commander=ai team=Team_Alien unit=Crab kind=attack tgt=Sol_Headquarters(Clone) (Target)
[ORDER] commander=ai team=Team_Alien unit=Horned Crab kind=attack tgt=Sol_Headquarters(Clone) (Target)
[ORDER] commander=ai team=Team_Alien unit=Horned Crab kind=attack tgt=Sol_Headquarters(Clone) (Target)
[ORDER] commander=ai team=Team_Alien unit=Shocker kind=attack tgt=Sol_Headquarters(Clone) (Target)
[AI] [Team_Alien] tick=38 reqs=1 type={Construct:1} task={} prio(min/avg/max)=10/10.0/10 groups=0
[ORDER] commander=ai team=Team_Alien unit=Shocker kind=move dst=(-703,36,-224)
[ORDER] commander=ai team=Team_Alien unit=Shocker kind=move dst=(-703,36,-224)
[ORDER] commander=ai team=Team_Alien unit=Shocker kind=move dst=(-703,36,-224)
[ORDER] commander=ai team=Team_Alien unit=Shocker kind=move dst=(-703,36,-224)
[ORDER] commander=ai team=Team_Human_Sol unit=Scout kind=move dst=(-702,36,-224)
[ORDER] commander=ai team=Team_Human_Sol unit=Scout kind=move dst=(-702,36,-224)
[ORDER] commander=ai team=Team_Human_Sol unit=Rifleman kind=move dst=(-702,36,-224)
[ORDER] commander=ai team=Team_Alien unit=Squid kind=move dst=(201,126,300)
[ORDER] commander=ai team=Team_Alien unit=Crab kind=move dst=(568,28,-276)
[ORDER] commander=ai team=Team_Alien unit=Horned Crab kind=move dst=(568,28,-276)
[ORDER] commander=ai team=Team_Alien unit=Horned Crab kind=move dst=(568,28,-276)
[ORDER] commander=ai team=Team_Alien unit=Shocker kind=stop
[ORDER] commander=ai team=Team_Human_Centauri unit=Militia kind=stop
[ORDER] commander=ai team=Team_Human_Centauri unit=Militia kind=move dst=(-926,35,-655)
[ORDER] commander=ai team=Team_Human_Centauri unit=Militia kind=move dst=(-926,35,-655)
[ORDER] commander=ai team=Team_Human_Centauri unit=Trooper kind=move dst=(-926,35,-655)
[ORDER] commander=ai team=Team_Human_Centauri unit=Squad Transport kind=move dst=(-430,35,-1750)
[ORDER] commander=ai team=Team_Human_Centauri unit=Light Raider kind=attack tgt=Sol_HoverHarvester(Clone) (Target)
[ORDER] commander=ai team=Team_Human_Centauri unit=Light Raider kind=attack tgt=Sol_HoverHarvester(Clone) (Target)
[ORDER] commander=ai team=Team_Human_Centauri unit=Squad Transport kind=attack tgt=Sol_Light_LightStriker(Clone) (Target)
[ORDER] commander=ai team=Team_Human_Centauri unit=Squad Transport kind=attack tgt=Sol_Headquarters(Clone) (Target)
[H2] team=Team_Human_Centauri fire=Headquarters argmaxCell=(118,152) val=66 atWorld=(-1404,-44) hqCount=2
[AI] [Team_Human_Centauri] tick=39 reqs=1 type={Construct:1} task={} prio(min/avg/max)=10/10.0/10 groups=0
[ORDER] commander=ai team=Team_Human_Centauri unit=Squad Transport kind=move dst=(-1110,30,840)
[ORDER] commander=ai team=Team_Alien unit=Squid kind=move dst=(201,126,300)
[ORDER] commander=ai team=Team_Alien unit=Crab kind=stop
[ORDER] commander=ai team=Team_Alien unit=Crab kind=move dst=(711,32,-63)
[ORDER] commander=ai team=Team_Alien unit=Crab kind=move dst=(711,32,-63)
[ORDER] commander=ai team=Team_Alien unit=Crab kind=move dst=(711,32,-63)
[ORDER] commander=ai team=Team_Alien unit=Horned Crab kind=move dst=(-1110,30,840)
[ORDER] commander=ai team=Team_Alien unit=Horned Crab kind=move dst=(-1110,30,840)
[ORDER] commander=ai team=Team_Alien unit=Shocker kind=move dst=(-1110,30,840)
[ORDER] commander=ai team=Team_Human_Sol unit=Platoon Hauler kind=move dst=(-667,113,1318)
[ORDER] commander=ai team=Team_Human_Sol unit=Light Striker kind=move dst=(-1742,32,102)
[ORDER] commander=ai team=Team_Human_Sol unit=Light Striker kind=move dst=(-1742,32,102)
[ORDER] commander=ai team=Team_Human_Sol unit=Heavy Quad kind=move dst=(-1742,32,102)
[ORDER] commander=ai team=Team_Human_Sol unit=Platoon Hauler kind=move dst=(-430,50,1730)
[ORDER] commander=ai team=Team_Human_Sol unit=Heavy Quad kind=attack tgt=Cent_Light_AssaultCar(Clone) (Target)
[ORDER] commander=ai team=Team_Human_Sol unit=Light Raider kind=attack tgt=Cent_Light_AssaultCar(Clone) (Target)
[ORDER] commander=ai team=Team_Human_Sol unit=Light Raider kind=attack tgt=Cent_Light_AssaultCar(Clone) (Target)
[ORDER] commander=ai team=Team_Human_Sol unit=Rifleman kind=attack tgt=Cent_Soldier_Trooper(Clone) (Target)
[ORDER] commander=ai team=Team_Human_Sol unit=Platoon Hauler kind=attack tgt=Cent_Light_HeavyRaider(Clone) (Target)
[ORDER] commander=ai team=Team_Human_Sol unit=Light Striker kind=attack tgt=Cent_Light_LightRaider(Clone) (Target)
[ORDER] commander=ai team=Team_Human_Sol unit=Light Striker kind=attack tgt=Cent_Light_LightRaider(Clone) (Target)
[ORDER] commander=ai team=Team_Human_Sol unit=Heavy Quad kind=attack tgt=Cent_Light_LightRaider(Clone) (Target)
[ORDER] commander=ai team=Team_Human_Sol unit=Platoon Hauler kind=attack tgt=Cent_Light_SquadTransport(Clone) (Target)
[H1] team=Team_Human_Sol fire=Refinery atBalterium=(-1235,618) refCount=2
[H1] team=Team_Human_Sol fire=Refinery atBalterium=(-962,1073) refCount=3
[H1] team=Team_Human_Sol fire=Refinery atBalterium=(-1489,1092) refCount=4
[H2] team=Team_Human_Sol fire=Headquarters argmaxCell=(132,152) val=69 atWorld=(-844,-44) hqCount=2
[H3] team=Team_Human_Sol fire=Barracks nearHq=(-1110,840)
[H3] team=Team_Human_Sol fire=Research Facility nearHq=(-1110,840)
[AI] [Team_Human_Sol] tick=39 reqs=2 type={Construct:2} task={} prio(min/avg/max)=7/8.5/10 groups=0
[ORDER] commander=ai team=Team_Human_Sol unit=Platoon Hauler kind=move dst=(-309,22,-558)
[ORDER] commander=ai team=Team_Human_Sol unit=Platoon Hauler kind=move dst=(-451,24,-399)
[ORDER] commander=ai team=Team_Alien unit=Crab kind=move dst=(883,34,-1032)
[ORDER] commander=ai team=Team_Alien unit=Crab kind=move dst=(883,34,-1032)
[ORDER] commander=ai team=Team_Alien unit=Crab kind=move dst=(883,34,-1032)
[ORDER] commander=ai team=Team_Alien unit=Crab kind=move dst=(883,34,-1032)
[ORDER] commander=ai team=Team_Alien unit=Hunter kind=attack tgt=Sol_Light_PlatoonHauler(Clone) (Target)
[ORDER] commander=ai team=Team_Alien unit=Hunter kind=attack tgt=Sol_Light_PlatoonHauler(Clone) (Target)
[ORDER] commander=ai team=Team_Alien unit=Hunter kind=attack tgt=Sol_Headquarters(Clone) (Target)
[AI] [Team_Alien] tick=39 reqs=1 type={Construct:1} task={} prio(min/avg/max)=10/10.0/10 groups=0
[ORDER] commander=ai team=Team_Human_Centauri unit=Militia kind=move dst=(-1110,30,840)
[ORDER] commander=ai team=Team_Human_Centauri unit=Militia kind=move dst=(-1110,30,840)
[ORDER] commander=ai team=Team_Human_Centauri unit=Militia kind=move dst=(-1110,30,840)
[ORDER] commander=ai team=Team_Human_Centauri unit=Trooper kind=move dst=(-1110,30,840)
[ORDER] commander=ai team=Team_Alien unit=Crab kind=stop
[ORDER] commander=ai team=Team_Alien unit=Crab kind=move dst=(708,33,-60)
[ORDER] commander=ai team=Team_Alien unit=Crab kind=move dst=(708,33,-60)
[ORDER] commander=ai team=Team_Alien unit=Crab kind=move dst=(708,33,-60)
[ORDER] commander=ai team=Team_Alien unit=Squid kind=move dst=(1136,51,238)
[ORDER] commander=ai team=Team_Alien unit=Squid kind=move dst=(1136,51,238)
[ORDER] commander=ai team=Team_Alien unit=Wasp kind=stop
[ORDER] commander=ai team=Team_Alien unit=Squid kind=move dst=(1136,51,238)
[ORDER] commander=ai team=Team_Alien unit=Squid kind=stop
[ORDER] commander=ai team=Team_Alien unit=Squid kind=move dst=(201,126,300)
[ORDER] commander=ai team=Team_Alien unit=Squid kind=move dst=(1122,54,236)
[ORDER] commander=ai team=Team_Alien unit=Squid kind=move dst=(1122,54,236)
[ORDER] commander=ai team=Team_Alien unit=Squid kind=move dst=(1122,54,236)
[ORDER] commander=ai team=Team_Human_Centauri unit=Light Raider kind=move dst=(-463,27,-408)
[ORDER] commander=ai team=Team_Human_Sol unit=Scout kind=stop
[ORDER] commander=ai team=Team_Human_Sol unit=Scout kind=move dst=(-623,31,379)
[ORDER] commander=ai team=Team_Human_Sol unit=Scout kind=move dst=(-623,31,379)
[ORDER] commander=ai team=Team_Human_Sol unit=Rifleman kind=move dst=(-623,31,379)
[ORDER] commander=ai team=Team_Human_Centauri unit=Squad Transport kind=move dst=(-245,14,-1662)
[ORDER] commander=ai team=Team_Human_Centauri unit=Heavy Raider kind=move dst=(-1742,32,102)
[ORDER] commander=ai team=Team_Human_Centauri unit=Assault Car kind=move dst=(-1742,32,102)
[ORDER] commander=ai team=Team_Human_Centauri unit=Assault Car kind=move dst=(-1742,32,102)
[ORDER] commander=ai team=Team_Human_Centauri unit=Squad Transport kind=attack tgt=Sol_Light_LightStriker(Clone) (Target)
[ORDER] commander=ai team=Team_Human_Centauri unit=Squad Transport kind=attack tgt=Sol_Headquarters(Clone) (Target)
[H2] team=Team_Human_Centauri fire=Headquarters argmaxCell=(133,153) val=88 atWorld=(-804,-4) hqCount=2
[AI] [Team_Human_Centauri] tick=40 reqs=1 type={Construct:1} task={} prio(min/avg/max)=10/10.0/10 groups=0
[SPAWN_S] team=Team_Alien structure=Node at=(990,650)
[SPAWN_S] team=Team_Alien structure=Node at=(1335,-300)
[SPAWN_S] team=Team_Alien structure=Node at=(735,115)
[ORDER] commander=ai team=Team_Human_Centauri unit=Squad Transport kind=move dst=(-1110,30,840)
[ORDER] commander=ai team=Team_Alien unit=Squid kind=move dst=(201,126,300)
[ORDER] commander=ai team=Team_Alien unit=Crab kind=move dst=(883,34,-1032)
[ORDER] commander=ai team=Team_Alien unit=Crab kind=move dst=(883,34,-1032)
[ORDER] commander=ai team=Team_Alien unit=Crab kind=move dst=(883,34,-1032)
[ORDER] commander=ai team=Team_Alien unit=Squid kind=move dst=(-200,32,109)
[ORDER] commander=ai team=Team_Alien unit=Squid kind=move dst=(-200,32,109)
[ORDER] commander=ai team=Team_Alien unit=Wasp kind=move dst=(-200,32,109)
[ORDER] commander=ai team=Team_Alien unit=Squid kind=move dst=(-200,32,109)
[ORDER] commander=ai team=Team_Alien unit=Squid kind=move dst=(-200,32,109)
[ORDER] commander=ai team=Team_Human_Sol unit=Scout kind=move dst=(-667,113,1318)
[ORDER] commander=ai team=Team_Human_Sol unit=Scout kind=move dst=(-667,113,1318)
[ORDER] commander=ai team=Team_Human_Sol unit=Scout kind=move dst=(-667,113,1318)
[ORDER] commander=ai team=Team_Human_Sol unit=Rifleman kind=move dst=(-667,113,1318)
[ORDER] commander=ai team=Team_Human_Sol unit=Platoon Hauler kind=move dst=(-1742,32,102)
[ORDER] commander=ai team=Team_Human_Sol unit=Platoon Hauler kind=move dst=(-430,50,1730)
[ORDER] commander=ai team=Team_Human_Sol unit=Light Striker kind=attack tgt=Cent_Light_AssaultCar(Clone) (Target)
[ORDER] commander=ai team=Team_Human_Sol unit=Light Striker kind=attack tgt=Cent_Light_AssaultCar(Clone) (Target)
[ORDER] commander=ai team=Team_Human_Sol unit=Heavy Quad kind=attack tgt=Cent_Light_AssaultCar(Clone) (Target)
[ORDER] commander=ai team=Team_Human_Sol unit=Platoon Hauler kind=attack tgt=Cent_Light_HeavyRaider(Clone) (Target)
[ORDER] commander=ai team=Team_Human_Sol unit=Scout kind=attack tgt=Cent_Light_LightRaider(Clone) (Target)
[ORDER] commander=ai team=Team_Human_Sol unit=Scout kind=attack tgt=Cent_Light_LightRaider(Clone) (Target)
[ORDER] commander=ai team=Team_Human_Sol unit=Scout kind=attack tgt=Cent_Light_LightRaider(Clone) (Target)
[ORDER] commander=ai team=Team_Human_Sol unit=Rifleman kind=attack tgt=Cent_Light_LightRaider(Clone) (Target)
[ORDER] commander=ai team=Team_Human_Sol unit=Platoon Hauler kind=attack tgt=Cent_Light_SquadTransport(Clone) (Target)
[H2] team=Team_Human_Sol fire=Headquarters argmaxCell=(118,152) val=69 atWorld=(-1404,-44) hqCount=2
[AI] [Team_Human_Sol] tick=40 reqs=2 type={Construct:2} task={} prio(min/avg/max)=7/8.5/10 groups=0
[ORDER] commander=ai team=Team_Human_Sol unit=Scout kind=move dst=(-623,31,377)
[ORDER] commander=ai team=Team_Human_Sol unit=Platoon Hauler kind=move dst=(-308,22,-561)
[ORDER] commander=ai team=Team_Alien unit=Crab kind=move dst=(354,22,-717)
[ORDER] commander=ai team=Team_Alien unit=Horned Crab kind=move dst=(354,22,-717)
[ORDER] commander=ai team=Team_Alien unit=Horned Crab kind=move dst=(354,22,-717)
[ORDER] commander=ai team=Team_Alien unit=Shocker kind=move dst=(354,22,-717)
[ORDER] commander=ai team=Team_Alien unit=Crab kind=attack tgt=Cent_Headquarters(Clone) (Target)
[ORDER] commander=ai team=Team_Alien unit=Shocker kind=attack tgt=Cent_Headquarters(Clone) (Target)
[ORDER] commander=ai team=Team_Alien unit=Shocker kind=attack tgt=Cent_Headquarters(Clone) (Target)
[ORDER] commander=ai team=Team_Alien unit=Shocker kind=attack tgt=Cent_Headquarters(Clone) (Target)
[ORDER] commander=ai team=Team_Alien unit=Crab kind=attack tgt=Sol_Headquarters(Clone) (Target)
[ORDER] commander=ai team=Team_Alien unit=Horned Crab kind=attack tgt=Sol_Headquarters(Clone) (Target)
[ORDER] commander=ai team=Team_Alien unit=Horned Crab kind=attack tgt=Sol_Headquarters(Clone) (Target)
[ORDER] commander=ai team=Team_Alien unit=Shocker kind=attack tgt=Sol_Headquarters(Clone) (Target)
[ORDER] commander=ai team=Team_Alien unit=Shocker kind=attack tgt=Cent_Headquarters(Clone) (Target)
[ORDER] commander=ai team=Team_Alien unit=Shocker kind=attack tgt=Cent_Headquarters(Clone) (Target)
[ORDER] commander=ai team=Team_Alien unit=Shocker kind=attack tgt=Cent_Headquarters(Clone) (Target)
[ORDER] commander=ai team=Team_Alien unit=Crab kind=attack tgt=Cent_Headquarters(Clone) (Target)
[P32] team=Team_Alien fire=Node towardPatchAt=(-990,-907) distToOwned=1653m nodesOwned=30 anchorAt=(1470,240)
[AI] [Team_Alien] tick=40 reqs=1 type={Construct:1} task={} prio(min/avg/max)=10/10.0/10 groups=0
[ORDER] commander=ai team=Team_Alien unit=Shocker kind=move dst=(-1095,24,-870)
[ORDER] commander=ai team=Team_Alien unit=Shocker kind=move dst=(-1095,24,-870)
[ORDER] commander=ai team=Team_Alien unit=Shocker kind=move dst=(-1095,24,-870)
[ORDER] commander=ai team=Team_Alien unit=Crab kind=move dst=(-1095,24,-870)
[ORDER] commander=ai team=Team_Alien unit=Hunter kind=stop
[ORDER] commander=ai team=Team_Alien unit=Hunter kind=move dst=(668,36,2)
[ORDER] commander=ai team=Team_Alien unit=Hunter kind=move dst=(668,36,2)
[ORDER] commander=ai team=Team_Alien unit=Crab kind=move dst=(883,34,-1032)
[ORDER] commander=ai team=Team_Human_Centauri unit=Heavy Raider kind=move dst=(-464,27,-408)
[ORDER] commander=ai team=Team_Human_Sol unit=Scout kind=stop
[ORDER] commander=ai team=Team_Human_Sol unit=Scout kind=move dst=(-623,31,375)
[ORDER] commander=ai team=Team_Human_Sol unit=Rifleman kind=move dst=(-623,31,375)
[ORDER] commander=ai team=Team_Alien unit=Squid kind=move dst=(204,84,320)
[ORDER] commander=ai team=Team_Alien unit=Squid kind=move dst=(204,84,320)
[ORDER] commander=ai team=Team_Human_Centauri unit=Light Raider kind=move dst=(-462,27,-409)
[ORDER] commander=ai team=Team_Human_Centauri unit=Squad Transport kind=move dst=(-245,14,-1662)
[ORDER] commander=ai team=Team_Human_Centauri unit=Assault Car kind=attack tgt=HeavyQuad_Intro(Clone) (Target)
[ORDER] commander=ai team=Team_Human_Centauri unit=Heavy Raider kind=attack tgt=HeavyQuad_Intro(Clone) (Target)
[ORDER] commander=ai team=Team_Human_Centauri unit=Squad Transport kind=attack tgt=Sol_Light_LightStriker(Clone) (Target)
[ORDER] commander=ai team=Team_Human_Centauri unit=Trooper kind=attack tgt=Sol_Headquarters(Clone) (Target)
[ORDER] commander=ai team=Team_Human_Centauri unit=Heavy Raider kind=attack tgt=HeavyQuad_Intro(Clone) (Target)
[ORDER] commander=ai team=Team_Human_Centauri unit=Assault Car kind=attack tgt=HeavyQuad_Intro(Clone) (Target)
[ORDER] commander=ai team=Team_Human_Centauri unit=Assault Car kind=attack tgt=HeavyQuad_Intro(Clone) (Target)
[H2] team=Team_Human_Centauri fire=Headquarters argmaxCell=(118,152) val=66 atWorld=(-1404,-44) hqCount=2
[AI] [Team_Human_Centauri] tick=41 reqs=1 type={Construct:1} task={} prio(min/avg/max)=10/10.0/10 groups=0
[ORDER] commander=ai team=Team_Human_Centauri unit=Heavy Raider kind=move dst=(-1184,41,563)
[ORDER] commander=ai team=Team_Alien unit=Hunter kind=move dst=(-1110,30,840)
[ORDER] commander=ai team=Team_Alien unit=Hunter kind=move dst=(-1110,30,840)
[ORDER] commander=ai team=Team_Alien unit=Hunter kind=move dst=(-1110,30,840)
[ORDER] commander=ai team=Team_Alien unit=Squid kind=stop
[ORDER] commander=ai team=Team_Alien unit=Squid kind=move dst=(209,127,308)
[ORDER] commander=ai team=Team_Alien unit=Squid kind=move dst=(209,127,308)
[ORDER] commander=ai team=Team_Human_Sol unit=Platoon Hauler kind=move dst=(-667,113,1318)
[ORDER] commander=ai team=Team_Human_Sol unit=Light Striker kind=move dst=(-1742,32,102)
[ORDER] commander=ai team=Team_Human_Sol unit=Light Striker kind=move dst=(-1742,32,102)
[ORDER] commander=ai team=Team_Human_Sol unit=Heavy Quad kind=move dst=(-1742,32,102)
[ORDER] commander=ai team=Team_Human_Sol unit=Scout kind=move dst=(-430,50,1730)
[ORDER] commander=ai team=Team_Human_Sol unit=Scout kind=move dst=(-430,50,1730)
[ORDER] commander=ai team=Team_Human_Sol unit=Scout kind=move dst=(-430,50,1730)
[ORDER] commander=ai team=Team_Human_Sol unit=Rifleman kind=move dst=(-430,50,1730)
[ORDER] commander=ai team=Team_Human_Sol unit=Scout kind=attack tgt=Cent_Light_HeavyRaider(Clone) (Target)
[ORDER] commander=ai team=Team_Human_Sol unit=Scout kind=attack tgt=Cent_Light_HeavyRaider(Clone) (Target)
[ORDER] commander=ai team=Team_Human_Sol unit=Scout kind=attack tgt=Cent_Light_HeavyRaider(Clone) (Target)
[ORDER] commander=ai team=Team_Human_Sol unit=Rifleman kind=attack tgt=Cent_Light_HeavyRaider(Clone) (Target)
[ORDER] commander=ai team=Team_Human_Sol unit=Light Striker kind=attack tgt=Cent_Light_LightRaider(Clone) (Target)
[ORDER] commander=ai team=Team_Human_Sol unit=Light Striker kind=attack tgt=Cent_Light_LightRaider(Clone) (Target)
[ORDER] commander=ai team=Team_Human_Sol unit=Heavy Quad kind=attack tgt=Cent_Light_LightRaider(Clone) (Target)
[ORDER] commander=ai team=Team_Human_Sol unit=Platoon Hauler kind=attack tgt=Cent_Light_AssaultCar(Clone) (Target)
[H1] team=Team_Human_Sol fire=Refinery atBalterium=(-1235,618) refCount=2
[H1] team=Team_Human_Sol fire=Refinery atBalterium=(-962,1073) refCount=3
[H1] team=Team_Human_Sol fire=Refinery atBalterium=(-1489,1092) refCount=4
[H2] team=Team_Human_Sol fire=Headquarters argmaxCell=(132,152) val=69 atWorld=(-844,-44) hqCount=2
[H3] team=Team_Human_Sol fire=Barracks nearHq=(-1110,840)
[H3] team=Team_Human_Sol fire=Research Facility nearHq=(-1110,840)
[AI] [Team_Human_Sol] tick=41 reqs=2 type={Construct:2} task={} prio(min/avg/max)=7/8.5/10 groups=0
[ORDER] commander=ai team=Team_Human_Sol unit=Scout kind=move dst=(-568,33,-307)
[ORDER] commander=ai team=Team_Alien unit=Shocker kind=move dst=(309,46,1050)
[ORDER] commander=ai team=Team_Alien unit=Shocker kind=move dst=(309,46,1050)
[ORDER] commander=ai team=Team_Alien unit=Shocker kind=move dst=(309,46,1050)
[ORDER] commander=ai team=Team_Alien unit=Crab kind=move dst=(309,46,1050)
[ORDER] commander=ai team=Team_Alien unit=Hunter kind=move dst=(354,22,-717)
[ORDER] commander=ai team=Team_Alien unit=Queen kind=attack tgt=Cent_Light_HeavyRaider(Clone) (Target)
[ORDER] commander=ai team=Team_Alien unit=Hunter kind=attack tgt=Sol_Headquarters(Clone) (Target)
[ORDER] commander=ai team=Team_Alien unit=Shocker kind=attack tgt=Cent_Headquarters(Clone) (Target)
[ORDER] commander=ai team=Team_Alien unit=Shocker kind=attack tgt=Cent_Headquarters(Clone) (Target)
[ORDER] commander=ai team=Team_Alien unit=Shocker kind=attack tgt=Cent_Headquarters(Clone) (Target)
[ORDER] commander=ai team=Team_Alien unit=Crab kind=attack tgt=Cent_Headquarters(Clone) (Target)
[ORDER] commander=ai team=Team_Alien unit=Crab kind=attack tgt=Cent_Light_HeavyRaider(Clone) (Target)
[ORDER] commander=ai team=Team_Alien unit=Crab kind=attack tgt=Cent_Light_HeavyRaider(Clone) (Target)
[ORDER] commander=ai team=Team_Alien unit=Crab kind=attack tgt=Cent_Light_HeavyRaider(Clone) (Target)
[ORDER] commander=ai team=Team_Alien unit=Crab kind=attack tgt=Cent_Light_HeavyRaider(Clone) (Target)
[AI] [Team_Alien] tick=41 reqs=1 type={Construct:1} task={} prio(min/avg/max)=10/10.0/10 groups=0
[ORDER] commander=ai team=Team_Human_Sol unit=Scout kind=move dst=(-589,35,-292)
[ORDER] commander=ai team=Team_Human_Sol unit=Scout kind=move dst=(-589,35,-292)
[ORDER] commander=ai team=Team_Human_Sol unit=Rifleman kind=move dst=(-589,35,-292)
[ORDER] commander=ai team=Team_Alien unit=Shocker kind=move dst=(-1095,24,-870)
[ORDER] commander=ai team=Team_Alien unit=Shocker kind=move dst=(-1095,24,-870)
[ORDER] commander=ai team=Team_Alien unit=Shocker kind=move dst=(-1095,24,-870)
[ORDER] commander=ai team=Team_Alien unit=Crab kind=move dst=(-1095,24,-870)
[ORDER] commander=ai team=Team_Alien unit=Squid kind=move dst=(221,137,318)
[ORDER] commander=ai team=Team_Alien unit=Squid kind=move dst=(221,137,318)
[ORDER] commander=ai team=Team_Alien unit=Queen kind=move dst=(-515,29,-182)
[SPAWN_S] team=Team_Human_Centauri structure=Barracks at=(-1185,-960)
[ORDER] commander=ai team=Team_Alien unit=Squid kind=move dst=(204,84,320)
[ORDER] commander=ai team=Team_Alien unit=Squid kind=move dst=(204,84,320)
[ORDER] commander=ai team=Team_Alien unit=Squid kind=move dst=(204,84,320)
[ORDER] commander=ai team=Team_Human_Sol unit=Scout kind=stop
[ORDER] commander=ai team=Team_Human_Sol unit=Scout kind=move dst=(-621,31,360)
[ORDER] commander=ai team=Team_Human_Sol unit=Scout kind=move dst=(-621,31,360)
[ORDER] commander=ai team=Team_Human_Sol unit=Rifleman kind=move dst=(-621,31,360)
[ORDER] commander=ai team=Team_Human_Centauri unit=Squad Transport kind=move dst=(-245,14,-1662)
[ORDER] commander=ai team=Team_Human_Centauri unit=Heavy Raider kind=move dst=(-1742,32,102)
[ORDER] commander=ai team=Team_Human_Centauri unit=Assault Car kind=move dst=(-1742,32,102)
[ORDER] commander=ai team=Team_Human_Centauri unit=Assault Car kind=move dst=(-1742,32,102)
[ORDER] commander=ai team=Team_Human_Centauri unit=Assault Car kind=attack tgt=HeavyQuad_Intro(Clone) (Target)
[ORDER] commander=ai team=Team_Human_Centauri unit=Heavy Raider kind=attack tgt=HeavyQuad_Intro(Clone) (Target)
[ORDER] commander=ai team=Team_Human_Centauri unit=Squad Transport kind=attack tgt=Sol_Light_LightStriker(Clone) (Target)
[ORDER] commander=ai team=Team_Human_Centauri unit=Heavy Raider kind=attack tgt=Sol_Headquarters(Clone) (Target)
[ORDER] commander=ai team=Team_Human_Centauri unit=Assault Car kind=attack tgt=Sol_Headquarters(Clone) (Target)
[ORDER] commander=ai team=Team_Human_Centauri unit=Assault Car kind=attack tgt=Sol_Headquarters(Clone) (Target)
[ORDER] commander=ai team=Team_Human_Centauri unit=Trooper kind=attack tgt=Sol_HoverHarvester(Clone) (Target)
[H2] team=Team_Human_Centauri fire=Headquarters argmaxCell=(118,152) val=66 atWorld=(-1404,-44) hqCount=2
[AI] [Team_Human_Centauri] tick=42 reqs=4 type={Construct:4} task={} prio(min/avg/max)=10/55.5/81 groups=0
[ORDER] commander=ai team=Team_Human_Sol unit=Light Quad kind=move dst=(-766,44,609)
[ORDER] commander=ai team=Team_Human_Sol unit=Light Quad kind=move dst=(-766,44,609)
[ORDER] commander=ai team=Team_Human_Sol unit=Heavy Quad kind=stop
[ORDER] commander=ai team=Team_Human_Centauri unit=Trooper kind=move dst=(-1240,46,606)
[ORDER] commander=ai team=Team_Human_Centauri unit=Heavy Raider kind=move dst=(-1184,42,508)
[ORDER] commander=ai team=Team_Alien unit=Squid kind=move dst=(204,84,320)
[ORDER] commander=ai team=Team_Alien unit=Squid kind=move dst=(204,84,320)
[ORDER] commander=ai team=Team_Alien unit=Squid kind=move dst=(204,84,320)
[ORDER] commander=ai team=Team_Human_Sol unit=Platoon Hauler kind=move dst=(-667,113,1318)
[ORDER] commander=ai team=Team_Human_Sol unit=Light Striker kind=move dst=(-1742,32,102)
[ORDER] commander=ai team=Team_Human_Sol unit=Light Striker kind=move dst=(-1742,32,102)
[ORDER] commander=ai team=Team_Human_Sol unit=Heavy Quad kind=move dst=(-1742,32,102)
[ORDER] commander=ai team=Team_Human_Sol unit=Scout kind=move dst=(-430,50,1730)
[ORDER] commander=ai team=Team_Human_Sol unit=Scout kind=move dst=(-430,50,1730)
[ORDER] commander=ai team=Team_Human_Sol unit=Scout kind=move dst=(-430,50,1730)
[ORDER] commander=ai team=Team_Human_Sol unit=Rifleman kind=move dst=(-430,50,1730)
[ORDER] commander=ai team=Team_Human_Sol unit=Scout kind=attack tgt=Cent_Light_HeavyRaider(Clone) (Target)
[ORDER] commander=ai team=Team_Human_Sol unit=Scout kind=attack tgt=Cent_Light_HeavyRaider(Clone) (Target)
[ORDER] commander=ai team=Team_Human_Sol unit=Scout kind=attack tgt=Cent_Light_HeavyRaider(Clone) (Target)
[ORDER] commander=ai team=Team_Human_Sol unit=Rifleman kind=attack tgt=Cent_Light_HeavyRaider(Clone) (Target)
[ORDER] commander=ai team=Team_Human_Sol unit=Light Striker kind=attack tgt=Cent_Light_LightRaider(Clone) (Target)
[ORDER] commander=ai team=Team_Human_Sol unit=Light Striker kind=attack tgt=Cent_Light_LightRaider(Clone) (Target)
[ORDER] commander=ai team=Team_Human_Sol unit=Heavy Quad kind=attack tgt=Cent_Light_LightRaider(Clone) (Target)
[ORDER] commander=ai team=Team_Human_Sol unit=Platoon Hauler kind=attack tgt=Cent_Light_SquadTransport(Clone) (Target)
[H2] team=Team_Human_Sol fire=Headquarters argmaxCell=(132,152) val=69 atWorld=(-844,-44) hqCount=2
[AI] [Team_Human_Sol] tick=42 reqs=2 type={Construct:2} task={} prio(min/avg/max)=7/8.5/10 groups=0
[ORDER] commander=ai team=Team_Alien unit=Hunter kind=move dst=(883,34,-1032)
[ORDER] commander=ai team=Team_Alien unit=Shocker kind=move dst=(309,46,1050)
[ORDER] commander=ai team=Team_Alien unit=Shocker kind=move dst=(309,46,1050)
[ORDER] commander=ai team=Team_Alien unit=Shocker kind=move dst=(309,46,1050)
[ORDER] commander=ai team=Team_Alien unit=Crab kind=move dst=(309,46,1050)
[ORDER] commander=ai team=Team_Alien unit=Crab kind=move dst=(354,22,-717)
[ORDER] commander=ai team=Team_Alien unit=Horned Crab kind=move dst=(354,22,-717)
[ORDER] commander=ai team=Team_Alien unit=Horned Crab kind=move dst=(354,22,-717)
[ORDER] commander=ai team=Team_Alien unit=Shocker kind=move dst=(354,22,-717)
[ORDER] commander=ai team=Team_Alien unit=Crab kind=attack tgt=Sol_Headquarters(Clone) (Target)
[ORDER] commander=ai team=Team_Alien unit=Horned Crab kind=attack tgt=Sol_Headquarters(Clone) (Target)
[ORDER] commander=ai team=Team_Alien unit=Horned Crab kind=attack tgt=Sol_Headquarters(Clone) (Target)
[ORDER] commander=ai team=Team_Alien unit=Shocker kind=attack tgt=Sol_Headquarters(Clone) (Target)
[ORDER] commander=ai team=Team_Alien unit=Shocker kind=attack tgt=Cent_Headquarters(Clone) (Target)
[ORDER] commander=ai team=Team_Alien unit=Shocker kind=attack tgt=Cent_Headquarters(Clone) (Target)
[ORDER] commander=ai team=Team_Alien unit=Shocker kind=attack tgt=Cent_Headquarters(Clone) (Target)
[ORDER] commander=ai team=Team_Alien unit=Crab kind=attack tgt=Cent_Headquarters(Clone) (Target)
[P32] team=Team_Alien fire=Node towardPatchAt=(-149,-46) distToOwned=453m nodesOwned=30 anchorAt=(1470,240)
[P32] team=Team_Alien fire=Cyst phase=starter atBcAt=(1585,305) cystOwned=0/3
[P32] team=Team_Alien fire=Cyst phase=starter atBcAt=(1395,400) cystOwned=0/3
[AI] [Team_Alien] tick=42 reqs=1 type={Construct:1} task={} prio(min/avg/max)=10/10.0/10 groups=0
[ORDER] commander=ai team=Team_Human_Sol unit=Scout kind=move dst=(-557,32,-317)
[ORDER] commander=ai team=Team_Human_Sol unit=Scout kind=move dst=(-557,32,-317)
[ORDER] commander=ai team=Team_Human_Sol unit=Rifleman kind=move dst=(-557,32,-317)
[ORDER] commander=ai team=Team_Alien unit=Shocker kind=move dst=(-1095,24,-870)
[ORDER] commander=ai team=Team_Alien unit=Shocker kind=move dst=(-1095,24,-870)
[ORDER] commander=ai team=Team_Alien unit=Shocker kind=move dst=(-1095,24,-870)
[ORDER] commander=ai team=Team_Alien unit=Crab kind=move dst=(-1095,24,-870)
[ORDER] commander=ai team=Team_Alien unit=Squid kind=move dst=(204,84,320)
[ORDER] commander=ai team=Team_Alien unit=Squid kind=move dst=(204,84,320)
[ORDER] commander=ai team=Team_Alien unit=Squid kind=move dst=(204,84,320)
[ORDER] commander=ai team=Team_Alien unit=Squid kind=move dst=(938,53,217)
[ORDER] commander=ai team=Team_Alien unit=Squid kind=stop
[ORDER] commander=ai team=Team_Alien unit=Wasp kind=stop
[ORDER] commander=ai team=Team_Alien unit=Squid kind=move dst=(938,53,217)
[ORDER] commander=ai team=Team_Alien unit=Squid kind=move dst=(938,53,217)
[ORDER] commander=ai team=Team_Human_Sol unit=Scout kind=move dst=(-519,31,-347)
[ORDER] commander=ai team=Team_Human_Sol unit=Scout kind=move dst=(-519,31,-347)
[H1] team=Team_Human_Sol constructed=Refinery atBalterium=(-1235,618) landedAt=(-1095,585) yaw=450 result=Success
[ORDER] commander=ai team=Team_Alien unit=Squid kind=move dst=(204,84,320)
[ORDER] commander=ai team=Team_Alien unit=Squid kind=move dst=(204,84,320)
[ORDER] commander=ai team=Team_Alien unit=Squid kind=move dst=(204,84,320)
[ORDER] commander=ai team=Team_Human_Centauri unit=Heavy Raider kind=move dst=(-1727,114,-130)
[ORDER] commander=ai team=Team_Human_Centauri unit=Light Raider kind=move dst=(-1727,114,-130)
[ORDER] commander=ai team=Team_Human_Centauri unit=Light Raider kind=move dst=(-1727,114,-130)
[ORDER] commander=ai team=Team_Human_Centauri unit=Squad Transport kind=move dst=(-245,14,-1662)
[ORDER] commander=ai team=Team_Human_Centauri unit=Trooper kind=move dst=(-1742,32,102)
[ORDER] commander=ai team=Team_Human_Centauri unit=Squad Transport kind=attack tgt=Sol_Light_LightStriker(Clone) (Target)
[ORDER] commander=ai team=Team_Human_Centauri unit=Heavy Raider kind=attack tgt=Sol_Headquarters(Clone) (Target)
[ORDER] commander=ai team=Team_Human_Centauri unit=Light Raider kind=attack tgt=Sol_Headquarters(Clone) (Target)
[ORDER] commander=ai team=Team_Human_Centauri unit=Light Raider kind=attack tgt=Sol_Headquarters(Clone) (Target)
[ORDER] commander=ai team=Team_Human_Centauri unit=Trooper kind=attack tgt=Sol_HoverHarvester(Clone) (Target)
[H2] team=Team_Human_Centauri fire=Headquarters argmaxCell=(118,152) val=66 atWorld=(-1404,-44) hqCount=2
[AI] [Team_Human_Centauri] tick=43 reqs=4 type={Construct:4} task={} prio(min/avg/max)=10/55.5/81 groups=0
[ORDER] commander=ai team=Team_Human_Centauri unit=Trooper kind=move dst=(-1223,46,601)
[ORDER] commander=ai team=Team_Alien unit=Squid kind=move dst=(204,84,320)
[ORDER] commander=ai team=Team_Alien unit=Squid kind=move dst=(204,84,320)
[ORDER] commander=ai team=Team_Human_Sol unit=Light Raider kind=move dst=(-1160,49,240)
[ORDER] commander=ai team=Team_Human_Sol unit=Platoon Hauler kind=move dst=(-667,113,1318)
[ORDER] commander=ai team=Team_Human_Sol unit=Light Striker kind=move dst=(-1742,32,102)
[ORDER] commander=ai team=Team_Human_Sol unit=Light Striker kind=move dst=(-1742,32,102)
[ORDER] commander=ai team=Team_Human_Sol unit=Heavy Quad kind=move dst=(-1742,32,102)
[ORDER] commander=ai team=Team_Human_Sol unit=Scout kind=move dst=(-430,50,1730)
[ORDER] commander=ai team=Team_Human_Sol unit=Scout kind=move dst=(-430,50,1730)
[ORDER] commander=ai team=Team_Human_Sol unit=Scout kind=move dst=(-430,50,1730)
[ORDER] commander=ai team=Team_Human_Sol unit=Rifleman kind=move dst=(-430,50,1730)
[ORDER] commander=ai team=Team_Human_Sol unit=Light Quad kind=attack tgt=Cent_Soldier_Trooper(Clone) (Target)
[ORDER] commander=ai team=Team_Human_Sol unit=Light Quad kind=attack tgt=Cent_Soldier_Trooper(Clone) (Target)
[ORDER] commander=ai team=Team_Human_Sol unit=Heavy Quad kind=attack tgt=Cent_Soldier_Trooper(Clone) (Target)
[ORDER] commander=ai team=Team_Human_Sol unit=Light Striker kind=attack tgt=Cent_Light_HeavyRaider(Clone) (Target)
[ORDER] commander=ai team=Team_Human_Sol unit=Light Striker kind=attack tgt=Cent_Light_HeavyRaider(Clone) (Target)
[ORDER] commander=ai team=Team_Human_Sol unit=Heavy Quad kind=attack tgt=Cent_Light_HeavyRaider(Clone) (Target)
[ORDER] commander=ai team=Team_Human_Sol unit=Scout kind=attack tgt=Cent_Light_LightRaider(Clone) (Target)
[ORDER] commander=ai team=Team_Human_Sol unit=Scout kind=attack tgt=Cent_Light_LightRaider(Clone) (Target)
[ORDER] commander=ai team=Team_Human_Sol unit=Scout kind=attack tgt=Cent_Light_LightRaider(Clone) (Target)
[ORDER] commander=ai team=Team_Human_Sol unit=Rifleman kind=attack tgt=Cent_Light_LightRaider(Clone) (Target)
[ORDER] commander=ai team=Team_Human_Sol unit=Platoon Hauler kind=attack tgt=Cent_Light_SquadTransport(Clone) (Target)
[H1] team=Team_Human_Sol fire=Refinery atBalterium=(-962,1073) refCount=3
[H1] team=Team_Human_Sol fire=Refinery atBalterium=(-1489,1092) refCount=4
[H2] team=Team_Human_Sol fire=Headquarters argmaxCell=(132,152) val=69 atWorld=(-844,-44) hqCount=2
[H3] team=Team_Human_Sol fire=Barracks nearHq=(-1110,840)
[H3] team=Team_Human_Sol fire=Research Facility nearHq=(-1110,840)
[AI] [Team_Human_Sol] tick=43 reqs=2 type={Construct:2} task={} prio(min/avg/max)=7/8.5/10 groups=0
[ORDER] commander=ai team=Team_Alien unit=Shocker kind=move dst=(309,46,1050)
[ORDER] commander=ai team=Team_Alien unit=Shocker kind=move dst=(309,46,1050)
[ORDER] commander=ai team=Team_Alien unit=Shocker kind=move dst=(309,46,1050)
[ORDER] commander=ai team=Team_Alien unit=Crab kind=move dst=(309,46,1050)
[ORDER] commander=ai team=Team_Alien unit=Crab kind=move dst=(354,22,-717)
[ORDER] commander=ai team=Team_Alien unit=Horned Crab kind=move dst=(354,22,-717)
[ORDER] commander=ai team=Team_Alien unit=Horned Crab kind=move dst=(354,22,-717)
[ORDER] commander=ai team=Team_Alien unit=Shocker kind=move dst=(354,22,-717)
[ORDER] commander=ai team=Team_Alien unit=Crab kind=attack tgt=ConstructionSite_Sol_Refinery(Clone) (Target)
[ORDER] commander=ai team=Team_Alien unit=Crab kind=attack tgt=ConstructionSite_Sol_Refinery(Clone) (Target)
[ORDER] commander=ai team=Team_Alien unit=Crab kind=attack tgt=ConstructionSite_Sol_Refinery(Clone) (Target)
[ORDER] commander=ai team=Team_Alien unit=Crab kind=attack tgt=ConstructionSite_Sol_Refinery(Clone) (Target)
[ORDER] commander=ai team=Team_Alien unit=Crab kind=attack tgt=Sol_Headquarters(Clone) (Target)
[ORDER] commander=ai team=Team_Alien unit=Horned Crab kind=attack tgt=Sol_Headquarters(Clone) (Target)
[ORDER] commander=ai team=Team_Alien unit=Horned Crab kind=attack tgt=Sol_Headquarters(Clone) (Target)
[ORDER] commander=ai team=Team_Alien unit=Shocker kind=attack tgt=Sol_Headquarters(Clone) (Target)
[ORDER] commander=ai team=Team_Alien unit=Shocker kind=attack tgt=Cent_Headquarters(Clone) (Target)
[ORDER] commander=ai team=Team_Alien unit=Shocker kind=attack tgt=Cent_Headquarters(Clone) (Target)
[ORDER] commander=ai team=Team_Alien unit=Shocker kind=attack tgt=Cent_Headquarters(Clone) (Target)
[ORDER] commander=ai team=Team_Alien unit=Crab kind=attack tgt=Cent_Headquarters(Clone) (Target)
[ORDER] commander=ai team=Team_Alien unit=Hunter kind=attack tgt=ConstructionSite_Sol_Refinery(Clone) (Target)
[AI] [Team_Alien] tick=43 reqs=1 type={Construct:1} task={} prio(min/avg/max)=10/10.0/10 groups=0
[ORDER] commander=ai team=Team_Human_Sol unit=Scout kind=move dst=(-494,28,-364)
[ORDER] commander=ai team=Team_Human_Sol unit=Scout kind=move dst=(-494,28,-364)
[ORDER] commander=ai team=Team_Human_Sol unit=Rifleman kind=move dst=(-494,28,-364)
[ORDER] commander=ai team=Team_Human_Sol unit=Light Quad kind=move dst=(-771,43,606)
[ORDER] commander=ai team=Team_Human_Sol unit=Light Quad kind=move dst=(-771,43,606)
[ORDER] commander=ai team=Team_Alien unit=Shocker kind=move dst=(-1095,24,-870)
[ORDER] commander=ai team=Team_Alien unit=Squid kind=move dst=(204,84,320)
[ORDER] commander=ai team=Team_Alien unit=Squid kind=move dst=(204,84,320)
[ORDER] commander=ai team=Team_Alien unit=Squid kind=move dst=(204,84,320)
[ORDER] commander=ai team=Team_Alien unit=Squid kind=move dst=(-190,32,107)
[ORDER] commander=ai team=Team_Alien unit=Squid kind=move dst=(-190,32,107)
[ORDER] commander=ai team=Team_Alien unit=Wasp kind=move dst=(-190,32,107)
[ORDER] commander=ai team=Team_Alien unit=Squid kind=move dst=(-190,32,107)
[ORDER] commander=ai team=Team_Alien unit=Squid kind=move dst=(-190,32,107)
[ORDER] commander=ai team=Team_Human_Sol unit=Heavy Quad kind=stop
[ORDER] commander=ai team=Team_Alien unit=Squid kind=move dst=(204,84,320)
[ORDER] commander=ai team=Team_Alien unit=Squid kind=move dst=(204,84,320)
[ORDER] commander=ai team=Team_Alien unit=Squid kind=move dst=(-190,32,106)
[ORDER] commander=ai team=Team_Human_Centauri unit=Trooper kind=move dst=(-1727,114,-130)
[ORDER] commander=ai team=Team_Human_Centauri unit=Heavy Raider kind=move dst=(-1742,32,102)
[ORDER] commander=ai team=Team_Human_Centauri unit=Assault Car kind=move dst=(-1742,32,102)
[ORDER] commander=ai team=Team_Human_Centauri unit=Squad Transport kind=move dst=(146,38,-1361)
[ORDER] commander=ai team=Team_Human_Centauri unit=Squad Transport kind=attack tgt=Sol_Light_LightStriker(Clone) (Target)
[ORDER] commander=ai team=Team_Human_Centauri unit=Trooper kind=attack tgt=Sol_Headquarters(Clone) (Target)
[ORDER] commander=ai team=Team_Human_Centauri unit=Heavy Raider kind=attack tgt=Sol_HoverHarvester(Clone) (Target)
[ORDER] commander=ai team=Team_Human_Centauri unit=Assault Car kind=attack tgt=Sol_HoverHarvester(Clone) (Target)
[H2] team=Team_Human_Centauri fire=Headquarters argmaxCell=(118,152) val=66 atWorld=(-1404,-44) hqCount=2
[AI] [Team_Human_Centauri] tick=44 reqs=4 type={Construct:4} task={} prio(min/avg/max)=10/55.5/81 groups=0
[ORDER] commander=ai team=Team_Human_Centauri unit=Trooper kind=move dst=(-1110,30,840)
[ORDER] commander=ai team=Team_Alien unit=Squid kind=move dst=(204,84,320)
[ORDER] commander=ai team=Team_Alien unit=Squid kind=move dst=(204,84,320)
[ORDER] commander=ai team=Team_Alien unit=Squid kind=move dst=(204,84,320)
[ORDER] commander=ai team=Team_Alien unit=Squid kind=move dst=(899,45,213)
[ORDER] commander=ai team=Team_Alien unit=Squid kind=move dst=(899,45,213)
[ORDER] commander=ai team=Team_Alien unit=Wasp kind=stop
[ORDER] commander=ai team=Team_Alien unit=Squid kind=move dst=(899,45,213)
[ORDER] commander=ai team=Team_Alien unit=Squid kind=stop
[ORDER] commander=ai team=Team_Human_Sol unit=Platoon Hauler kind=move dst=(-667,113,1318)
[ORDER] commander=ai team=Team_Human_Sol unit=Light Striker kind=move dst=(-1742,32,102)
[ORDER] commander=ai team=Team_Human_Sol unit=Light Striker kind=move dst=(-1742,32,102)
[ORDER] commander=ai team=Team_Human_Sol unit=Heavy Quad kind=move dst=(-1742,32,102)
[ORDER] commander=ai team=Team_Human_Sol unit=Scout kind=move dst=(-430,50,1730)
[ORDER] commander=ai team=Team_Human_Sol unit=Scout kind=move dst=(-430,50,1730)
[ORDER] commander=ai team=Team_Human_Sol unit=Scout kind=move dst=(-430,50,1730)
[ORDER] commander=ai team=Team_Human_Sol unit=Rifleman kind=move dst=(-430,50,1730)
[ORDER] commander=ai team=Team_Human_Sol unit=Scout kind=attack tgt=Hunter(Clone) (Target)
[ORDER] commander=ai team=Team_Human_Sol unit=Scout kind=attack tgt=Hunter(Clone) (Target)
[ORDER] commander=ai team=Team_Human_Sol unit=Scout kind=attack tgt=Hunter(Clone) (Target)
[ORDER] commander=ai team=Team_Human_Sol unit=Rifleman kind=attack tgt=Hunter(Clone) (Target)
[ORDER] commander=ai team=Team_Human_Sol unit=Light Striker kind=attack tgt=Cent_Light_HeavyRaider(Clone) (Target)
[ORDER] commander=ai team=Team_Human_Sol unit=Light Striker kind=attack tgt=Cent_Light_HeavyRaider(Clone) (Target)
[ORDER] commander=ai team=Team_Human_Sol unit=Heavy Quad kind=attack tgt=Cent_Light_HeavyRaider(Clone) (Target)
[ORDER] commander=ai team=Team_Human_Sol unit=Scout kind=attack tgt=Cent_Light_LightRaider(Clone) (Target)
[ORDER] commander=ai team=Team_Human_Sol unit=Scout kind=attack tgt=Cent_Light_LightRaider(Clone) (Target)
[ORDER] commander=ai team=Team_Human_Sol unit=Scout kind=attack tgt=Cent_Light_LightRaider(Clone) (Target)
[ORDER] commander=ai team=Team_Human_Sol unit=Rifleman kind=attack tgt=Cent_Light_LightRaider(Clone) (Target)
[ORDER] commander=ai team=Team_Human_Sol unit=Platoon Hauler kind=attack tgt=Cent_Light_SquadTransport(Clone) (Target)
[H2] team=Team_Human_Sol fire=Headquarters argmaxCell=(132,152) val=69 atWorld=(-844,-44) hqCount=2
[AI] [Team_Human_Sol] tick=44 reqs=2 type={Construct:2} task={} prio(min/avg/max)=7/8.5/10 groups=0
[ORDER] commander=ai team=Team_Human_Sol unit=Scout kind=move dst=(-78,20,140)
[ORDER] commander=ai team=Team_Human_Sol unit=Rifleman kind=move dst=(-78,20,140)
[ORDER] commander=ai team=Team_Alien unit=Shocker kind=move dst=(309,46,1050)
[ORDER] commander=ai team=Team_Alien unit=Shocker kind=move dst=(309,46,1050)
[ORDER] commander=ai team=Team_Alien unit=Shocker kind=move dst=(309,46,1050)
[ORDER] commander=ai team=Team_Alien unit=Crab kind=move dst=(309,46,1050)
[ORDER] commander=ai team=Team_Alien unit=Hunter kind=move dst=(354,22,-717)
[ORDER] commander=ai team=Team_Alien unit=Hunter kind=move dst=(-345,25,-329)
[ORDER] commander=ai team=Team_Alien unit=Hunter kind=move dst=(-345,25,-329)
[ORDER] commander=ai team=Team_Alien unit=Hunter kind=attack tgt=Sol_Headquarters(Clone) (Target)
[ORDER] commander=ai team=Team_Alien unit=Shocker kind=attack tgt=Cent_Headquarters(Clone) (Target)
[ORDER] commander=ai team=Team_Alien unit=Shocker kind=attack tgt=Cent_Headquarters(Clone) (Target)
[ORDER] commander=ai team=Team_Alien unit=Shocker kind=attack tgt=Cent_Headquarters(Clone) (Target)
[ORDER] commander=ai team=Team_Alien unit=Crab kind=attack tgt=Cent_Headquarters(Clone) (Target)
[ORDER] commander=ai team=Team_Alien unit=Hunter kind=attack tgt=ConstructionSite_Sol_Refinery(Clone) (Target)
[ORDER] commander=ai team=Team_Alien unit=Hunter kind=attack tgt=ConstructionSite_Sol_Refinery(Clone) (Target)
[P32] team=Team_Alien fire=Cyst phase=starter atBcAt=(1290,280) cystOwned=2/3
[AI] [Team_Alien] tick=44 reqs=1 type={Construct:1} task={} prio(min/avg/max)=10/10.0/10 groups=0
[ORDER] commander=ai team=Team_Human_Sol unit=Rifleman kind=move dst=(-471,25,-360)
[ORDER] commander=ai team=Team_Alien unit=Shocker kind=move dst=(-1095,24,-870)
[ORDER] commander=ai team=Team_Alien unit=Squid kind=move dst=(204,84,320)
[ORDER] commander=ai team=Team_Alien unit=Squid kind=move dst=(204,84,320)
[ORDER] commander=ai team=Team_Alien unit=Squid kind=move dst=(-193,32,91)
[ORDER] commander=ai team=Team_Alien unit=Squid kind=move dst=(-193,32,91)
[ORDER] commander=ai team=Team_Alien unit=Wasp kind=move dst=(-193,32,91)
[ORDER] commander=ai team=Team_Alien unit=Squid kind=move dst=(-193,32,91)
[ORDER] commander=ai team=Team_Human_Sol unit=Heavy Quad kind=move dst=(-1148,48,280)
[ORDER] commander=ai team=Team_Human_Sol unit=Light Raider kind=move dst=(-1148,48,280)
[ORDER] commander=ai team=Team_Human_Sol unit=Light Raider kind=move dst=(-1148,48,280)
[ORDER] commander=ai team=Team_Human_Sol unit=Scout kind=stop
[ORDER] commander=ai team=Team_Human_Sol unit=Scout kind=move dst=(-600,28,310)
[ORDER] commander=ai team=Team_Human_Sol unit=Scout kind=move dst=(-600,28,310)
[ORDER] commander=ai team=Team_Human_Sol unit=Rifleman kind=move dst=(-600,28,310)
[ORDER] commander=ai team=Team_Alien unit=Squid kind=move dst=(204,84,320)
[ORDER] commander=ai team=Team_Alien unit=Squid kind=move dst=(204,84,320)
[ORDER] commander=ai team=Team_Alien unit=Squid kind=move dst=(-196,33,78)
[ORDER] commander=ai team=Team_Human_Sol unit=Scout kind=move dst=(-78,21,145)
[ORDER] commander=ai team=Team_Human_Centauri unit=Trooper kind=move dst=(-1727,114,-130)
[ORDER] commander=ai team=Team_Human_Centauri unit=Heavy Raider kind=move dst=(-1742,32,102)
[ORDER] commander=ai team=Team_Human_Centauri unit=Squad Transport kind=move dst=(146,38,-1361)
[ORDER] commander=ai team=Team_Human_Centauri unit=Squad Transport kind=attack tgt=Sol_Light_LightStriker(Clone) (Target)
[ORDER] commander=ai team=Team_Human_Centauri unit=Trooper kind=attack tgt=Sol_Headquarters(Clone) (Target)
[ORDER] commander=ai team=Team_Human_Centauri unit=Heavy Raider kind=attack tgt=Sol_HoverHarvester(Clone) (Target)
[H2] team=Team_Human_Centauri fire=Headquarters argmaxCell=(126,144) val=36 atWorld=(-1084,-364) hqCount=2
[AI] [Team_Human_Centauri] tick=45 reqs=4 type={Construct:4} task={} prio(min/avg/max)=10/55.5/81 groups=0
[H2] team=Team_Human_Centauri reject=HQ-too-close targetCell=(-1084,-364) landedAt=(-1080,-360) distToExistingHq=510m
[ORDER] commander=ai team=Team_Human_Sol unit=Light Quad kind=move dst=(-521,29,-309)
[ORDER] commander=ai team=Team_Human_Sol unit=Heavy Quad kind=move dst=(-521,29,-309)
[ORDER] commander=ai team=Team_Human_Centauri unit=Trooper kind=move dst=(-1110,30,840)
[ORDER] commander=ai team=Team_Human_Centauri unit=Squad Transport kind=move dst=(-1079,51,155)
[ORDER] commander=ai team=Team_Alien unit=Squid kind=move dst=(204,84,320)
[ORDER] commander=ai team=Team_Alien unit=Squid kind=move dst=(204,84,320)
[ORDER] commander=ai team=Team_Human_Sol unit=Heavy Quad kind=move dst=(-1184,43,364)
[ORDER] commander=ai team=Team_Human_Sol unit=Light Raider kind=move dst=(-1184,43,364)
[ORDER] commander=ai team=Team_Human_Sol unit=Platoon Hauler kind=move dst=(-667,113,1318)
[ORDER] commander=ai team=Team_Human_Sol unit=Heavy Quad kind=move dst=(-1742,32,102)
[ORDER] commander=ai team=Team_Human_Sol unit=Light Striker kind=move dst=(-1742,32,102)
[ORDER] commander=ai team=Team_Human_Sol unit=Scout kind=move dst=(-430,50,1730)
[ORDER] commander=ai team=Team_Human_Sol unit=Scout kind=move dst=(-430,50,1730)
[ORDER] commander=ai team=Team_Human_Sol unit=Scout kind=move dst=(-430,50,1730)
[ORDER] commander=ai team=Team_Human_Sol unit=Rifleman kind=move dst=(-430,50,1730)
[ORDER] commander=ai team=Team_Human_Sol unit=Light Quad kind=attack tgt=Hunter(Clone) (Target)
[ORDER] commander=ai team=Team_Human_Sol unit=Light Quad kind=attack tgt=Hunter(Clone) (Target)
[ORDER] commander=ai team=Team_Human_Sol unit=Heavy Quad kind=attack tgt=Hunter(Clone) (Target)
[ORDER] commander=ai team=Team_Human_Sol unit=Platoon Hauler kind=attack tgt=Cent_Light_HeavyRaider(Clone) (Target)
[ORDER] commander=ai team=Team_Human_Sol unit=Scout kind=attack tgt=Cent_Light_HeavyRaider(Clone) (Target)
[ORDER] commander=ai team=Team_Human_Sol unit=Scout kind=attack tgt=Cent_Light_HeavyRaider(Clone) (Target)
[ORDER] commander=ai team=Team_Human_Sol unit=Scout kind=attack tgt=Cent_Light_HeavyRaider(Clone) (Target)
[ORDER] commander=ai team=Team_Human_Sol unit=Rifleman kind=attack tgt=Cent_Light_HeavyRaider(Clone) (Target)
[ORDER] commander=ai team=Team_Human_Sol unit=Heavy Quad kind=attack tgt=Hunter(Clone) (Target)
[ORDER] commander=ai team=Team_Human_Sol unit=Light Striker kind=attack tgt=Hunter(Clone) (Target)
[H1] team=Team_Human_Sol fire=Refinery atBalterium=(-962,1073) refCount=3
[H1] team=Team_Human_Sol fire=Refinery atBalterium=(-1489,1092) refCount=4
[H2] team=Team_Human_Sol fire=Headquarters argmaxCell=(132,152) val=69 atWorld=(-844,-44) hqCount=2
[H3] team=Team_Human_Sol fire=Barracks nearHq=(-1110,840)
[H3] team=Team_Human_Sol fire=Research Facility nearHq=(-1110,840)
[AI] [Team_Human_Sol] tick=45 reqs=2 type={Construct:2} task={} prio(min/avg/max)=7/8.5/10 groups=0
[ORDER] commander=ai team=Team_Human_Sol unit=Scout kind=move dst=(-76,20,150)
[ORDER] commander=ai team=Team_Alien unit=Shocker kind=move dst=(309,46,1050)
[ORDER] commander=ai team=Team_Alien unit=Shocker kind=move dst=(309,46,1050)
[ORDER] commander=ai team=Team_Alien unit=Shocker kind=move dst=(309,46,1050)
[ORDER] commander=ai team=Team_Alien unit=Crab kind=move dst=(309,46,1050)
[ORDER] commander=ai team=Team_Alien unit=Hunter kind=move dst=(354,22,-717)
[ORDER] commander=ai team=Team_Alien unit=Hunter kind=move dst=(-345,25,-329)
[ORDER] commander=ai team=Team_Alien unit=Hunter kind=move dst=(-345,25,-329)
[ORDER] commander=ai team=Team_Alien unit=Hunter kind=attack tgt=Sol_Headquarters(Clone) (Target)
[ORDER] commander=ai team=Team_Alien unit=Shocker kind=attack tgt=Cent_Headquarters(Clone) (Target)
[ORDER] commander=ai team=Team_Alien unit=Shocker kind=attack tgt=Cent_Headquarters(Clone) (Target)
[ORDER] commander=ai team=Team_Alien unit=Shocker kind=attack tgt=Cent_Headquarters(Clone) (Target)
[ORDER] commander=ai team=Team_Alien unit=Crab kind=attack tgt=Cent_Headquarters(Clone) (Target)
[ORDER] commander=ai team=Team_Alien unit=Hunter kind=attack tgt=ConstructionSite_Sol_Refinery(Clone) (Target)
[ORDER] commander=ai team=Team_Alien unit=Hunter kind=attack tgt=ConstructionSite_Sol_Refinery(Clone) (Target)
[AI] [Team_Alien] tick=45 reqs=1 type={Construct:1} task={} prio(min/avg/max)=10/10.0/10 groups=0
[ORDER] commander=ai team=Team_Human_Sol unit=Scout kind=move dst=(-1183,43,366)
[ORDER] commander=ai team=Team_Human_Sol unit=Rifleman kind=move dst=(-1183,43,366)
[ORDER] commander=ai team=Team_Human_Sol unit=Heavy Quad kind=move dst=(-77,20,150)
[ORDER] commander=ai team=Team_Human_Sol unit=Heavy Quad kind=move dst=(-77,19,150)
[ORDER] commander=ai team=Team_Alien unit=Shocker kind=move dst=(-1095,24,-870)
[ORDER] commander=ai team=Team_Alien unit=Squid kind=move dst=(204,84,320)
[ORDER] commander=ai team=Team_Alien unit=Squid kind=move dst=(204,84,320)
[ORDER] commander=ai team=Team_Alien unit=Squid kind=move dst=(204,84,320)
[ORDER] commander=ai team=Team_Alien unit=Crab kind=move dst=(414,20,-198)
[ORDER] commander=ai team=Team_Alien unit=Horned Crab kind=move dst=(414,20,-198)
[ORDER] commander=ai team=Team_Alien unit=Horned Crab kind=move dst=(414,20,-198)
[ORDER] commander=ai team=Team_Alien unit=Shocker kind=stop
[ORDER] commander=ai team=Team_Human_Sol unit=Light Raider kind=move dst=(-1182,44,371)
[ORDER] commander=ai team=Team_Alien unit=Squid kind=move dst=(204,84,320)
[ORDER] commander=ai team=Team_Alien unit=Squid kind=move dst=(204,84,320)
[ORDER] commander=ai team=Team_Alien unit=Crab kind=move dst=(412,20,-197)
[ORDER] commander=ai team=Team_Alien unit=Horned Crab kind=move dst=(412,20,-197)
[ORDER] commander=ai team=Team_Alien unit=Horned Crab kind=move dst=(412,20,-197)
[ORDER] commander=ai team=Team_Human_Sol unit=Scout kind=stop
[ORDER] commander=ai team=Team_Human_Sol unit=Scout kind=move dst=(-573,27,303)
[ORDER] commander=ai team=Team_Human_Sol unit=Scout kind=move dst=(-573,27,303)
[ORDER] commander=ai team=Team_Human_Sol unit=Rifleman kind=move dst=(-573,27,303)
[ORDER] commander=ai team=Team_Human_Centauri unit=Trooper kind=move dst=(-1727,114,-130)
[ORDER] commander=ai team=Team_Human_Centauri unit=Heavy Raider kind=move dst=(-1742,32,102)
[ORDER] commander=ai team=Team_Human_Centauri unit=Squad Transport kind=move dst=(146,38,-1361)
[ORDER] commander=ai team=Team_Human_Centauri unit=Heavy Raider kind=attack tgt=ConstructionSite_Sol_Refinery(Clone) (Target)
[ORDER] commander=ai team=Team_Human_Centauri unit=Light Raider kind=attack tgt=ConstructionSite_Sol_Refinery(Clone) (Target)
[ORDER] commander=ai team=Team_Human_Centauri unit=Light Raider kind=attack tgt=ConstructionSite_Sol_Refinery(Clone) (Target)
[ORDER] commander=ai team=Team_Human_Centauri unit=Squad Transport kind=attack tgt=Sol_Light_LightStriker(Clone) (Target)
[ORDER] commander=ai team=Team_Human_Centauri unit=Trooper kind=attack tgt=Sol_Headquarters(Clone) (Target)
[ORDER] commander=ai team=Team_Human_Centauri unit=Heavy Raider kind=attack tgt=Sol_HoverHarvester(Clone) (Target)
[H2] team=Team_Human_Centauri fire=Headquarters argmaxCell=(126,144) val=36 atWorld=(-1084,-364) hqCount=2
[AI] [Team_Human_Centauri] tick=46 reqs=4 type={Construct:4} task={} prio(min/avg/max)=10/55.5/81 groups=0
[H2] team=Team_Human_Centauri reject=HQ-too-close targetCell=(-1084,-364) landedAt=(-1080,-360) distToExistingHq=510m
[ORDER] commander=ai team=Team_Human_Centauri unit=Trooper kind=move dst=(-1110,30,840)
[ORDER] commander=ai team=Team_Human_Centauri unit=Squad Transport kind=move dst=(-1051,49,128)
[ORDER] commander=ai team=Team_Alien unit=Squid kind=move dst=(204,84,320)
[ORDER] commander=ai team=Team_Alien unit=Squid kind=move dst=(204,84,320)
[ORDER] commander=ai team=Team_Alien unit=Squid kind=move dst=(204,84,320)
[ORDER] commander=ai team=Team_Alien unit=Crab kind=move dst=(-1110,30,840)
[ORDER] commander=ai team=Team_Alien unit=Horned Crab kind=move dst=(-1110,30,840)
[ORDER] commander=ai team=Team_Alien unit=Shocker kind=move dst=(-1110,30,840)
[ORDER] commander=ai team=Team_Human_Sol unit=Light Raider kind=move dst=(-1185,43,389)
[ORDER] commander=ai team=Team_Human_Sol unit=Light Quad kind=move dst=(-667,113,1318)
[ORDER] commander=ai team=Team_Human_Sol unit=Light Quad kind=move dst=(-667,113,1318)
[ORDER] commander=ai team=Team_Human_Sol unit=Heavy Quad kind=move dst=(-667,113,1318)
[ORDER] commander=ai team=Team_Human_Sol unit=Heavy Quad kind=move dst=(-1742,32,102)
[ORDER] commander=ai team=Team_Human_Sol unit=Light Striker kind=move dst=(-1742,32,102)
[ORDER] commander=ai team=Team_Human_Sol unit=Platoon Hauler kind=move dst=(-430,50,1730)
[ORDER] commander=ai team=Team_Human_Sol unit=Platoon Hauler kind=attack tgt=Cent_Light_HeavyRaider(Clone) (Target)
[ORDER] commander=ai team=Team_Human_Sol unit=Heavy Quad kind=attack tgt=Hunter(Clone) (Target)
[ORDER] commander=ai team=Team_Human_Sol unit=Light Striker kind=attack tgt=Hunter(Clone) (Target)
[H2] team=Team_Human_Sol fire=Headquarters argmaxCell=(132,152) val=69 atWorld=(-844,-44) hqCount=2
[AI] [Team_Human_Sol] tick=46 reqs=2 type={Construct:2} task={} prio(min/avg/max)=7/8.5/10 groups=0
[ORDER] commander=ai team=Team_Human_Sol unit=Platoon Hauler kind=move dst=(-539,28,-268)
[ORDER] commander=ai team=Team_Human_Sol unit=Scout kind=move dst=(-108,21,167)
[ORDER] commander=ai team=Team_Alien unit=Shocker kind=move dst=(309,46,1050)
[ORDER] commander=ai team=Team_Alien unit=Shocker kind=move dst=(309,46,1050)
[ORDER] commander=ai team=Team_Alien unit=Shocker kind=move dst=(309,46,1050)
[ORDER] commander=ai team=Team_Alien unit=Crab kind=move dst=(309,46,1050)
[ORDER] commander=ai team=Team_Alien unit=Hunter kind=move dst=(354,22,-717)
[ORDER] commander=ai team=Team_Alien unit=Hunter kind=move dst=(-345,25,-329)
[ORDER] commander=ai team=Team_Alien unit=Hunter kind=move dst=(-345,25,-329)
[ORDER] commander=ai team=Team_Alien unit=Hunter kind=attack tgt=Sol_Headquarters(Clone) (Target)
[ORDER] commander=ai team=Team_Alien unit=Shocker kind=attack tgt=Cent_Headquarters(Clone) (Target)
[ORDER] commander=ai team=Team_Alien unit=Shocker kind=attack tgt=Cent_Headquarters(Clone) (Target)
[ORDER] commander=ai team=Team_Alien unit=Shocker kind=attack tgt=Cent_Headquarters(Clone) (Target)
[ORDER] commander=ai team=Team_Alien unit=Crab kind=attack tgt=Cent_Headquarters(Clone) (Target)
[ORDER] commander=ai team=Team_Alien unit=Hunter kind=attack tgt=ConstructionSite_Sol_Refinery(Clone) (Target)
[ORDER] commander=ai team=Team_Alien unit=Hunter kind=attack tgt=ConstructionSite_Sol_Refinery(Clone) (Target)
[AI] [Team_Alien] tick=46 reqs=1 type={Construct:1} task={} prio(min/avg/max)=10/10.0/10 groups=0
[ORDER] commander=ai team=Team_Human_Sol unit=Heavy Quad kind=move dst=(-111,21,169)
[ORDER] commander=ai team=Team_Alien unit=Shocker kind=move dst=(-1095,24,-870)
[ORDER] commander=ai team=Team_Alien unit=Squid kind=move dst=(204,84,320)
[ORDER] commander=ai team=Team_Alien unit=Squid kind=move dst=(204,84,320)
[ORDER] commander=ai team=Team_Human_Sol unit=Scout kind=move dst=(-112,21,168)
[SPAWN_S] team=Team_Alien structure=Node at=(1035,785)
[SPAWN_S] team=Team_Alien structure=Node at=(875,735)
[SPAWN_S] team=Team_Alien structure=Node at=(1240,-410)
[ORDER] commander=ai team=Team_Alien unit=Squid kind=move dst=(204,84,320)
[ORDER] commander=ai team=Team_Alien unit=Squid kind=move dst=(204,84,320)
[ORDER] commander=ai team=Team_Human_Sol unit=Light Raider kind=move dst=(-1185,43,408)
[ORDER] commander=ai team=Team_Human_Centauri unit=Trooper kind=move dst=(-1727,114,-130)
[ORDER] commander=ai team=Team_Human_Centauri unit=Light Raider kind=move dst=(-1742,32,102)
[ORDER] commander=ai team=Team_Human_Centauri unit=Light Raider kind=move dst=(-1742,32,102)
[ORDER] commander=ai team=Team_Human_Centauri unit=Squad Transport kind=move dst=(146,38,-1361)
[ORDER] commander=ai team=Team_Human_Centauri unit=Squad Transport kind=attack tgt=Sol_Light_LightStriker(Clone) (Target)
[ORDER] commander=ai team=Team_Human_Centauri unit=Trooper kind=attack tgt=Sol_Headquarters(Clone) (Target)
[ORDER] commander=ai team=Team_Human_Centauri unit=Light Raider kind=attack tgt=HeavyQuad_Intro(Clone) (Target)
[ORDER] commander=ai team=Team_Human_Centauri unit=Light Raider kind=attack tgt=HeavyQuad_Intro(Clone) (Target)
[H2] team=Team_Human_Centauri fire=Headquarters argmaxCell=(126,144) val=36 atWorld=(-1084,-364) hqCount=2
[H3] team=Team_Human_Centauri fire=Research Facility nearHq=(-1095,-870)
[AI] [Team_Human_Centauri] tick=47 reqs=4 type={Construct:4} task={} prio(min/avg/max)=10/55.5/81 groups=0
[H2] team=Team_Human_Centauri reject=HQ-too-close targetCell=(-1084,-364) landedAt=(-1080,-360) distToExistingHq=510m
[ORDER] commander=ai team=Team_Human_Centauri unit=Trooper kind=move dst=(-1110,30,840)
[ORDER] commander=ai team=Team_Human_Centauri unit=Squad Transport kind=move dst=(-1028,48,106)
[ORDER] commander=ai team=Team_Alien unit=Squid kind=move dst=(204,84,320)
[ORDER] commander=ai team=Team_Alien unit=Squid kind=move dst=(204,84,320)
[ORDER] commander=ai team=Team_Alien unit=Squid kind=move dst=(204,84,320)
[ORDER] commander=ai team=Team_Alien unit=Crab kind=stop
[ORDER] commander=ai team=Team_Alien unit=Crab kind=move dst=(553,29,-49)
[ORDER] commander=ai team=Team_Alien unit=Crab kind=move dst=(553,29,-49)
[ORDER] commander=ai team=Team_Alien unit=Crab kind=move dst=(553,29,-49)
[ORDER] commander=ai team=Team_Human_Sol unit=Light Raider kind=move dst=(0,0,0)
[ORDER] commander=ai team=Team_Human_Sol unit=Light Raider kind=move dst=(0,0,0)
[ORDER] commander=ai team=Team_Human_Sol unit=Heavy Quad kind=move dst=(-1742,32,102)
[ORDER] commander=ai team=Team_Human_Sol unit=Light Raider kind=move dst=(-1742,32,102)
[ORDER] commander=ai team=Team_Human_Sol unit=Light Raider kind=move dst=(-1742,32,102)
[ORDER] commander=ai team=Team_Human_Sol unit=Scout kind=move dst=(-430,50,1730)
[ORDER] commander=ai team=Team_Human_Sol unit=Scout kind=move dst=(-430,50,1730)
[ORDER] commander=ai team=Team_Human_Sol unit=Scout kind=move dst=(-430,50,1730)
[ORDER] commander=ai team=Team_Human_Sol unit=Rifleman kind=move dst=(-430,50,1730)
[ORDER] commander=ai team=Team_Human_Sol unit=Heavy Quad kind=attack tgt=Hunter(Clone) (Target)
[ORDER] commander=ai team=Team_Human_Sol unit=Light Raider kind=attack tgt=Hunter(Clone) (Target)
[ORDER] commander=ai team=Team_Human_Sol unit=Light Raider kind=attack tgt=Hunter(Clone) (Target)
[H1] team=Team_Human_Sol fire=Refinery atBalterium=(-962,1073) refCount=3
[H1] team=Team_Human_Sol fire=Refinery atBalterium=(-1489,1092) refCount=4
[H2] team=Team_Human_Sol fire=Headquarters argmaxCell=(146,152) val=60 atWorld=(-284,-44) hqCount=2
[H3] team=Team_Human_Sol fire=Barracks nearHq=(-1110,840)
[H3] team=Team_Human_Sol fire=Research Facility nearHq=(-1110,840)
[AI] [Team_Human_Sol] tick=47 reqs=2 type={Construct:2} task={} prio(min/avg/max)=7/8.5/10 groups=0
[ORDER] commander=ai team=Team_Alien unit=Shocker kind=move dst=(309,46,1050)
[ORDER] commander=ai team=Team_Alien unit=Shocker kind=move dst=(309,46,1050)
[ORDER] commander=ai team=Team_Alien unit=Shocker kind=move dst=(309,46,1050)
[ORDER] commander=ai team=Team_Alien unit=Crab kind=move dst=(309,46,1050)
[ORDER] commander=ai team=Team_Alien unit=Hunter kind=move dst=(354,22,-717)
[ORDER] commander=ai team=Team_Alien unit=Hunter kind=move dst=(-345,25,-329)
[ORDER] commander=ai team=Team_Alien unit=Hunter kind=move dst=(-345,25,-329)
[ORDER] commander=ai team=Team_Alien unit=Hunter kind=attack tgt=Sol_Headquarters(Clone) (Target)
[ORDER] commander=ai team=Team_Alien unit=Shocker kind=attack tgt=Cent_Headquarters(Clone) (Target)
[ORDER] commander=ai team=Team_Alien unit=Shocker kind=attack tgt=Cent_Headquarters(Clone) (Target)
[ORDER] commander=ai team=Team_Alien unit=Shocker kind=attack tgt=Cent_Headquarters(Clone) (Target)
[ORDER] commander=ai team=Team_Alien unit=Crab kind=attack tgt=Cent_Headquarters(Clone) (Target)
[ORDER] commander=ai team=Team_Alien unit=Hunter kind=attack tgt=ConstructionSite_Sol_Refinery(Clone) (Target)
[ORDER] commander=ai team=Team_Alien unit=Hunter kind=attack tgt=ConstructionSite_Sol_Refinery(Clone) (Target)
[AI] [Team_Alien] tick=47 reqs=1 type={Construct:1} task={} prio(min/avg/max)=10/10.0/10 groups=0
[ORDER] commander=ai team=Team_Alien unit=Shocker kind=move dst=(-1095,24,-870)
[ORDER] commander=ai team=Team_Alien unit=Hunter kind=stop
[ORDER] commander=ai team=Team_Alien unit=Hunter kind=move dst=(451,45,75)
[ORDER] commander=ai team=Team_Alien unit=Hunter kind=move dst=(451,45,75)
[ORDER] commander=ai team=Team_Alien unit=Squid kind=move dst=(204,84,320)
[ORDER] commander=ai team=Team_Alien unit=Squid kind=move dst=(204,84,320)
[ORDER] commander=ai team=Team_Alien unit=Crab kind=move dst=(539,28,-35)
[ORDER] commander=ai team=Team_Alien unit=Crab kind=move dst=(539,28,-35)
[ORDER] commander=ai team=Team_Alien unit=Crab kind=move dst=(539,28,-35)
[ORDER] commander=ai team=Team_Alien unit=Squid kind=move dst=(649,64,184)
[ORDER] commander=ai team=Team_Alien unit=Squid kind=move dst=(649,64,184)
[ORDER] commander=ai team=Team_Alien unit=Wasp kind=stop
[ORDER] commander=ai team=Team_Alien unit=Squid kind=move dst=(649,64,184)
[ORDER] commander=ai team=Team_Alien unit=Squid kind=stop
[ORDER] commander=ai team=Team_Alien unit=Hunter kind=move dst=(450,43,79)
[ORDER] commander=ai team=Team_Alien unit=Hunter kind=move dst=(450,43,79)
[ORDER] commander=ai team=Team_Alien unit=Squid kind=move dst=(204,84,320)
[ORDER] commander=ai team=Team_Alien unit=Squid kind=move dst=(204,84,320)
[ORDER] commander=ai team=Team_Alien unit=Crab kind=move dst=(-1095,58,585)
[ORDER] commander=ai team=Team_Alien unit=Crab kind=move dst=(-1095,58,585)
[ORDER] commander=ai team=Team_Alien unit=Squid kind=move dst=(635,73,181)
[ORDER] commander=ai team=Team_Alien unit=Squid kind=move dst=(635,73,181)
[ORDER] commander=ai team=Team_Alien unit=Squid kind=move dst=(635,73,181)
[ORDER] commander=ai team=Team_Alien unit=Squid kind=move dst=(635,73,181)
[ORDER] commander=ai team=Team_Human_Centauri unit=Trooper kind=move dst=(-1727,114,-130)
[ORDER] commander=ai team=Team_Human_Centauri unit=Light Raider kind=move dst=(-1742,32,102)
[ORDER] commander=ai team=Team_Human_Centauri unit=Light Raider kind=move dst=(-1742,32,102)
[ORDER] commander=ai team=Team_Human_Centauri unit=Squad Transport kind=move dst=(146,38,-1361)
[ORDER] commander=ai team=Team_Human_Centauri unit=Squad Transport kind=attack tgt=Sol_Light_LightStriker(Clone) (Target)
[ORDER] commander=ai team=Team_Human_Centauri unit=Trooper kind=attack tgt=Sol_Headquarters(Clone) (Target)
[ORDER] commander=ai team=Team_Human_Centauri unit=Light Raider kind=attack tgt=HeavyQuad_Intro(Clone) (Target)
[ORDER] commander=ai team=Team_Human_Centauri unit=Light Raider kind=attack tgt=HeavyQuad_Intro(Clone) (Target)
[H2] team=Team_Human_Centauri fire=Headquarters argmaxCell=(126,144) val=36 atWorld=(-1084,-364) hqCount=2
[AI] [Team_Human_Centauri] tick=48 reqs=4 type={Construct:4} task={} prio(min/avg/max)=10/55.5/81 groups=0
[H2] team=Team_Human_Centauri reject=HQ-too-close targetCell=(-1084,-364) landedAt=(-1080,-360) distToExistingHq=510m
[ORDER] commander=ai team=Team_Human_Sol unit=Light Quad kind=move dst=(-777,33,584)
[ORDER] commander=ai team=Team_Human_Sol unit=Light Quad kind=move dst=(-777,33,584)
[ORDER] commander=ai team=Team_Human_Sol unit=Heavy Quad kind=stop
[ORDER] commander=ai team=Team_Human_Centauri unit=Trooper kind=move dst=(-1110,30,840)
[ORDER] commander=ai team=Team_Human_Centauri unit=Squad Transport kind=move dst=(-1024,47,103)
[ORDER] commander=ai team=Team_Alien unit=Hunter kind=move dst=(-1110,30,840)
[ORDER] commander=ai team=Team_Alien unit=Hunter kind=move dst=(-1110,30,840)
[ORDER] commander=ai team=Team_Alien unit=Hunter kind=move dst=(-1110,30,840)
[ORDER] commander=ai team=Team_Alien unit=Squid kind=move dst=(204,84,320)
[ORDER] commander=ai team=Team_Alien unit=Squid kind=move dst=(204,84,320)
[ORDER] commander=ai team=Team_Alien unit=Squid kind=stop
[ORDER] commander=ai team=Team_Human_Sol unit=Heavy Quad kind=move dst=(-1742,32,102)
[ORDER] commander=ai team=Team_Human_Sol unit=Light Raider kind=move dst=(-1742,32,102)
[ORDER] commander=ai team=Team_Human_Sol unit=Light Raider kind=move dst=(-1742,32,102)
[H2] team=Team_Human_Sol fire=Headquarters argmaxCell=(133,152) val=92 atWorld=(-804,-44) hqCount=2
[AI] [Team_Human_Sol] tick=48 reqs=2 type={Construct:2} task={} prio(min/avg/max)=7/8.5/10 groups=0
[ORDER] commander=ai team=Team_Alien unit=Shocker kind=move dst=(309,46,1050)
[ORDER] commander=ai team=Team_Alien unit=Shocker kind=move dst=(309,46,1050)
[ORDER] commander=ai team=Team_Alien unit=Shocker kind=move dst=(309,46,1050)
[ORDER] commander=ai team=Team_Alien unit=Crab kind=move dst=(309,46,1050)
[ORDER] commander=ai team=Team_Alien unit=Hunter kind=move dst=(354,22,-717)
[ORDER] commander=ai team=Team_Alien unit=Hunter kind=move dst=(-345,25,-329)
[ORDER] commander=ai team=Team_Alien unit=Hunter kind=move dst=(-345,25,-329)
[ORDER] commander=ai team=Team_Alien unit=Hunter kind=attack tgt=Sol_Headquarters(Clone) (Target)
[ORDER] commander=ai team=Team_Alien unit=Shocker kind=attack tgt=Cent_Headquarters(Clone) (Target)
[ORDER] commander=ai team=Team_Alien unit=Shocker kind=attack tgt=Cent_Headquarters(Clone) (Target)
[ORDER] commander=ai team=Team_Alien unit=Shocker kind=attack tgt=Cent_Headquarters(Clone) (Target)
[ORDER] commander=ai team=Team_Alien unit=Crab kind=attack tgt=Cent_Headquarters(Clone) (Target)
[ORDER] commander=ai team=Team_Alien unit=Hunter kind=attack tgt=ConstructionSite_Sol_Refinery(Clone) (Target)
[ORDER] commander=ai team=Team_Alien unit=Hunter kind=attack tgt=ConstructionSite_Sol_Refinery(Clone) (Target)
[AI] [Team_Alien] tick=48 reqs=1 type={Construct:1} task={} prio(min/avg/max)=10/10.0/10 groups=0
[ORDER] commander=ai team=Team_Alien unit=Shocker kind=move dst=(-1095,24,-870)
[ORDER] commander=ai team=Team_Alien unit=Squid kind=move dst=(204,84,320)
[ORDER] commander=ai team=Team_Alien unit=Squid kind=move dst=(204,84,320)
[ORDER] commander=ai team=Team_Alien unit=Squid kind=move dst=(204,84,320)
[ORDER] commander=ai team=Team_Alien unit=Squid kind=move dst=(-234,24,-138)
[ORDER] commander=ai team=Team_Alien unit=Squid kind=move dst=(-234,24,-138)
[ORDER] commander=ai team=Team_Alien unit=Wasp kind=move dst=(-234,24,-138)
[ORDER] commander=ai team=Team_Alien unit=Squid kind=move dst=(-234,24,-138)
[ORDER] commander=ai team=Team_Alien unit=Squid kind=move dst=(-234,24,-138)
[ORDER] commander=ai team=Team_Human_Sol unit=Scout kind=move dst=(-111,21,169)
[ORDER] commander=ai team=Team_Alien unit=Squid kind=move dst=(204,84,320)
[ORDER] commander=ai team=Team_Human_Centauri unit=Squad Transport kind=move dst=(-1670,19,-1448)
[ORDER] commander=ai team=Team_Human_Centauri unit=Trooper kind=move dst=(-1727,114,-130)
[ORDER] commander=ai team=Team_Human_Centauri unit=Light Raider kind=move dst=(-1742,32,102)
[ORDER] commander=ai team=Team_Human_Centauri unit=Light Raider kind=move dst=(-1742,32,102)
[ORDER] commander=ai team=Team_Human_Centauri unit=Squad Transport kind=move dst=(146,38,-1361)
[ORDER] commander=ai team=Team_Human_Centauri unit=Squad Transport kind=attack tgt=Sol_Light_LightStriker(Clone) (Target)
[ORDER] commander=ai team=Team_Human_Centauri unit=Trooper kind=attack tgt=Sol_Headquarters(Clone) (Target)
[ORDER] commander=ai team=Team_Human_Centauri unit=Light Raider kind=attack tgt=Sol_HoverHarvester(Clone) (Target)
[ORDER] commander=ai team=Team_Human_Centauri unit=Light Raider kind=attack tgt=Sol_HoverHarvester(Clone) (Target)
[H2] team=Team_Human_Centauri fire=Headquarters argmaxCell=(126,144) val=36 atWorld=(-1084,-364) hqCount=2
[AI] [Team_Human_Centauri] tick=49 reqs=4 type={Construct:4} task={} prio(min/avg/max)=10/55.5/81 groups=0
[H2] team=Team_Human_Centauri reject=HQ-too-close targetCell=(-1084,-364) landedAt=(-1080,-360) distToExistingHq=510m
[ORDER] commander=ai team=Team_Human_Centauri unit=Trooper kind=move dst=(-1110,30,840)
[ORDER] commander=ai team=Team_Human_Centauri unit=Squad Transport kind=move dst=(-1026,47,102)
[ORDER] commander=ai team=Team_Alien unit=Squid kind=move dst=(204,84,320)
[ORDER] commander=ai team=Team_Alien unit=Squid kind=move dst=(204,84,320)
[ORDER] commander=ai team=Team_Alien unit=Crab kind=move dst=(-1095,58,585)
[H1] team=Team_Human_Sol fire=Refinery atBalterium=(-962,1073) refCount=3
[H1] team=Team_Human_Sol fire=Refinery atBalterium=(-1489,1092) refCount=4
[H2] team=Team_Human_Sol fire=Headquarters argmaxCell=(125,161) val=52 atWorld=(-1124,316) hqCount=2
[H3] team=Team_Human_Sol fire=Barracks nearHq=(-1110,840)
[H3] team=Team_Human_Sol fire=Research Facility nearHq=(-1110,840)
[AI] [Team_Human_Sol] tick=49 reqs=2 type={Construct:2} task={} prio(min/avg/max)=7/8.5/10 groups=0
[ORDER] commander=ai team=Team_Human_Sol unit=Scout kind=stop
[ORDER] commander=ai team=Team_Human_Sol unit=Scout kind=move dst=(-492,27,292)
[ORDER] commander=ai team=Team_Human_Sol unit=Scout kind=move dst=(-492,27,292)
[ORDER] commander=ai team=Team_Human_Sol unit=Rifleman kind=move dst=(-492,27,292)
[ORDER] commander=ai team=Team_Alien unit=Shocker kind=move dst=(309,46,1050)
[ORDER] commander=ai team=Team_Alien unit=Shocker kind=move dst=(309,46,1050)
[ORDER] commander=ai team=Team_Alien unit=Shocker kind=move dst=(309,46,1050)
[ORDER] commander=ai team=Team_Alien unit=Crab kind=move dst=(309,46,1050)
[ORDER] commander=ai team=Team_Alien unit=Hunter kind=move dst=(354,22,-717)
[ORDER] commander=ai team=Team_Alien unit=Hunter kind=move dst=(-345,25,-329)
[ORDER] commander=ai team=Team_Alien unit=Hunter kind=move dst=(-345,25,-329)
[ORDER] commander=ai team=Team_Alien unit=Hunter kind=attack tgt=Sol_Headquarters(Clone) (Target)
[ORDER] commander=ai team=Team_Alien unit=Shocker kind=attack tgt=Cent_Headquarters(Clone) (Target)
[ORDER] commander=ai team=Team_Alien unit=Shocker kind=attack tgt=Cent_Headquarters(Clone) (Target)
[ORDER] commander=ai team=Team_Alien unit=Shocker kind=attack tgt=Cent_Headquarters(Clone) (Target)
[ORDER] commander=ai team=Team_Alien unit=Crab kind=attack tgt=Cent_Headquarters(Clone) (Target)
[ORDER] commander=ai team=Team_Alien unit=Hunter kind=attack tgt=ConstructionSite_Sol_Refinery(Clone) (Target)
[ORDER] commander=ai team=Team_Alien unit=Hunter kind=attack tgt=ConstructionSite_Sol_Refinery(Clone) (Target)
[AI] [Team_Alien] tick=49 reqs=1 type={Construct:1} task={} prio(min/avg/max)=10/10.0/10 groups=0
[ORDER] commander=ai team=Team_Alien unit=Shocker kind=move dst=(-1095,24,-870)
[ORDER] commander=ai team=Team_Alien unit=Shocker kind=move dst=(-1095,24,-870)
[ORDER] commander=ai team=Team_Alien unit=Shocker kind=move dst=(-1095,24,-870)
[ORDER] commander=ai team=Team_Alien unit=Crab kind=move dst=(-1095,24,-870)
