# Si_RTS_AI observability log — scene=RiftBasin startedAt=2026-07-03 22:25:57
# categories: [AI] commander Think summary, [ORDER] unit order (attack/move/stop), [SPAWN_S] structure, [SPAWN_U] unit, [PILOT] player controlled-unit change, [TEAM] player team change
# Phase 2 additions: AIConstructionHandler + AIUnitHandler observability rolled into the round-summary block at the end of this file.
[SPAWN_S] team=Team_Human_Sol structure=Headquarters at=(1035,30)
[SPAWN_S] team=Team_Human_Centauri structure=Headquarters at=(-615,840)
[SPAWN_S] team=Team_Alien structure=Nest at=(-1110,-1170)
[SPAWN_U] team=Team_Alien unit=Crab
[SPAWN_U] team=Team_Alien unit=Queen
[TEAM] player=RTSA_HeadlessBot Team? -> Team_Human_Sol
[H1] team=Team_Human_Centauri fire=Refinery atBalterium=(-793,689) refCount=1
[H1] team=Team_Human_Centauri fire=Refinery atBalterium=(-561,1111) refCount=2
[H1] team=Team_Human_Centauri fire=Refinery atBalterium=(-390,637) refCount=3
[H1] team=Team_Human_Centauri fire=Refinery atBalterium=(-347,1117) refCount=4
[H2] team=Team_Human_Centauri fire=Headquarters argmaxCell=(36,58) val=70 atWorld=(-40,840) hqCount=2
[AI] [Team_Human_Centauri] tick=1 reqs=4 type={Construct:4} task={} prio(min/avg/max)=10/77.5/100 groups=0
[H1] team=Team_Human_Sol fire=Refinery atBalterium=(1131,-59) refCount=1
[H1] team=Team_Human_Sol fire=Refinery atBalterium=(949,247) refCount=2
[H1] team=Team_Human_Sol fire=Refinery atBalterium=(858,-143) refCount=3
[H1] team=Team_Human_Sol fire=Refinery atBalterium=(1261,169) refCount=4
[H2] team=Team_Human_Sol fire=Headquarters argmaxCell=(58,25) val=65 atWorld=(840,-480) hqCount=2
[AI] [Team_Human_Sol] tick=1 reqs=4 type={Construct:4} task={} prio(min/avg/max)=10/77.5/100 groups=0
[ORDER] commander=ai team=Team_Alien unit=Crab kind=move dst=(-996,59,-770)
[P32] team=Team_Alien fire=BC patchAt=(-1210,-1187) minDistToOwned=102m bcAttempts=1
[P32] team=Team_Alien fire=Node towardPatchAt=(-798,-1144) distToOwned=313m nodesOwned=1 anchorAt=(-1110,-1170)
[P32] team=Team_Alien fire=Node towardPatchAt=(-1432,-1130) distToOwned=325m nodesOwned=2 anchorAt=(-1110,-1170)
[AI] [Team_Alien] tick=1 reqs=3 type={Construct:3} task={} prio(min/avg/max)=10/70.0/100 groups=0
[P32] team=Team_Alien fire=Cyst phase=eager-at-BC atBcAt=(-1220,-1195)
[P32] team=Team_Alien constructed=Cyst atBcAt=(-1220,-1195) landedAt=(-1235,-1210) result=UnmetPrerequisite
[H1] team=Team_Human_Centauri fire=Refinery atBalterium=(-520,416) refCount=1
[H1] team=Team_Human_Centauri fire=Refinery atBalterium=(-803,1260) refCount=2
[H1] team=Team_Human_Centauri fire=Refinery atBalterium=(-143,1183) refCount=3
[H1] team=Team_Human_Centauri fire=Refinery atBalterium=(-156,449) refCount=4
[H2] team=Team_Human_Centauri fire=Headquarters argmaxCell=(34,45) val=68 atWorld=(-120,320) hqCount=2
[AI] [Team_Human_Centauri] tick=2 reqs=4 type={Construct:4} task={} prio(min/avg/max)=10/77.5/100 groups=0
[H1] team=Team_Human_Centauri constructed=Refinery atBalterium=(-347,1117) landedAt=(-465,990) yaw=90 result=Success
[H1] team=Team_Human_Centauri constructed=Refinery atBalterium=(-561,1111) landedAt=(-675,990) yaw=90 result=Success
[H1] team=Team_Human_Sol fire=Refinery atBalterium=(1221,-308) refCount=1
[H1] team=Team_Human_Sol fire=Refinery atBalterium=(780,475) refCount=2
[H2] team=Team_Human_Sol fire=Headquarters argmaxCell=(68,20) val=54 atWorld=(1240,-680) hqCount=2
[AI] [Team_Human_Sol] tick=2 reqs=4 type={Construct:4} task={} prio(min/avg/max)=10/77.5/100 groups=0
[H1] team=Team_Human_Centauri constructed=Refinery atBalterium=(-390,637) landedAt=(-360,495) yaw=450 result=Success
[H1] team=Team_Human_Centauri constructed=Refinery atBalterium=(-793,689) landedAt=(-750,555) yaw=360 result=InsufficientResource
[P32] team=Team_Alien fire=BC patchAt=(-1432,-1130) minDistToOwned=85m bcAttempts=2
[AI] [Team_Alien] tick=2 reqs=3 type={Construct:3} task={} prio(min/avg/max)=10/70.0/100 groups=0
[H2] team=Team_Human_Centauri fire=Headquarters argmaxCell=(34,45) val=68 atWorld=(-120,320) hqCount=2
[H3] team=Team_Human_Centauri fire=Barracks nearHq=(-615,840)
[H3] team=Team_Human_Centauri fire=Research Facility nearHq=(-615,840)
[AI] [Team_Human_Centauri] tick=3 reqs=2 type={Construct:2} task={} prio(min/avg/max)=10/55.0/100 groups=0
[H1] team=Team_Human_Centauri constructed=Refinery atBalterium=(-803,1260) landedAt=(-810,1140) yaw=0 result=InsufficientResource
[H1] team=Team_Human_Centauri constructed=Refinery atBalterium=(-520,416) landedAt=(-555,540) yaw=180 result=InsufficientResource
[H1] team=Team_Human_Sol fire=Refinery atBalterium=(1131,-59) refCount=1
[H1] team=Team_Human_Sol fire=Refinery atBalterium=(949,247) refCount=2
[H1] team=Team_Human_Sol fire=Refinery atBalterium=(858,-143) refCount=3
[H1] team=Team_Human_Sol fire=Refinery atBalterium=(1261,169) refCount=4
[H2] team=Team_Human_Sol fire=Headquarters argmaxCell=(65,51) val=52 atWorld=(1120,560) hqCount=2
[AI] [Team_Human_Sol] tick=3 reqs=4 type={Construct:4} task={} prio(min/avg/max)=10/77.5/100 groups=0
[H2] team=Team_Human_Sol reject=HQ-too-close targetCell=(1120,560) landedAt=(1125,555) distToExistingHq=533m
[H1] team=Team_Human_Centauri constructed=Refinery atBalterium=(-156,449) landedAt=(-285,315) yaw=0 result=InsufficientResource
[P32] team=Team_Alien fire=BC patchAt=(-798,-1144) minDistToOwned=173m bcAttempts=3
[AI] [Team_Alien] tick=3 reqs=3 type={Construct:3} task={} prio(min/avg/max)=10/70.0/100 groups=0
[H1] team=Team_Human_Centauri fire=Refinery atBalterium=(-143,1183) refCount=4
[H2] team=Team_Human_Centauri fire=Headquarters argmaxCell=(34,45) val=68 atWorld=(-120,320) hqCount=2
[AI] [Team_Human_Centauri] tick=4 reqs=2 type={Construct:2} task={} prio(min/avg/max)=10/55.0/100 groups=0
[H1] team=Team_Human_Sol constructed=Refinery atBalterium=(1221,-308) landedAt=(1080,-240) yaw=0 result=Success
[H1] team=Team_Human_Sol fire=Refinery atBalterium=(780,475) refCount=2
[H2] team=Team_Human_Sol fire=Headquarters argmaxCell=(65,51) val=52 atWorld=(1120,560) hqCount=2
[H3] team=Team_Human_Sol fire=Barracks nearHq=(1035,30)
[H3] team=Team_Human_Sol fire=Research Facility nearHq=(1035,30)
[AI] [Team_Human_Sol] tick=4 reqs=4 type={Construct:4} task={} prio(min/avg/max)=10/77.5/100 groups=0
[H2] team=Team_Human_Sol reject=HQ-too-close targetCell=(1120,560) landedAt=(1125,555) distToExistingHq=533m
[AI] [Team_Alien] tick=4 reqs=3 type={Construct:3} task={} prio(min/avg/max)=10/70.0/100 groups=0
[H2] team=Team_Human_Centauri fire=Headquarters argmaxCell=(34,45) val=68 atWorld=(-120,320) hqCount=2
[AI] [Team_Human_Centauri] tick=5 reqs=2 type={Construct:2} task={} prio(min/avg/max)=10/55.0/100 groups=0
[H1] team=Team_Human_Sol fire=Refinery atBalterium=(949,247) refCount=2
[H1] team=Team_Human_Sol fire=Refinery atBalterium=(858,-143) refCount=3
[H1] team=Team_Human_Sol fire=Refinery atBalterium=(1261,169) refCount=4
[H2] team=Team_Human_Sol fire=Headquarters argmaxCell=(65,51) val=52 atWorld=(1120,560) hqCount=2
[AI] [Team_Human_Sol] tick=5 reqs=4 type={Construct:4} task={} prio(min/avg/max)=10/77.5/100 groups=0
[H2] team=Team_Human_Sol reject=HQ-too-close targetCell=(1120,560) landedAt=(1125,555) distToExistingHq=533m
[AI] [Team_Alien] tick=5 reqs=3 type={Construct:3} task={} prio(min/avg/max)=10/70.0/100 groups=0
[SPAWN_U] team=Team_Human_Sol unit=Light Quad
[SPAWN_U] team=Team_Human_Sol unit=Light Quad
[SPAWN_U] team=Team_Human_Sol unit=Scout
[SPAWN_U] team=Team_Human_Sol unit=Scout
[SPAWN_U] team=Team_Human_Sol unit=Scout
[SPAWN_U] team=Team_Human_Sol unit=Scout
[SPAWN_U] team=Team_Human_Sol unit=Scout
[SPAWN_U] team=Team_Human_Sol unit=Scout
[SPAWN_U] team=Team_Human_Sol unit=Rifleman
[SPAWN_U] team=Team_Human_Sol unit=Rifleman
[SPAWN_U] team=Team_Human_Sol unit=Rifleman
[SPAWN_U] team=Team_Human_Sol unit=Heavy Quad
[SPAWN_U] team=Team_Human_Centauri unit=Light Raider
[SPAWN_U] team=Team_Human_Centauri unit=Light Raider
[SPAWN_U] team=Team_Human_Centauri unit=Militia
[SPAWN_U] team=Team_Human_Centauri unit=Militia
[SPAWN_U] team=Team_Human_Centauri unit=Militia
[SPAWN_U] team=Team_Human_Centauri unit=Militia
[SPAWN_U] team=Team_Human_Centauri unit=Militia
[SPAWN_U] team=Team_Human_Centauri unit=Militia
[SPAWN_U] team=Team_Human_Centauri unit=Trooper
[SPAWN_U] team=Team_Human_Centauri unit=Trooper
[SPAWN_U] team=Team_Human_Centauri unit=Trooper
[SPAWN_U] team=Team_Human_Centauri unit=Heavy Raider
[SPAWN_U] team=Team_Alien unit=Hunter
[SPAWN_U] team=Team_Alien unit=Horned Crab
[SPAWN_U] team=Team_Alien unit=Horned Crab
[SPAWN_U] team=Team_Alien unit=Shocker
[SPAWN_U] team=Team_Alien unit=Shocker
[SPAWN_U] team=Team_Alien unit=Shocker
[SPAWN_U] team=Team_Alien unit=Shocker
[SPAWN_U] team=Team_Alien unit=Crab
[SPAWN_U] team=Team_Alien unit=Crab
[SPAWN_U] team=Team_Alien unit=Crab
[SPAWN_U] team=Team_Alien unit=Crab
[SPAWN_U] team=Team_Alien unit=Crab
[SPAWN_U] team=Team_Alien unit=Crab
[SPAWN_U] team=Team_Alien unit=Shrimp
[SPAWN_U] team=Team_Alien unit=Shrimp
[SPAWN_U] team=Team_Alien unit=Shrimp
[ORDER] commander=ai team=Team_Human_Centauri unit=Trooper kind=move dst=(40,69,1061)
[ORDER] commander=ai team=Team_Human_Centauri unit=Light Raider kind=move dst=(121,59,1173)
[ORDER] commander=ai team=Team_Human_Centauri unit=Light Raider kind=move dst=(121,59,1173)
[ORDER] commander=ai team=Team_Human_Centauri unit=Militia kind=move dst=(-283,62,90)
[ORDER] commander=ai team=Team_Human_Centauri unit=Militia kind=move dst=(-283,62,90)
[ORDER] commander=ai team=Team_Human_Centauri unit=Militia kind=move dst=(-283,62,90)
[ORDER] commander=ai team=Team_Human_Centauri unit=Trooper kind=move dst=(-283,62,90)
[ORDER] commander=ai team=Team_Human_Centauri unit=Heavy Raider kind=move dst=(-1196,93,819)
[ORDER] commander=ai team=Team_Human_Centauri unit=Militia kind=move dst=(52,72,468)
[ORDER] commander=ai team=Team_Human_Centauri unit=Militia kind=move dst=(52,72,468)
[ORDER] commander=ai team=Team_Human_Centauri unit=Militia kind=move dst=(52,72,468)
[ORDER] commander=ai team=Team_Human_Centauri unit=Trooper kind=move dst=(52,72,468)
[H1] team=Team_Human_Centauri fire=Refinery atBalterium=(-143,1183) refCount=4
[H2] team=Team_Human_Centauri fire=Headquarters argmaxCell=(34,45) val=68 atWorld=(-120,320) hqCount=2
[AI] [Team_Human_Centauri] tick=6 reqs=2 type={Construct:2} task={} prio(min/avg/max)=10/55.0/100 groups=0
[ORDER] commander=ai team=Team_Human_Sol unit=Light Quad kind=move dst=(467,57,-445)
[ORDER] commander=ai team=Team_Human_Sol unit=Light Quad kind=move dst=(467,57,-445)
[ORDER] commander=ai team=Team_Human_Sol unit=Rifleman kind=move dst=(1084,89,-871)
[ORDER] commander=ai team=Team_Human_Sol unit=Scout kind=move dst=(1314,71,-845)
[ORDER] commander=ai team=Team_Human_Sol unit=Scout kind=move dst=(1314,71,-845)
[ORDER] commander=ai team=Team_Human_Sol unit=Scout kind=move dst=(1314,71,-845)
[ORDER] commander=ai team=Team_Human_Sol unit=Rifleman kind=move dst=(1314,71,-845)
[ORDER] commander=ai team=Team_Human_Sol unit=Heavy Quad kind=attack tgt=SpecialContainer_Long_01_Small(Clone) (Target)
[ORDER] commander=ai team=Team_Human_Sol unit=Scout kind=attack tgt=SpecialContainer_Long_01_Large(Clone) (Target)
[ORDER] commander=ai team=Team_Human_Sol unit=Scout kind=attack tgt=SpecialContainer_Long_01_Large(Clone) (Target)
[ORDER] commander=ai team=Team_Human_Sol unit=Scout kind=attack tgt=SpecialContainer_Long_01_Large(Clone) (Target)
[ORDER] commander=ai team=Team_Human_Sol unit=Rifleman kind=attack tgt=SpecialContainer_Long_01_Large(Clone) (Target)
[H1] team=Team_Human_Sol fire=Refinery atBalterium=(780,475) refCount=2
[H2] team=Team_Human_Sol fire=Headquarters argmaxCell=(65,51) val=52 atWorld=(1120,560) hqCount=2
[H3] team=Team_Human_Sol fire=Barracks nearHq=(1035,30)
[H3] team=Team_Human_Sol fire=Research Facility nearHq=(1035,30)
[AI] [Team_Human_Sol] tick=6 reqs=4 type={Construct:4} task={} prio(min/avg/max)=10/77.5/100 groups=0
[H2] team=Team_Human_Sol reject=HQ-too-close targetCell=(1120,560) landedAt=(1125,555) distToExistingHq=533m
[ORDER] commander=ai team=Team_Alien unit=Shrimp kind=move dst=(-1210,9,-1187)
[ORDER] commander=ai team=Team_Alien unit=Shrimp kind=move dst=(-1210,9,-1187)
[ORDER] commander=ai team=Team_Alien unit=Shrimp kind=move dst=(-1210,9,-1187)
[ORDER] commander=ai team=Team_Alien unit=Crab kind=move dst=(-695,84,-428)
[ORDER] commander=ai team=Team_Alien unit=Hunter kind=move dst=(-1082,64,-241)
[ORDER] commander=ai team=Team_Alien unit=Crab kind=attack tgt=SpecialContainer_Short_01_Small(Clone) (Target)
[ORDER] commander=ai team=Team_Alien unit=Crab kind=attack tgt=SpecialContainer_Short_01_Small(Clone) (Target)
[ORDER] commander=ai team=Team_Alien unit=Crab kind=attack tgt=SpecialContainer_Short_01_Small(Clone) (Target)
[ORDER] commander=ai team=Team_Alien unit=Crab kind=attack tgt=SpecialContainer_Short_01_Small(Clone) (Target)
[ORDER] commander=ai team=Team_Alien unit=Shocker kind=move dst=(-1094,59,-1359)
[ORDER] commander=ai team=Team_Alien unit=Shocker kind=move dst=(-1094,59,-1359)
[ORDER] commander=ai team=Team_Alien unit=Shocker kind=move dst=(-1094,59,-1359)
[ORDER] commander=ai team=Team_Alien unit=Crab kind=move dst=(-1094,59,-1359)
[AI] [Team_Alien] tick=6 reqs=3 type={Construct:3} task={} prio(min/avg/max)=10/70.0/100 groups=0
[ORDER] commander=ai team=Team_Alien unit=Crab kind=move dst=(-924,48,-1223)
[ORDER] commander=ai team=Team_Alien unit=Horned Crab kind=move dst=(-996,59,-770)
[ORDER] commander=ai team=Team_Alien unit=Horned Crab kind=move dst=(-996,59,-770)
[ORDER] commander=ai team=Team_Alien unit=Shocker kind=move dst=(-996,59,-770)
[ORDER] commander=ai team=Team_Human_Centauri unit=Militia kind=attack tgt=SpecialContainer_Long_01_Large(Clone) (Target)
[ORDER] commander=ai team=Team_Human_Centauri unit=Militia kind=attack tgt=SpecialContainer_Long_01_Large(Clone) (Target)
[ORDER] commander=ai team=Team_Human_Centauri unit=Militia kind=attack tgt=SpecialContainer_Long_01_Large(Clone) (Target)
[ORDER] commander=ai team=Team_Human_Centauri unit=Trooper kind=attack tgt=SpecialContainer_Long_01_Large(Clone) (Target)
[ORDER] commander=ai team=Team_Human_Centauri unit=Heavy Raider kind=attack tgt=SpecialContainer_Short_01_Small(Clone) (Target)
[H2] team=Team_Human_Centauri fire=Headquarters argmaxCell=(34,45) val=68 atWorld=(-120,320) hqCount=2
[AI] [Team_Human_Centauri] tick=7 reqs=2 type={Construct:2} task={} prio(min/avg/max)=10/55.0/100 groups=0
[ORDER] commander=ai team=Team_Alien unit=Crab kind=stop
[ORDER] commander=ai team=Team_Alien unit=Crab kind=move dst=(-1082,7,-1193)
[ORDER] commander=ai team=Team_Alien unit=Crab kind=move dst=(-1082,7,-1193)
[ORDER] commander=ai team=Team_Alien unit=Crab kind=move dst=(-1082,7,-1193)
[H1] team=Team_Human_Sol fire=Refinery atBalterium=(949,247) refCount=2
[H1] team=Team_Human_Sol fire=Refinery atBalterium=(858,-143) refCount=3
[H1] team=Team_Human_Sol fire=Refinery atBalterium=(1261,169) refCount=4
[H2] team=Team_Human_Sol fire=Headquarters argmaxCell=(65,51) val=52 atWorld=(1120,560) hqCount=2
[AI] [Team_Human_Sol] tick=7 reqs=4 type={Construct:4} task={} prio(min/avg/max)=10/77.5/100 groups=0
[H2] team=Team_Human_Sol reject=HQ-too-close targetCell=(1120,560) landedAt=(1125,555) distToExistingHq=533m
[AI] [Team_Alien] tick=7 reqs=3 type={Construct:3} task={} prio(min/avg/max)=10/70.0/100 groups=0
[SPAWN_U] team=Team_Alien unit=Hunter
[SPAWN_U] team=Team_Alien unit=Hunter
[SPAWN_U] team=Team_Alien unit=Hunter
[SPAWN_U] team=Team_Alien unit=Squid
[SPAWN_U] team=Team_Alien unit=Squid
[SPAWN_U] team=Team_Alien unit=Shocker
[SPAWN_U] team=Team_Alien unit=Shocker
[SPAWN_U] team=Team_Alien unit=Shocker
[SPAWN_U] team=Team_Alien unit=Shocker
[SPAWN_U] team=Team_Alien unit=Wasp
[SPAWN_U] team=Team_Human_Centauri unit=Squad Transport
[SPAWN_U] team=Team_Human_Centauri unit=Squad Transport
[SPAWN_U] team=Team_Human_Centauri unit=Assault Car
[SPAWN_U] team=Team_Human_Centauri unit=Assault Car
[SPAWN_U] team=Team_Human_Centauri unit=Heavy Raider
[SPAWN_U] team=Team_Human_Centauri unit=Heavy Raider
[SPAWN_U] team=Team_Human_Sol unit=Platoon Hauler
[SPAWN_U] team=Team_Human_Sol unit=Platoon Hauler
[SPAWN_U] team=Team_Human_Sol unit=Light Striker
[SPAWN_U] team=Team_Human_Sol unit=Light Striker
[SPAWN_U] team=Team_Human_Sol unit=Heavy Quad
[SPAWN_U] team=Team_Human_Sol unit=Heavy Quad
[SPAWN_U] team=Team_Human_Sol unit=Platoon Hauler
[SPAWN_U] team=Team_Human_Sol unit=Platoon Hauler
[SPAWN_U] team=Team_Human_Sol unit=Platoon Hauler
[SPAWN_U] team=Team_Human_Centauri unit=Light Raider
[SPAWN_U] team=Team_Human_Centauri unit=Light Raider
[SPAWN_U] team=Team_Human_Sol unit=Heavy Quad
[SPAWN_U] team=Team_Human_Sol unit=Light Striker
[SPAWN_U] team=Team_Human_Sol unit=Light Striker
[SPAWN_U] team=Team_Human_Centauri unit=Squad Transport
[SPAWN_U] team=Team_Human_Centauri unit=Squad Transport
[SPAWN_U] team=Team_Human_Centauri unit=Squad Transport
[SPAWN_U] team=Team_Human_Centauri unit=Light Raider
[SPAWN_U] team=Team_Human_Centauri unit=Light Raider
[SPAWN_U] team=Team_Human_Centauri unit=Heavy Raider
[SPAWN_U] team=Team_Human_Centauri unit=Assault Car
[SPAWN_U] team=Team_Human_Centauri unit=Assault Car
[SPAWN_U] team=Team_Alien unit=Hunter
[SPAWN_U] team=Team_Alien unit=Hunter
[SPAWN_U] team=Team_Alien unit=Shocker
[SPAWN_U] team=Team_Alien unit=Shocker
[SPAWN_U] team=Team_Alien unit=Shocker
[SPAWN_U] team=Team_Alien unit=Squid
[SPAWN_U] team=Team_Alien unit=Squid
[SPAWN_U] team=Team_Alien unit=Squid
[SPAWN_U] team=Team_Alien unit=Squid
[SPAWN_U] team=Team_Alien unit=Squid
[SPAWN_U] team=Team_Alien unit=Shrimp
[SPAWN_U] team=Team_Alien unit=Shrimp
[SPAWN_U] team=Team_Alien unit=Shrimp
[SPAWN_U] team=Team_Alien unit=Shrimp
[SPAWN_U] team=Team_Alien unit=Shrimp
[SPAWN_U] team=Team_Alien unit=Shrimp
[ORDER] commander=ai team=Team_Alien unit=Crab kind=move dst=(-1078,7,-1192)
[ORDER] commander=ai team=Team_Alien unit=Crab kind=move dst=(-1078,7,-1192)
[ORDER] commander=ai team=Team_Alien unit=Crab kind=move dst=(-1078,7,-1192)
[ORDER] commander=ai team=Team_Alien unit=Crab kind=move dst=(-924,48,-1223)
[ORDER] commander=ai team=Team_Human_Centauri unit=Squad Transport kind=move dst=(-1196,93,819)
[ORDER] commander=ai team=Team_Human_Centauri unit=Assault Car kind=move dst=(52,72,468)
[ORDER] commander=ai team=Team_Human_Centauri unit=Assault Car kind=move dst=(52,72,468)
[ORDER] commander=ai team=Team_Human_Centauri unit=Squad Transport kind=move dst=(-494,55,33)
[H1] team=Team_Human_Centauri fire=Refinery atBalterium=(-143,1183) refCount=4
[H2] team=Team_Human_Centauri fire=Headquarters argmaxCell=(34,45) val=68 atWorld=(-120,320) hqCount=2
[AI] [Team_Human_Centauri] tick=8 reqs=2 type={Construct:2} task={} prio(min/avg/max)=10/55.0/100 groups=0
[ORDER] commander=ai team=Team_Human_Centauri unit=Light Raider kind=move dst=(-533,60,914)
[ORDER] commander=ai team=Team_Human_Centauri unit=Light Raider kind=move dst=(-533,60,914)
[ORDER] commander=ai team=Team_Human_Centauri unit=Heavy Raider kind=move dst=(-599,59,972)
[ORDER] commander=ai team=Team_Human_Centauri unit=Heavy Raider kind=move dst=(-599,59,972)
[ORDER] commander=ai team=Team_Human_Sol unit=Platoon Hauler kind=attack tgt=SpecialContainer_Long_01_Small(Clone) (Target)
[ORDER] commander=ai team=Team_Human_Sol unit=Light Raider kind=attack tgt=SpecialContainer_Long_01_Small(Clone) (Target)
[ORDER] commander=ai team=Team_Human_Sol unit=Light Raider kind=attack tgt=SpecialContainer_Long_01_Small(Clone) (Target)
[ORDER] commander=ai team=Team_Human_Sol unit=Heavy Quad kind=attack tgt=SpecialContainer_Long_01_Small(Clone) (Target)
[ORDER] commander=ai team=Team_Human_Sol unit=Light Striker kind=move dst=(1105,80,-676)
[ORDER] commander=ai team=Team_Human_Sol unit=Light Striker kind=move dst=(1105,80,-676)
[ORDER] commander=ai team=Team_Human_Sol unit=Platoon Hauler kind=move dst=(1326,64,741)
[ORDER] commander=ai team=Team_Human_Sol unit=Platoon Hauler kind=move dst=(566,111,683)
[H1] team=Team_Human_Sol fire=Refinery atBalterium=(780,475) refCount=2
[H2] team=Team_Human_Sol fire=Headquarters argmaxCell=(65,51) val=52 atWorld=(1120,560) hqCount=2
[H3] team=Team_Human_Sol fire=Barracks nearHq=(1035,30)
[H3] team=Team_Human_Sol fire=Research Facility nearHq=(1035,30)
[AI] [Team_Human_Sol] tick=8 reqs=4 type={Construct:4} task={} prio(min/avg/max)=10/77.5/100 groups=0
[H2] team=Team_Human_Sol reject=HQ-too-close targetCell=(1120,560) landedAt=(1125,555) distToExistingHq=533m
[ORDER] commander=ai team=Team_Human_Sol unit=Platoon Hauler kind=move dst=(599,66,-339)
[ORDER] commander=ai team=Team_Alien unit=Shrimp kind=move dst=(-1094,59,-1359)
[ORDER] commander=ai team=Team_Alien unit=Shrimp kind=move dst=(-798,50,-1144)
[ORDER] commander=ai team=Team_Alien unit=Shrimp kind=move dst=(-798,50,-1144)
[ORDER] commander=ai team=Team_Alien unit=Shrimp kind=move dst=(-798,50,-1144)
[ORDER] commander=ai team=Team_Alien unit=Shrimp kind=move dst=(-798,50,-1144)
[ORDER] commander=ai team=Team_Alien unit=Squid kind=move dst=(-1376,13,-1355)
[ORDER] commander=ai team=Team_Alien unit=Squid kind=move dst=(-1376,13,-1355)
[ORDER] commander=ai team=Team_Alien unit=Squid kind=move dst=(-1376,13,-1355)
[ORDER] commander=ai team=Team_Alien unit=Hunter kind=move dst=(-696,102,-1222)
[ORDER] commander=ai team=Team_Alien unit=Shocker kind=move dst=(-1266,48,-692)
[ORDER] commander=ai team=Team_Alien unit=Shocker kind=move dst=(-1266,48,-692)
[ORDER] commander=ai team=Team_Alien unit=Shocker kind=move dst=(-1266,48,-692)
[ORDER] commander=ai team=Team_Alien unit=Shocker kind=move dst=(-1266,48,-692)
[ORDER] commander=ai team=Team_Alien unit=Hunter kind=move dst=(-804,50,-1400)
[ORDER] commander=ai team=Team_Alien unit=Hunter kind=move dst=(-804,50,-1400)
[ORDER] commander=ai team=Team_Alien unit=Hunter kind=move dst=(-804,50,-1400)
[P32] team=Team_Alien fire=BC patchAt=(-1376,-1355) minDistToOwned=181m bcAttempts=4
[P32] team=Team_Alien fire=BC patchAt=(-1094,-1359) minDistToOwned=190m bcAttempts=5
[AI] [Team_Alien] tick=8 reqs=3 type={Construct:3} task={} prio(min/avg/max)=10/70.0/100 groups=0
[ORDER] commander=ai team=Team_Alien unit=Shocker kind=move dst=(-695,84,-428)
[ORDER] commander=ai team=Team_Alien unit=Shocker kind=move dst=(-695,84,-428)
[ORDER] commander=ai team=Team_Alien unit=Shocker kind=move dst=(-695,84,-428)
[ORDER] commander=ai team=Team_Human_Centauri unit=Heavy Raider kind=move dst=(-594,59,972)
[ORDER] commander=ai team=Team_Human_Centauri unit=Heavy Raider kind=move dst=(-594,59,972)
[ORDER] commander=ai team=Team_Alien unit=Squid kind=stop
[ORDER] commander=ai team=Team_Alien unit=Squid kind=move dst=(-1221,10,-1216)
[ORDER] commander=ai team=Team_Alien unit=Squid kind=move dst=(-1221,10,-1216)
[ORDER] commander=ai team=Team_Human_Sol unit=Light Raider kind=move dst=(1116,86,-52)
[ORDER] commander=ai team=Team_Human_Sol unit=Light Raider kind=move dst=(1116,86,-52)
[ORDER] commander=ai team=Team_Human_Sol unit=Heavy Quad kind=stop
[ORDER] commander=ai team=Team_Alien unit=Hunter kind=move dst=(-1082,64,-241)
[P32] team=Team_Alien fire=Cyst phase=eager-at-BC atBcAt=(-1090,-1350)
[ORDER] commander=ai team=Team_Human_Sol unit=Heavy Quad kind=stop
[ORDER] commander=ai team=Team_Human_Sol unit=Light Striker kind=move dst=(940,91,17)
[ORDER] commander=ai team=Team_Human_Sol unit=Light Striker kind=move dst=(940,91,17)
[ORDER] commander=ai team=Team_Alien unit=Shocker kind=stop
[ORDER] commander=ai team=Team_Alien unit=Shocker kind=move dst=(-1072,61,-1054)
[ORDER] commander=ai team=Team_Alien unit=Shocker kind=move dst=(-1072,61,-1054)
[ORDER] commander=ai team=Team_Alien unit=Shocker kind=move dst=(-1072,61,-1054)
[ORDER] commander=ai team=Team_Alien unit=Squid kind=move dst=(-1013,31,-1100)
[ORDER] commander=ai team=Team_Alien unit=Squid kind=move dst=(-1013,31,-1100)
[ORDER] commander=ai team=Team_Alien unit=Squid kind=move dst=(-1013,31,-1100)
[ORDER] commander=ai team=Team_Alien unit=Squid kind=move dst=(-1013,31,-1100)
[ORDER] commander=ai team=Team_Human_Centauri unit=Heavy Raider kind=move dst=(-588,60,974)
[ORDER] commander=ai team=Team_Human_Centauri unit=Heavy Raider kind=move dst=(-588,60,974)
[ORDER] commander=ai team=Team_Alien unit=Crab kind=stop
[ORDER] commander=ai team=Team_Alien unit=Crab kind=move dst=(-1045,10,-1193)
[ORDER] commander=ai team=Team_Alien unit=Crab kind=move dst=(-1045,10,-1193)
[ORDER] commander=ai team=Team_Alien unit=Crab kind=move dst=(-1045,10,-1193)
[ORDER] commander=ai team=Team_Human_Sol unit=Light Striker kind=move dst=(935,91,16)
[ORDER] commander=ai team=Team_Human_Sol unit=Light Striker kind=move dst=(935,91,16)
[ORDER] commander=ai team=Team_Human_Centauri unit=Squad Transport kind=move dst=(-64,54,246)
[ORDER] commander=ai team=Team_Human_Centauri unit=Assault Car kind=move dst=(-1400,130,1017)
[ORDER] commander=ai team=Team_Human_Centauri unit=Light Raider kind=move dst=(-385,69,697)
[ORDER] commander=ai team=Team_Human_Centauri unit=Light Raider kind=move dst=(-385,69,697)
[ORDER] commander=ai team=Team_Human_Centauri unit=Heavy Raider kind=move dst=(-385,69,697)
[ORDER] commander=ai team=Team_Human_Centauri unit=Assault Car kind=move dst=(-1291,115,1400)
[ORDER] commander=ai team=Team_Human_Centauri unit=Heavy Raider kind=move dst=(-1291,115,1400)
[ORDER] commander=ai team=Team_Human_Centauri unit=Heavy Raider kind=move dst=(-1291,115,1400)
[ORDER] commander=ai team=Team_Human_Centauri unit=Squad Transport kind=move dst=(-351,75,696)
[ORDER] commander=ai team=Team_Human_Centauri unit=Squad Transport kind=move dst=(-464,64,1150)
[H2] team=Team_Human_Centauri fire=Headquarters argmaxCell=(34,45) val=68 atWorld=(-120,320) hqCount=2
[AI] [Team_Human_Centauri] tick=9 reqs=2 type={Construct:2} task={} prio(min/avg/max)=10/55.0/100 groups=0
[ORDER] commander=ai team=Team_Human_Centauri unit=Assault Car kind=move dst=(-1400,130,1017)
[ORDER] commander=ai team=Team_Alien unit=Shocker kind=move dst=(-1070,60,-1046)
[ORDER] commander=ai team=Team_Alien unit=Shocker kind=move dst=(-1070,60,-1046)
[ORDER] commander=ai team=Team_Alien unit=Shocker kind=move dst=(-1070,60,-1046)
[ORDER] commander=ai team=Team_Human_Centauri unit=Light Raider kind=move dst=(-533,60,913)
[ORDER] commander=ai team=Team_Human_Centauri unit=Light Raider kind=move dst=(-533,60,913)
[ORDER] commander=ai team=Team_Human_Centauri unit=Heavy Raider kind=stop
[ORDER] commander=ai team=Team_Human_Centauri unit=Heavy Raider kind=move dst=(-572,60,979)
[ORDER] commander=ai team=Team_Human_Centauri unit=Heavy Raider kind=move dst=(-572,60,979)
[ORDER] commander=ai team=Team_Alien unit=Crab kind=move dst=(-1043,11,-1194)
[ORDER] commander=ai team=Team_Alien unit=Crab kind=move dst=(-1043,11,-1194)
[ORDER] commander=ai team=Team_Alien unit=Crab kind=move dst=(-1043,11,-1194)
[ORDER] commander=ai team=Team_Alien unit=Crab kind=move dst=(-1085,7,-1158)
[ORDER] commander=ai team=Team_Alien unit=Horned Crab kind=move dst=(-1085,7,-1158)
[ORDER] commander=ai team=Team_Alien unit=Horned Crab kind=move dst=(-1085,7,-1158)
[ORDER] commander=ai team=Team_Alien unit=Shocker kind=stop
[ORDER] commander=ai team=Team_Human_Centauri unit=Assault Car kind=move dst=(-1400,130,1017)
[ORDER] commander=ai team=Team_Human_Sol unit=Heavy Quad kind=move dst=(873,77,-230)
[ORDER] commander=ai team=Team_Human_Sol unit=Heavy Quad kind=move dst=(873,77,-230)
[ORDER] commander=ai team=Team_Human_Sol unit=Platoon Hauler kind=move dst=(1400,85,198)
[ORDER] commander=ai team=Team_Human_Sol unit=Platoon Hauler kind=move dst=(1239,80,-809)
[H1] team=Team_Human_Sol fire=Refinery atBalterium=(949,247) refCount=2
[H1] team=Team_Human_Sol fire=Refinery atBalterium=(858,-143) refCount=3
[H1] team=Team_Human_Sol fire=Refinery atBalterium=(1261,169) refCount=4
[H2] team=Team_Human_Sol fire=Headquarters argmaxCell=(65,51) val=52 atWorld=(1120,560) hqCount=2
[AI] [Team_Human_Sol] tick=9 reqs=4 type={Construct:4} task={} prio(min/avg/max)=10/77.5/100 groups=0
[H2] team=Team_Human_Sol reject=HQ-too-close targetCell=(1120,560) landedAt=(1125,555) distToExistingHq=533m
[ORDER] commander=ai team=Team_Alien unit=Squid kind=move dst=(-1376,13,-1355)
[ORDER] commander=ai team=Team_Alien unit=Squid kind=move dst=(-1376,13,-1355)
[ORDER] commander=ai team=Team_Alien unit=Squid kind=move dst=(-1376,13,-1355)
[ORDER] commander=ai team=Team_Alien unit=Squid kind=move dst=(-633,102,-1234)
[ORDER] commander=ai team=Team_Alien unit=Squid kind=move dst=(-633,102,-1234)
[ORDER] commander=ai team=Team_Alien unit=Wasp kind=move dst=(-633,102,-1234)
[ORDER] commander=ai team=Team_Alien unit=Squid kind=move dst=(-633,102,-1234)
[ORDER] commander=ai team=Team_Alien unit=Squid kind=move dst=(-633,102,-1234)
[ORDER] commander=ai team=Team_Alien unit=Shocker kind=move dst=(-872,50,-1400)
[ORDER] commander=ai team=Team_Alien unit=Shocker kind=move dst=(-872,50,-1400)
[ORDER] commander=ai team=Team_Alien unit=Shocker kind=move dst=(-872,50,-1400)
[ORDER] commander=ai team=Team_Alien unit=Crab kind=move dst=(-872,50,-1400)
[AI] [Team_Alien] tick=9 reqs=3 type={Construct:3} task={} prio(min/avg/max)=10/70.0/100 groups=0
[ORDER] commander=ai team=Team_Human_Centauri unit=Heavy Raider kind=move dst=(-564,57,983)
[ORDER] commander=ai team=Team_Human_Centauri unit=Heavy Raider kind=move dst=(-564,57,983)
[ORDER] commander=ai team=Team_Alien unit=Squid kind=stop
[ORDER] commander=ai team=Team_Alien unit=Squid kind=move dst=(-1222,11,-1217)
[ORDER] commander=ai team=Team_Alien unit=Squid kind=move dst=(-1222,11,-1217)
[ORDER] commander=ai team=Team_Alien unit=Horned Crab kind=move dst=(-996,59,-770)
[ORDER] commander=ai team=Team_Alien unit=Shocker kind=move dst=(-996,59,-770)
[ORDER] commander=ai team=Team_Human_Centauri unit=Assault Car kind=move dst=(-1400,130,1017)
[SPAWN_S] team=Team_Alien structure=Node at=(-970,-1165)
[P32] team=Team_Alien reject=BC-too-far patchAt=(-798,-1144) landedAt=(-890,-1170) dist=96m → will node instead
[ORDER] commander=ai team=Team_Alien unit=Squid kind=move dst=(-1011,36,-1104)
[ORDER] commander=ai team=Team_Alien unit=Squid kind=move dst=(-1011,36,-1104)
[ORDER] commander=ai team=Team_Alien unit=Wasp kind=stop
[ORDER] commander=ai team=Team_Alien unit=Squid kind=move dst=(-1011,36,-1104)
[ORDER] commander=ai team=Team_Alien unit=Squid kind=move dst=(-1011,36,-1104)
[ORDER] commander=ai team=Team_Alien unit=Squid kind=move dst=(-1223,12,-1218)
[ORDER] commander=ai team=Team_Alien unit=Squid kind=move dst=(-1223,12,-1218)
[ORDER] commander=ai team=Team_Alien unit=Crab kind=move dst=(-924,48,-1223)
[H1] team=Team_Human_Centauri fire=Refinery atBalterium=(-143,1183) refCount=4
[H2] team=Team_Human_Centauri fire=Headquarters argmaxCell=(34,45) val=68 atWorld=(-120,320) hqCount=2
[AI] [Team_Human_Centauri] tick=10 reqs=2 type={Construct:2} task={} prio(min/avg/max)=10/55.0/100 groups=0
[ORDER] commander=ai team=Team_Human_Centauri unit=Assault Car kind=move dst=(-1400,130,1017)
[ORDER] commander=ai team=Team_Alien unit=Squid kind=move dst=(-1008,49,-1114)
[ORDER] commander=ai team=Team_Alien unit=Squid kind=move dst=(-1008,49,-1114)
[ORDER] commander=ai team=Team_Alien unit=Squid kind=move dst=(-1008,49,-1114)
[ORDER] commander=ai team=Team_Alien unit=Squid kind=move dst=(-1008,49,-1114)
[ORDER] commander=ai team=Team_Alien unit=Squid kind=move dst=(-1223,12,-1218)
[ORDER] commander=ai team=Team_Alien unit=Squid kind=move dst=(-1223,12,-1218)
[ORDER] commander=ai team=Team_Alien unit=Crab kind=move dst=(-1069,7,-1153)
[ORDER] commander=ai team=Team_Alien unit=Horned Crab kind=move dst=(-1069,7,-1153)
[ORDER] commander=ai team=Team_Alien unit=Horned Crab kind=move dst=(-1069,7,-1153)
[ORDER] commander=ai team=Team_Alien unit=Shocker kind=stop
[ORDER] commander=ai team=Team_Human_Centauri unit=Assault Car kind=move dst=(-1400,130,1017)
[H1] team=Team_Human_Sol fire=Refinery atBalterium=(780,475) refCount=2
[H2] team=Team_Human_Sol fire=Headquarters argmaxCell=(65,51) val=52 atWorld=(1120,560) hqCount=2
[H3] team=Team_Human_Sol fire=Barracks nearHq=(1035,30)
[H3] team=Team_Human_Sol fire=Research Facility nearHq=(1035,30)
[AI] [Team_Human_Sol] tick=10 reqs=4 type={Construct:4} task={} prio(min/avg/max)=10/77.5/100 groups=0
[H2] team=Team_Human_Sol reject=HQ-too-close targetCell=(1120,560) landedAt=(1125,555) distToExistingHq=533m
[ORDER] commander=ai team=Team_Alien unit=Squid kind=move dst=(-1376,13,-1355)
[ORDER] commander=ai team=Team_Alien unit=Squid kind=move dst=(-1376,13,-1355)
[ORDER] commander=ai team=Team_Alien unit=Squid kind=move dst=(-1376,13,-1355)
[P32] team=Team_Alien fire=Node towardPatchAt=(-798,-1144) distToOwned=173m nodesOwned=3 anchorAt=(-1110,-1170)
[AI] [Team_Alien] tick=10 reqs=3 type={Construct:3} task={} prio(min/avg/max)=10/70.0/100 groups=0
[ORDER] commander=ai team=Team_Alien unit=Squid kind=stop
[ORDER] commander=ai team=Team_Alien unit=Squid kind=move dst=(-1223,12,-1218)
[ORDER] commander=ai team=Team_Alien unit=Squid kind=move dst=(-1223,12,-1218)
[ORDER] commander=ai team=Team_Alien unit=Crab kind=move dst=(-1067,7,-1151)
[ORDER] commander=ai team=Team_Alien unit=Horned Crab kind=move dst=(-1067,7,-1151)
[ORDER] commander=ai team=Team_Alien unit=Horned Crab kind=move dst=(-1067,7,-1151)
[ORDER] commander=ai team=Team_Human_Centauri unit=Assault Car kind=move dst=(-1400,130,1017)
[ORDER] commander=ai team=Team_Alien unit=Squid kind=move dst=(-1223,12,-1218)
[ORDER] commander=ai team=Team_Alien unit=Squid kind=move dst=(-1223,12,-1218)
[ORDER] commander=ai team=Team_Alien unit=Crab kind=move dst=(-924,48,-1223)
[H2] team=Team_Human_Centauri fire=Headquarters argmaxCell=(34,45) val=68 atWorld=(-120,320) hqCount=2
[AI] [Team_Human_Centauri] tick=11 reqs=2 type={Construct:2} task={} prio(min/avg/max)=10/55.0/100 groups=0
[ORDER] commander=ai team=Team_Human_Centauri unit=Assault Car kind=move dst=(-1400,130,1017)
[ORDER] commander=ai team=Team_Alien unit=Squid kind=move dst=(-1223,12,-1218)
[ORDER] commander=ai team=Team_Alien unit=Squid kind=move dst=(-1223,12,-1218)
[ORDER] commander=ai team=Team_Alien unit=Crab kind=move dst=(-924,48,-1223)
[ORDER] commander=ai team=Team_Alien unit=Horned Crab kind=move dst=(-996,59,-770)
[ORDER] commander=ai team=Team_Alien unit=Shocker kind=move dst=(-996,59,-770)
[ORDER] commander=ai team=Team_Human_Centauri unit=Assault Car kind=move dst=(-1400,130,1017)
[H1] team=Team_Human_Sol fire=Refinery atBalterium=(949,247) refCount=2
[H1] team=Team_Human_Sol fire=Refinery atBalterium=(858,-143) refCount=3
[H1] team=Team_Human_Sol fire=Refinery atBalterium=(1261,169) refCount=4
[H2] team=Team_Human_Sol fire=Headquarters argmaxCell=(65,51) val=52 atWorld=(1120,560) hqCount=2
[AI] [Team_Human_Sol] tick=11 reqs=4 type={Construct:4} task={} prio(min/avg/max)=10/77.5/100 groups=0
[H2] team=Team_Human_Sol reject=HQ-too-close targetCell=(1120,560) landedAt=(1125,555) distToExistingHq=533m
[P32] team=Team_Alien constructed=Cyst atBcAt=(-1090,-1350) landedAt=(-1075,-1290) result=UnmetPrerequisite
[ORDER] commander=ai team=Team_Alien unit=Shocker kind=attack tgt=Cent_Headquarters(Clone) (Target)
[ORDER] commander=ai team=Team_Alien unit=Shocker kind=attack tgt=Cent_Headquarters(Clone) (Target)
[ORDER] commander=ai team=Team_Alien unit=Shocker kind=attack tgt=Cent_Headquarters(Clone) (Target)
[ORDER] commander=ai team=Team_Alien unit=Shocker kind=attack tgt=Cent_Headquarters(Clone) (Target)
[ORDER] commander=ai team=Team_Alien unit=Squid kind=move dst=(-1376,13,-1355)
[ORDER] commander=ai team=Team_Alien unit=Squid kind=move dst=(-1376,13,-1355)
[ORDER] commander=ai team=Team_Alien unit=Squid kind=move dst=(-1376,13,-1355)
[ORDER] commander=ai team=Team_Alien unit=Squid kind=move dst=(-1266,48,-692)
[ORDER] commander=ai team=Team_Alien unit=Squid kind=move dst=(-1266,48,-692)
[ORDER] commander=ai team=Team_Alien unit=Wasp kind=move dst=(-1266,48,-692)
[ORDER] commander=ai team=Team_Alien unit=Squid kind=move dst=(-1266,48,-692)
[ORDER] commander=ai team=Team_Alien unit=Squid kind=move dst=(-1266,48,-692)
[ORDER] commander=ai team=Team_Alien unit=Crab kind=attack tgt=Cent_Headquarters(Clone) (Target)
[ORDER] commander=ai team=Team_Alien unit=Horned Crab kind=attack tgt=Cent_Headquarters(Clone) (Target)
[ORDER] commander=ai team=Team_Alien unit=Horned Crab kind=attack tgt=Cent_Headquarters(Clone) (Target)
[ORDER] commander=ai team=Team_Alien unit=Shocker kind=attack tgt=Cent_Headquarters(Clone) (Target)
[P32] team=Team_Alien cleared force-node patchAt=(-798,-1144) distToOwned=37m — retrying BC placement
[P32] team=Team_Alien fire=BC patchAt=(-798,-1144) minDistToOwned=37m bcAttempts=6
[AI] [Team_Alien] tick=11 reqs=3 type={Construct:3} task={} prio(min/avg/max)=10/70.0/100 groups=0
[P32] team=Team_Alien fire=Cyst phase=eager-at-BC atBcAt=(-810,-1155)
[SPAWN_S] team=Team_Alien structure=Bio Cache at=(-1220,-1195)
[ORDER] commander=ai team=Team_Alien unit=Squid kind=stop
[ORDER] commander=ai team=Team_Alien unit=Squid kind=move dst=(-1223,12,-1218)
[ORDER] commander=ai team=Team_Alien unit=Squid kind=move dst=(-1223,12,-1218)
[P32] team=Team_Alien fire=Cyst phase=eager-at-BC atBcAt=(-1310,-1360)
[ORDER] commander=ai team=Team_Alien unit=Horned Crab kind=move dst=(-615,72,840)
[ORDER] commander=ai team=Team_Human_Centauri unit=Assault Car kind=move dst=(-1400,130,1017)
[ORDER] commander=ai team=Team_Alien unit=Shocker kind=stop
[ORDER] commander=ai team=Team_Alien unit=Shocker kind=move dst=(-1070,60,-1045)
[ORDER] commander=ai team=Team_Alien unit=Shocker kind=move dst=(-1070,60,-1045)
[ORDER] commander=ai team=Team_Alien unit=Shocker kind=move dst=(-1070,60,-1045)
[ORDER] commander=ai team=Team_Alien unit=Squid kind=move dst=(-1012,52,-1112)
[ORDER] commander=ai team=Team_Alien unit=Squid kind=move dst=(-1012,52,-1112)
[ORDER] commander=ai team=Team_Alien unit=Wasp kind=stop
[ORDER] commander=ai team=Team_Alien unit=Squid kind=move dst=(-1012,52,-1112)
[ORDER] commander=ai team=Team_Alien unit=Squid kind=move dst=(-1012,52,-1112)
[ORDER] commander=ai team=Team_Alien unit=Squid kind=move dst=(-1223,12,-1218)
[ORDER] commander=ai team=Team_Alien unit=Squid kind=move dst=(-1223,12,-1218)
[ORDER] commander=ai team=Team_Human_Sol unit=Heavy Quad kind=move dst=(1343,84,-336)
[ORDER] commander=ai team=Team_Alien unit=Crab kind=move dst=(-924,48,-1223)
[H1] team=Team_Human_Centauri fire=Refinery atBalterium=(-143,1183) refCount=4
[H2] team=Team_Human_Centauri fire=Headquarters argmaxCell=(34,45) val=68 atWorld=(-120,320) hqCount=2
[AI] [Team_Human_Centauri] tick=12 reqs=2 type={Construct:2} task={} prio(min/avg/max)=10/55.0/100 groups=0
[P32] team=Team_Alien reject=BC-too-far patchAt=(-1432,-1130) landedAt=(-1400,-1245) dist=119m → will node instead
[ORDER] commander=ai team=Team_Human_Centauri unit=Assault Car kind=move dst=(-1400,130,1017)
[P32] team=Team_Alien constructed=Cyst atBcAt=(-810,-1155) landedAt=(-835,-1180) result=Success
[ORDER] commander=ai team=Team_Alien unit=Shocker kind=move dst=(-615,72,840)
[ORDER] commander=ai team=Team_Alien unit=Squid kind=move dst=(-1016,55,-1111)
[ORDER] commander=ai team=Team_Alien unit=Squid kind=move dst=(-1016,55,-1111)
[ORDER] commander=ai team=Team_Alien unit=Squid kind=move dst=(-1016,55,-1111)
[ORDER] commander=ai team=Team_Alien unit=Squid kind=move dst=(-1016,55,-1111)
[ORDER] commander=ai team=Team_Alien unit=Crab kind=move dst=(-1224,39,-1144)
[ORDER] commander=ai team=Team_Alien unit=Shocker kind=stop
[ORDER] commander=ai team=Team_Alien unit=Shocker kind=move dst=(-1224,39,-1144)
[ORDER] commander=ai team=Team_Alien unit=Shocker kind=move dst=(-1224,39,-1144)
[ORDER] commander=ai team=Team_Alien unit=Squid kind=move dst=(-1223,12,-1218)
[ORDER] commander=ai team=Team_Alien unit=Squid kind=move dst=(-1223,12,-1218)
[ORDER] commander=ai team=Team_Human_Centauri unit=Assault Car kind=move dst=(-1400,130,1017)
[H1] team=Team_Human_Sol fire=Refinery atBalterium=(780,475) refCount=2
[H2] team=Team_Human_Sol fire=Headquarters argmaxCell=(65,51) val=52 atWorld=(1120,560) hqCount=2
[H3] team=Team_Human_Sol fire=Barracks nearHq=(1035,30)
[H3] team=Team_Human_Sol fire=Research Facility nearHq=(1035,30)
[AI] [Team_Human_Sol] tick=12 reqs=4 type={Construct:4} task={} prio(min/avg/max)=10/77.5/100 groups=0
[H2] team=Team_Human_Sol reject=HQ-too-close targetCell=(1120,560) landedAt=(1125,555) distToExistingHq=533m
[ORDER] commander=ai team=Team_Alien unit=Squid kind=move dst=(-1016,55,-1111)
[ORDER] commander=ai team=Team_Alien unit=Shrimp kind=move dst=(-1376,13,-1355)
[ORDER] commander=ai team=Team_Alien unit=Shrimp kind=move dst=(-1376,13,-1355)
[ORDER] commander=ai team=Team_Alien unit=Shrimp kind=move dst=(-1376,13,-1355)
[ORDER] commander=ai team=Team_Alien unit=Shrimp kind=move dst=(-1376,13,-1355)
[ORDER] commander=ai team=Team_Alien unit=Hunter kind=move dst=(-136,51,-1238)
[ORDER] commander=ai team=Team_Alien unit=Crab kind=attack tgt=ConstructionSite_Cent_Refinery(Clone) (Target)
[ORDER] commander=ai team=Team_Alien unit=Crab kind=attack tgt=ConstructionSite_Cent_Refinery(Clone) (Target)
[ORDER] commander=ai team=Team_Alien unit=Crab kind=attack tgt=ConstructionSite_Cent_Refinery(Clone) (Target)
[ORDER] commander=ai team=Team_Alien unit=Crab kind=attack tgt=ConstructionSite_Cent_Refinery(Clone) (Target)
[ORDER] commander=ai team=Team_Alien unit=Squid kind=move dst=(-696,102,-1222)
[ORDER] commander=ai team=Team_Alien unit=Squid kind=move dst=(-696,102,-1222)
[ORDER] commander=ai team=Team_Alien unit=Squid kind=move dst=(-696,102,-1222)
[ORDER] commander=ai team=Team_Alien unit=Shocker kind=move dst=(-828,73,-690)
[ORDER] commander=ai team=Team_Alien unit=Shocker kind=move dst=(-828,73,-690)
[ORDER] commander=ai team=Team_Alien unit=Shocker kind=move dst=(-828,73,-690)
[ORDER] commander=ai team=Team_Alien unit=Crab kind=move dst=(-828,73,-690)
[ORDER] commander=ai team=Team_Alien unit=Shocker kind=attack tgt=ConstructionSite_Cent_Refinery(Clone) (Target)
[ORDER] commander=ai team=Team_Alien unit=Shocker kind=attack tgt=ConstructionSite_Cent_Refinery(Clone) (Target)
[ORDER] commander=ai team=Team_Alien unit=Shocker kind=attack tgt=ConstructionSite_Cent_Refinery(Clone) (Target)
[ORDER] commander=ai team=Team_Alien unit=Crab kind=attack tgt=ConstructionSite_Cent_Refinery(Clone) (Target)
[P32] team=Team_Alien cleared force-node patchAt=(-1432,-1130) distToOwned=85m — retrying BC placement
[AI] [Team_Alien] tick=12 reqs=2 type={Construct:2} task={} prio(min/avg/max)=10/23.0/36 groups=0
[ORDER] commander=ai team=Team_Alien unit=Squid kind=stop
[ORDER] commander=ai team=Team_Alien unit=Squid kind=move dst=(-1223,12,-1218)
[ORDER] commander=ai team=Team_Alien unit=Squid kind=move dst=(-1223,12,-1218)
[ORDER] commander=ai team=Team_Alien unit=Crab kind=move dst=(-675,79,990)
[ORDER] commander=ai team=Team_Human_Centauri unit=Assault Car kind=move dst=(-1400,130,1017)
[ORDER] commander=ai team=Team_Alien unit=Squid kind=move dst=(-1016,55,-1111)
[ORDER] commander=ai team=Team_Alien unit=Squid kind=stop
[ORDER] commander=ai team=Team_Alien unit=Squid kind=move dst=(-1016,55,-1111)
[ORDER] commander=ai team=Team_Alien unit=Squid kind=move dst=(-1016,55,-1111)
[ORDER] commander=ai team=Team_Alien unit=Crab kind=move dst=(-695,84,-428)
[ORDER] commander=ai team=Team_Alien unit=Shocker kind=move dst=(-695,84,-428)
[ORDER] commander=ai team=Team_Alien unit=Shocker kind=move dst=(-695,84,-428)
[ORDER] commander=ai team=Team_Alien unit=Shocker kind=move dst=(-695,84,-428)
[ORDER] commander=ai team=Team_Alien unit=Squid kind=move dst=(-1223,12,-1218)
[ORDER] commander=ai team=Team_Alien unit=Squid kind=move dst=(-1223,12,-1218)
[ORDER] commander=ai team=Team_Human_Sol unit=Light Raider kind=move dst=(1343,84,-336)
[H2] team=Team_Human_Centauri fire=Headquarters argmaxCell=(34,45) val=68 atWorld=(-120,320) hqCount=2
[AI] [Team_Human_Centauri] tick=13 reqs=2 type={Construct:2} task={} prio(min/avg/max)=10/55.0/100 groups=0
[ORDER] commander=ai team=Team_Human_Centauri unit=Assault Car kind=move dst=(-1400,130,1017)
[ORDER] commander=ai team=Team_Alien unit=Squid kind=move dst=(-1016,55,-1111)
[ORDER] commander=ai team=Team_Alien unit=Squid kind=move dst=(-1016,55,-1111)
[ORDER] commander=ai team=Team_Alien unit=Squid kind=move dst=(-1016,55,-1111)
[P32] team=Team_Alien constructed=Cyst atBcAt=(-1310,-1360) landedAt=(-1265,-1320) result=Success
[ORDER] commander=ai team=Team_Alien unit=Squid kind=move dst=(-1223,12,-1218)
[ORDER] commander=ai team=Team_Alien unit=Squid kind=move dst=(-1223,12,-1218)
[ORDER] commander=ai team=Team_Human_Centauri unit=Assault Car kind=move dst=(-1400,130,1017)
[H1] team=Team_Human_Sol fire=Refinery atBalterium=(949,247) refCount=2
[H1] team=Team_Human_Sol fire=Refinery atBalterium=(858,-143) refCount=3
[H1] team=Team_Human_Sol fire=Refinery atBalterium=(1261,169) refCount=4
[H2] team=Team_Human_Sol fire=Headquarters argmaxCell=(65,51) val=52 atWorld=(1120,560) hqCount=2
[AI] [Team_Human_Sol] tick=13 reqs=4 type={Construct:4} task={} prio(min/avg/max)=10/77.5/100 groups=0
[H2] team=Team_Human_Sol reject=HQ-too-close targetCell=(1120,560) landedAt=(1125,555) distToExistingHq=533m
[ORDER] commander=ai team=Team_Alien unit=Squid kind=move dst=(-1016,55,-1111)
[ORDER] commander=ai team=Team_Alien unit=Hunter kind=move dst=(-828,73,-690)
[ORDER] commander=ai team=Team_Alien unit=Hunter kind=move dst=(-828,73,-690)
[ORDER] commander=ai team=Team_Alien unit=Hunter kind=move dst=(-828,73,-690)
[ORDER] commander=ai team=Team_Alien unit=Queen kind=attack tgt=ConstructionSite_Cent_Refinery(Clone) (Target)
[AI] [Team_Alien] tick=13 reqs=2 type={Construct:2} task={} prio(min/avg/max)=10/23.0/36 groups=0
[ORDER] commander=ai team=Team_Human_Centauri unit=Militia kind=stop
[ORDER] commander=ai team=Team_Human_Centauri unit=Militia kind=move dst=(-524,67,633)
[ORDER] commander=ai team=Team_Human_Centauri unit=Militia kind=move dst=(-524,67,633)
[ORDER] commander=ai team=Team_Human_Centauri unit=Trooper kind=move dst=(-524,67,633)
[ORDER] commander=ai team=Team_Alien unit=Squid kind=move dst=(-1223,12,-1218)
[ORDER] commander=ai team=Team_Alien unit=Squid kind=move dst=(-1223,12,-1218)
[ORDER] commander=ai team=Team_Human_Centauri unit=Assault Car kind=move dst=(-1400,130,1017)
[ORDER] commander=ai team=Team_Alien unit=Queen kind=move dst=(-675,79,990)
[ORDER] commander=ai team=Team_Alien unit=Squid kind=move dst=(-1016,55,-1111)
[ORDER] commander=ai team=Team_Alien unit=Squid kind=move dst=(-1016,55,-1111)
[ORDER] commander=ai team=Team_Alien unit=Squid kind=move dst=(-1016,55,-1111)
[ORDER] commander=ai team=Team_Human_Centauri unit=Militia kind=move dst=(-362,54,215)
[ORDER] commander=ai team=Team_Alien unit=Squid kind=move dst=(-1223,12,-1218)
[ORDER] commander=ai team=Team_Alien unit=Squid kind=move dst=(-1223,12,-1218)
[ORDER] commander=ai team=Team_Human_Sol unit=Light Raider kind=move dst=(1343,84,-336)
[H1] team=Team_Human_Centauri fire=Refinery atBalterium=(-143,1183) refCount=4
[H2] team=Team_Human_Centauri fire=Headquarters argmaxCell=(34,45) val=68 atWorld=(-120,320) hqCount=2
[AI] [Team_Human_Centauri] tick=14 reqs=2 type={Construct:2} task={} prio(min/avg/max)=10/55.0/100 groups=0
[ORDER] commander=ai team=Team_Human_Centauri unit=Assault Car kind=move dst=(-1400,130,1017)
[ORDER] commander=ai team=Team_Alien unit=Squid kind=move dst=(-1016,55,-1111)
[ORDER] commander=ai team=Team_Alien unit=Squid kind=move dst=(-1016,55,-1111)
[ORDER] commander=ai team=Team_Alien unit=Crab kind=move dst=(-1214,44,-1122)
[ORDER] commander=ai team=Team_Alien unit=Shocker kind=stop
[ORDER] commander=ai team=Team_Alien unit=Shocker kind=move dst=(-1214,44,-1122)
[ORDER] commander=ai team=Team_Alien unit=Shocker kind=move dst=(-1214,44,-1122)
[ORDER] commander=ai team=Team_Human_Sol unit=Heavy Quad kind=move dst=(873,77,-230)
[ORDER] commander=ai team=Team_Alien unit=Squid kind=move dst=(-1223,12,-1218)
[ORDER] commander=ai team=Team_Alien unit=Squid kind=move dst=(-1223,12,-1218)
[ORDER] commander=ai team=Team_Human_Centauri unit=Assault Car kind=move dst=(-1400,130,1017)
[H1] team=Team_Human_Sol fire=Refinery atBalterium=(780,475) refCount=2
[H2] team=Team_Human_Sol fire=Headquarters argmaxCell=(65,51) val=52 atWorld=(1120,560) hqCount=2
[H3] team=Team_Human_Sol fire=Barracks nearHq=(1035,30)
[H3] team=Team_Human_Sol fire=Research Facility nearHq=(1035,30)
[AI] [Team_Human_Sol] tick=14 reqs=4 type={Construct:4} task={} prio(min/avg/max)=10/77.5/100 groups=0
[H2] team=Team_Human_Sol reject=HQ-too-close targetCell=(1120,560) landedAt=(1125,555) distToExistingHq=533m
[ORDER] commander=ai team=Team_Alien unit=Squid kind=move dst=(-1016,55,-1111)
[ORDER] commander=ai team=Team_Alien unit=Squid kind=move dst=(-1016,55,-1111)
[ORDER] commander=ai team=Team_Alien unit=Squid kind=move dst=(-1016,55,-1111)
[ORDER] commander=ai team=Team_Alien unit=Hunter kind=attack tgt=ConstructionSite_Cent_Refinery(Clone) (Target)
[AI] [Team_Alien] tick=14 reqs=2 type={Construct:2} task={} prio(min/avg/max)=10/23.0/36 groups=0
[ORDER] commander=ai team=Team_Alien unit=Hunter kind=move dst=(-675,79,990)
[ORDER] commander=ai team=Team_Human_Centauri unit=Heavy Raider kind=move dst=(-385,69,697)
[ORDER] commander=ai team=Team_Human_Centauri unit=Militia kind=move dst=(-362,54,215)
[ORDER] commander=ai team=Team_Human_Centauri unit=Assault Car kind=move dst=(-1291,115,1400)
[ORDER] commander=ai team=Team_Alien unit=Squid kind=move dst=(-1223,12,-1218)
[ORDER] commander=ai team=Team_Alien unit=Squid kind=move dst=(-1223,12,-1218)
[ORDER] commander=ai team=Team_Human_Centauri unit=Assault Car kind=move dst=(-1400,130,1017)
[ORDER] commander=ai team=Team_Alien unit=Squid kind=move dst=(-1016,55,-1111)
[ORDER] commander=ai team=Team_Alien unit=Squid kind=move dst=(-1016,55,-1111)
[ORDER] commander=ai team=Team_Alien unit=Squid kind=move dst=(-1016,55,-1111)
[ORDER] commander=ai team=Team_Human_Centauri unit=Militia kind=stop
[ORDER] commander=ai team=Team_Human_Centauri unit=Militia kind=move dst=(-523,69,613)
[ORDER] commander=ai team=Team_Human_Centauri unit=Militia kind=move dst=(-523,69,613)
[ORDER] commander=ai team=Team_Human_Centauri unit=Trooper kind=move dst=(-523,69,613)
[ORDER] commander=ai team=Team_Human_Centauri unit=Assault Car kind=move dst=(-1291,115,1400)
[ORDER] commander=ai team=Team_Alien unit=Squid kind=move dst=(-1223,12,-1218)
[ORDER] commander=ai team=Team_Alien unit=Squid kind=move dst=(-1223,12,-1218)
[ORDER] commander=ai team=Team_Human_Centauri unit=Heavy Raider kind=move dst=(-1179,79,204)
[H2] team=Team_Human_Centauri fire=Headquarters argmaxCell=(34,45) val=68 atWorld=(-120,320) hqCount=2
[AI] [Team_Human_Centauri] tick=15 reqs=2 type={Construct:2} task={} prio(min/avg/max)=10/55.0/100 groups=0
[ORDER] commander=ai team=Team_Human_Centauri unit=Assault Car kind=move dst=(-1400,130,1017)
[ORDER] commander=ai team=Team_Alien unit=Squid kind=move dst=(-1016,55,-1111)
[ORDER] commander=ai team=Team_Alien unit=Squid kind=move dst=(-1016,55,-1111)
[ORDER] commander=ai team=Team_Alien unit=Crab kind=move dst=(-695,84,-428)
[ORDER] commander=ai team=Team_Alien unit=Shocker kind=move dst=(-695,84,-428)
[ORDER] commander=ai team=Team_Alien unit=Shocker kind=move dst=(-695,84,-428)
[ORDER] commander=ai team=Team_Alien unit=Shocker kind=move dst=(-695,84,-428)
[ORDER] commander=ai team=Team_Human_Centauri unit=Light Raider kind=move dst=(-385,69,697)
[ORDER] commander=ai team=Team_Human_Centauri unit=Assault Car kind=move dst=(-1291,115,1400)
[ORDER] commander=ai team=Team_Alien unit=Squid kind=move dst=(-1223,12,-1218)
[ORDER] commander=ai team=Team_Alien unit=Squid kind=move dst=(-1223,12,-1218)
[ORDER] commander=ai team=Team_Alien unit=Crab kind=stop
[ORDER] commander=ai team=Team_Alien unit=Crab kind=move dst=(-1012,34,-1173)
[ORDER] commander=ai team=Team_Alien unit=Crab kind=move dst=(-1012,34,-1173)
[ORDER] commander=ai team=Team_Alien unit=Crab kind=move dst=(-1012,34,-1173)
[ORDER] commander=ai team=Team_Human_Sol unit=Heavy Quad kind=move dst=(763,99,14)
[ORDER] commander=ai team=Team_Human_Centauri unit=Assault Car kind=move dst=(-1400,130,1017)
[H1] team=Team_Human_Sol fire=Refinery atBalterium=(949,247) refCount=2
[H1] team=Team_Human_Sol fire=Refinery atBalterium=(858,-143) refCount=3
[H1] team=Team_Human_Sol fire=Refinery atBalterium=(1261,169) refCount=4
[H2] team=Team_Human_Sol fire=Headquarters argmaxCell=(65,51) val=52 atWorld=(1120,560) hqCount=2
[AI] [Team_Human_Sol] tick=15 reqs=4 type={Construct:4} task={} prio(min/avg/max)=10/77.5/100 groups=0
[H2] team=Team_Human_Sol reject=HQ-too-close targetCell=(1120,560) landedAt=(1125,555) distToExistingHq=533m
[ORDER] commander=ai team=Team_Alien unit=Squid kind=move dst=(-1016,55,-1111)
[ORDER] commander=ai team=Team_Alien unit=Squid kind=move dst=(-1016,55,-1111)
[ORDER] commander=ai team=Team_Alien unit=Squid kind=move dst=(-1016,55,-1111)
[ORDER] commander=ai team=Team_Alien unit=Squid kind=move dst=(-136,51,-1238)
[ORDER] commander=ai team=Team_Alien unit=Squid kind=move dst=(-136,51,-1238)
[ORDER] commander=ai team=Team_Alien unit=Squid kind=move dst=(-136,51,-1238)
[AI] [Team_Alien] tick=15 reqs=2 type={Construct:2} task={} prio(min/avg/max)=10/23.0/36 groups=0
[ORDER] commander=ai team=Team_Human_Centauri unit=Militia kind=move dst=(-362,54,215)
[ORDER] commander=ai team=Team_Human_Centauri unit=Assault Car kind=move dst=(-1291,115,1400)
[ORDER] commander=ai team=Team_Alien unit=Squid kind=stop
[ORDER] commander=ai team=Team_Alien unit=Squid kind=move dst=(-1223,12,-1218)
[ORDER] commander=ai team=Team_Alien unit=Squid kind=move dst=(-1223,12,-1218)
[ORDER] commander=ai team=Team_Alien unit=Crab kind=move dst=(-1005,56,-1076)
[ORDER] commander=ai team=Team_Alien unit=Horned Crab kind=move dst=(-1005,56,-1076)
[ORDER] commander=ai team=Team_Alien unit=Horned Crab kind=move dst=(-1005,56,-1076)
[ORDER] commander=ai team=Team_Alien unit=Shocker kind=stop
[ORDER] commander=ai team=Team_Human_Centauri unit=Assault Car kind=move dst=(-1400,130,1017)
[ORDER] commander=ai team=Team_Alien unit=Squid kind=move dst=(-1016,55,-1111)
[ORDER] commander=ai team=Team_Alien unit=Squid kind=move dst=(-1016,55,-1111)
[ORDER] commander=ai team=Team_Human_Centauri unit=Assault Car kind=move dst=(-1291,115,1400)
[ORDER] commander=ai team=Team_Alien unit=Squid kind=move dst=(-1222,12,-1218)
[ORDER] commander=ai team=Team_Alien unit=Squid kind=move dst=(-1222,12,-1218)
[ORDER] commander=ai team=Team_Alien unit=Crab kind=move dst=(-675,79,990)
[ORDER] commander=ai team=Team_Alien unit=Crab kind=move dst=(-675,79,990)
[ORDER] commander=ai team=Team_Alien unit=Crab kind=move dst=(-675,79,990)
[ORDER] commander=ai team=Team_Alien unit=Crab kind=move dst=(-675,79,990)
[H1] team=Team_Human_Centauri fire=Refinery atBalterium=(-143,1183) refCount=4
[H2] team=Team_Human_Centauri fire=Headquarters argmaxCell=(34,45) val=68 atWorld=(-120,320) hqCount=2
[AI] [Team_Human_Centauri] tick=16 reqs=2 type={Construct:2} task={} prio(min/avg/max)=10/55.0/100 groups=0
[ORDER] commander=ai team=Team_Alien unit=Crab kind=move dst=(-1004,56,-1073)
[ORDER] commander=ai team=Team_Alien unit=Horned Crab kind=move dst=(-1004,56,-1073)
[ORDER] commander=ai team=Team_Alien unit=Horned Crab kind=move dst=(-1004,56,-1073)
[ORDER] commander=ai team=Team_Human_Centauri unit=Assault Car kind=move dst=(-1400,130,1017)
[ORDER] commander=ai team=Team_Alien unit=Squid kind=move dst=(-1016,55,-1111)
[ORDER] commander=ai team=Team_Alien unit=Squid kind=move dst=(-1016,55,-1111)
[ORDER] commander=ai team=Team_Alien unit=Squid kind=move dst=(-1016,55,-1111)
[ORDER] commander=ai team=Team_Alien unit=Squid kind=move dst=(-1016,55,-1111)
[ORDER] commander=ai team=Team_Alien unit=Crab kind=move dst=(-1215,53,-1119)
[ORDER] commander=ai team=Team_Alien unit=Shocker kind=stop
[ORDER] commander=ai team=Team_Alien unit=Shocker kind=move dst=(-1215,53,-1119)
[ORDER] commander=ai team=Team_Alien unit=Shocker kind=move dst=(-1215,53,-1119)
[ORDER] commander=ai team=Team_Human_Centauri unit=Militia kind=stop
[ORDER] commander=ai team=Team_Human_Centauri unit=Militia kind=move dst=(-514,70,602)
[ORDER] commander=ai team=Team_Human_Centauri unit=Militia kind=move dst=(-514,70,602)
[ORDER] commander=ai team=Team_Human_Centauri unit=Trooper kind=move dst=(-514,70,602)
[ORDER] commander=ai team=Team_Human_Centauri unit=Assault Car kind=move dst=(-1291,115,1400)
[ORDER] commander=ai team=Team_Alien unit=Squid kind=move dst=(-1222,12,-1218)
[ORDER] commander=ai team=Team_Alien unit=Squid kind=move dst=(-1222,12,-1218)
[ORDER] commander=ai team=Team_Alien unit=Shocker kind=move dst=(-615,72,840)
[ORDER] commander=ai team=Team_Human_Centauri unit=Assault Car kind=move dst=(-1400,130,1017)
[ORDER] commander=ai team=Team_Human_Sol unit=Heavy Quad kind=move dst=(382,181,54)
[ORDER] commander=ai team=Team_Human_Sol unit=Heavy Quad kind=move dst=(382,181,54)
[H1] team=Team_Human_Sol fire=Refinery atBalterium=(780,475) refCount=2
[H2] team=Team_Human_Sol fire=Headquarters argmaxCell=(65,51) val=52 atWorld=(1120,560) hqCount=2
[H3] team=Team_Human_Sol fire=Barracks nearHq=(1035,30)
[H3] team=Team_Human_Sol fire=Research Facility nearHq=(1035,30)
[AI] [Team_Human_Sol] tick=16 reqs=4 type={Construct:4} task={} prio(min/avg/max)=10/77.5/100 groups=0
[H2] team=Team_Human_Sol reject=HQ-too-close targetCell=(1120,560) landedAt=(1125,555) distToExistingHq=533m
[ORDER] commander=ai team=Team_Alien unit=Squid kind=move dst=(-1016,55,-1111)
[ORDER] commander=ai team=Team_Alien unit=Squid kind=move dst=(-1016,55,-1111)
[ORDER] commander=ai team=Team_Alien unit=Squid kind=stop
[AI] [Team_Alien] tick=16 reqs=2 type={Construct:2} task={} prio(min/avg/max)=10/23.0/36 groups=0
[ORDER] commander=ai team=Team_Human_Centauri unit=Militia kind=move dst=(-362,54,215)
[ORDER] commander=ai team=Team_Human_Centauri unit=Assault Car kind=move dst=(-1291,115,1400)
[ORDER] commander=ai team=Team_Human_Sol unit=Heavy Quad kind=move dst=(382,181,54)
[ORDER] commander=ai team=Team_Human_Sol unit=Heavy Quad kind=move dst=(382,181,54)
[ORDER] commander=ai team=Team_Alien unit=Squid kind=move dst=(-1222,12,-1218)
[ORDER] commander=ai team=Team_Alien unit=Squid kind=move dst=(-1222,12,-1218)
[ORDER] commander=ai team=Team_Alien unit=Crab kind=move dst=(-999,56,-1066)
[ORDER] commander=ai team=Team_Alien unit=Horned Crab kind=move dst=(-999,56,-1066)
[ORDER] commander=ai team=Team_Alien unit=Horned Crab kind=move dst=(-999,56,-1066)
[ORDER] commander=ai team=Team_Alien unit=Shocker kind=stop
[ORDER] commander=ai team=Team_Human_Centauri unit=Assault Car kind=move dst=(-1400,130,1017)
[ORDER] commander=ai team=Team_Alien unit=Squid kind=move dst=(-1016,55,-1111)
[ORDER] commander=ai team=Team_Alien unit=Squid kind=move dst=(-1016,55,-1111)
[ORDER] commander=ai team=Team_Alien unit=Squid kind=move dst=(-1016,55,-1111)
[ORDER] commander=ai team=Team_Alien unit=Squid kind=move dst=(-1016,55,-1111)
[ORDER] commander=ai team=Team_Alien unit=Crab kind=move dst=(-695,84,-428)
[ORDER] commander=ai team=Team_Alien unit=Shocker kind=move dst=(-695,84,-428)
[ORDER] commander=ai team=Team_Alien unit=Shocker kind=move dst=(-695,84,-428)
[ORDER] commander=ai team=Team_Alien unit=Shocker kind=move dst=(-695,84,-428)
[ORDER] commander=ai team=Team_Human_Centauri unit=Light Raider kind=move dst=(-385,69,697)
[ORDER] commander=ai team=Team_Human_Centauri unit=Assault Car kind=move dst=(-1291,115,1400)
[ORDER] commander=ai team=Team_Human_Sol unit=Heavy Quad kind=move dst=(382,181,54)
[ORDER] commander=ai team=Team_Human_Sol unit=Heavy Quad kind=move dst=(382,181,54)
[ORDER] commander=ai team=Team_Alien unit=Squid kind=move dst=(-1222,12,-1218)
[ORDER] commander=ai team=Team_Alien unit=Squid kind=move dst=(-1222,12,-1218)
[H2] team=Team_Human_Centauri fire=Headquarters argmaxCell=(34,45) val=68 atWorld=(-120,320) hqCount=2
[AI] [Team_Human_Centauri] tick=17 reqs=2 type={Construct:2} task={} prio(min/avg/max)=10/55.0/100 groups=0
[ORDER] commander=ai team=Team_Alien unit=Crab kind=move dst=(-997,56,-1064)
[ORDER] commander=ai team=Team_Alien unit=Horned Crab kind=move dst=(-997,56,-1064)
[ORDER] commander=ai team=Team_Alien unit=Horned Crab kind=move dst=(-997,56,-1064)
[ORDER] commander=ai team=Team_Human_Centauri unit=Assault Car kind=move dst=(-1400,130,1017)
[SPAWN_S] team=Team_Human_Centauri structure=Refinery at=(-465,990)
[SPAWN_S] team=Team_Human_Centauri structure=Refinery at=(-675,990)
[SPAWN_U] team=Team_Human_Centauri unit=Harvester
[SPAWN_U] team=Team_Human_Centauri unit=Harvester
[ORDER] commander=ai team=Team_Alien unit=Squid kind=move dst=(-1016,55,-1111)
[ORDER] commander=ai team=Team_Alien unit=Squid kind=move dst=(-1016,55,-1111)
[ORDER] commander=ai team=Team_Alien unit=Squid kind=move dst=(-1016,55,-1111)
[SPAWN_S] team=Team_Alien structure=Node at=(-825,-1170)
[ORDER] commander=ai team=Team_Human_Centauri unit=Militia kind=stop
[ORDER] commander=ai team=Team_Human_Centauri unit=Militia kind=move dst=(-509,70,589)
[ORDER] commander=ai team=Team_Human_Centauri unit=Militia kind=move dst=(-509,70,589)
[ORDER] commander=ai team=Team_Human_Centauri unit=Trooper kind=move dst=(-509,70,589)
[ORDER] commander=ai team=Team_Human_Centauri unit=Assault Car kind=move dst=(-1291,115,1400)
[ORDER] commander=ai team=Team_Human_Sol unit=Heavy Quad kind=move dst=(382,181,54)
[ORDER] commander=ai team=Team_Human_Sol unit=Heavy Quad kind=move dst=(382,181,54)
[ORDER] commander=ai team=Team_Alien unit=Squid kind=move dst=(-1222,12,-1218)
[ORDER] commander=ai team=Team_Alien unit=Squid kind=move dst=(-1222,12,-1218)
[ORDER] commander=ai team=Team_Human_Sol unit=Light Striker kind=move dst=(763,99,14)
[ORDER] commander=ai team=Team_Human_Centauri unit=Assault Car kind=move dst=(-1400,130,1017)
[H1] team=Team_Human_Sol fire=Refinery atBalterium=(949,247) refCount=2
[H1] team=Team_Human_Sol fire=Refinery atBalterium=(858,-143) refCount=3
[H1] team=Team_Human_Sol fire=Refinery atBalterium=(1261,169) refCount=4
[H2] team=Team_Human_Sol fire=Headquarters argmaxCell=(65,51) val=52 atWorld=(1120,560) hqCount=2
[AI] [Team_Human_Sol] tick=17 reqs=4 type={Construct:4} task={} prio(min/avg/max)=10/77.5/100 groups=0
[H2] team=Team_Human_Sol reject=HQ-too-close targetCell=(1120,560) landedAt=(1125,555) distToExistingHq=533m
[SPAWN_S] team=Team_Human_Centauri structure=Refinery at=(-360,495)
[SPAWN_U] team=Team_Human_Centauri unit=Harvester
[ORDER] commander=ai team=Team_Alien unit=Squid kind=move dst=(-1016,55,-1111)
[ORDER] commander=ai team=Team_Alien unit=Squid kind=move dst=(-1016,55,-1111)
[ORDER] commander=ai team=Team_Alien unit=Squid kind=move dst=(-1016,55,-1111)
[ORDER] commander=ai team=Team_Alien unit=Squid kind=move dst=(-1016,55,-1111)
[AI] [Team_Alien] tick=17 reqs=2 type={Construct:2} task={} prio(min/avg/max)=10/23.0/36 groups=0
[ORDER] commander=ai team=Team_Human_Centauri unit=Militia kind=move dst=(-362,54,215)
[ORDER] commander=ai team=Team_Human_Centauri unit=Assault Car kind=move dst=(-1291,115,1400)
[ORDER] commander=ai team=Team_Human_Sol unit=Heavy Quad kind=move dst=(382,181,54)
[ORDER] commander=ai team=Team_Human_Sol unit=Heavy Quad kind=move dst=(382,181,54)
[ORDER] commander=ai team=Team_Alien unit=Squid kind=move dst=(-1222,12,-1218)
[ORDER] commander=ai team=Team_Alien unit=Squid kind=move dst=(-1222,12,-1218)
[ORDER] commander=ai team=Team_Alien unit=Shocker kind=move dst=(-615,72,840)
[ORDER] commander=ai team=Team_Human_Centauri unit=Assault Car kind=move dst=(-1400,130,1017)
[ORDER] commander=ai team=Team_Alien unit=Squid kind=move dst=(-1016,55,-1111)
[ORDER] commander=ai team=Team_Alien unit=Squid kind=move dst=(-1016,55,-1111)
[ORDER] commander=ai team=Team_Alien unit=Squid kind=move dst=(-1016,55,-1111)
[ORDER] commander=ai team=Team_Alien unit=Squid kind=move dst=(-1016,55,-1111)
[ORDER] commander=ai team=Team_Human_Centauri unit=Militia kind=move dst=(-362,54,215)
[ORDER] commander=ai team=Team_Human_Centauri unit=Assault Car kind=move dst=(-1291,115,1400)
[ORDER] commander=ai team=Team_Human_Centauri unit=Heavy Raider kind=move dst=(-1291,115,1400)
[ORDER] commander=ai team=Team_Human_Sol unit=Heavy Quad kind=move dst=(382,181,54)
[ORDER] commander=ai team=Team_Human_Sol unit=Heavy Quad kind=move dst=(382,181,54)
[ORDER] commander=ai team=Team_Alien unit=Squid kind=move dst=(-1222,12,-1218)
[ORDER] commander=ai team=Team_Alien unit=Squid kind=move dst=(-1222,12,-1218)
[ORDER] commander=ai team=Team_Human_Centauri unit=Harvester kind=move dst=(-561,64,1111)
[ORDER] commander=ai team=Team_Human_Centauri unit=Harvester kind=move dst=(-803,65,1260)
[ORDER] commander=ai team=Team_Human_Centauri unit=Harvester kind=move dst=(-793,87,689)
[ORDER] commander=ai team=Team_Human_Centauri unit=Heavy Raider kind=move dst=(-1287,81,325)
[H1] team=Team_Human_Centauri fire=Refinery atBalterium=(-143,1183) refCount=4
[H2] team=Team_Human_Centauri fire=Headquarters argmaxCell=(34,45) val=68 atWorld=(-120,320) hqCount=2
[AI] [Team_Human_Centauri] tick=18 reqs=1 type={Construct:1} task={} prio(min/avg/max)=10/10.0/10 groups=0
[ORDER] commander=ai team=Team_Alien unit=Crab kind=move dst=(-993,57,-1058)
[ORDER] commander=ai team=Team_Alien unit=Horned Crab kind=move dst=(-993,57,-1058)
[ORDER] commander=ai team=Team_Alien unit=Horned Crab kind=move dst=(-993,57,-1058)
[ORDER] commander=ai team=Team_Alien unit=Shocker kind=stop
[ORDER] commander=ai team=Team_Human_Centauri unit=Assault Car kind=move dst=(-1400,130,1017)
[ORDER] commander=ai team=Team_Alien unit=Squid kind=move dst=(-1016,55,-1111)
[ORDER] commander=ai team=Team_Alien unit=Squid kind=move dst=(-1016,55,-1111)
[ORDER] commander=ai team=Team_Alien unit=Squid kind=move dst=(-1016,55,-1111)
[ORDER] commander=ai team=Team_Alien unit=Squid kind=move dst=(-1016,55,-1111)
[ORDER] commander=ai team=Team_Human_Centauri unit=Militia kind=move dst=(-362,54,215)
[SPAWN_S] team=Team_Alien structure=Node at=(-1360,-1175)
[ORDER] commander=ai team=Team_Human_Centauri unit=Assault Car kind=move dst=(-1291,115,1400)
[ORDER] commander=ai team=Team_Human_Centauri unit=Heavy Raider kind=move dst=(-1291,115,1400)
[ORDER] commander=ai team=Team_Human_Sol unit=Heavy Quad kind=move dst=(382,181,54)
[ORDER] commander=ai team=Team_Human_Sol unit=Heavy Quad kind=move dst=(382,181,54)
[ORDER] commander=ai team=Team_Alien unit=Squid kind=move dst=(-1222,12,-1218)
[ORDER] commander=ai team=Team_Alien unit=Squid kind=move dst=(-1222,12,-1218)
[ORDER] commander=ai team=Team_Human_Sol unit=Heavy Quad kind=stop
[ORDER] commander=ai team=Team_Human_Sol unit=Light Striker kind=move dst=(864,99,13)
[ORDER] commander=ai team=Team_Human_Sol unit=Light Striker kind=move dst=(864,99,13)
[ORDER] commander=ai team=Team_Human_Centauri unit=Assault Car kind=move dst=(-1400,130,1017)
[H1] team=Team_Human_Sol fire=Refinery atBalterium=(780,475) refCount=2
[H2] team=Team_Human_Sol fire=Headquarters argmaxCell=(65,51) val=52 atWorld=(1120,560) hqCount=2
[H3] team=Team_Human_Sol fire=Barracks nearHq=(1035,30)
[H3] team=Team_Human_Sol fire=Research Facility nearHq=(1035,30)
[AI] [Team_Human_Sol] tick=18 reqs=4 type={Construct:4} task={} prio(min/avg/max)=10/77.5/100 groups=0
[H2] team=Team_Human_Sol reject=HQ-too-close targetCell=(1120,560) landedAt=(1125,555) distToExistingHq=533m
[ORDER] commander=ai team=Team_Alien unit=Squid kind=move dst=(-1016,55,-1111)
[ORDER] commander=ai team=Team_Alien unit=Squid kind=move dst=(-1016,55,-1111)
[ORDER] commander=ai team=Team_Alien unit=Squid kind=move dst=(-1016,55,-1111)
[ORDER] commander=ai team=Team_Alien unit=Squid kind=move dst=(-1016,55,-1111)
[ORDER] commander=ai team=Team_Alien unit=Squid kind=attack tgt=Cent_Refinery(Clone) (Target)
[ORDER] commander=ai team=Team_Alien unit=Squid kind=attack tgt=Cent_Refinery(Clone) (Target)
[ORDER] commander=ai team=Team_Alien unit=Wasp kind=attack tgt=Cent_Refinery(Clone) (Target)
[ORDER] commander=ai team=Team_Alien unit=Squid kind=attack tgt=Cent_Refinery(Clone) (Target)
[ORDER] commander=ai team=Team_Alien unit=Squid kind=attack tgt=Cent_Refinery(Clone) (Target)
[ORDER] commander=ai team=Team_Alien unit=Crab kind=attack tgt=Cent_Refinery(Clone) (Target)
[ORDER] commander=ai team=Team_Alien unit=Shocker kind=attack tgt=Cent_Refinery(Clone) (Target)
[ORDER] commander=ai team=Team_Alien unit=Shocker kind=attack tgt=Cent_Refinery(Clone) (Target)
[ORDER] commander=ai team=Team_Alien unit=Shocker kind=attack tgt=Cent_Refinery(Clone) (Target)
[AI] [Team_Alien] tick=18 reqs=2 type={Construct:2} task={} prio(min/avg/max)=10/23.0/36 groups=0
[ORDER] commander=ai team=Team_Alien unit=Crab kind=move dst=(-675,79,990)
[ORDER] commander=ai team=Team_Alien unit=Shocker kind=move dst=(-675,79,990)
[ORDER] commander=ai team=Team_Alien unit=Shocker kind=move dst=(-675,79,990)
[ORDER] commander=ai team=Team_Alien unit=Shocker kind=move dst=(-675,79,990)
[ORDER] commander=ai team=Team_Human_Centauri unit=Assault Car kind=move dst=(-1291,115,1400)
[ORDER] commander=ai team=Team_Human_Centauri unit=Heavy Raider kind=move dst=(-1291,115,1400)
[ORDER] commander=ai team=Team_Human_Sol unit=Heavy Quad kind=move dst=(382,181,54)
[ORDER] commander=ai team=Team_Human_Sol unit=Heavy Quad kind=move dst=(382,181,54)
[ORDER] commander=ai team=Team_Alien unit=Squid kind=move dst=(-1222,12,-1218)
[ORDER] commander=ai team=Team_Alien unit=Squid kind=move dst=(-1222,12,-1218)
[ORDER] commander=ai team=Team_Human_Sol unit=Light Raider kind=move dst=(1138,87,-137)
[ORDER] commander=ai team=Team_Human_Sol unit=Light Raider kind=move dst=(1138,87,-137)
[ORDER] commander=ai team=Team_Human_Sol unit=Heavy Quad kind=stop
[SPAWN_S] team=Team_Alien structure=Bio Cache at=(-1090,-1350)
[ORDER] commander=ai team=Team_Human_Sol unit=Light Striker kind=move dst=(857,99,13)
[ORDER] commander=ai team=Team_Human_Sol unit=Light Striker kind=move dst=(857,99,13)
[ORDER] commander=ai team=Team_Human_Centauri unit=Assault Car kind=move dst=(-1400,130,1017)
[ORDER] commander=ai team=Team_Alien unit=Squid kind=move dst=(-1015,57,-1110)
[ORDER] commander=ai team=Team_Alien unit=Squid kind=move dst=(-1015,57,-1110)
[ORDER] commander=ai team=Team_Alien unit=Wasp kind=stop
[ORDER] commander=ai team=Team_Alien unit=Squid kind=move dst=(-1015,57,-1110)
[ORDER] commander=ai team=Team_Alien unit=Squid kind=move dst=(-1015,57,-1110)
[ORDER] commander=ai team=Team_Human_Centauri unit=Trooper kind=move dst=(-362,54,215)
[ORDER] commander=ai team=Team_Human_Centauri unit=Assault Car kind=move dst=(-1291,115,1400)
[ORDER] commander=ai team=Team_Human_Centauri unit=Heavy Raider kind=move dst=(-1291,115,1400)
[ORDER] commander=ai team=Team_Human_Sol unit=Heavy Quad kind=move dst=(382,181,54)
[ORDER] commander=ai team=Team_Human_Sol unit=Heavy Quad kind=move dst=(382,181,54)
[ORDER] commander=ai team=Team_Alien unit=Squid kind=move dst=(-1222,12,-1218)
[ORDER] commander=ai team=Team_Alien unit=Squid kind=move dst=(-1222,12,-1218)
[ORDER] commander=ai team=Team_Human_Sol unit=Light Raider kind=move dst=(1145,88,-142)
[ORDER] commander=ai team=Team_Human_Sol unit=Light Raider kind=move dst=(1145,88,-142)
[ORDER] commander=ai team=Team_Human_Sol unit=Heavy Quad kind=move dst=(763,99,14)
[ORDER] commander=ai team=Team_Human_Centauri unit=Squad Transport kind=move dst=(31,62,1067)
[H2] team=Team_Human_Centauri fire=Headquarters argmaxCell=(34,45) val=68 atWorld=(-120,320) hqCount=2
[AI] [Team_Human_Centauri] tick=19 reqs=1 type={Construct:1} task={} prio(min/avg/max)=10/10.0/10 groups=0
[ORDER] commander=ai team=Team_Human_Centauri unit=Assault Car kind=move dst=(-1400,130,1017)
[SPAWN_S] team=Team_Human_Sol structure=Refinery at=(1080,-240)
[SPAWN_U] team=Team_Human_Sol unit=Harvester
[ORDER] commander=ai team=Team_Alien unit=Squid kind=move dst=(-1013,60,-1108)
[ORDER] commander=ai team=Team_Alien unit=Squid kind=move dst=(-1013,60,-1108)
[ORDER] commander=ai team=Team_Alien unit=Squid kind=move dst=(-1013,60,-1108)
[ORDER] commander=ai team=Team_Human_Centauri unit=Light Raider kind=move dst=(-518,60,884)
[ORDER] commander=ai team=Team_Human_Centauri unit=Light Raider kind=move dst=(-518,60,884)
[ORDER] commander=ai team=Team_Human_Centauri unit=Heavy Raider kind=stop
[ORDER] commander=ai team=Team_Human_Centauri unit=Assault Car kind=move dst=(-1291,115,1400)
[ORDER] commander=ai team=Team_Human_Centauri unit=Heavy Raider kind=move dst=(-1291,115,1400)
[ORDER] commander=ai team=Team_Human_Sol unit=Heavy Quad kind=move dst=(382,181,54)
[ORDER] commander=ai team=Team_Human_Sol unit=Heavy Quad kind=move dst=(382,181,54)
[ORDER] commander=ai team=Team_Alien unit=Squid kind=move dst=(-1222,12,-1218)
[ORDER] commander=ai team=Team_Alien unit=Squid kind=move dst=(-1222,12,-1218)
[ORDER] commander=ai team=Team_Human_Sol unit=Light Raider kind=move dst=(1343,84,-336)
[ORDER] commander=ai team=Team_Human_Sol unit=Heavy Quad kind=move dst=(1343,84,-336)
[ORDER] commander=ai team=Team_Human_Centauri unit=Assault Car kind=move dst=(-1400,130,1017)
[ORDER] commander=ai team=Team_Human_Sol unit=Harvester kind=move dst=(1221,83,-308)
[ORDER] commander=ai team=Team_Human_Sol unit=Platoon Hauler kind=move dst=(533,92,-761)
[ORDER] commander=ai team=Team_Human_Sol unit=Heavy Quad kind=move dst=(1209,68,-1073)
[ORDER] commander=ai team=Team_Human_Sol unit=Heavy Quad kind=move dst=(1209,68,-1073)
[H1] team=Team_Human_Sol fire=Refinery atBalterium=(949,247) refCount=2
[H1] team=Team_Human_Sol fire=Refinery atBalterium=(858,-143) refCount=3
[H1] team=Team_Human_Sol fire=Refinery atBalterium=(1261,169) refCount=4
[H2] team=Team_Human_Sol fire=Headquarters argmaxCell=(65,51) val=52 atWorld=(1120,560) hqCount=2
[AI] [Team_Human_Sol] tick=19 reqs=2 type={Construct:2} task={} prio(min/avg/max)=7/8.5/10 groups=0
[H2] team=Team_Human_Sol reject=HQ-too-close targetCell=(1120,560) landedAt=(1125,555) distToExistingHq=533m
[ORDER] commander=ai team=Team_Alien unit=Shocker kind=move dst=(-615,72,840)
[ORDER] commander=ai team=Team_Alien unit=Squid kind=move dst=(-1013,60,-1108)
[ORDER] commander=ai team=Team_Alien unit=Squid kind=move dst=(-1013,60,-1108)
[ORDER] commander=ai team=Team_Alien unit=Hunter kind=move dst=(-695,84,-428)
[ORDER] commander=ai team=Team_Alien unit=Hunter kind=move dst=(-695,84,-428)
[ORDER] commander=ai team=Team_Alien unit=Shocker kind=move dst=(-1082,64,-241)
[ORDER] commander=ai team=Team_Alien unit=Shocker kind=move dst=(-1082,64,-241)
[ORDER] commander=ai team=Team_Alien unit=Shocker kind=move dst=(-1082,64,-241)
[ORDER] commander=ai team=Team_Alien unit=Shocker kind=move dst=(-1082,64,-241)
[ORDER] commander=ai team=Team_Alien unit=Shocker kind=attack tgt=Cent_Headquarters(Clone) (Target)
[ORDER] commander=ai team=Team_Alien unit=Shocker kind=attack tgt=Cent_Headquarters(Clone) (Target)
[ORDER] commander=ai team=Team_Alien unit=Shocker kind=attack tgt=Cent_Headquarters(Clone) (Target)
[ORDER] commander=ai team=Team_Alien unit=Shocker kind=attack tgt=Cent_Headquarters(Clone) (Target)
[ORDER] commander=ai team=Team_Alien unit=Squid kind=attack tgt=Cent_Refinery(Clone) (Target)
[ORDER] commander=ai team=Team_Alien unit=Squid kind=attack tgt=Cent_Refinery(Clone) (Target)
[ORDER] commander=ai team=Team_Alien unit=Squid kind=attack tgt=Cent_Refinery(Clone) (Target)
[AI] [Team_Alien] tick=19 reqs=2 type={Construct:2} task={} prio(min/avg/max)=5/7.5/10 groups=0
[ORDER] commander=ai team=Team_Human_Centauri unit=Light Raider kind=move dst=(-515,60,879)
[ORDER] commander=ai team=Team_Human_Centauri unit=Light Raider kind=move dst=(-515,60,879)
[ORDER] commander=ai team=Team_Human_Centauri unit=Assault Car kind=move dst=(-1291,115,1400)
[ORDER] commander=ai team=Team_Human_Centauri unit=Heavy Raider kind=move dst=(-1291,115,1400)
[ORDER] commander=ai team=Team_Alien unit=Squid kind=move dst=(-1222,12,-1218)
[ORDER] commander=ai team=Team_Alien unit=Squid kind=move dst=(-1222,12,-1218)
[ORDER] commander=ai team=Team_Alien unit=Shocker kind=move dst=(-615,72,840)
[ORDER] commander=ai team=Team_Human_Centauri unit=Assault Car kind=move dst=(-1400,130,1017)
[ORDER] commander=ai team=Team_Alien unit=Squid kind=move dst=(-1013,60,-1108)
[ORDER] commander=ai team=Team_Alien unit=Squid kind=move dst=(-1013,60,-1108)
[ORDER] commander=ai team=Team_Alien unit=Squid kind=move dst=(-1013,60,-1108)
[ORDER] commander=ai team=Team_Human_Centauri unit=Assault Car kind=move dst=(-1291,115,1400)
[ORDER] commander=ai team=Team_Human_Centauri unit=Heavy Raider kind=move dst=(-1291,115,1400)
[ORDER] commander=ai team=Team_Alien unit=Squid kind=stop
[ORDER] commander=ai team=Team_Alien unit=Squid kind=move dst=(-1218,20,-1216)
[ORDER] commander=ai team=Team_Alien unit=Squid kind=move dst=(-1218,20,-1216)
[ORDER] commander=ai team=Team_Human_Sol unit=Light Raider kind=move dst=(1343,84,-336)
[ORDER] commander=ai team=Team_Human_Centauri unit=Squad Transport kind=move dst=(-1196,93,819)
[H1] team=Team_Human_Centauri fire=Refinery atBalterium=(-143,1183) refCount=4
[H2] team=Team_Human_Centauri fire=Headquarters argmaxCell=(34,45) val=68 atWorld=(-120,320) hqCount=2
[AI] [Team_Human_Centauri] tick=20 reqs=1 type={Construct:1} task={} prio(min/avg/max)=10/10.0/10 groups=0
[ORDER] commander=ai team=Team_Human_Centauri unit=Assault Car kind=move dst=(-1400,130,1017)
[ORDER] commander=ai team=Team_Alien unit=Squid kind=move dst=(-1013,60,-1108)
[ORDER] commander=ai team=Team_Alien unit=Squid kind=move dst=(-1013,60,-1108)
[ORDER] commander=ai team=Team_Alien unit=Squid kind=move dst=(-1013,60,-1108)
[ORDER] commander=ai team=Team_Human_Centauri unit=Assault Car kind=move dst=(-1291,115,1400)
[ORDER] commander=ai team=Team_Human_Centauri unit=Heavy Raider kind=move dst=(-1291,115,1400)
[ORDER] commander=ai team=Team_Alien unit=Squid kind=move dst=(-1214,27,-1213)
[ORDER] commander=ai team=Team_Alien unit=Squid kind=move dst=(-1214,27,-1213)
[ORDER] commander=ai team=Team_Human_Sol unit=Light Raider kind=move dst=(1343,84,-336)
[ORDER] commander=ai team=Team_Human_Centauri unit=Assault Car kind=move dst=(-1400,130,1017)
[H1] team=Team_Human_Sol fire=Refinery atBalterium=(780,475) refCount=2
[H2] team=Team_Human_Sol fire=Headquarters argmaxCell=(65,51) val=52 atWorld=(1120,560) hqCount=2
[H3] team=Team_Human_Sol fire=Barracks nearHq=(1035,30)
[H3] team=Team_Human_Sol fire=Research Facility nearHq=(1035,30)
[AI] [Team_Human_Sol] tick=20 reqs=2 type={Construct:2} task={} prio(min/avg/max)=7/8.5/10 groups=0
[H2] team=Team_Human_Sol reject=HQ-too-close targetCell=(1120,560) landedAt=(1125,555) distToExistingHq=533m
[ORDER] commander=ai team=Team_Alien unit=Squid kind=move dst=(-1013,60,-1108)
[ORDER] commander=ai team=Team_Alien unit=Squid kind=move dst=(-1013,60,-1108)
[ORDER] commander=ai team=Team_Alien unit=Squid kind=move dst=(-1013,60,-1108)
[ORDER] commander=ai team=Team_Alien unit=Shocker kind=move dst=(-1082,64,-241)
[ORDER] commander=ai team=Team_Alien unit=Shocker kind=move dst=(-1082,64,-241)
[ORDER] commander=ai team=Team_Alien unit=Shocker kind=move dst=(-1082,64,-241)
[ORDER] commander=ai team=Team_Alien unit=Shocker kind=move dst=(-1082,64,-241)
[ORDER] commander=ai team=Team_Alien unit=Hunter kind=move dst=(-136,51,-1238)
[ORDER] commander=ai team=Team_Alien unit=Shocker kind=attack tgt=Cent_Headquarters(Clone) (Target)
[ORDER] commander=ai team=Team_Alien unit=Shocker kind=attack tgt=Cent_Headquarters(Clone) (Target)
[ORDER] commander=ai team=Team_Alien unit=Shocker kind=attack tgt=Cent_Headquarters(Clone) (Target)
[ORDER] commander=ai team=Team_Alien unit=Shocker kind=attack tgt=Cent_Headquarters(Clone) (Target)
[ORDER] commander=ai team=Team_Alien unit=Hunter kind=attack tgt=Cent_Headquarters(Clone) (Target)
[AI] [Team_Alien] tick=20 reqs=2 type={Construct:2} task={} prio(min/avg/max)=5/7.5/10 groups=0
[ORDER] commander=ai team=Team_Alien unit=Hunter kind=move dst=(-615,72,840)
[ORDER] commander=ai team=Team_Human_Centauri unit=Assault Car kind=move dst=(-1291,115,1400)
[ORDER] commander=ai team=Team_Human_Centauri unit=Heavy Raider kind=move dst=(-1291,115,1400)
[ORDER] commander=ai team=Team_Alien unit=Squid kind=move dst=(-1214,27,-1213)
[ORDER] commander=ai team=Team_Human_Sol unit=Scout kind=stop
[ORDER] commander=ai team=Team_Human_Sol unit=Scout kind=move dst=(1094,86,-34)
[ORDER] commander=ai team=Team_Human_Sol unit=Scout kind=move dst=(1094,86,-34)
[ORDER] commander=ai team=Team_Human_Sol unit=Rifleman kind=move dst=(1094,86,-34)
[ORDER] commander=ai team=Team_Human_Sol unit=Light Striker kind=move dst=(763,99,14)
[ORDER] commander=ai team=Team_Alien unit=Horned Crab kind=move dst=(-615,72,840)
[ORDER] commander=ai team=Team_Human_Centauri unit=Assault Car kind=move dst=(-1400,130,1017)
[ORDER] commander=ai team=Team_Alien unit=Squid kind=move dst=(-1013,60,-1108)
[ORDER] commander=ai team=Team_Alien unit=Squid kind=move dst=(-1013,60,-1108)
[ORDER] commander=ai team=Team_Human_Centauri unit=Assault Car kind=move dst=(-1291,115,1400)
[ORDER] commander=ai team=Team_Human_Centauri unit=Heavy Raider kind=move dst=(-1291,115,1400)
[ORDER] commander=ai team=Team_Alien unit=Squid kind=move dst=(-1214,27,-1213)
[ORDER] commander=ai team=Team_Alien unit=Squid kind=move dst=(-1214,27,-1213)
[ORDER] commander=ai team=Team_Human_Sol unit=Scout kind=move dst=(1094,86,-36)
[ORDER] commander=ai team=Team_Human_Sol unit=Scout kind=move dst=(1094,86,-36)
[ORDER] commander=ai team=Team_Human_Sol unit=Rifleman kind=move dst=(1094,86,-36)
[ORDER] commander=ai team=Team_Human_Centauri unit=Squad Transport kind=attack tgt=SpecialContainer_Long_01_Small(Clone) (Target)
[ORDER] commander=ai team=Team_Human_Centauri unit=Assault Car kind=move dst=(-1196,93,819)
[H2] team=Team_Human_Centauri fire=Headquarters argmaxCell=(34,45) val=68 atWorld=(-120,320) hqCount=2
[AI] [Team_Human_Centauri] tick=21 reqs=1 type={Construct:1} task={} prio(min/avg/max)=10/10.0/10 groups=0
[ORDER] commander=ai team=Team_Alien unit=Squid kind=move dst=(-1013,60,-1108)
[ORDER] commander=ai team=Team_Alien unit=Squid kind=move dst=(-1013,60,-1108)
[ORDER] commander=ai team=Team_Human_Centauri unit=Assault Car kind=move dst=(-1291,115,1400)
[ORDER] commander=ai team=Team_Human_Centauri unit=Heavy Raider kind=move dst=(-1291,115,1400)
[ORDER] commander=ai team=Team_Alien unit=Squid kind=move dst=(-1214,27,-1213)
[ORDER] commander=ai team=Team_Alien unit=Squid kind=move dst=(-1214,27,-1213)
[ORDER] commander=ai team=Team_Human_Sol unit=Scout kind=move dst=(1314,71,-845)
[ORDER] commander=ai team=Team_Human_Sol unit=Rifleman kind=move dst=(1314,71,-845)
[ORDER] commander=ai team=Team_Human_Sol unit=Platoon Hauler kind=attack tgt=SpecialContainer_Long_01_Small(Clone) (Target)
[H1] team=Team_Human_Sol fire=Refinery atBalterium=(949,247) refCount=2
[H1] team=Team_Human_Sol fire=Refinery atBalterium=(858,-143) refCount=3
[H1] team=Team_Human_Sol fire=Refinery atBalterium=(1261,169) refCount=4
[H2] team=Team_Human_Sol fire=Headquarters argmaxCell=(65,51) val=65 atWorld=(1120,560) hqCount=2
[AI] [Team_Human_Sol] tick=21 reqs=2 type={Construct:2} task={} prio(min/avg/max)=7/8.5/10 groups=0
[H2] team=Team_Human_Sol reject=HQ-too-close targetCell=(1120,560) landedAt=(1125,555) distToExistingHq=533m
[ORDER] commander=ai team=Team_Human_Sol unit=Platoon Hauler kind=move dst=(654,110,434)
[ORDER] commander=ai team=Team_Human_Sol unit=Platoon Hauler kind=move dst=(599,66,-339)
[ORDER] commander=ai team=Team_Alien unit=Squid kind=move dst=(-1013,60,-1108)
[ORDER] commander=ai team=Team_Alien unit=Squid kind=move dst=(-1013,60,-1108)
[ORDER] commander=ai team=Team_Alien unit=Squid kind=move dst=(-1013,60,-1108)
[ORDER] commander=ai team=Team_Alien unit=Hunter kind=move dst=(-1082,64,-241)
[ORDER] commander=ai team=Team_Alien unit=Hunter kind=move dst=(-1082,64,-241)
[ORDER] commander=ai team=Team_Alien unit=Hunter kind=move dst=(-1082,64,-241)
[ORDER] commander=ai team=Team_Alien unit=Hunter kind=move dst=(-136,51,-1238)
[ORDER] commander=ai team=Team_Alien unit=Hunter kind=attack tgt=Cent_Headquarters(Clone) (Target)
[P32] team=Team_Alien fire=Node towardPatchAt=(-828,-690) distToOwned=465m nodesOwned=4 anchorAt=(-1110,-1170)
[AI] [Team_Alien] tick=21 reqs=2 type={Construct:2} task={} prio(min/avg/max)=5/7.5/10 groups=0
[ORDER] commander=ai team=Team_Alien unit=Hunter kind=move dst=(-615,72,840)
[ORDER] commander=ai team=Team_Human_Centauri unit=Light Raider kind=move dst=(-385,69,697)
[ORDER] commander=ai team=Team_Human_Centauri unit=Light Raider kind=move dst=(-385,69,697)
[ORDER] commander=ai team=Team_Human_Centauri unit=Heavy Raider kind=move dst=(-385,69,697)
[SPAWN_S] team=Team_Alien structure=Bio Cache at=(-810,-1155)
[ORDER] commander=ai team=Team_Human_Centauri unit=Assault Car kind=move dst=(-1291,115,1400)
[ORDER] commander=ai team=Team_Human_Centauri unit=Heavy Raider kind=move dst=(-1291,115,1400)
[ORDER] commander=ai team=Team_Alien unit=Squid kind=move dst=(-1214,27,-1213)
[ORDER] commander=ai team=Team_Human_Sol unit=Scout kind=move dst=(1314,71,-845)
[SPAWN_S] team=Team_Alien structure=Bio Cache at=(-1310,-1360)
[ORDER] commander=ai team=Team_Alien unit=Squid kind=move dst=(-1013,60,-1108)
[ORDER] commander=ai team=Team_Alien unit=Squid kind=move dst=(-1013,60,-1108)
[ORDER] commander=ai team=Team_Alien unit=Squid kind=move dst=(-1013,60,-1108)
[ORDER] commander=ai team=Team_Human_Centauri unit=Assault Car kind=move dst=(-1291,115,1400)
[ORDER] commander=ai team=Team_Human_Centauri unit=Heavy Raider kind=move dst=(-1291,115,1400)
[ORDER] commander=ai team=Team_Alien unit=Squid kind=move dst=(-1214,27,-1213)
[ORDER] commander=ai team=Team_Alien unit=Squid kind=move dst=(-1214,27,-1213)
[ORDER] commander=ai team=Team_Human_Sol unit=Light Raider kind=move dst=(1195,91,-186)
[ORDER] commander=ai team=Team_Human_Sol unit=Light Raider kind=move dst=(1195,91,-186)
[ORDER] commander=ai team=Team_Human_Sol unit=Heavy Quad kind=stop
[ORDER] commander=ai team=Team_Human_Sol unit=Heavy Quad kind=move dst=(763,99,14)
[ORDER] commander=ai team=Team_Human_Centauri unit=Assault Car kind=move dst=(-1196,93,819)
[H1] team=Team_Human_Centauri fire=Refinery atBalterium=(-793,689) refCount=4
[H1] team=Team_Human_Centauri fire=Refinery atBalterium=(-143,1183) refCount=5
[H2] team=Team_Human_Centauri fire=Headquarters argmaxCell=(36,58) val=70 atWorld=(-40,840) hqCount=2
[AI] [Team_Human_Centauri] tick=22 reqs=1 type={Construct:1} task={} prio(min/avg/max)=10/10.0/10 groups=0
[ORDER] commander=ai team=Team_Alien unit=Squid kind=move dst=(-1013,60,-1108)
[ORDER] commander=ai team=Team_Alien unit=Squid kind=move dst=(-1013,60,-1108)
[ORDER] commander=ai team=Team_Alien unit=Squid kind=move dst=(-1013,60,-1108)
[ORDER] commander=ai team=Team_Human_Centauri unit=Assault Car kind=move dst=(-1291,115,1400)
[ORDER] commander=ai team=Team_Human_Centauri unit=Heavy Raider kind=move dst=(-1291,115,1400)
[ORDER] commander=ai team=Team_Alien unit=Squid kind=move dst=(-1214,27,-1213)
[ORDER] commander=ai team=Team_Alien unit=Squid kind=move dst=(-1214,27,-1213)
[ORDER] commander=ai team=Team_Human_Sol unit=Light Raider kind=move dst=(1200,91,-192)
[ORDER] commander=ai team=Team_Human_Sol unit=Light Raider kind=move dst=(1200,91,-192)
[ORDER] commander=ai team=Team_Human_Sol unit=Heavy Quad kind=move dst=(763,99,14)
[ORDER] commander=ai team=Team_Human_Sol unit=Platoon Hauler kind=move dst=(724,94,-849)
[ORDER] commander=ai team=Team_Human_Sol unit=Platoon Hauler kind=attack tgt=SpecialContainer_Long_01_Small(Clone) (Target)
[H1] team=Team_Human_Sol fire=Refinery atBalterium=(780,475) refCount=2
[H2] team=Team_Human_Sol fire=Headquarters argmaxCell=(58,25) val=78 atWorld=(840,-480) hqCount=2
[H3] team=Team_Human_Sol fire=Barracks nearHq=(1035,30)
[H3] team=Team_Human_Sol fire=Research Facility nearHq=(1035,30)
[AI] [Team_Human_Sol] tick=22 reqs=2 type={Construct:2} task={} prio(min/avg/max)=7/8.5/10 groups=0
[ORDER] commander=ai team=Team_Human_Sol unit=Platoon Hauler kind=move dst=(708,106,720)
[ORDER] commander=ai team=Team_Alien unit=Squid kind=move dst=(-1013,60,-1108)
[ORDER] commander=ai team=Team_Alien unit=Squid kind=move dst=(-1013,60,-1108)
[ORDER] commander=ai team=Team_Alien unit=Squid kind=move dst=(-1013,60,-1108)
[ORDER] commander=ai team=Team_Alien unit=Hunter kind=move dst=(-136,51,-1238)
[ORDER] commander=ai team=Team_Alien unit=Hunter kind=attack tgt=Cent_Headquarters(Clone) (Target)
[AI] [Team_Alien] tick=22 reqs=1 type={Construct:1} task={} prio(min/avg/max)=10/10.0/10 groups=0
[ORDER] commander=ai team=Team_Alien unit=Hunter kind=move dst=(-615,72,840)
[ORDER] commander=ai team=Team_Human_Centauri unit=Assault Car kind=move dst=(-1291,115,1400)
[ORDER] commander=ai team=Team_Human_Centauri unit=Heavy Raider kind=move dst=(-1291,115,1400)
[ORDER] commander=ai team=Team_Alien unit=Squid kind=move dst=(-1214,27,-1213)
[ORDER] commander=ai team=Team_Alien unit=Squid kind=move dst=(-1214,27,-1213)
[ORDER] commander=ai team=Team_Human_Sol unit=Light Raider kind=move dst=(1343,84,-336)
[ORDER] commander=ai team=Team_Human_Sol unit=Heavy Quad kind=move dst=(1343,84,-336)
[ORDER] commander=ai team=Team_Human_Sol unit=Scout kind=move dst=(1314,71,-845)
[ORDER] commander=ai team=Team_Alien unit=Crab kind=stop
[ORDER] commander=ai team=Team_Alien unit=Crab kind=move dst=(-935,52,-1014)
[ORDER] commander=ai team=Team_Alien unit=Crab kind=move dst=(-935,52,-1014)
[ORDER] commander=ai team=Team_Alien unit=Crab kind=move dst=(-935,52,-1014)
[ORDER] commander=ai team=Team_Human_Sol unit=Heavy Quad kind=move dst=(763,99,14)
[ORDER] commander=ai team=Team_Alien unit=Squid kind=move dst=(-1013,60,-1108)
[ORDER] commander=ai team=Team_Alien unit=Squid kind=move dst=(-1013,60,-1108)
[ORDER] commander=ai team=Team_Alien unit=Squid kind=move dst=(-1013,60,-1108)
[ORDER] commander=ai team=Team_Human_Centauri unit=Assault Car kind=move dst=(-1291,115,1400)
[ORDER] commander=ai team=Team_Human_Centauri unit=Heavy Raider kind=move dst=(-1291,115,1400)
[ORDER] commander=ai team=Team_Alien unit=Squid kind=move dst=(-1214,27,-1213)
[ORDER] commander=ai team=Team_Alien unit=Squid kind=move dst=(-1214,27,-1213)
[ORDER] commander=ai team=Team_Alien unit=Crab kind=move dst=(-934,52,-1011)
[ORDER] commander=ai team=Team_Alien unit=Crab kind=move dst=(-934,52,-1011)
[ORDER] commander=ai team=Team_Alien unit=Crab kind=move dst=(-934,52,-1011)
[ORDER] commander=ai team=Team_Human_Sol unit=Heavy Quad kind=move dst=(763,99,14)
[ORDER] commander=ai team=Team_Human_Centauri unit=Assault Car kind=attack tgt=SpecialContainer_Long_01_Large(Clone) (Target)
[ORDER] commander=ai team=Team_Human_Centauri unit=Assault Car kind=attack tgt=SpecialContainer_Long_01_Large(Clone) (Target)
[ORDER] commander=ai team=Team_Human_Centauri unit=Assault Car kind=move dst=(-1196,93,819)
[ORDER] commander=ai team=Team_Human_Centauri unit=Squad Transport kind=move dst=(52,72,468)
[H1] team=Team_Human_Centauri fire=Refinery atBalterium=(-803,1260) refCount=4
[H1] team=Team_Human_Centauri fire=Refinery atBalterium=(-156,449) refCount=5
[H2] team=Team_Human_Centauri fire=Headquarters argmaxCell=(29,43) val=112 atWorld=(-320,240) hqCount=2
[AI] [Team_Human_Centauri] tick=23 reqs=1 type={Construct:1} task={} prio(min/avg/max)=10/10.0/10 groups=0
[ORDER] commander=ai team=Team_Alien unit=Shocker kind=stop
[ORDER] commander=ai team=Team_Alien unit=Shocker kind=move dst=(-1048,50,-835)
[ORDER] commander=ai team=Team_Alien unit=Shocker kind=move dst=(-1048,50,-835)
[ORDER] commander=ai team=Team_Alien unit=Shocker kind=move dst=(-1048,50,-835)
[ORDER] commander=ai team=Team_Alien unit=Squid kind=move dst=(-1013,60,-1108)
[ORDER] commander=ai team=Team_Alien unit=Squid kind=move dst=(-1013,60,-1108)
[ORDER] commander=ai team=Team_Alien unit=Squid kind=move dst=(-1013,60,-1108)
[ORDER] commander=ai team=Team_Human_Centauri unit=Assault Car kind=move dst=(-1291,115,1400)
[ORDER] commander=ai team=Team_Human_Centauri unit=Heavy Raider kind=move dst=(-1291,115,1400)
[ORDER] commander=ai team=Team_Alien unit=Squid kind=move dst=(-1214,27,-1213)
[ORDER] commander=ai team=Team_Alien unit=Squid kind=move dst=(-1214,27,-1213)
[ORDER] commander=ai team=Team_Alien unit=Crab kind=move dst=(-615,72,840)
[ORDER] commander=ai team=Team_Alien unit=Crab kind=move dst=(-615,72,840)
[ORDER] commander=ai team=Team_Alien unit=Crab kind=move dst=(-615,72,840)
[ORDER] commander=ai team=Team_Human_Sol unit=Heavy Quad kind=move dst=(763,99,14)
[ORDER] commander=ai team=Team_Human_Sol unit=Light Striker kind=move dst=(763,99,14)
[ORDER] commander=ai team=Team_Human_Sol unit=Light Striker kind=move dst=(767,90,-1177)
[ORDER] commander=ai team=Team_Human_Sol unit=Light Striker kind=move dst=(767,90,-1177)
[ORDER] commander=ai team=Team_Human_Sol unit=Platoon Hauler kind=move dst=(159,104,225)
[H1] team=Team_Human_Sol fire=Refinery atBalterium=(949,247) refCount=2
[H1] team=Team_Human_Sol fire=Refinery atBalterium=(858,-143) refCount=3
[H1] team=Team_Human_Sol fire=Refinery atBalterium=(1261,169) refCount=4
[H2] team=Team_Human_Sol fire=Headquarters argmaxCell=(68,20) val=72 atWorld=(1240,-680) hqCount=2
[AI] [Team_Human_Sol] tick=23 reqs=2 type={Construct:2} task={} prio(min/avg/max)=7/8.5/10 groups=0
[H1] team=Team_Human_Centauri constructed=Refinery atBalterium=(-793,689) landedAt=(-750,555) yaw=360 result=InsufficientResource
[ORDER] commander=ai team=Team_Alien unit=Squid kind=move dst=(-1013,60,-1108)
[ORDER] commander=ai team=Team_Alien unit=Squid kind=move dst=(-1013,60,-1108)
[ORDER] commander=ai team=Team_Alien unit=Squid kind=move dst=(-1013,60,-1108)
[ORDER] commander=ai team=Team_Alien unit=Hunter kind=move dst=(-136,51,-1238)
[ORDER] commander=ai team=Team_Alien unit=Hunter kind=attack tgt=Cent_Headquarters(Clone) (Target)
[P32] team=Team_Alien fire=Node towardPatchAt=(-1266,-692) distToOwned=492m nodesOwned=4 anchorAt=(-1110,-1170)
[AI] [Team_Alien] tick=23 reqs=1 type={Construct:1} task={} prio(min/avg/max)=10/10.0/10 groups=0
[ORDER] commander=ai team=Team_Alien unit=Hunter kind=move dst=(-615,72,840)
[ORDER] commander=ai team=Team_Human_Centauri unit=Assault Car kind=move dst=(-1291,115,1400)
[ORDER] commander=ai team=Team_Human_Centauri unit=Heavy Raider kind=move dst=(-1291,115,1400)
[ORDER] commander=ai team=Team_Alien unit=Squid kind=move dst=(-1214,27,-1213)
[ORDER] commander=ai team=Team_Alien unit=Squid kind=move dst=(-1214,27,-1213)
[ORDER] commander=ai team=Team_Human_Sol unit=Light Raider kind=move dst=(1343,84,-336)
[ORDER] commander=ai team=Team_Human_Sol unit=Heavy Quad kind=move dst=(763,99,14)
[ORDER] commander=ai team=Team_Human_Sol unit=Light Striker kind=move dst=(763,99,14)
[SPAWN_S] team=Team_Alien structure=Lesser Spawning Cyst at=(-835,-1180)
[ORDER] commander=ai team=Team_Alien unit=Shocker kind=move dst=(-615,72,840)
[ORDER] commander=ai team=Team_Alien unit=Squid kind=move dst=(-1013,60,-1108)
[ORDER] commander=ai team=Team_Alien unit=Squid kind=move dst=(-1013,60,-1108)
[ORDER] commander=ai team=Team_Alien unit=Squid kind=move dst=(-1013,60,-1108)
[ORDER] commander=ai team=Team_Human_Centauri unit=Assault Car kind=move dst=(-1291,115,1400)
[ORDER] commander=ai team=Team_Human_Centauri unit=Heavy Raider kind=move dst=(-1291,115,1400)
[ORDER] commander=ai team=Team_Alien unit=Squid kind=move dst=(-1214,27,-1213)
[ORDER] commander=ai team=Team_Alien unit=Squid kind=move dst=(-1214,27,-1213)
[ORDER] commander=ai team=Team_Human_Sol unit=Heavy Quad kind=move dst=(763,99,14)
[ORDER] commander=ai team=Team_Human_Sol unit=Light Striker kind=move dst=(763,99,14)
[ORDER] commander=ai team=Team_Human_Sol unit=Light Striker kind=move dst=(763,99,14)
[ORDER] commander=ai team=Team_Human_Centauri unit=Assault Car kind=move dst=(-1196,93,819)
[ORDER] commander=ai team=Team_Human_Centauri unit=Squad Transport kind=move dst=(52,72,468)
[ORDER] commander=ai team=Team_Human_Centauri unit=Squad Transport kind=move dst=(260,85,910)
[H1] team=Team_Human_Centauri fire=Refinery atBalterium=(-143,1183) refCount=4
[H2] team=Team_Human_Centauri fire=Headquarters argmaxCell=(42,49) val=88 atWorld=(200,480) hqCount=2
[H3] team=Team_Human_Centauri fire=Barracks nearHq=(-615,840)
[H3] team=Team_Human_Centauri fire=Research Facility nearHq=(-615,840)
[AI] [Team_Human_Centauri] tick=24 reqs=1 type={Construct:1} task={} prio(min/avg/max)=10/10.0/10 groups=0
[ORDER] commander=ai team=Team_Human_Sol unit=Scout kind=move dst=(1131,104,495)
[H1] team=Team_Human_Centauri constructed=Refinery atBalterium=(-803,1260) landedAt=(-810,1140) yaw=0 result=InsufficientResource
[ORDER] commander=ai team=Team_Alien unit=Squid kind=move dst=(-1013,60,-1108)
[ORDER] commander=ai team=Team_Alien unit=Squid kind=move dst=(-1013,60,-1108)
[ORDER] commander=ai team=Team_Alien unit=Squid kind=move dst=(-1013,60,-1108)
[ORDER] commander=ai team=Team_Human_Centauri unit=Assault Car kind=move dst=(-1291,115,1400)
[ORDER] commander=ai team=Team_Human_Centauri unit=Heavy Raider kind=move dst=(-1291,115,1400)
[ORDER] commander=ai team=Team_Alien unit=Squid kind=move dst=(-1214,27,-1213)
[ORDER] commander=ai team=Team_Alien unit=Squid kind=move dst=(-1214,27,-1213)
[ORDER] commander=ai team=Team_Alien unit=Crab kind=move dst=(-615,72,840)
[ORDER] commander=ai team=Team_Human_Sol unit=Rifleman kind=move dst=(0,0,0)
[ORDER] commander=ai team=Team_Human_Sol unit=Scout kind=move dst=(1223,92,1162)
[ORDER] commander=ai team=Team_Human_Sol unit=Scout kind=move dst=(1223,92,1162)
[ORDER] commander=ai team=Team_Human_Sol unit=Scout kind=move dst=(1223,92,1162)
[ORDER] commander=ai team=Team_Human_Sol unit=Rifleman kind=move dst=(1223,92,1162)
[H1] team=Team_Human_Sol fire=Refinery atBalterium=(780,475) refCount=2
[H2] team=Team_Human_Sol fire=Headquarters argmaxCell=(65,51) val=65 atWorld=(1120,560) hqCount=2
[H3] team=Team_Human_Sol fire=Barracks nearHq=(1035,30)
[H3] team=Team_Human_Sol fire=Research Facility nearHq=(1035,30)
[AI] [Team_Human_Sol] tick=24 reqs=2 type={Construct:2} task={} prio(min/avg/max)=7/8.5/10 groups=0
[H1] team=Team_Human_Centauri constructed=Refinery atBalterium=(-156,449) landedAt=(-285,315) yaw=0 result=InsufficientResource
[ORDER] commander=ai team=Team_Alien unit=Shocker kind=stop
[ORDER] commander=ai team=Team_Alien unit=Shocker kind=move dst=(-1048,51,-815)
[ORDER] commander=ai team=Team_Alien unit=Shocker kind=move dst=(-1048,51,-815)
[ORDER] commander=ai team=Team_Alien unit=Shocker kind=move dst=(-1048,51,-815)
[ORDER] commander=ai team=Team_Alien unit=Squid kind=move dst=(-1013,60,-1108)
[ORDER] commander=ai team=Team_Alien unit=Squid kind=move dst=(-1013,60,-1108)
[ORDER] commander=ai team=Team_Alien unit=Squid kind=move dst=(-1013,60,-1108)
[P31] team=Team_Alien preset=Harvest stock=Shrimp ours=Shrimp agree=True rationale=biotic scaling (have 9/60)
[ORDER] commander=ai team=Team_Alien unit=Hunter kind=move dst=(-136,51,-1238)
[ORDER] commander=ai team=Team_Alien unit=Hunter kind=attack tgt=Cent_Headquarters(Clone) (Target)
[AI] [Team_Alien] tick=24 reqs=4 type={Construct:4} task={} prio(min/avg/max)=10/45.5/81 groups=0
[ORDER] commander=ai team=Team_Human_Centauri unit=Assault Car kind=move dst=(-1291,115,1400)
[ORDER] commander=ai team=Team_Human_Centauri unit=Heavy Raider kind=move dst=(-1291,115,1400)
[ORDER] commander=ai team=Team_Alien unit=Squid kind=move dst=(-1214,27,-1213)
[ORDER] commander=ai team=Team_Alien unit=Squid kind=move dst=(-1214,27,-1213)
[ORDER] commander=ai team=Team_Human_Sol unit=Light Striker kind=move dst=(763,99,14)
[ORDER] commander=ai team=Team_Alien unit=Crab kind=move dst=(-960,59,-975)
[ORDER] commander=ai team=Team_Alien unit=Horned Crab kind=move dst=(-960,59,-975)
[ORDER] commander=ai team=Team_Alien unit=Horned Crab kind=move dst=(-960,59,-975)
[ORDER] commander=ai team=Team_Alien unit=Shocker kind=stop
[ORDER] commander=ai team=Team_Alien unit=Squid kind=move dst=(-1013,60,-1108)
[ORDER] commander=ai team=Team_Alien unit=Squid kind=move dst=(-1013,60,-1108)
[ORDER] commander=ai team=Team_Alien unit=Squid kind=move dst=(-1013,60,-1108)
[SPAWN_S] team=Team_Alien structure=Lesser Spawning Cyst at=(-1265,-1320)
[ORDER] commander=ai team=Team_Human_Centauri unit=Assault Car kind=move dst=(-1291,115,1400)
[ORDER] commander=ai team=Team_Human_Centauri unit=Heavy Raider kind=move dst=(-1291,115,1400)
[ORDER] commander=ai team=Team_Alien unit=Squid kind=move dst=(-1214,27,-1213)
[ORDER] commander=ai team=Team_Alien unit=Squid kind=move dst=(-1214,27,-1213)
[ORDER] commander=ai team=Team_Human_Sol unit=Light Striker kind=move dst=(763,99,14)
[ORDER] commander=ai team=Team_Human_Centauri unit=Heavy Raider kind=move dst=(-1196,93,819)
[ORDER] commander=ai team=Team_Human_Centauri unit=Squad Transport kind=move dst=(52,72,468)
[ORDER] commander=ai team=Team_Human_Centauri unit=Assault Car kind=move dst=(-1400,140,1216)
[H2] team=Team_Human_Centauri fire=Headquarters argmaxCell=(29,38) val=126 atWorld=(-320,40) hqCount=2
[AI] [Team_Human_Centauri] tick=25 reqs=1 type={Construct:1} task={} prio(min/avg/max)=10/10.0/10 groups=0
[ORDER] commander=ai team=Team_Human_Centauri unit=Assault Car kind=move dst=(-1400,140,1216)
[ORDER] commander=ai team=Team_Alien unit=Shocker kind=move dst=(-615,72,840)
[ORDER] commander=ai team=Team_Alien unit=Squid kind=move dst=(-1013,60,-1108)
[ORDER] commander=ai team=Team_Alien unit=Squid kind=move dst=(-1013,60,-1108)
[ORDER] commander=ai team=Team_Alien unit=Squid kind=move dst=(-1013,60,-1108)
[ORDER] commander=ai team=Team_Human_Centauri unit=Assault Car kind=move dst=(-1291,115,1400)
[ORDER] commander=ai team=Team_Human_Centauri unit=Heavy Raider kind=move dst=(-1291,115,1400)
[ORDER] commander=ai team=Team_Alien unit=Squid kind=move dst=(-1214,27,-1213)
[ORDER] commander=ai team=Team_Human_Sol unit=Light Striker kind=move dst=(763,99,14)
[ORDER] commander=ai team=Team_Alien unit=Shocker kind=move dst=(-615,72,840)
[ORDER] commander=ai team=Team_Human_Centauri unit=Assault Car kind=move dst=(-1400,140,1216)
[H1] team=Team_Human_Sol fire=Refinery atBalterium=(949,247) refCount=2
[H1] team=Team_Human_Sol fire=Refinery atBalterium=(858,-143) refCount=3
[H1] team=Team_Human_Sol fire=Refinery atBalterium=(1261,169) refCount=4
[H2] team=Team_Human_Sol fire=Headquarters argmaxCell=(50,57) val=46 atWorld=(520,800) hqCount=2
[AI] [Team_Human_Sol] tick=25 reqs=2 type={Construct:2} task={} prio(min/avg/max)=7/8.5/10 groups=0
[ORDER] commander=ai team=Team_Alien unit=Shocker kind=stop
[ORDER] commander=ai team=Team_Alien unit=Shocker kind=move dst=(-1048,51,-807)
[ORDER] commander=ai team=Team_Alien unit=Shocker kind=move dst=(-1048,51,-807)
[ORDER] commander=ai team=Team_Alien unit=Shocker kind=move dst=(-1048,51,-807)
[ORDER] commander=ai team=Team_Alien unit=Squid kind=move dst=(-1013,60,-1108)
[ORDER] commander=ai team=Team_Alien unit=Squid kind=move dst=(-1013,60,-1108)
[ORDER] commander=ai team=Team_Alien unit=Squid kind=move dst=(-1013,60,-1108)
[P31] team=Team_Alien preset=Harvest stock=Shrimp ours=Shrimp agree=True rationale=biotic scaling (have 9/60)
[ORDER] commander=ai team=Team_Alien unit=Hunter kind=move dst=(-136,51,-1238)
[ORDER] commander=ai team=Team_Alien unit=Hunter kind=attack tgt=Cent_Headquarters(Clone) (Target)
[AI] [Team_Alien] tick=25 reqs=4 type={Construct:4} task={} prio(min/avg/max)=10/45.5/81 groups=0
[ORDER] commander=ai team=Team_Human_Centauri unit=Assault Car kind=move dst=(-1291,115,1400)
[ORDER] commander=ai team=Team_Human_Centauri unit=Heavy Raider kind=move dst=(-1291,115,1400)
[ORDER] commander=ai team=Team_Alien unit=Squid kind=move dst=(-1214,27,-1213)
[ORDER] commander=ai team=Team_Alien unit=Squid kind=move dst=(-1214,27,-1213)
[ORDER] commander=ai team=Team_Human_Sol unit=Light Striker kind=move dst=(763,99,14)
[ORDER] commander=ai team=Team_Human_Centauri unit=Assault Car kind=move dst=(-1400,140,1216)
[ORDER] commander=ai team=Team_Alien unit=Shocker kind=move dst=(-1048,50,-801)
[ORDER] commander=ai team=Team_Alien unit=Shocker kind=move dst=(-1048,50,-801)
[ORDER] commander=ai team=Team_Alien unit=Shocker kind=move dst=(-1048,50,-801)
[ORDER] commander=ai team=Team_Alien unit=Squid kind=move dst=(-1013,60,-1108)
[ORDER] commander=ai team=Team_Alien unit=Squid kind=move dst=(-1013,60,-1108)
[ORDER] commander=ai team=Team_Alien unit=Squid kind=move dst=(-1013,60,-1108)
[ORDER] commander=ai team=Team_Human_Centauri unit=Assault Car kind=move dst=(-1291,115,1400)
[ORDER] commander=ai team=Team_Human_Centauri unit=Heavy Raider kind=move dst=(-1291,115,1400)
[ORDER] commander=ai team=Team_Alien unit=Squid kind=move dst=(-1214,27,-1213)
[ORDER] commander=ai team=Team_Alien unit=Squid kind=move dst=(-1214,27,-1213)
[ORDER] commander=ai team=Team_Human_Sol unit=Scout kind=stop
[ORDER] commander=ai team=Team_Human_Sol unit=Scout kind=move dst=(1112,82,-150)
[ORDER] commander=ai team=Team_Human_Sol unit=Scout kind=move dst=(1112,82,-150)
[ORDER] commander=ai team=Team_Human_Sol unit=Rifleman kind=move dst=(1112,82,-150)
[ORDER] commander=ai team=Team_Human_Sol unit=Light Striker kind=move dst=(763,99,14)
[ORDER] commander=ai team=Team_Human_Centauri unit=Squad Transport kind=move dst=(52,72,468)
[ORDER] commander=ai team=Team_Human_Centauri unit=Heavy Raider kind=move dst=(-858,53,-39)
[H1] team=Team_Human_Centauri fire=Refinery atBalterium=(-143,1183) refCount=4
[H2] team=Team_Human_Centauri fire=Headquarters argmaxCell=(36,47) val=90 atWorld=(-40,400) hqCount=2
[AI] [Team_Human_Centauri] tick=26 reqs=1 type={Construct:1} task={} prio(min/avg/max)=10/10.0/10 groups=0
[ORDER] commander=ai team=Team_Human_Centauri unit=Assault Car kind=move dst=(-1400,140,1216)
[ORDER] commander=ai team=Team_Alien unit=Shocker kind=move dst=(-615,72,840)
[ORDER] commander=ai team=Team_Alien unit=Squid kind=move dst=(-1013,60,-1108)
[ORDER] commander=ai team=Team_Alien unit=Squid kind=move dst=(-1013,60,-1108)
[ORDER] commander=ai team=Team_Alien unit=Squid kind=move dst=(-1013,60,-1108)
[ORDER] commander=ai team=Team_Human_Centauri unit=Assault Car kind=move dst=(-1291,115,1400)
[ORDER] commander=ai team=Team_Human_Centauri unit=Heavy Raider kind=move dst=(-1291,115,1400)
[ORDER] commander=ai team=Team_Alien unit=Squid kind=move dst=(-1214,27,-1213)
[ORDER] commander=ai team=Team_Alien unit=Squid kind=move dst=(-1214,27,-1213)
[ORDER] commander=ai team=Team_Human_Sol unit=Light Striker kind=move dst=(763,99,14)
[ORDER] commander=ai team=Team_Alien unit=Crab kind=move dst=(-948,51,-943)
[ORDER] commander=ai team=Team_Alien unit=Horned Crab kind=move dst=(-948,51,-943)
[ORDER] commander=ai team=Team_Alien unit=Horned Crab kind=move dst=(-948,51,-943)
[ORDER] commander=ai team=Team_Alien unit=Shocker kind=stop
[ORDER] commander=ai team=Team_Human_Centauri unit=Assault Car kind=move dst=(-1400,140,1216)
[H1] team=Team_Human_Sol fire=Refinery atBalterium=(780,475) refCount=2
[H2] team=Team_Human_Sol fire=Headquarters argmaxCell=(50,57) val=46 atWorld=(520,800) hqCount=2
[H3] team=Team_Human_Sol fire=Barracks nearHq=(1035,30)
[H3] team=Team_Human_Sol fire=Research Facility nearHq=(1035,30)
[AI] [Team_Human_Sol] tick=26 reqs=2 type={Construct:2} task={} prio(min/avg/max)=7/8.5/10 groups=0
[ORDER] commander=ai team=Team_Alien unit=Squid kind=move dst=(-1013,60,-1108)
[ORDER] commander=ai team=Team_Alien unit=Squid kind=move dst=(-1013,60,-1108)
[ORDER] commander=ai team=Team_Alien unit=Squid kind=move dst=(-1013,60,-1108)
[P31] team=Team_Alien preset=Harvest stock=Shrimp ours=Shrimp agree=True rationale=biotic scaling (have 9/60)
[ORDER] commander=ai team=Team_Alien unit=Hunter kind=move dst=(-136,51,-1238)
[ORDER] commander=ai team=Team_Alien unit=Hunter kind=attack tgt=Cent_Headquarters(Clone) (Target)
[AI] [Team_Alien] tick=26 reqs=4 type={Construct:4} task={} prio(min/avg/max)=10/45.5/81 groups=0
[ORDER] commander=ai team=Team_Alien unit=Hunter kind=move dst=(-615,72,840)
[ORDER] commander=ai team=Team_Human_Centauri unit=Assault Car kind=move dst=(-1291,115,1400)
[ORDER] commander=ai team=Team_Human_Centauri unit=Heavy Raider kind=move dst=(-1291,115,1400)
[ORDER] commander=ai team=Team_Alien unit=Squid kind=move dst=(-1214,27,-1213)
[ORDER] commander=ai team=Team_Alien unit=Squid kind=move dst=(-1214,27,-1213)
[ORDER] commander=ai team=Team_Human_Sol unit=Scout kind=move dst=(1314,71,-845)
[ORDER] commander=ai team=Team_Human_Sol unit=Rifleman kind=move dst=(1314,71,-845)
[ORDER] commander=ai team=Team_Human_Sol unit=Light Striker kind=move dst=(763,99,14)
[ORDER] commander=ai team=Team_Alien unit=Crab kind=move dst=(-948,50,-940)
[ORDER] commander=ai team=Team_Alien unit=Horned Crab kind=move dst=(-948,50,-940)
[ORDER] commander=ai team=Team_Alien unit=Horned Crab kind=move dst=(-948,50,-940)
[ORDER] commander=ai team=Team_Human_Centauri unit=Assault Car kind=move dst=(-1400,140,1216)
[ORDER] commander=ai team=Team_Alien unit=Shocker kind=stop
[ORDER] commander=ai team=Team_Alien unit=Shocker kind=move dst=(-1048,50,-779)
[ORDER] commander=ai team=Team_Alien unit=Shocker kind=move dst=(-1048,50,-779)
[ORDER] commander=ai team=Team_Alien unit=Shocker kind=move dst=(-1048,50,-779)
[ORDER] commander=ai team=Team_Alien unit=Squid kind=move dst=(-1013,60,-1108)
[ORDER] commander=ai team=Team_Alien unit=Squid kind=move dst=(-1013,60,-1108)
[ORDER] commander=ai team=Team_Alien unit=Squid kind=move dst=(-1013,60,-1108)
[ORDER] commander=ai team=Team_Human_Centauri unit=Assault Car kind=move dst=(-1291,115,1400)
[ORDER] commander=ai team=Team_Human_Centauri unit=Heavy Raider kind=move dst=(-1291,115,1400)
[ORDER] commander=ai team=Team_Alien unit=Squid kind=move dst=(-1214,27,-1213)
[ORDER] commander=ai team=Team_Alien unit=Squid kind=move dst=(-1214,27,-1213)
[ORDER] commander=ai team=Team_Human_Sol unit=Scout kind=move dst=(1314,71,-845)
[ORDER] commander=ai team=Team_Human_Sol unit=Scout kind=move dst=(1314,71,-845)
[ORDER] commander=ai team=Team_Human_Sol unit=Light Striker kind=move dst=(763,99,14)
[ORDER] commander=ai team=Team_Human_Centauri unit=Squad Transport kind=move dst=(52,72,468)
[H2] team=Team_Human_Centauri fire=Headquarters argmaxCell=(35,58) val=78 atWorld=(-80,840) hqCount=2
[AI] [Team_Human_Centauri] tick=27 reqs=1 type={Construct:1} task={} prio(min/avg/max)=10/10.0/10 groups=0
[ORDER] commander=ai team=Team_Alien unit=Shocker kind=move dst=(-615,72,840)
[ORDER] commander=ai team=Team_Human_Centauri unit=Assault Car kind=move dst=(-1400,140,1216)
[ORDER] commander=ai team=Team_Alien unit=Shocker kind=move dst=(-1048,50,-776)
[ORDER] commander=ai team=Team_Alien unit=Shocker kind=move dst=(-1048,50,-776)
[ORDER] commander=ai team=Team_Alien unit=Shocker kind=move dst=(-1048,50,-776)
[ORDER] commander=ai team=Team_Alien unit=Squid kind=move dst=(-1013,60,-1108)
[ORDER] commander=ai team=Team_Alien unit=Squid kind=move dst=(-1013,60,-1108)
[ORDER] commander=ai team=Team_Alien unit=Squid kind=move dst=(-1013,60,-1108)
[ORDER] commander=ai team=Team_Human_Centauri unit=Assault Car kind=move dst=(-1291,115,1400)
[ORDER] commander=ai team=Team_Human_Centauri unit=Heavy Raider kind=move dst=(-1291,115,1400)
[ORDER] commander=ai team=Team_Alien unit=Squid kind=move dst=(-1214,27,-1213)
[ORDER] commander=ai team=Team_Alien unit=Squid kind=move dst=(-1214,27,-1213)
[ORDER] commander=ai team=Team_Human_Sol unit=Scout kind=stop
[ORDER] commander=ai team=Team_Human_Sol unit=Scout kind=move dst=(1122,83,-165)
[ORDER] commander=ai team=Team_Human_Sol unit=Scout kind=move dst=(1122,83,-165)
[ORDER] commander=ai team=Team_Human_Sol unit=Rifleman kind=move dst=(1122,83,-165)
[ORDER] commander=ai team=Team_Alien unit=Horned Crab kind=move dst=(-615,72,840)
[ORDER] commander=ai team=Team_Human_Centauri unit=Assault Car kind=move dst=(-1400,140,1216)
[H1] team=Team_Human_Sol fire=Refinery atBalterium=(949,247) refCount=2
[H1] team=Team_Human_Sol fire=Refinery atBalterium=(858,-143) refCount=3
[H1] team=Team_Human_Sol fire=Refinery atBalterium=(1261,169) refCount=4
[H2] team=Team_Human_Sol fire=Headquarters argmaxCell=(50,57) val=46 atWorld=(520,800) hqCount=2
[AI] [Team_Human_Sol] tick=27 reqs=2 type={Construct:2} task={} prio(min/avg/max)=7/8.5/10 groups=0
[ORDER] commander=ai team=Team_Alien unit=Shocker kind=move dst=(-615,72,840)
[ORDER] commander=ai team=Team_Alien unit=Squid kind=move dst=(-1013,60,-1108)
[ORDER] commander=ai team=Team_Alien unit=Squid kind=move dst=(-1013,60,-1108)
[ORDER] commander=ai team=Team_Alien unit=Squid kind=move dst=(-1013,60,-1108)
[P31] team=Team_Alien preset=Harvest stock=Shrimp ours=Shrimp agree=True rationale=biotic scaling (have 9/60)
[ORDER] commander=ai team=Team_Alien unit=Hunter kind=move dst=(-136,51,-1238)
[ORDER] commander=ai team=Team_Alien unit=Hunter kind=attack tgt=Cent_Headquarters(Clone) (Target)
[P32] team=Team_Alien fire=Node towardPatchAt=(-828,-690) distToOwned=320m nodesOwned=5 anchorAt=(-1110,-1170)
[AI] [Team_Alien] tick=27 reqs=4 type={Construct:4} task={} prio(min/avg/max)=10/45.5/81 groups=0
[ORDER] commander=ai team=Team_Alien unit=Hunter kind=move dst=(-615,72,840)
[ORDER] commander=ai team=Team_Human_Centauri unit=Assault Car kind=move dst=(-1291,115,1400)
[ORDER] commander=ai team=Team_Human_Centauri unit=Heavy Raider kind=move dst=(-1291,115,1400)
[ORDER] commander=ai team=Team_Alien unit=Squid kind=move dst=(-1214,27,-1213)
[ORDER] commander=ai team=Team_Alien unit=Squid kind=move dst=(-1214,27,-1213)
[ORDER] commander=ai team=Team_Human_Sol unit=Scout kind=move dst=(1314,71,-845)
[ORDER] commander=ai team=Team_Human_Sol unit=Rifleman kind=move dst=(1314,71,-845)
[ORDER] commander=ai team=Team_Human_Centauri unit=Assault Car kind=move dst=(-1400,140,1216)
[ORDER] commander=ai team=Team_Human_Centauri unit=Squad Transport kind=move dst=(-464,64,1150)
[ORDER] commander=ai team=Team_Alien unit=Squid kind=move dst=(-1013,60,-1108)
[ORDER] commander=ai team=Team_Alien unit=Squid kind=move dst=(-1013,60,-1108)
[ORDER] commander=ai team=Team_Alien unit=Squid kind=move dst=(-1013,60,-1108)
[ORDER] commander=ai team=Team_Human_Centauri unit=Assault Car kind=move dst=(-1291,115,1400)
[ORDER] commander=ai team=Team_Human_Centauri unit=Heavy Raider kind=move dst=(-1291,115,1400)
[ORDER] commander=ai team=Team_Human_Centauri unit=Heavy Raider kind=move dst=(-1291,115,1400)
[ORDER] commander=ai team=Team_Alien unit=Squid kind=move dst=(-1214,27,-1213)
[ORDER] commander=ai team=Team_Alien unit=Squid kind=move dst=(-1214,27,-1213)
[ORDER] commander=ai team=Team_Human_Sol unit=Scout kind=move dst=(1314,71,-845)
[ORDER] commander=ai team=Team_Human_Sol unit=Scout kind=move dst=(1314,71,-845)
[ORDER] commander=ai team=Team_Human_Centauri unit=Squad Transport kind=move dst=(52,72,468)
[ORDER] commander=ai team=Team_Human_Centauri unit=Light Raider kind=move dst=(-185,29,-165)
[ORDER] commander=ai team=Team_Human_Centauri unit=Light Raider kind=move dst=(-185,29,-165)
[ORDER] commander=ai team=Team_Human_Centauri unit=Heavy Raider kind=move dst=(-185,29,-165)
[H1] team=Team_Human_Centauri fire=Refinery atBalterium=(-143,1183) refCount=4
[H2] team=Team_Human_Centauri fire=Headquarters argmaxCell=(35,58) val=78 atWorld=(-80,840) hqCount=2
[AI] [Team_Human_Centauri] tick=28 reqs=1 type={Construct:1} task={} prio(min/avg/max)=10/10.0/10 groups=0
[ORDER] commander=ai team=Team_Human_Centauri unit=Assault Car kind=move dst=(-1400,140,1216)
[ORDER] commander=ai team=Team_Alien unit=Squid kind=move dst=(-1013,60,-1108)
[ORDER] commander=ai team=Team_Alien unit=Squid kind=move dst=(-1013,60,-1108)
[ORDER] commander=ai team=Team_Alien unit=Squid kind=move dst=(-1013,60,-1108)
[ORDER] commander=ai team=Team_Human_Centauri unit=Assault Car kind=move dst=(-1291,115,1400)
[ORDER] commander=ai team=Team_Human_Centauri unit=Heavy Raider kind=move dst=(-1291,115,1400)
[ORDER] commander=ai team=Team_Human_Centauri unit=Heavy Raider kind=move dst=(-1291,115,1400)
[ORDER] commander=ai team=Team_Alien unit=Squid kind=move dst=(-1214,27,-1213)
[ORDER] commander=ai team=Team_Alien unit=Squid kind=move dst=(-1214,27,-1213)
[ORDER] commander=ai team=Team_Human_Sol unit=Light Quad kind=move dst=(467,57,-445)
[ORDER] commander=ai team=Team_Human_Centauri unit=Assault Car kind=move dst=(-1400,140,1216)
[ORDER] commander=ai team=Team_Human_Sol unit=Platoon Hauler kind=attack tgt=SpecialContainer_Long_01_Small(Clone) (Target)
[H1] team=Team_Human_Sol fire=Refinery atBalterium=(780,475) refCount=2
[H2] team=Team_Human_Sol fire=Headquarters argmaxCell=(50,57) val=46 atWorld=(520,800) hqCount=2
[H3] team=Team_Human_Sol fire=Barracks nearHq=(1035,30)
[H3] team=Team_Human_Sol fire=Research Facility nearHq=(1035,30)
[AI] [Team_Human_Sol] tick=28 reqs=2 type={Construct:2} task={} prio(min/avg/max)=7/8.5/10 groups=0
[ORDER] commander=ai team=Team_Alien unit=Squid kind=move dst=(-1013,60,-1108)
[ORDER] commander=ai team=Team_Alien unit=Squid kind=move dst=(-1013,60,-1108)
[ORDER] commander=ai team=Team_Alien unit=Squid kind=move dst=(-1013,60,-1108)
[P31] team=Team_Alien preset=Harvest stock=Shrimp ours=Shrimp agree=True rationale=biotic scaling (have 9/60)
[ORDER] commander=ai team=Team_Alien unit=Hunter kind=move dst=(-136,51,-1238)
[ORDER] commander=ai team=Team_Alien unit=Hunter kind=attack tgt=Cent_Headquarters(Clone) (Target)
[P32] team=Team_Alien fire=Node towardPatchAt=(-1266,-692) distToOwned=412m nodesOwned=6 anchorAt=(-1110,-1170)
[AI] [Team_Alien] tick=28 reqs=4 type={Construct:4} task={} prio(min/avg/max)=10/45.5/81 groups=0
[ORDER] commander=ai team=Team_Alien unit=Hunter kind=move dst=(-615,72,840)
[ORDER] commander=ai team=Team_Human_Centauri unit=Assault Car kind=move dst=(-1291,115,1400)
[ORDER] commander=ai team=Team_Human_Centauri unit=Heavy Raider kind=move dst=(-1291,115,1400)
[ORDER] commander=ai team=Team_Human_Centauri unit=Heavy Raider kind=move dst=(-1291,115,1400)
[ORDER] commander=ai team=Team_Alien unit=Squid kind=move dst=(-1214,27,-1213)
[ORDER] commander=ai team=Team_Alien unit=Squid kind=move dst=(-1214,27,-1213)
[ORDER] commander=ai team=Team_Human_Centauri unit=Assault Car kind=move dst=(-1400,140,1216)
[ORDER] commander=ai team=Team_Human_Sol unit=Platoon Hauler kind=move dst=(654,110,434)
[ORDER] commander=ai team=Team_Alien unit=Shocker kind=stop
[ORDER] commander=ai team=Team_Alien unit=Shocker kind=move dst=(-1045,50,-722)
[ORDER] commander=ai team=Team_Alien unit=Shocker kind=move dst=(-1045,50,-722)
[ORDER] commander=ai team=Team_Alien unit=Shocker kind=move dst=(-1045,50,-722)
[ORDER] commander=ai team=Team_Alien unit=Squid kind=move dst=(-1013,60,-1108)
[ORDER] commander=ai team=Team_Alien unit=Squid kind=move dst=(-1013,60,-1108)
[ORDER] commander=ai team=Team_Alien unit=Squid kind=move dst=(-1013,60,-1108)
[ORDER] commander=ai team=Team_Human_Centauri unit=Assault Car kind=move dst=(-1291,115,1400)
[ORDER] commander=ai team=Team_Human_Centauri unit=Heavy Raider kind=move dst=(-1291,115,1400)
[ORDER] commander=ai team=Team_Human_Centauri unit=Heavy Raider kind=move dst=(-1291,115,1400)
[ORDER] commander=ai team=Team_Alien unit=Squid kind=move dst=(-1214,27,-1213)
[ORDER] commander=ai team=Team_Alien unit=Squid kind=move dst=(-1214,27,-1213)
[ORDER] commander=ai team=Team_Human_Centauri unit=Squad Transport kind=move dst=(52,72,468)
[ORDER] commander=ai team=Team_Human_Centauri unit=Squad Transport kind=move dst=(-392,70,511)
[H2] team=Team_Human_Centauri fire=Headquarters argmaxCell=(35,58) val=78 atWorld=(-80,840) hqCount=2
[AI] [Team_Human_Centauri] tick=29 reqs=1 type={Construct:1} task={} prio(min/avg/max)=10/10.0/10 groups=0
[ORDER] commander=ai team=Team_Human_Centauri unit=Assault Car kind=move dst=(-1400,140,1216)
[ORDER] commander=ai team=Team_Human_Sol unit=Platoon Hauler kind=move dst=(654,110,434)
[ORDER] commander=ai team=Team_Alien unit=Shocker kind=move dst=(-1040,48,-714)
[ORDER] commander=ai team=Team_Alien unit=Shocker kind=move dst=(-1040,48,-714)
[ORDER] commander=ai team=Team_Alien unit=Shocker kind=move dst=(-1040,48,-714)
[ORDER] commander=ai team=Team_Alien unit=Squid kind=move dst=(-1013,60,-1108)
[ORDER] commander=ai team=Team_Alien unit=Squid kind=move dst=(-1013,60,-1108)
[ORDER] commander=ai team=Team_Alien unit=Squid kind=move dst=(-1013,60,-1108)
[ORDER] commander=ai team=Team_Human_Centauri unit=Assault Car kind=move dst=(-1291,115,1400)
[ORDER] commander=ai team=Team_Human_Centauri unit=Heavy Raider kind=move dst=(-1291,115,1400)
[ORDER] commander=ai team=Team_Human_Centauri unit=Heavy Raider kind=move dst=(-1291,115,1400)
[ORDER] commander=ai team=Team_Alien unit=Squid kind=move dst=(-1214,27,-1213)
[ORDER] commander=ai team=Team_Alien unit=Squid kind=move dst=(-1214,27,-1213)
[ORDER] commander=ai team=Team_Human_Sol unit=Light Raider kind=move dst=(1343,84,-336)
[ORDER] commander=ai team=Team_Human_Sol unit=Light Raider kind=move dst=(1343,84,-336)
[ORDER] commander=ai team=Team_Human_Centauri unit=Assault Car kind=move dst=(-1400,140,1216)
[ORDER] commander=ai team=Team_Human_Sol unit=Light Quad kind=move dst=(740,75,-243)
[ORDER] commander=ai team=Team_Human_Sol unit=Light Quad kind=move dst=(740,75,-243)
[H1] team=Team_Human_Sol fire=Refinery atBalterium=(949,247) refCount=2
[H1] team=Team_Human_Sol fire=Refinery atBalterium=(858,-143) refCount=3
[H1] team=Team_Human_Sol fire=Refinery atBalterium=(1261,169) refCount=4
[H2] team=Team_Human_Sol fire=Headquarters argmaxCell=(50,57) val=46 atWorld=(520,800) hqCount=2
[AI] [Team_Human_Sol] tick=29 reqs=2 type={Construct:2} task={} prio(min/avg/max)=7/8.5/10 groups=0
[ORDER] commander=ai team=Team_Human_Sol unit=Platoon Hauler kind=move dst=(654,110,434)
[ORDER] commander=ai team=Team_Alien unit=Squid kind=move dst=(-1013,60,-1108)
[ORDER] commander=ai team=Team_Alien unit=Squid kind=move dst=(-1013,60,-1108)
[ORDER] commander=ai team=Team_Alien unit=Squid kind=move dst=(-1013,60,-1108)
[P31] team=Team_Alien preset=Harvest stock=Shrimp ours=Shrimp agree=True rationale=biotic scaling (have 9/60)
[ORDER] commander=ai team=Team_Alien unit=Hunter kind=move dst=(-136,51,-1238)
[ORDER] commander=ai team=Team_Alien unit=Hunter kind=attack tgt=Cent_Headquarters(Clone) (Target)
[AI] [Team_Alien] tick=29 reqs=4 type={Construct:4} task={} prio(min/avg/max)=10/45.5/81 groups=0
[ORDER] commander=ai team=Team_Alien unit=Hunter kind=move dst=(-615,72,840)
[SPAWN_U] team=Team_Alien unit=Shrimp
[ORDER] commander=ai team=Team_Human_Centauri unit=Assault Car kind=move dst=(-1291,115,1400)
[ORDER] commander=ai team=Team_Human_Centauri unit=Heavy Raider kind=move dst=(-1291,115,1400)
[ORDER] commander=ai team=Team_Human_Centauri unit=Heavy Raider kind=move dst=(-1291,115,1400)
[ORDER] commander=ai team=Team_Alien unit=Squid kind=move dst=(-1214,27,-1213)
[ORDER] commander=ai team=Team_Alien unit=Squid kind=move dst=(-1214,27,-1213)
[ORDER] commander=ai team=Team_Human_Sol unit=Light Raider kind=move dst=(0,0,0)
[ORDER] commander=ai team=Team_Human_Centauri unit=Assault Car kind=move dst=(-1400,140,1216)
[ORDER] commander=ai team=Team_Human_Sol unit=Platoon Hauler kind=move dst=(654,110,434)
[ORDER] commander=ai team=Team_Alien unit=Shocker kind=move dst=(-615,72,840)
[ORDER] commander=ai team=Team_Alien unit=Squid kind=move dst=(-1013,60,-1108)
[ORDER] commander=ai team=Team_Alien unit=Squid kind=move dst=(-1013,60,-1108)
[ORDER] commander=ai team=Team_Alien unit=Squid kind=move dst=(-1013,60,-1108)
[ORDER] commander=ai team=Team_Human_Centauri unit=Assault Car kind=move dst=(-1291,115,1400)
[ORDER] commander=ai team=Team_Human_Centauri unit=Heavy Raider kind=move dst=(-1291,115,1400)
[ORDER] commander=ai team=Team_Human_Centauri unit=Heavy Raider kind=move dst=(-1291,115,1400)
[ORDER] commander=ai team=Team_Alien unit=Squid kind=move dst=(-1214,27,-1213)
[ORDER] commander=ai team=Team_Alien unit=Squid kind=move dst=(-1214,27,-1213)
[ORDER] commander=ai team=Team_Human_Sol unit=Light Striker kind=move dst=(763,99,14)
[ORDER] commander=ai team=Team_Human_Sol unit=Light Striker kind=move dst=(763,99,14)
[ORDER] commander=ai team=Team_Human_Centauri unit=Squad Transport kind=move dst=(52,72,468)
[H1] team=Team_Human_Centauri fire=Refinery atBalterium=(-143,1183) refCount=4
[H2] team=Team_Human_Centauri fire=Headquarters argmaxCell=(35,58) val=78 atWorld=(-80,840) hqCount=2
[AI] [Team_Human_Centauri] tick=30 reqs=1 type={Construct:1} task={} prio(min/avg/max)=10/10.0/10 groups=0
[ORDER] commander=ai team=Team_Human_Centauri unit=Assault Car kind=move dst=(-1400,140,1216)
[ORDER] commander=ai team=Team_Human_Sol unit=Platoon Hauler kind=move dst=(654,110,434)
[ORDER] commander=ai team=Team_Alien unit=Squid kind=move dst=(-1013,60,-1108)
[ORDER] commander=ai team=Team_Alien unit=Squid kind=move dst=(-1013,60,-1108)
[ORDER] commander=ai team=Team_Alien unit=Squid kind=move dst=(-1013,60,-1108)
[ORDER] commander=ai team=Team_Human_Centauri unit=Assault Car kind=move dst=(-1291,115,1400)
[ORDER] commander=ai team=Team_Human_Centauri unit=Heavy Raider kind=move dst=(-1291,115,1400)
[ORDER] commander=ai team=Team_Human_Centauri unit=Heavy Raider kind=move dst=(-1291,115,1400)
[ORDER] commander=ai team=Team_Alien unit=Squid kind=move dst=(-1214,27,-1213)
[ORDER] commander=ai team=Team_Alien unit=Squid kind=move dst=(-1214,27,-1213)
[ORDER] commander=ai team=Team_Human_Sol unit=Light Striker kind=move dst=(763,99,14)
[ORDER] commander=ai team=Team_Human_Centauri unit=Assault Car kind=move dst=(-1400,140,1216)
[ORDER] commander=ai team=Team_Human_Sol unit=Light Raider kind=move dst=(868,81,-705)
[ORDER] commander=ai team=Team_Human_Sol unit=Light Raider kind=move dst=(868,81,-705)
[ORDER] commander=ai team=Team_Human_Sol unit=Heavy Quad kind=move dst=(868,81,-705)
[H1] team=Team_Human_Sol fire=Refinery atBalterium=(780,475) refCount=2
[H2] team=Team_Human_Sol fire=Headquarters argmaxCell=(50,57) val=46 atWorld=(520,800) hqCount=2
[H3] team=Team_Human_Sol fire=Barracks nearHq=(1035,30)
[H3] team=Team_Human_Sol fire=Research Facility nearHq=(1035,30)
[AI] [Team_Human_Sol] tick=30 reqs=2 type={Construct:2} task={} prio(min/avg/max)=7/8.5/10 groups=0
[ORDER] commander=ai team=Team_Human_Sol unit=Platoon Hauler kind=move dst=(654,110,434)
[ORDER] commander=ai team=Team_Alien unit=Squid kind=move dst=(-1013,60,-1108)
[ORDER] commander=ai team=Team_Alien unit=Squid kind=move dst=(-1013,60,-1108)
[ORDER] commander=ai team=Team_Alien unit=Squid kind=move dst=(-1013,60,-1108)
[P31] team=Team_Alien preset=Harvest stock=Shrimp ours=Shrimp agree=True rationale=biotic scaling (have 10/60)
[ORDER] commander=ai team=Team_Alien unit=Hunter kind=move dst=(-136,51,-1238)
[ORDER] commander=ai team=Team_Alien unit=Hunter kind=attack tgt=Cent_Headquarters(Clone) (Target)
[AI] [Team_Alien] tick=30 reqs=4 type={Construct:4} task={} prio(min/avg/max)=10/39.5/62 groups=0
[SPAWN_U] team=Team_Alien unit=Shrimp
[ORDER] commander=ai team=Team_Alien unit=Hunter kind=move dst=(-615,72,840)
[ORDER] commander=ai team=Team_Human_Centauri unit=Assault Car kind=move dst=(-1291,115,1400)
[ORDER] commander=ai team=Team_Human_Centauri unit=Heavy Raider kind=move dst=(-1291,115,1400)
[ORDER] commander=ai team=Team_Human_Centauri unit=Heavy Raider kind=move dst=(-1291,115,1400)
[ORDER] commander=ai team=Team_Alien unit=Squid kind=move dst=(-1214,27,-1213)
[ORDER] commander=ai team=Team_Alien unit=Squid kind=move dst=(-1214,27,-1213)
[ORDER] commander=ai team=Team_Human_Sol unit=Light Striker kind=move dst=(763,99,14)
[ORDER] commander=ai team=Team_Alien unit=Horned Crab kind=move dst=(-615,72,840)
[ORDER] commander=ai team=Team_Human_Centauri unit=Assault Car kind=move dst=(-1400,140,1216)
[ORDER] commander=ai team=Team_Human_Centauri unit=Light Raider kind=move dst=(121,59,1173)
[ORDER] commander=ai team=Team_Human_Sol unit=Platoon Hauler kind=move dst=(654,110,434)
[ORDER] commander=ai team=Team_Alien unit=Squid kind=move dst=(-1013,60,-1108)
[ORDER] commander=ai team=Team_Alien unit=Squid kind=move dst=(-1013,60,-1108)
[ORDER] commander=ai team=Team_Alien unit=Squid kind=move dst=(-1013,60,-1108)
[ORDER] commander=ai team=Team_Human_Centauri unit=Assault Car kind=move dst=(-1291,115,1400)
[ORDER] commander=ai team=Team_Human_Centauri unit=Heavy Raider kind=move dst=(-1291,115,1400)
[ORDER] commander=ai team=Team_Human_Centauri unit=Heavy Raider kind=move dst=(-1291,115,1400)
[ORDER] commander=ai team=Team_Alien unit=Squid kind=move dst=(-1214,27,-1213)
[ORDER] commander=ai team=Team_Alien unit=Squid kind=move dst=(-1214,27,-1213)
[ORDER] commander=ai team=Team_Human_Sol unit=Light Striker kind=move dst=(763,99,14)
[ORDER] commander=ai team=Team_Human_Sol unit=Light Striker kind=move dst=(763,99,14)
[ORDER] commander=ai team=Team_Human_Centauri unit=Light Raider kind=move dst=(121,59,1173)
[ORDER] commander=ai team=Team_Human_Centauri unit=Light Raider kind=move dst=(121,59,1173)
[ORDER] commander=ai team=Team_Human_Centauri unit=Squad Transport kind=move dst=(-1261,67,-20)
[H2] team=Team_Human_Centauri fire=Headquarters argmaxCell=(35,58) val=78 atWorld=(-80,840) hqCount=2
[AI] [Team_Human_Centauri] tick=31 reqs=1 type={Construct:1} task={} prio(min/avg/max)=10/10.0/10 groups=0
[ORDER] commander=ai team=Team_Human_Centauri unit=Assault Car kind=move dst=(-1400,140,1216)
[ORDER] commander=ai team=Team_Human_Sol unit=Platoon Hauler kind=move dst=(654,110,434)
[ORDER] commander=ai team=Team_Alien unit=Squid kind=move dst=(-1013,60,-1108)
[ORDER] commander=ai team=Team_Alien unit=Squid kind=move dst=(-1013,60,-1108)
[ORDER] commander=ai team=Team_Alien unit=Squid kind=move dst=(-1013,60,-1108)
[ORDER] commander=ai team=Team_Human_Centauri unit=Assault Car kind=move dst=(-1291,115,1400)
[ORDER] commander=ai team=Team_Human_Centauri unit=Heavy Raider kind=move dst=(-1291,115,1400)
[ORDER] commander=ai team=Team_Human_Centauri unit=Heavy Raider kind=move dst=(-1291,115,1400)
[ORDER] commander=ai team=Team_Alien unit=Squid kind=move dst=(-1214,27,-1213)
[ORDER] commander=ai team=Team_Alien unit=Squid kind=move dst=(-1214,27,-1213)
[ORDER] commander=ai team=Team_Human_Sol unit=Light Striker kind=move dst=(763,99,14)
[ORDER] commander=ai team=Team_Human_Centauri unit=Assault Car kind=move dst=(-1400,140,1216)
[H1] team=Team_Human_Sol fire=Refinery atBalterium=(949,247) refCount=2
[H1] team=Team_Human_Sol fire=Refinery atBalterium=(858,-143) refCount=3
[H1] team=Team_Human_Sol fire=Refinery atBalterium=(1261,169) refCount=4
[H2] team=Team_Human_Sol fire=Headquarters argmaxCell=(50,57) val=46 atWorld=(520,800) hqCount=2
[AI] [Team_Human_Sol] tick=31 reqs=2 type={Construct:2} task={} prio(min/avg/max)=7/8.5/10 groups=0
[ORDER] commander=ai team=Team_Human_Sol unit=Platoon Hauler kind=move dst=(654,110,434)
[ORDER] commander=ai team=Team_Alien unit=Squid kind=move dst=(-1013,60,-1108)
[ORDER] commander=ai team=Team_Alien unit=Squid kind=move dst=(-1013,60,-1108)
[ORDER] commander=ai team=Team_Alien unit=Squid kind=move dst=(-1013,60,-1108)
[P31] team=Team_Alien preset=Harvest stock=Shrimp ours=Shrimp agree=True rationale=biotic scaling (have 11/60)
[ORDER] commander=ai team=Team_Alien unit=Hunter kind=move dst=(-136,51,-1238)
[ORDER] commander=ai team=Team_Alien unit=Hunter kind=attack tgt=Cent_Headquarters(Clone) (Target)
[AI] [Team_Alien] tick=31 reqs=4 type={Construct:4} task={} prio(min/avg/max)=10/33.8/50 groups=0
[ORDER] commander=ai team=Team_Alien unit=Hunter kind=move dst=(-615,72,840)
[ORDER] commander=ai team=Team_Human_Centauri unit=Light Raider kind=move dst=(-337,66,633)
[ORDER] commander=ai team=Team_Human_Centauri unit=Light Raider kind=move dst=(-337,66,633)
[ORDER] commander=ai team=Team_Human_Centauri unit=Heavy Raider kind=stop
[ORDER] commander=ai team=Team_Human_Centauri unit=Assault Car kind=move dst=(-1291,115,1400)
[ORDER] commander=ai team=Team_Human_Centauri unit=Heavy Raider kind=move dst=(-1291,115,1400)
[ORDER] commander=ai team=Team_Human_Centauri unit=Heavy Raider kind=move dst=(-1291,115,1400)
[ORDER] commander=ai team=Team_Alien unit=Squid kind=move dst=(-1214,27,-1213)
[ORDER] commander=ai team=Team_Alien unit=Squid kind=move dst=(-1214,27,-1213)
[ORDER] commander=ai team=Team_Human_Sol unit=Light Striker kind=move dst=(763,99,14)
[ORDER] commander=ai team=Team_Human_Centauri unit=Assault Car kind=move dst=(-1400,140,1216)
[ORDER] commander=ai team=Team_Human_Sol unit=Platoon Hauler kind=move dst=(654,110,434)
[ORDER] commander=ai team=Team_Human_Centauri unit=Squad Transport kind=move dst=(-1232,88,796)
[ORDER] commander=ai team=Team_Alien unit=Squid kind=move dst=(-1013,60,-1108)
[ORDER] commander=ai team=Team_Alien unit=Squid kind=move dst=(-1013,60,-1108)
[ORDER] commander=ai team=Team_Alien unit=Squid kind=move dst=(-1013,60,-1108)
[ORDER] commander=ai team=Team_Human_Centauri unit=Light Raider kind=move dst=(-335,66,628)
[ORDER] commander=ai team=Team_Human_Centauri unit=Light Raider kind=move dst=(-335,66,628)
[ORDER] commander=ai team=Team_Human_Centauri unit=Assault Car kind=move dst=(-1291,115,1400)
[ORDER] commander=ai team=Team_Human_Centauri unit=Heavy Raider kind=move dst=(-1291,115,1400)
[ORDER] commander=ai team=Team_Human_Centauri unit=Heavy Raider kind=move dst=(-1291,115,1400)
[ORDER] commander=ai team=Team_Alien unit=Squid kind=move dst=(-1214,27,-1213)
[ORDER] commander=ai team=Team_Alien unit=Squid kind=move dst=(-1214,27,-1213)
[ORDER] commander=ai team=Team_Human_Sol unit=Light Striker kind=move dst=(763,99,14)
[ORDER] commander=ai team=Team_Human_Centauri unit=Light Raider kind=move dst=(121,59,1173)
[ORDER] commander=ai team=Team_Human_Centauri unit=Light Raider kind=move dst=(121,59,1173)
[ORDER] commander=ai team=Team_Human_Centauri unit=Heavy Raider kind=move dst=(-884,57,-167)
[ORDER] commander=ai team=Team_Human_Centauri unit=Light Raider kind=move dst=(-858,53,-39)
[ORDER] commander=ai team=Team_Human_Centauri unit=Light Raider kind=move dst=(-858,53,-39)
[ORDER] commander=ai team=Team_Human_Centauri unit=Heavy Raider kind=move dst=(-858,53,-39)
[H1] team=Team_Human_Centauri fire=Refinery atBalterium=(-143,1183) refCount=4
[H2] team=Team_Human_Centauri fire=Headquarters argmaxCell=(35,58) val=78 atWorld=(-80,840) hqCount=2
[AI] [Team_Human_Centauri] tick=32 reqs=1 type={Construct:1} task={} prio(min/avg/max)=10/10.0/10 groups=0
[ORDER] commander=ai team=Team_Human_Centauri unit=Assault Car kind=move dst=(-1400,140,1216)
[ORDER] commander=ai team=Team_Human_Sol unit=Platoon Hauler kind=move dst=(654,110,434)
[ORDER] commander=ai team=Team_Alien unit=Squid kind=move dst=(-1013,60,-1108)
[ORDER] commander=ai team=Team_Alien unit=Squid kind=move dst=(-1013,60,-1108)
[ORDER] commander=ai team=Team_Alien unit=Squid kind=move dst=(-1013,60,-1108)
[ORDER] commander=ai team=Team_Human_Centauri unit=Light Raider kind=move dst=(-336,66,628)
[ORDER] commander=ai team=Team_Human_Centauri unit=Light Raider kind=move dst=(-336,66,628)
[ORDER] commander=ai team=Team_Human_Centauri unit=Heavy Raider kind=stop
[ORDER] commander=ai team=Team_Human_Centauri unit=Assault Car kind=move dst=(-1291,115,1400)
[ORDER] commander=ai team=Team_Human_Centauri unit=Heavy Raider kind=move dst=(-1291,115,1400)
[ORDER] commander=ai team=Team_Human_Centauri unit=Heavy Raider kind=move dst=(-1291,115,1400)
[ORDER] commander=ai team=Team_Alien unit=Squid kind=move dst=(-1214,27,-1213)
[ORDER] commander=ai team=Team_Alien unit=Squid kind=move dst=(-1214,27,-1213)
[ORDER] commander=ai team=Team_Human_Sol unit=Light Striker kind=move dst=(763,99,14)
[ORDER] commander=ai team=Team_Human_Centauri unit=Assault Car kind=move dst=(-1400,140,1216)
[H1] team=Team_Human_Sol fire=Refinery atBalterium=(780,475) refCount=2
[H2] team=Team_Human_Sol fire=Headquarters argmaxCell=(50,57) val=46 atWorld=(520,800) hqCount=2
[H3] team=Team_Human_Sol fire=Barracks nearHq=(1035,30)
[H3] team=Team_Human_Sol fire=Research Facility nearHq=(1035,30)
[AI] [Team_Human_Sol] tick=32 reqs=2 type={Construct:2} task={} prio(min/avg/max)=7/8.5/10 groups=0
[ORDER] commander=ai team=Team_Human_Sol unit=Platoon Hauler kind=move dst=(654,110,434)
[ORDER] commander=ai team=Team_Alien unit=Squid kind=move dst=(-1013,60,-1108)
[ORDER] commander=ai team=Team_Alien unit=Squid kind=move dst=(-1013,60,-1108)
[ORDER] commander=ai team=Team_Alien unit=Squid kind=move dst=(-1013,60,-1108)
[P31] team=Team_Alien preset=Harvest stock=Shrimp ours=Shrimp agree=True rationale=biotic scaling (have 11/60)
[ORDER] commander=ai team=Team_Alien unit=Hunter kind=move dst=(-136,51,-1238)
[ORDER] commander=ai team=Team_Alien unit=Hunter kind=attack tgt=Cent_Headquarters(Clone) (Target)
[P32] team=Team_Alien fire=Node towardPatchAt=(-533,-534) distToOwned=530m nodesOwned=8 anchorAt=(-1110,-1170)
[AI] [Team_Alien] tick=32 reqs=4 type={Construct:4} task={} prio(min/avg/max)=10/33.8/50 groups=0
[ORDER] commander=ai team=Team_Alien unit=Hunter kind=move dst=(-615,72,840)
[ORDER] commander=ai team=Team_Human_Centauri unit=Assault Car kind=move dst=(-1291,115,1400)
[ORDER] commander=ai team=Team_Human_Centauri unit=Heavy Raider kind=move dst=(-1291,115,1400)
[ORDER] commander=ai team=Team_Human_Centauri unit=Heavy Raider kind=move dst=(-1291,115,1400)
[ORDER] commander=ai team=Team_Alien unit=Squid kind=move dst=(-1214,27,-1213)
[ORDER] commander=ai team=Team_Alien unit=Squid kind=move dst=(-1214,27,-1213)
[ORDER] commander=ai team=Team_Human_Sol unit=Light Striker kind=move dst=(763,99,14)
[ORDER] commander=ai team=Team_Human_Centauri unit=Assault Car kind=move dst=(-1400,140,1216)
[ORDER] commander=ai team=Team_Human_Sol unit=Platoon Hauler kind=move dst=(654,110,434)
[ORDER] commander=ai team=Team_Alien unit=Squid kind=move dst=(-1013,60,-1108)
[ORDER] commander=ai team=Team_Alien unit=Squid kind=move dst=(-1013,60,-1108)
[ORDER] commander=ai team=Team_Alien unit=Squid kind=move dst=(-1013,60,-1108)
[ORDER] commander=ai team=Team_Human_Centauri unit=Assault Car kind=move dst=(-1291,115,1400)
[ORDER] commander=ai team=Team_Human_Centauri unit=Heavy Raider kind=move dst=(-1291,115,1400)
[ORDER] commander=ai team=Team_Human_Centauri unit=Heavy Raider kind=move dst=(-1291,115,1400)
[ORDER] commander=ai team=Team_Alien unit=Squid kind=move dst=(-1214,27,-1213)
[ORDER] commander=ai team=Team_Alien unit=Squid kind=move dst=(-1214,27,-1213)
[ORDER] commander=ai team=Team_Human_Centauri unit=Light Raider kind=move dst=(-1082,64,-241)
[ORDER] commander=ai team=Team_Human_Centauri unit=Light Raider kind=move dst=(-1082,64,-241)
[H2] team=Team_Human_Centauri fire=Headquarters argmaxCell=(35,58) val=78 atWorld=(-80,840) hqCount=2
[AI] [Team_Human_Centauri] tick=33 reqs=1 type={Construct:1} task={} prio(min/avg/max)=10/10.0/10 groups=0
[ORDER] commander=ai team=Team_Human_Centauri unit=Assault Car kind=move dst=(-1400,140,1216)
[ORDER] commander=ai team=Team_Human_Sol unit=Platoon Hauler kind=move dst=(654,110,434)
[ORDER] commander=ai team=Team_Alien unit=Shocker kind=move dst=(-615,72,840)
[ORDER] commander=ai team=Team_Alien unit=Squid kind=move dst=(-1013,60,-1108)
[ORDER] commander=ai team=Team_Alien unit=Squid kind=move dst=(-1013,60,-1108)
[ORDER] commander=ai team=Team_Alien unit=Squid kind=move dst=(-1013,60,-1108)
[ORDER] commander=ai team=Team_Human_Centauri unit=Assault Car kind=move dst=(-1291,115,1400)
[ORDER] commander=ai team=Team_Human_Centauri unit=Heavy Raider kind=move dst=(-1291,115,1400)
[ORDER] commander=ai team=Team_Human_Centauri unit=Heavy Raider kind=move dst=(-1291,115,1400)
[ORDER] commander=ai team=Team_Alien unit=Squid kind=move dst=(-1214,27,-1213)
[ORDER] commander=ai team=Team_Alien unit=Squid kind=move dst=(-1214,27,-1213)
[ORDER] commander=ai team=Team_Human_Sol unit=Light Striker kind=move dst=(763,99,14)
[ORDER] commander=ai team=Team_Human_Centauri unit=Assault Car kind=move dst=(-1400,140,1216)
[ORDER] commander=ai team=Team_Human_Sol unit=Platoon Hauler kind=move dst=(128,57,-280)
[ORDER] commander=ai team=Team_Human_Sol unit=Light Quad kind=attack tgt=SpecialContainer_Long_01_Small(Clone) (Target)
[ORDER] commander=ai team=Team_Human_Sol unit=Light Quad kind=attack tgt=SpecialContainer_Long_01_Small(Clone) (Target)
[H1] team=Team_Human_Sol fire=Refinery atBalterium=(949,247) refCount=2
[H1] team=Team_Human_Sol fire=Refinery atBalterium=(858,-143) refCount=3
[H1] team=Team_Human_Sol fire=Refinery atBalterium=(1261,169) refCount=4
[H2] team=Team_Human_Sol fire=Headquarters argmaxCell=(42,20) val=54 atWorld=(200,-680) hqCount=2
[AI] [Team_Human_Sol] tick=33 reqs=2 type={Construct:2} task={} prio(min/avg/max)=7/8.5/10 groups=0
[ORDER] commander=ai team=Team_Human_Sol unit=Platoon Hauler kind=move dst=(654,110,434)
[ORDER] commander=ai team=Team_Alien unit=Squid kind=move dst=(-1013,60,-1108)
[ORDER] commander=ai team=Team_Alien unit=Squid kind=move dst=(-1013,60,-1108)
[ORDER] commander=ai team=Team_Alien unit=Squid kind=move dst=(-1013,60,-1108)
[P31] team=Team_Alien preset=Harvest stock=Shrimp ours=Shrimp agree=True rationale=biotic scaling (have 11/60)
[ORDER] commander=ai team=Team_Alien unit=Hunter kind=move dst=(-136,51,-1238)
[ORDER] commander=ai team=Team_Alien unit=Hunter kind=attack tgt=Cent_Headquarters(Clone) (Target)
[AI] [Team_Alien] tick=33 reqs=4 type={Construct:4} task={} prio(min/avg/max)=10/33.8/50 groups=0
[ORDER] commander=ai team=Team_Alien unit=Hunter kind=move dst=(-615,72,840)
[ORDER] commander=ai team=Team_Human_Centauri unit=Assault Car kind=move dst=(-1291,115,1400)
[ORDER] commander=ai team=Team_Human_Centauri unit=Heavy Raider kind=move dst=(-1291,115,1400)
[ORDER] commander=ai team=Team_Human_Centauri unit=Heavy Raider kind=move dst=(-1291,115,1400)
[SPAWN_S] team=Team_Alien structure=Node at=(-830,-1010)
[ORDER] commander=ai team=Team_Alien unit=Squid kind=move dst=(-1214,27,-1213)
[ORDER] commander=ai team=Team_Alien unit=Squid kind=move dst=(-1214,27,-1213)
[ORDER] commander=ai team=Team_Human_Centauri unit=Assault Car kind=move dst=(-1400,140,1216)
[ORDER] commander=ai team=Team_Human_Sol unit=Platoon Hauler kind=move dst=(654,110,434)
[ORDER] commander=ai team=Team_Alien unit=Squid kind=move dst=(-1013,60,-1108)
[ORDER] commander=ai team=Team_Alien unit=Squid kind=move dst=(-1013,60,-1108)
[ORDER] commander=ai team=Team_Alien unit=Squid kind=move dst=(-1013,60,-1108)
[ORDER] commander=ai team=Team_Human_Centauri unit=Assault Car kind=move dst=(-1291,115,1400)
[ORDER] commander=ai team=Team_Human_Centauri unit=Heavy Raider kind=move dst=(-1291,115,1400)
[ORDER] commander=ai team=Team_Human_Centauri unit=Heavy Raider kind=move dst=(-1291,115,1400)
[ORDER] commander=ai team=Team_Alien unit=Squid kind=move dst=(-1214,27,-1213)
[ORDER] commander=ai team=Team_Alien unit=Squid kind=move dst=(-1214,27,-1213)
[ORDER] commander=ai team=Team_Human_Sol unit=Light Striker kind=move dst=(763,99,14)
[H1] team=Team_Human_Centauri fire=Refinery atBalterium=(-143,1183) refCount=4
[H2] team=Team_Human_Centauri fire=Headquarters argmaxCell=(35,58) val=78 atWorld=(-80,840) hqCount=2
[AI] [Team_Human_Centauri] tick=34 reqs=1 type={Construct:1} task={} prio(min/avg/max)=10/10.0/10 groups=0
[ORDER] commander=ai team=Team_Human_Centauri unit=Assault Car kind=move dst=(-1400,140,1216)
[ORDER] commander=ai team=Team_Human_Sol unit=Platoon Hauler kind=move dst=(654,110,434)
[ORDER] commander=ai team=Team_Alien unit=Shocker kind=move dst=(-615,72,840)
[ORDER] commander=ai team=Team_Alien unit=Squid kind=move dst=(-1013,60,-1108)
[ORDER] commander=ai team=Team_Alien unit=Squid kind=move dst=(-1013,60,-1108)
[ORDER] commander=ai team=Team_Alien unit=Squid kind=move dst=(-1013,60,-1108)
[ORDER] commander=ai team=Team_Human_Centauri unit=Light Raider kind=move dst=(-858,53,-39)
[ORDER] commander=ai team=Team_Human_Centauri unit=Light Raider kind=move dst=(-858,53,-39)
[ORDER] commander=ai team=Team_Human_Centauri unit=Heavy Raider kind=move dst=(-858,53,-39)
[ORDER] commander=ai team=Team_Human_Centauri unit=Assault Car kind=move dst=(-1291,115,1400)
[ORDER] commander=ai team=Team_Human_Centauri unit=Heavy Raider kind=move dst=(-1291,115,1400)
[ORDER] commander=ai team=Team_Human_Centauri unit=Heavy Raider kind=move dst=(-1291,115,1400)
[ORDER] commander=ai team=Team_Alien unit=Squid kind=move dst=(-1214,27,-1213)
[ORDER] commander=ai team=Team_Alien unit=Squid kind=move dst=(-1214,27,-1213)
[ORDER] commander=ai team=Team_Alien unit=Crab kind=move dst=(-615,72,840)
[ORDER] commander=ai team=Team_Human_Centauri unit=Assault Car kind=move dst=(-1400,140,1216)
[ORDER] commander=ai team=Team_Human_Sol unit=Platoon Hauler kind=move dst=(533,92,-761)
[H1] team=Team_Human_Sol fire=Refinery atBalterium=(780,475) refCount=2
[H2] team=Team_Human_Sol fire=Headquarters argmaxCell=(42,20) val=54 atWorld=(200,-680) hqCount=2
[H3] team=Team_Human_Sol fire=Barracks nearHq=(1035,30)
[H3] team=Team_Human_Sol fire=Research Facility nearHq=(1035,30)
[AI] [Team_Human_Sol] tick=34 reqs=2 type={Construct:2} task={} prio(min/avg/max)=7/8.5/10 groups=0
[ORDER] commander=ai team=Team_Human_Sol unit=Platoon Hauler kind=move dst=(654,110,434)
[H2] team=Team_Human_Centauri reject=HQ-too-close targetCell=(-80,840) landedAt=(-150,915) distToExistingHq=471m
[ORDER] commander=ai team=Team_Alien unit=Squid kind=move dst=(-1013,60,-1108)
[ORDER] commander=ai team=Team_Alien unit=Squid kind=move dst=(-1013,60,-1108)
[ORDER] commander=ai team=Team_Alien unit=Squid kind=move dst=(-1013,60,-1108)
[P31] team=Team_Alien preset=Harvest stock=Shrimp ours=Shrimp agree=True rationale=biotic cap (have 11/70)
[ORDER] commander=ai team=Team_Alien unit=Hunter kind=move dst=(-136,51,-1238)
[ORDER] commander=ai team=Team_Alien unit=Hunter kind=attack tgt=Cent_Headquarters(Clone) (Target)
[AI] [Team_Alien] tick=34 reqs=4 type={Construct:4} task={} prio(min/avg/max)=10/33.8/50 groups=0
[ORDER] commander=ai team=Team_Alien unit=Hunter kind=move dst=(-615,72,840)
[ORDER] commander=ai team=Team_Human_Centauri unit=Assault Car kind=move dst=(-1291,115,1400)
[ORDER] commander=ai team=Team_Human_Centauri unit=Heavy Raider kind=move dst=(-1291,115,1400)
[ORDER] commander=ai team=Team_Human_Centauri unit=Heavy Raider kind=move dst=(-1291,115,1400)
[ORDER] commander=ai team=Team_Alien unit=Squid kind=move dst=(-1214,27,-1213)
[ORDER] commander=ai team=Team_Alien unit=Squid kind=move dst=(-1214,27,-1213)
[ORDER] commander=ai team=Team_Human_Centauri unit=Assault Car kind=move dst=(-1400,140,1216)
[ORDER] commander=ai team=Team_Human_Sol unit=Platoon Hauler kind=move dst=(654,110,434)
[SPAWN_U] team=Team_Alien unit=Shrimp
[ORDER] commander=ai team=Team_Alien unit=Squid kind=move dst=(-1013,60,-1108)
[ORDER] commander=ai team=Team_Alien unit=Squid kind=move dst=(-1013,60,-1108)
[ORDER] commander=ai team=Team_Alien unit=Squid kind=move dst=(-1013,60,-1108)
[ORDER] commander=ai team=Team_Human_Centauri unit=Assault Car kind=move dst=(-1291,115,1400)
[ORDER] commander=ai team=Team_Human_Centauri unit=Heavy Raider kind=move dst=(-1291,115,1400)
[ORDER] commander=ai team=Team_Human_Centauri unit=Heavy Raider kind=move dst=(-1291,115,1400)
[ORDER] commander=ai team=Team_Alien unit=Squid kind=move dst=(-1214,27,-1213)
[ORDER] commander=ai team=Team_Alien unit=Squid kind=move dst=(-1214,27,-1213)
[ORDER] commander=ai team=Team_Human_Sol unit=Light Striker kind=move dst=(763,99,14)
[H2] team=Team_Human_Centauri fire=Headquarters argmaxCell=(35,58) val=78 atWorld=(-80,840) hqCount=2
[AI] [Team_Human_Centauri] tick=35 reqs=1 type={Construct:1} task={} prio(min/avg/max)=10/10.0/10 groups=0
[ORDER] commander=ai team=Team_Human_Centauri unit=Assault Car kind=move dst=(-1400,140,1216)
[ORDER] commander=ai team=Team_Human_Sol unit=Platoon Hauler kind=move dst=(654,110,434)
[ORDER] commander=ai team=Team_Alien unit=Squid kind=move dst=(-1013,60,-1108)
[ORDER] commander=ai team=Team_Alien unit=Squid kind=move dst=(-1013,60,-1108)
[ORDER] commander=ai team=Team_Alien unit=Squid kind=move dst=(-1013,60,-1108)
[ORDER] commander=ai team=Team_Human_Centauri unit=Assault Car kind=move dst=(-1291,115,1400)
[ORDER] commander=ai team=Team_Human_Centauri unit=Heavy Raider kind=move dst=(-1291,115,1400)
[ORDER] commander=ai team=Team_Human_Centauri unit=Heavy Raider kind=move dst=(-1291,115,1400)
[ORDER] commander=ai team=Team_Alien unit=Squid kind=move dst=(-1214,27,-1213)
[ORDER] commander=ai team=Team_Alien unit=Squid kind=move dst=(-1214,27,-1213)
[ORDER] commander=ai team=Team_Human_Centauri unit=Assault Car kind=move dst=(-1400,140,1216)
[ORDER] commander=ai team=Team_Human_Sol unit=Platoon Hauler kind=move dst=(533,92,-761)
[H1] team=Team_Human_Sol fire=Refinery atBalterium=(949,247) refCount=2
[H1] team=Team_Human_Sol fire=Refinery atBalterium=(858,-143) refCount=3
[H1] team=Team_Human_Sol fire=Refinery atBalterium=(1261,169) refCount=4
[H2] team=Team_Human_Sol fire=Headquarters argmaxCell=(42,20) val=54 atWorld=(200,-680) hqCount=2
[AI] [Team_Human_Sol] tick=35 reqs=2 type={Construct:2} task={} prio(min/avg/max)=7/8.5/10 groups=0
[ORDER] commander=ai team=Team_Human_Sol unit=Platoon Hauler kind=move dst=(654,110,434)
[H2] team=Team_Human_Centauri reject=HQ-too-close targetCell=(-80,840) landedAt=(-150,915) distToExistingHq=471m
[ORDER] commander=ai team=Team_Human_Centauri unit=Squad Transport kind=move dst=(-1232,88,796)
[ORDER] commander=ai team=Team_Alien unit=Squid kind=move dst=(-1013,60,-1108)
[ORDER] commander=ai team=Team_Alien unit=Squid kind=move dst=(-1013,60,-1108)
[ORDER] commander=ai team=Team_Alien unit=Squid kind=move dst=(-1013,60,-1108)
[ORDER] commander=ai team=Team_Alien unit=Hunter kind=move dst=(-136,51,-1238)
[ORDER] commander=ai team=Team_Alien unit=Hunter kind=attack tgt=Cent_Headquarters(Clone) (Target)
[AI] [Team_Alien] tick=35 reqs=3 type={Construct:3} task={} prio(min/avg/max)=10/29.3/50 groups=0
[ORDER] commander=ai team=Team_Alien unit=Hunter kind=move dst=(-615,72,840)
[SPAWN_U] team=Team_Alien unit=Shrimp
[ORDER] commander=ai team=Team_Human_Centauri unit=Assault Car kind=move dst=(-1291,115,1400)
[ORDER] commander=ai team=Team_Human_Centauri unit=Heavy Raider kind=move dst=(-1291,115,1400)
[ORDER] commander=ai team=Team_Human_Centauri unit=Heavy Raider kind=move dst=(-1291,115,1400)
[ORDER] commander=ai team=Team_Alien unit=Squid kind=move dst=(-1214,27,-1213)
[ORDER] commander=ai team=Team_Alien unit=Squid kind=move dst=(-1214,27,-1213)
[ORDER] commander=ai team=Team_Human_Centauri unit=Assault Car kind=move dst=(-1400,140,1216)
[ORDER] commander=ai team=Team_Human_Sol unit=Platoon Hauler kind=move dst=(654,110,434)
[ORDER] commander=ai team=Team_Human_Centauri unit=Squad Transport kind=move dst=(-1232,88,796)
[ORDER] commander=ai team=Team_Alien unit=Squid kind=move dst=(-1013,60,-1108)
[ORDER] commander=ai team=Team_Alien unit=Squid kind=move dst=(-1013,60,-1108)
[ORDER] commander=ai team=Team_Alien unit=Squid kind=move dst=(-1013,60,-1108)
[ORDER] commander=ai team=Team_Human_Centauri unit=Assault Car kind=move dst=(-1291,115,1400)
[ORDER] commander=ai team=Team_Human_Centauri unit=Heavy Raider kind=move dst=(-1291,115,1400)
[ORDER] commander=ai team=Team_Human_Centauri unit=Heavy Raider kind=move dst=(-1291,115,1400)
[ORDER] commander=ai team=Team_Alien unit=Squid kind=move dst=(-1214,27,-1213)
[ORDER] commander=ai team=Team_Alien unit=Squid kind=move dst=(-1214,27,-1213)
[ORDER] commander=ai team=Team_Human_Sol unit=Scout kind=stop
[ORDER] commander=ai team=Team_Human_Sol unit=Scout kind=move dst=(1192,86,-299)
[ORDER] commander=ai team=Team_Human_Sol unit=Scout kind=move dst=(1192,86,-299)
[ORDER] commander=ai team=Team_Human_Sol unit=Rifleman kind=move dst=(1192,86,-299)
[ORDER] commander=ai team=Team_Human_Sol unit=Light Striker kind=move dst=(763,99,14)
[H1] team=Team_Human_Centauri fire=Refinery atBalterium=(-143,1183) refCount=4
[H2] team=Team_Human_Centauri fire=Headquarters argmaxCell=(35,58) val=78 atWorld=(-80,840) hqCount=2
[AI] [Team_Human_Centauri] tick=36 reqs=1 type={Construct:1} task={} prio(min/avg/max)=10/10.0/10 groups=0
[ORDER] commander=ai team=Team_Human_Centauri unit=Assault Car kind=move dst=(-1400,140,1216)
[ORDER] commander=ai team=Team_Human_Sol unit=Platoon Hauler kind=move dst=(654,110,434)
[ORDER] commander=ai team=Team_Human_Centauri unit=Squad Transport kind=move dst=(-1232,88,796)
[ORDER] commander=ai team=Team_Alien unit=Squid kind=move dst=(-1013,60,-1108)
[ORDER] commander=ai team=Team_Alien unit=Squid kind=move dst=(-1013,60,-1108)
[ORDER] commander=ai team=Team_Alien unit=Squid kind=move dst=(-1013,60,-1108)
[ORDER] commander=ai team=Team_Human_Centauri unit=Light Raider kind=move dst=(-359,68,601)
[ORDER] commander=ai team=Team_Human_Centauri unit=Light Raider kind=move dst=(-359,68,601)
[ORDER] commander=ai team=Team_Human_Centauri unit=Heavy Raider kind=stop
[ORDER] commander=ai team=Team_Human_Centauri unit=Assault Car kind=move dst=(-1291,115,1400)
[ORDER] commander=ai team=Team_Human_Centauri unit=Heavy Raider kind=move dst=(-1291,115,1400)
[ORDER] commander=ai team=Team_Human_Centauri unit=Heavy Raider kind=move dst=(-1291,115,1400)
[ORDER] commander=ai team=Team_Alien unit=Squid kind=move dst=(-1214,27,-1213)
[ORDER] commander=ai team=Team_Alien unit=Squid kind=move dst=(-1214,27,-1213)
[ORDER] commander=ai team=Team_Human_Sol unit=Scout kind=move dst=(1314,71,-845)
[ORDER] commander=ai team=Team_Human_Sol unit=Light Striker kind=move dst=(763,99,14)
[ORDER] commander=ai team=Team_Human_Centauri unit=Assault Car kind=move dst=(-1400,140,1216)
[ORDER] commander=ai team=Team_Human_Sol unit=Platoon Hauler kind=move dst=(533,92,-761)
[H1] team=Team_Human_Sol fire=Refinery atBalterium=(780,475) refCount=2
[H2] team=Team_Human_Sol fire=Headquarters argmaxCell=(57,23) val=90 atWorld=(800,-560) hqCount=2
[H3] team=Team_Human_Sol fire=Barracks nearHq=(1035,30)
[H3] team=Team_Human_Sol fire=Research Facility nearHq=(1035,30)
[AI] [Team_Human_Sol] tick=36 reqs=2 type={Construct:2} task={} prio(min/avg/max)=7/8.5/10 groups=0
[ORDER] commander=ai team=Team_Human_Sol unit=Platoon Hauler kind=move dst=(654,110,434)
[H2] team=Team_Human_Centauri reject=HQ-too-close targetCell=(-80,840) landedAt=(-150,915) distToExistingHq=471m
[ORDER] commander=ai team=Team_Human_Centauri unit=Squad Transport kind=move dst=(-1232,88,796)
[ORDER] commander=ai team=Team_Alien unit=Shocker kind=move dst=(-615,72,840)
[ORDER] commander=ai team=Team_Alien unit=Squid kind=move dst=(-1013,60,-1108)
[ORDER] commander=ai team=Team_Alien unit=Squid kind=move dst=(-1013,60,-1108)
[ORDER] commander=ai team=Team_Alien unit=Squid kind=move dst=(-1013,60,-1108)
[P31] team=Team_Alien preset=Harvest stock=Shrimp ours=Shrimp agree=True rationale=biotic cap (have 13/70)
[ORDER] commander=ai team=Team_Alien unit=Shrimp kind=move dst=(-1432,48,-1130)
[ORDER] commander=ai team=Team_Alien unit=Hunter kind=move dst=(-136,51,-1238)
[ORDER] commander=ai team=Team_Alien unit=Hunter kind=attack tgt=Cent_Headquarters(Clone) (Target)
[P32] team=Team_Alien fire=Node towardPatchAt=(-345,995) distToOwned=1934m nodesOwned=8 anchorAt=(-1110,-1170)
[AI] [Team_Alien] tick=36 reqs=4 type={Construct:4} task={} prio(min/avg/max)=10/41.3/81 groups=0
[ORDER] commander=ai team=Team_Alien unit=Hunter kind=move dst=(-615,72,840)
[ORDER] commander=ai team=Team_Human_Centauri unit=Light Raider kind=move dst=(-363,68,598)
[ORDER] commander=ai team=Team_Human_Centauri unit=Light Raider kind=move dst=(-363,68,598)
[ORDER] commander=ai team=Team_Human_Centauri unit=Assault Car kind=move dst=(-1291,115,1400)
[ORDER] commander=ai team=Team_Human_Centauri unit=Heavy Raider kind=move dst=(-1291,115,1400)
[ORDER] commander=ai team=Team_Human_Centauri unit=Heavy Raider kind=move dst=(-1291,115,1400)
[ORDER] commander=ai team=Team_Alien unit=Squid kind=move dst=(-1214,27,-1213)
[ORDER] commander=ai team=Team_Alien unit=Squid kind=move dst=(-1214,27,-1213)
[ORDER] commander=ai team=Team_Human_Sol unit=Light Striker kind=move dst=(763,99,14)
[ORDER] commander=ai team=Team_Human_Centauri unit=Assault Car kind=move dst=(-1400,140,1216)
[ORDER] commander=ai team=Team_Human_Sol unit=Platoon Hauler kind=move dst=(654,110,434)
[ORDER] commander=ai team=Team_Human_Centauri unit=Squad Transport kind=move dst=(-1232,88,796)
[ORDER] commander=ai team=Team_Alien unit=Squid kind=move dst=(-1013,60,-1108)
[ORDER] commander=ai team=Team_Alien unit=Squid kind=move dst=(-1013,60,-1108)
[ORDER] commander=ai team=Team_Alien unit=Squid kind=move dst=(-1013,60,-1108)
[ORDER] commander=ai team=Team_Human_Centauri unit=Militia kind=move dst=(-467,60,251)
[ORDER] commander=ai team=Team_Human_Centauri unit=Militia kind=move dst=(-467,60,251)
[ORDER] commander=ai team=Team_Human_Centauri unit=Militia kind=move dst=(-467,60,251)
[ORDER] commander=ai team=Team_Human_Centauri unit=Trooper kind=move dst=(-467,60,251)
[ORDER] commander=ai team=Team_Human_Centauri unit=Assault Car kind=move dst=(-1291,115,1400)
[ORDER] commander=ai team=Team_Human_Centauri unit=Heavy Raider kind=move dst=(-1291,115,1400)
[ORDER] commander=ai team=Team_Human_Centauri unit=Heavy Raider kind=move dst=(-1291,115,1400)
[ORDER] commander=ai team=Team_Alien unit=Squid kind=move dst=(-1214,27,-1213)
[ORDER] commander=ai team=Team_Alien unit=Squid kind=move dst=(-1214,27,-1213)
[ORDER] commander=ai team=Team_Human_Sol unit=Rifleman kind=move dst=(1314,71,-845)
[ORDER] commander=ai team=Team_Human_Sol unit=Light Striker kind=move dst=(763,99,14)
[H2] team=Team_Human_Centauri fire=Headquarters argmaxCell=(25,37) val=126 atWorld=(-480,0) hqCount=2
[AI] [Team_Human_Centauri] tick=37 reqs=1 type={Construct:1} task={} prio(min/avg/max)=10/10.0/10 groups=0
[ORDER] commander=ai team=Team_Human_Centauri unit=Assault Car kind=move dst=(-1400,140,1216)
[ORDER] commander=ai team=Team_Human_Sol unit=Platoon Hauler kind=move dst=(654,110,434)
[ORDER] commander=ai team=Team_Human_Centauri unit=Squad Transport kind=move dst=(-1232,88,796)
[ORDER] commander=ai team=Team_Alien unit=Squid kind=move dst=(-1013,60,-1108)
[ORDER] commander=ai team=Team_Alien unit=Squid kind=move dst=(-1013,60,-1108)
[ORDER] commander=ai team=Team_Alien unit=Squid kind=move dst=(-1013,60,-1108)
[ORDER] commander=ai team=Team_Human_Centauri unit=Assault Car kind=move dst=(-1291,115,1400)
[ORDER] commander=ai team=Team_Human_Centauri unit=Heavy Raider kind=move dst=(-1291,115,1400)
[ORDER] commander=ai team=Team_Human_Centauri unit=Heavy Raider kind=move dst=(-1291,115,1400)
[ORDER] commander=ai team=Team_Alien unit=Squid kind=move dst=(-1214,27,-1213)
[ORDER] commander=ai team=Team_Alien unit=Squid kind=move dst=(-1214,27,-1213)
[ORDER] commander=ai team=Team_Human_Sol unit=Scout kind=move dst=(1314,71,-845)
[ORDER] commander=ai team=Team_Human_Sol unit=Light Striker kind=move dst=(763,99,14)
[ORDER] commander=ai team=Team_Human_Centauri unit=Assault Car kind=move dst=(-1400,140,1216)
[ORDER] commander=ai team=Team_Human_Sol unit=Platoon Hauler kind=move dst=(429,113,-975)
[H1] team=Team_Human_Sol fire=Refinery atBalterium=(949,247) refCount=2
[H1] team=Team_Human_Sol fire=Refinery atBalterium=(858,-143) refCount=3
[H1] team=Team_Human_Sol fire=Refinery atBalterium=(1261,169) refCount=4
[H2] team=Team_Human_Sol fire=Headquarters argmaxCell=(60,59) val=84 atWorld=(920,880) hqCount=2
[AI] [Team_Human_Sol] tick=37 reqs=2 type={Construct:2} task={} prio(min/avg/max)=7/8.5/10 groups=0
[ORDER] commander=ai team=Team_Human_Sol unit=Platoon Hauler kind=move dst=(654,110,434)
[ORDER] commander=ai team=Team_Human_Centauri unit=Squad Transport kind=move dst=(-1232,88,796)
[ORDER] commander=ai team=Team_Alien unit=Squid kind=move dst=(-1013,60,-1108)
[ORDER] commander=ai team=Team_Alien unit=Squid kind=move dst=(-1013,60,-1108)
[ORDER] commander=ai team=Team_Alien unit=Squid kind=move dst=(-1013,60,-1108)
[P31] team=Team_Alien preset=Harvest stock=Shrimp ours=Shrimp agree=True rationale=biotic cap (have 13/70)
[ORDER] commander=ai team=Team_Alien unit=Squid kind=move dst=(-136,51,-1238)
[ORDER] commander=ai team=Team_Alien unit=Squid kind=move dst=(-136,51,-1238)
[ORDER] commander=ai team=Team_Alien unit=Wasp kind=move dst=(-136,51,-1238)
[ORDER] commander=ai team=Team_Alien unit=Squid kind=move dst=(-136,51,-1238)
[ORDER] commander=ai team=Team_Alien unit=Squid kind=move dst=(-136,51,-1238)
[ORDER] commander=ai team=Team_Alien unit=Squid kind=attack tgt=Cent_Refinery(Clone) (Target)
[ORDER] commander=ai team=Team_Alien unit=Squid kind=attack tgt=Cent_Refinery(Clone) (Target)
[ORDER] commander=ai team=Team_Alien unit=Wasp kind=attack tgt=Cent_Refinery(Clone) (Target)
[ORDER] commander=ai team=Team_Alien unit=Squid kind=attack tgt=Cent_Refinery(Clone) (Target)
[ORDER] commander=ai team=Team_Alien unit=Squid kind=attack tgt=Cent_Refinery(Clone) (Target)
[P32] team=Team_Alien fire=Node towardPatchAt=(-533,-534) distToOwned=419m nodesOwned=9 anchorAt=(-1110,-1170)
[AI] [Team_Alien] tick=37 reqs=4 type={Construct:4} task={} prio(min/avg/max)=10/41.3/81 groups=0
[ORDER] commander=ai team=Team_Human_Centauri unit=Assault Car kind=move dst=(-1291,115,1400)
[ORDER] commander=ai team=Team_Human_Centauri unit=Heavy Raider kind=move dst=(-1291,115,1400)
[ORDER] commander=ai team=Team_Human_Centauri unit=Heavy Raider kind=move dst=(-1291,115,1400)
[ORDER] commander=ai team=Team_Alien unit=Squid kind=move dst=(-1214,27,-1213)
[ORDER] commander=ai team=Team_Alien unit=Squid kind=move dst=(-1214,27,-1213)
[ORDER] commander=ai team=Team_Human_Sol unit=Scout kind=move dst=(1314,71,-845)
[ORDER] commander=ai team=Team_Human_Centauri unit=Assault Car kind=move dst=(-1400,140,1216)
[ORDER] commander=ai team=Team_Human_Sol unit=Platoon Hauler kind=move dst=(654,110,434)
[ORDER] commander=ai team=Team_Human_Centauri unit=Squad Transport kind=move dst=(-1232,88,796)
[ORDER] commander=ai team=Team_Human_Centauri unit=Light Raider kind=move dst=(0,0,0)
[ORDER] commander=ai team=Team_Human_Centauri unit=Assault Car kind=move dst=(-1291,115,1400)
[ORDER] commander=ai team=Team_Human_Centauri unit=Heavy Raider kind=move dst=(-1291,115,1400)
[ORDER] commander=ai team=Team_Human_Centauri unit=Heavy Raider kind=move dst=(-1291,115,1400)
[ORDER] commander=ai team=Team_Alien unit=Squid kind=move dst=(-1214,27,-1213)
[ORDER] commander=ai team=Team_Alien unit=Squid kind=move dst=(-1214,27,-1213)
[ORDER] commander=ai team=Team_Human_Sol unit=Scout kind=stop
[ORDER] commander=ai team=Team_Human_Sol unit=Scout kind=move dst=(1208,80,-328)
[ORDER] commander=ai team=Team_Human_Sol unit=Scout kind=move dst=(1208,80,-328)
[ORDER] commander=ai team=Team_Human_Sol unit=Rifleman kind=move dst=(1208,80,-328)
[ORDER] commander=ai team=Team_Human_Centauri unit=Light Raider kind=move dst=(-478,52,-352)
[ORDER] commander=ai team=Team_Human_Centauri unit=Light Raider kind=move dst=(-478,52,-352)
[ORDER] commander=ai team=Team_Human_Centauri unit=Heavy Raider kind=move dst=(-478,52,-352)
[ORDER] commander=ai team=Team_Human_Centauri unit=Assault Car kind=move dst=(-858,53,-39)
[H1] team=Team_Human_Centauri fire=Refinery atBalterium=(-143,1183) refCount=4
[H2] team=Team_Human_Centauri fire=Headquarters argmaxCell=(25,37) val=126 atWorld=(-480,0) hqCount=2
[AI] [Team_Human_Centauri] tick=38 reqs=1 type={Construct:1} task={} prio(min/avg/max)=10/10.0/10 groups=0
[ORDER] commander=ai team=Team_Human_Sol unit=Platoon Hauler kind=move dst=(654,110,434)
[ORDER] commander=ai team=Team_Human_Centauri unit=Squad Transport kind=move dst=(-1232,88,796)
[ORDER] commander=ai team=Team_Human_Centauri unit=Assault Car kind=move dst=(-1291,115,1400)
[ORDER] commander=ai team=Team_Human_Centauri unit=Heavy Raider kind=move dst=(-1291,115,1400)
[ORDER] commander=ai team=Team_Human_Centauri unit=Heavy Raider kind=move dst=(-1291,115,1400)
[ORDER] commander=ai team=Team_Alien unit=Squid kind=move dst=(-1214,27,-1213)
[ORDER] commander=ai team=Team_Alien unit=Squid kind=move dst=(-1214,27,-1213)
[ORDER] commander=ai team=Team_Human_Sol unit=Scout kind=move dst=(1314,71,-845)
[ORDER] commander=ai team=Team_Human_Sol unit=Light Striker kind=move dst=(763,99,14)
[H1] team=Team_Human_Sol fire=Refinery atBalterium=(780,475) refCount=2
[H2] team=Team_Human_Sol fire=Headquarters argmaxCell=(60,59) val=84 atWorld=(920,880) hqCount=2
[H3] team=Team_Human_Sol fire=Barracks nearHq=(1035,30)
[H3] team=Team_Human_Sol fire=Research Facility nearHq=(1035,30)
[AI] [Team_Human_Sol] tick=38 reqs=2 type={Construct:2} task={} prio(min/avg/max)=7/8.5/10 groups=0
[ORDER] commander=ai team=Team_Human_Sol unit=Platoon Hauler kind=move dst=(654,110,434)
[ORDER] commander=ai team=Team_Human_Centauri unit=Squad Transport kind=move dst=(-1232,88,796)
[P31] team=Team_Alien preset=Harvest stock=Shrimp ours=Shrimp agree=True rationale=biotic cap (have 13/70)
[ORDER] commander=ai team=Team_Alien unit=Squid kind=move dst=(-136,51,-1238)
[ORDER] commander=ai team=Team_Alien unit=Squid kind=move dst=(-136,51,-1238)
[ORDER] commander=ai team=Team_Alien unit=Wasp kind=move dst=(-136,51,-1238)
[ORDER] commander=ai team=Team_Alien unit=Squid kind=move dst=(-136,51,-1238)
[ORDER] commander=ai team=Team_Alien unit=Squid kind=move dst=(-136,51,-1238)
[ORDER] commander=ai team=Team_Alien unit=Crab kind=move dst=(-884,57,-167)
[ORDER] commander=ai team=Team_Alien unit=Shocker kind=move dst=(-884,57,-167)
[ORDER] commander=ai team=Team_Alien unit=Shocker kind=move dst=(-884,57,-167)
[ORDER] commander=ai team=Team_Alien unit=Shocker kind=move dst=(-884,57,-167)
[ORDER] commander=ai team=Team_Alien unit=Squid kind=attack tgt=Cent_Refinery(Clone) (Target)
[ORDER] commander=ai team=Team_Alien unit=Squid kind=attack tgt=Cent_Refinery(Clone) (Target)
[ORDER] commander=ai team=Team_Alien unit=Wasp kind=attack tgt=Cent_Refinery(Clone) (Target)
[ORDER] commander=ai team=Team_Alien unit=Squid kind=attack tgt=Cent_Refinery(Clone) (Target)
[ORDER] commander=ai team=Team_Alien unit=Squid kind=attack tgt=Cent_Refinery(Clone) (Target)
[P32] team=Team_Alien fire=Node towardPatchAt=(-773,-192) distToOwned=640m nodesOwned=9 anchorAt=(-1110,-1170)
[AI] [Team_Alien] tick=38 reqs=4 type={Construct:4} task={} prio(min/avg/max)=10/41.3/81 groups=0
[ORDER] commander=ai team=Team_Human_Centauri unit=Assault Car kind=move dst=(-1291,115,1400)
[ORDER] commander=ai team=Team_Human_Centauri unit=Heavy Raider kind=move dst=(-1291,115,1400)
[ORDER] commander=ai team=Team_Human_Centauri unit=Heavy Raider kind=move dst=(-1291,115,1400)
[ORDER] commander=ai team=Team_Alien unit=Squid kind=move dst=(-1214,27,-1213)
[ORDER] commander=ai team=Team_Alien unit=Squid kind=move dst=(-1214,27,-1213)
[ORDER] commander=ai team=Team_Human_Sol unit=Light Striker kind=move dst=(763,99,14)
[ORDER] commander=ai team=Team_Human_Sol unit=Platoon Hauler kind=move dst=(654,110,434)
[ORDER] commander=ai team=Team_Human_Centauri unit=Squad Transport kind=move dst=(-1232,88,796)
[ORDER] commander=ai team=Team_Human_Centauri unit=Assault Car kind=move dst=(-1291,115,1400)
[ORDER] commander=ai team=Team_Human_Centauri unit=Heavy Raider kind=move dst=(-1291,115,1400)
[ORDER] commander=ai team=Team_Human_Centauri unit=Heavy Raider kind=move dst=(-1291,115,1400)
[ORDER] commander=ai team=Team_Alien unit=Squid kind=move dst=(-1214,27,-1213)
[ORDER] commander=ai team=Team_Alien unit=Squid kind=move dst=(-1214,27,-1213)
[ORDER] commander=ai team=Team_Human_Sol unit=Scout kind=stop
[ORDER] commander=ai team=Team_Human_Sol unit=Scout kind=move dst=(1217,77,-343)
[ORDER] commander=ai team=Team_Human_Sol unit=Scout kind=move dst=(1217,77,-343)
[ORDER] commander=ai team=Team_Human_Sol unit=Rifleman kind=move dst=(1217,77,-343)
[ORDER] commander=ai team=Team_Human_Sol unit=Light Quad kind=move dst=(340,46,-367)
[ORDER] commander=ai team=Team_Human_Centauri unit=Assault Car kind=attack tgt=Shocker(Clone) (Target)
[ORDER] commander=ai team=Team_Human_Centauri unit=Squad Transport kind=move dst=(13,57,65)
[ORDER] commander=ai team=Team_Human_Centauri unit=Light Raider kind=attack tgt=Shocker(Clone) (Target)
[ORDER] commander=ai team=Team_Human_Centauri unit=Light Raider kind=attack tgt=Shocker(Clone) (Target)
[H2] team=Team_Human_Centauri fire=Headquarters argmaxCell=(25,37) val=126 atWorld=(-480,0) hqCount=2
[AI] [Team_Human_Centauri] tick=39 reqs=1 type={Construct:1} task={} prio(min/avg/max)=10/10.0/10 groups=0
[ORDER] commander=ai team=Team_Human_Centauri unit=Light Raider kind=move dst=(-951,61,-227)
[ORDER] commander=ai team=Team_Human_Centauri unit=Light Raider kind=move dst=(-951,61,-227)
[ORDER] commander=ai team=Team_Human_Sol unit=Platoon Hauler kind=move dst=(654,110,434)
[ORDER] commander=ai team=Team_Human_Centauri unit=Squad Transport kind=move dst=(-1232,88,796)
[ORDER] commander=ai team=Team_Human_Centauri unit=Assault Car kind=move dst=(-1291,115,1400)
[ORDER] commander=ai team=Team_Human_Centauri unit=Heavy Raider kind=move dst=(-1291,115,1400)
[ORDER] commander=ai team=Team_Human_Centauri unit=Heavy Raider kind=move dst=(-1291,115,1400)
[ORDER] commander=ai team=Team_Alien unit=Squid kind=move dst=(-1214,27,-1213)
[ORDER] commander=ai team=Team_Alien unit=Squid kind=move dst=(-1214,27,-1213)
[ORDER] commander=ai team=Team_Human_Sol unit=Scout kind=move dst=(1314,71,-845)
[ORDER] commander=ai team=Team_Human_Sol unit=Light Quad kind=move dst=(340,46,-367)
[ORDER] commander=ai team=Team_Human_Sol unit=Light Quad kind=move dst=(202,50,-568)
[ORDER] commander=ai team=Team_Human_Sol unit=Light Quad kind=move dst=(202,50,-568)
[ORDER] commander=ai team=Team_Human_Sol unit=Scout kind=attack tgt=SpecialContainer_Short_01_Small(Clone) (Target)
[ORDER] commander=ai team=Team_Human_Sol unit=Scout kind=attack tgt=SpecialContainer_Short_01_Small(Clone) (Target)
[ORDER] commander=ai team=Team_Human_Sol unit=Scout kind=attack tgt=SpecialContainer_Short_01_Small(Clone) (Target)
[ORDER] commander=ai team=Team_Human_Sol unit=Rifleman kind=attack tgt=SpecialContainer_Short_01_Small(Clone) (Target)
[ORDER] commander=ai team=Team_Human_Sol unit=Platoon Hauler kind=attack tgt=SpecialContainer_Long_01_Small(Clone) (Target)
[ORDER] commander=ai team=Team_Human_Sol unit=Light Raider kind=move dst=(429,113,-975)
[ORDER] commander=ai team=Team_Human_Sol unit=Light Raider kind=move dst=(429,113,-975)
[ORDER] commander=ai team=Team_Human_Sol unit=Heavy Quad kind=move dst=(429,113,-975)
[H1] team=Team_Human_Sol fire=Refinery atBalterium=(949,247) refCount=2
[H1] team=Team_Human_Sol fire=Refinery atBalterium=(858,-143) refCount=3
[H1] team=Team_Human_Sol fire=Refinery atBalterium=(1261,169) refCount=4
[H2] team=Team_Human_Sol fire=Headquarters argmaxCell=(60,17) val=120 atWorld=(920,-800) hqCount=2
[AI] [Team_Human_Sol] tick=39 reqs=2 type={Construct:2} task={} prio(min/avg/max)=7/8.5/10 groups=0
[ORDER] commander=ai team=Team_Human_Sol unit=Platoon Hauler kind=move dst=(654,110,434)
[ORDER] commander=ai team=Team_Human_Centauri unit=Squad Transport kind=move dst=(-1232,88,796)
[P31] team=Team_Alien preset=Harvest stock=Shrimp ours=Shrimp agree=True rationale=biotic cap (have 13/70)
[ORDER] commander=ai team=Team_Alien unit=Squid kind=move dst=(-136,51,-1238)
[ORDER] commander=ai team=Team_Alien unit=Squid kind=move dst=(-136,51,-1238)
[ORDER] commander=ai team=Team_Alien unit=Wasp kind=move dst=(-136,51,-1238)
[ORDER] commander=ai team=Team_Alien unit=Squid kind=move dst=(-136,51,-1238)
[ORDER] commander=ai team=Team_Alien unit=Squid kind=move dst=(-136,51,-1238)
[ORDER] commander=ai team=Team_Alien unit=Squid kind=attack tgt=Cent_Refinery(Clone) (Target)
[ORDER] commander=ai team=Team_Alien unit=Squid kind=attack tgt=Cent_Refinery(Clone) (Target)
[ORDER] commander=ai team=Team_Alien unit=Wasp kind=attack tgt=Cent_Refinery(Clone) (Target)
[ORDER] commander=ai team=Team_Alien unit=Squid kind=attack tgt=Cent_Refinery(Clone) (Target)
[ORDER] commander=ai team=Team_Alien unit=Squid kind=attack tgt=Cent_Refinery(Clone) (Target)
[P32] team=Team_Alien fire=Node towardPatchAt=(-533,-534) distToOwned=274m nodesOwned=10 anchorAt=(-1110,-1170)
[AI] [Team_Alien] tick=39 reqs=4 type={Construct:4} task={} prio(min/avg/max)=10/41.3/81 groups=0
[ORDER] commander=ai team=Team_Human_Centauri unit=Assault Car kind=move dst=(-1291,115,1400)
[ORDER] commander=ai team=Team_Human_Centauri unit=Heavy Raider kind=move dst=(-1291,115,1400)
[ORDER] commander=ai team=Team_Human_Centauri unit=Heavy Raider kind=move dst=(-1291,115,1400)
[ORDER] commander=ai team=Team_Alien unit=Squid kind=move dst=(-1214,27,-1213)
[ORDER] commander=ai team=Team_Alien unit=Squid kind=move dst=(-1214,27,-1213)
[ORDER] commander=ai team=Team_Human_Sol unit=Platoon Hauler kind=move dst=(654,110,434)
[SPAWN_S] team=Team_Human_Centauri structure=Barracks at=(-705,840)
[ORDER] commander=ai team=Team_Human_Centauri unit=Squad Transport kind=move dst=(-1232,88,796)
[SPAWN_U] team=Team_Alien unit=Shrimp
[ORDER] commander=ai team=Team_Human_Centauri unit=Assault Car kind=move dst=(-1291,115,1400)
[ORDER] commander=ai team=Team_Human_Centauri unit=Heavy Raider kind=move dst=(-1291,115,1400)
[ORDER] commander=ai team=Team_Human_Centauri unit=Heavy Raider kind=move dst=(-1291,115,1400)
[ORDER] commander=ai team=Team_Alien unit=Squid kind=move dst=(-1214,27,-1213)
[ORDER] commander=ai team=Team_Alien unit=Squid kind=move dst=(-1214,27,-1213)
[ORDER] commander=ai team=Team_Human_Sol unit=Scout kind=stop
[ORDER] commander=ai team=Team_Human_Sol unit=Scout kind=move dst=(1221,76,-360)
[ORDER] commander=ai team=Team_Human_Sol unit=Scout kind=move dst=(1221,76,-360)
[ORDER] commander=ai team=Team_Human_Sol unit=Rifleman kind=move dst=(1221,76,-360)
[ORDER] commander=ai team=Team_Human_Centauri unit=Assault Car kind=move dst=(-1082,64,-241)
[ORDER] commander=ai team=Team_Human_Centauri unit=Assault Car kind=move dst=(-1082,64,-241)
[ORDER] commander=ai team=Team_Human_Centauri unit=Squad Transport kind=attack tgt=SpecialContainer_Long_01_Large(Clone) (Target)
[ORDER] commander=ai team=Team_Human_Centauri unit=Squad Transport kind=move dst=(260,85,910)
[ORDER] commander=ai team=Team_Human_Centauri unit=Assault Car kind=attack tgt=Shocker(Clone) (Target)
[ORDER] commander=ai team=Team_Human_Centauri unit=Heavy Raider kind=attack tgt=Shocker(Clone) (Target)
[ORDER] commander=ai team=Team_Human_Centauri unit=Heavy Raider kind=attack tgt=Shocker(Clone) (Target)
[H1] team=Team_Human_Centauri fire=Refinery atBalterium=(-143,1183) refCount=4
[H2] team=Team_Human_Centauri fire=Headquarters argmaxCell=(25,37) val=126 atWorld=(-480,0) hqCount=2
[AI] [Team_Human_Centauri] tick=40 reqs=3 type={Construct:3} task={} prio(min/avg/max)=10/47.0/81 groups=0
[ORDER] commander=ai team=Team_Human_Sol unit=Platoon Hauler kind=move dst=(654,110,434)
[ORDER] commander=ai team=Team_Human_Centauri unit=Squad Transport kind=move dst=(-1232,88,796)
[SPAWN_S] team=Team_Alien structure=Node at=(-970,-980)
[ORDER] commander=ai team=Team_Alien unit=Squid kind=move dst=(-1214,27,-1213)
[ORDER] commander=ai team=Team_Alien unit=Squid kind=move dst=(-1214,27,-1213)
[ORDER] commander=ai team=Team_Human_Sol unit=Scout kind=move dst=(1314,71,-845)
[ORDER] commander=ai team=Team_Human_Sol unit=Heavy Quad kind=move dst=(1209,68,-1073)
[ORDER] commander=ai team=Team_Human_Sol unit=Heavy Quad kind=move dst=(1209,68,-1073)
[ORDER] commander=ai team=Team_Human_Sol unit=Light Striker kind=move dst=(767,90,-1177)
[ORDER] commander=ai team=Team_Human_Sol unit=Light Striker kind=move dst=(767,90,-1177)
[H1] team=Team_Human_Sol fire=Refinery atBalterium=(780,475) refCount=2
[H2] team=Team_Human_Sol fire=Headquarters argmaxCell=(60,59) val=105 atWorld=(920,880) hqCount=2
[H3] team=Team_Human_Sol fire=Barracks nearHq=(1035,30)
[H3] team=Team_Human_Sol fire=Research Facility nearHq=(1035,30)
[AI] [Team_Human_Sol] tick=40 reqs=2 type={Construct:2} task={} prio(min/avg/max)=7/8.5/10 groups=0
[ORDER] commander=ai team=Team_Human_Sol unit=Platoon Hauler kind=move dst=(654,110,434)
[ORDER] commander=ai team=Team_Human_Centauri unit=Squad Transport kind=move dst=(-1232,88,796)
[P31] team=Team_Alien preset=Combat stock=Crab ours=Crab agree=True rationale=swarm floor (have 7/16)
[P31] team=Team_Alien preset=Harvest stock=Shrimp ours=Shrimp agree=True rationale=biotic cap (have 14/70)
[ORDER] commander=ai team=Team_Alien unit=Squid kind=move dst=(-136,51,-1238)
[ORDER] commander=ai team=Team_Alien unit=Squid kind=move dst=(-136,51,-1238)
[ORDER] commander=ai team=Team_Alien unit=Wasp kind=move dst=(-136,51,-1238)
[ORDER] commander=ai team=Team_Alien unit=Squid kind=move dst=(-136,51,-1238)
[ORDER] commander=ai team=Team_Alien unit=Squid kind=move dst=(-136,51,-1238)
[ORDER] commander=ai team=Team_Alien unit=Crab kind=move dst=(-478,52,-352)
[ORDER] commander=ai team=Team_Alien unit=Crab kind=move dst=(-478,52,-352)
[ORDER] commander=ai team=Team_Alien unit=Crab kind=move dst=(-478,52,-352)
[ORDER] commander=ai team=Team_Alien unit=Crab kind=move dst=(-478,52,-352)
[ORDER] commander=ai team=Team_Alien unit=Hunter kind=attack tgt=Cent_Headquarters(Clone) (Target)
[ORDER] commander=ai team=Team_Alien unit=Hunter kind=attack tgt=Cent_Headquarters(Clone) (Target)
[ORDER] commander=ai team=Team_Alien unit=Squid kind=attack tgt=Cent_Refinery(Clone) (Target)
[ORDER] commander=ai team=Team_Alien unit=Squid kind=attack tgt=Cent_Refinery(Clone) (Target)
[ORDER] commander=ai team=Team_Alien unit=Wasp kind=attack tgt=Cent_Refinery(Clone) (Target)
[ORDER] commander=ai team=Team_Alien unit=Squid kind=attack tgt=Cent_Refinery(Clone) (Target)
[ORDER] commander=ai team=Team_Alien unit=Squid kind=attack tgt=Cent_Refinery(Clone) (Target)
[AI] [Team_Alien] tick=40 reqs=5 type={Construct:5} task={} prio(min/avg/max)=10/37.0/62 groups=0
[SPAWN_U] team=Team_Alien unit=Shrimp
[ORDER] commander=ai team=Team_Human_Centauri unit=Light Raider kind=move dst=(-425,69,562)
[ORDER] commander=ai team=Team_Human_Centauri unit=Light Raider kind=move dst=(-425,69,562)
[ORDER] commander=ai team=Team_Human_Centauri unit=Heavy Raider kind=stop
[ORDER] commander=ai team=Team_Alien unit=Squid kind=move dst=(-1214,27,-1213)
[ORDER] commander=ai team=Team_Alien unit=Squid kind=move dst=(-1214,27,-1213)
[ORDER] commander=ai team=Team_Human_Sol unit=Platoon Hauler kind=move dst=(654,110,434)
[ORDER] commander=ai team=Team_Human_Centauri unit=Squad Transport kind=move dst=(-1232,88,796)
[ORDER] commander=ai team=Team_Human_Centauri unit=Light Raider kind=move dst=(-436,68,556)
[ORDER] commander=ai team=Team_Human_Centauri unit=Light Raider kind=move dst=(-436,68,556)
[ORDER] commander=ai team=Team_Alien unit=Squid kind=move dst=(-1214,27,-1213)
[ORDER] commander=ai team=Team_Alien unit=Squid kind=move dst=(-1214,27,-1213)
[ORDER] commander=ai team=Team_Human_Sol unit=Scout kind=stop
[ORDER] commander=ai team=Team_Human_Sol unit=Scout kind=move dst=(1223,79,-376)
[ORDER] commander=ai team=Team_Human_Sol unit=Scout kind=move dst=(1223,79,-376)
[ORDER] commander=ai team=Team_Human_Sol unit=Rifleman kind=move dst=(1223,79,-376)
[ORDER] commander=ai team=Team_Human_Sol unit=Light Striker kind=move dst=(763,99,14)
[ORDER] commander=ai team=Team_Human_Centauri unit=Assault Car kind=attack tgt=Shocker(Clone) (Target)
[ORDER] commander=ai team=Team_Human_Centauri unit=Light Raider kind=move dst=(110,80,512)
[ORDER] commander=ai team=Team_Human_Centauri unit=Light Raider kind=move dst=(110,80,512)
[ORDER] commander=ai team=Team_Human_Centauri unit=Assault Car kind=move dst=(-1007,129,1031)
[ORDER] commander=ai team=Team_Human_Centauri unit=Heavy Raider kind=move dst=(-1007,129,1031)
[ORDER] commander=ai team=Team_Human_Centauri unit=Heavy Raider kind=move dst=(-1007,129,1031)
[ORDER] commander=ai team=Team_Human_Centauri unit=Assault Car kind=attack tgt=Shocker(Clone) (Target)
[ORDER] commander=ai team=Team_Human_Centauri unit=Heavy Raider kind=attack tgt=Shocker(Clone) (Target)
[ORDER] commander=ai team=Team_Human_Centauri unit=Heavy Raider kind=attack tgt=Shocker(Clone) (Target)
[H2] team=Team_Human_Centauri fire=Headquarters argmaxCell=(25,37) val=126 atWorld=(-480,0) hqCount=2
[AI] [Team_Human_Centauri] tick=41 reqs=3 type={Construct:3} task={} prio(min/avg/max)=10/47.0/81 groups=0
[ORDER] commander=ai team=Team_Human_Centauri unit=Assault Car kind=move dst=(-972,62,-266)
[ORDER] commander=ai team=Team_Human_Sol unit=Platoon Hauler kind=move dst=(654,110,434)
[ORDER] commander=ai team=Team_Human_Centauri unit=Squad Transport kind=move dst=(-1232,88,796)
[ORDER] commander=ai team=Team_Alien unit=Squid kind=move dst=(-1214,27,-1213)
[ORDER] commander=ai team=Team_Alien unit=Squid kind=move dst=(-1214,27,-1213)
[ORDER] commander=ai team=Team_Human_Sol unit=Scout kind=move dst=(1314,71,-845)
[ORDER] commander=ai team=Team_Human_Sol unit=Heavy Quad kind=move dst=(1209,68,-1073)
[ORDER] commander=ai team=Team_Human_Sol unit=Heavy Quad kind=move dst=(1209,68,-1073)
[ORDER] commander=ai team=Team_Human_Sol unit=Light Striker kind=move dst=(767,90,-1177)
[ORDER] commander=ai team=Team_Human_Sol unit=Light Striker kind=move dst=(767,90,-1177)
[H1] team=Team_Human_Sol fire=Refinery atBalterium=(949,247) refCount=2
[H1] team=Team_Human_Sol fire=Refinery atBalterium=(858,-143) refCount=3
[H1] team=Team_Human_Sol fire=Refinery atBalterium=(1261,169) refCount=4
[H2] team=Team_Human_Sol fire=Headquarters argmaxCell=(60,59) val=105 atWorld=(920,880) hqCount=2
[AI] [Team_Human_Sol] tick=41 reqs=2 type={Construct:2} task={} prio(min/avg/max)=7/8.5/10 groups=0
[ORDER] commander=ai team=Team_Human_Sol unit=Platoon Hauler kind=move dst=(654,110,434)
[ORDER] commander=ai team=Team_Human_Centauri unit=Squad Transport kind=move dst=(-1232,88,796)
[P31] team=Team_Alien preset=Combat stock=Crab ours=Crab agree=True rationale=swarm floor (have 7/16)
[P31] team=Team_Alien preset=Harvest stock=Shrimp ours=Shrimp agree=True rationale=biotic cap (have 15/70)
[ORDER] commander=ai team=Team_Alien unit=Crab kind=move dst=(-695,84,-428)
[ORDER] commander=ai team=Team_Alien unit=Crab kind=move dst=(-695,84,-428)
[ORDER] commander=ai team=Team_Alien unit=Crab kind=move dst=(-695,84,-428)
[ORDER] commander=ai team=Team_Alien unit=Crab kind=move dst=(-695,84,-428)
[ORDER] commander=ai team=Team_Alien unit=Squid kind=move dst=(-136,51,-1238)
[ORDER] commander=ai team=Team_Alien unit=Squid kind=move dst=(-136,51,-1238)
[ORDER] commander=ai team=Team_Alien unit=Wasp kind=move dst=(-136,51,-1238)
[ORDER] commander=ai team=Team_Alien unit=Squid kind=move dst=(-136,51,-1238)
[ORDER] commander=ai team=Team_Alien unit=Squid kind=move dst=(-136,51,-1238)
[ORDER] commander=ai team=Team_Alien unit=Hunter kind=move dst=(-478,52,-352)
[ORDER] commander=ai team=Team_Alien unit=Hunter kind=move dst=(-478,52,-352)
[ORDER] commander=ai team=Team_Alien unit=Crab kind=attack tgt=Cent_Headquarters(Clone) (Target)
[ORDER] commander=ai team=Team_Alien unit=Shocker kind=attack tgt=Cent_Headquarters(Clone) (Target)
[ORDER] commander=ai team=Team_Alien unit=Squid kind=attack tgt=Cent_Refinery(Clone) (Target)
[ORDER] commander=ai team=Team_Alien unit=Squid kind=attack tgt=Cent_Refinery(Clone) (Target)
[ORDER] commander=ai team=Team_Alien unit=Wasp kind=attack tgt=Cent_Refinery(Clone) (Target)
[ORDER] commander=ai team=Team_Alien unit=Squid kind=attack tgt=Cent_Refinery(Clone) (Target)
[ORDER] commander=ai team=Team_Alien unit=Squid kind=attack tgt=Cent_Refinery(Clone) (Target)
[AI] [Team_Alien] tick=41 reqs=5 type={Construct:5} task={} prio(min/avg/max)=10/36.4/62 groups=0
[ORDER] commander=ai team=Team_Alien unit=Crab kind=move dst=(-615,72,840)
[ORDER] commander=ai team=Team_Alien unit=Shocker kind=move dst=(-615,72,840)
[ORDER] commander=ai team=Team_Alien unit=Squid kind=move dst=(-1214,27,-1213)
[ORDER] commander=ai team=Team_Alien unit=Squid kind=move dst=(-1214,27,-1213)
[ORDER] commander=ai team=Team_Human_Sol unit=Heavy Quad kind=move dst=(763,99,14)
[ORDER] commander=ai team=Team_Human_Sol unit=Platoon Hauler kind=move dst=(654,110,434)
[ORDER] commander=ai team=Team_Human_Centauri unit=Squad Transport kind=move dst=(-1232,88,796)
[ORDER] commander=ai team=Team_Alien unit=Squid kind=move dst=(-1214,27,-1213)
[ORDER] commander=ai team=Team_Alien unit=Squid kind=move dst=(-1214,27,-1213)
[ORDER] commander=ai team=Team_Human_Sol unit=Scout kind=stop
[ORDER] commander=ai team=Team_Human_Sol unit=Scout kind=move dst=(1233,81,-392)
[ORDER] commander=ai team=Team_Human_Sol unit=Scout kind=move dst=(1233,81,-392)
[ORDER] commander=ai team=Team_Human_Sol unit=Rifleman kind=move dst=(1233,81,-392)
[ORDER] commander=ai team=Team_Human_Centauri unit=Militia kind=attack tgt=Shocker(Clone) (Target)
[ORDER] commander=ai team=Team_Human_Centauri unit=Militia kind=attack tgt=Shocker(Clone) (Target)
[ORDER] commander=ai team=Team_Human_Centauri unit=Militia kind=attack tgt=Shocker(Clone) (Target)
[ORDER] commander=ai team=Team_Human_Centauri unit=Trooper kind=attack tgt=Shocker(Clone) (Target)
[ORDER] commander=ai team=Team_Human_Centauri unit=Assault Car kind=move dst=(-319,49,-75)
[ORDER] commander=ai team=Team_Human_Centauri unit=Assault Car kind=move dst=(-173,89,827)
[ORDER] commander=ai team=Team_Human_Centauri unit=Heavy Raider kind=move dst=(-173,89,827)
[ORDER] commander=ai team=Team_Human_Centauri unit=Heavy Raider kind=move dst=(-173,89,827)
[ORDER] commander=ai team=Team_Human_Centauri unit=Assault Car kind=attack tgt=Shocker(Clone) (Target)
[ORDER] commander=ai team=Team_Human_Centauri unit=Heavy Raider kind=attack tgt=Shocker(Clone) (Target)
[ORDER] commander=ai team=Team_Human_Centauri unit=Heavy Raider kind=attack tgt=Shocker(Clone) (Target)
[H1] team=Team_Human_Centauri fire=Refinery atBalterium=(-143,1183) refCount=4
[H2] team=Team_Human_Centauri fire=Headquarters argmaxCell=(25,37) val=126 atWorld=(-480,0) hqCount=2
[AI] [Team_Human_Centauri] tick=42 reqs=3 type={Construct:3} task={} prio(min/avg/max)=10/47.0/81 groups=0
[ORDER] commander=ai team=Team_Human_Sol unit=Platoon Hauler kind=move dst=(654,110,434)
[ORDER] commander=ai team=Team_Human_Centauri unit=Squad Transport kind=move dst=(-1232,88,796)
[ORDER] commander=ai team=Team_Human_Centauri unit=Light Raider kind=move dst=(-478,52,-352)
[ORDER] commander=ai team=Team_Human_Centauri unit=Light Raider kind=move dst=(-478,52,-352)
[ORDER] commander=ai team=Team_Human_Centauri unit=Heavy Raider kind=move dst=(-478,52,-352)
[ORDER] commander=ai team=Team_Alien unit=Squid kind=move dst=(-1214,27,-1213)
[ORDER] commander=ai team=Team_Alien unit=Squid kind=move dst=(-1214,27,-1213)
[ORDER] commander=ai team=Team_Human_Sol unit=Heavy Quad kind=move dst=(1209,68,-1073)
[ORDER] commander=ai team=Team_Human_Sol unit=Heavy Quad kind=move dst=(1209,68,-1073)
[ORDER] commander=ai team=Team_Human_Sol unit=Light Striker kind=move dst=(65,47,-65)
[ORDER] commander=ai team=Team_Human_Sol unit=Light Striker kind=move dst=(65,47,-65)
[H1] team=Team_Human_Sol fire=Refinery atBalterium=(780,475) refCount=2
[H2] team=Team_Human_Sol fire=Headquarters argmaxCell=(60,59) val=105 atWorld=(920,880) hqCount=2
[H3] team=Team_Human_Sol fire=Barracks nearHq=(1035,30)
[H3] team=Team_Human_Sol fire=Research Facility nearHq=(1035,30)
[AI] [Team_Human_Sol] tick=42 reqs=2 type={Construct:2} task={} prio(min/avg/max)=7/8.5/10 groups=0
[ORDER] commander=ai team=Team_Human_Sol unit=Platoon Hauler kind=move dst=(654,110,434)
[ORDER] commander=ai team=Team_Human_Centauri unit=Squad Transport kind=move dst=(-1232,88,796)
[P31] team=Team_Alien preset=Combat stock=Crab ours=Crab agree=True rationale=swarm floor (have 7/16)
[P31] team=Team_Alien preset=Harvest stock=Shrimp ours=Shrimp agree=True rationale=biotic cap (have 15/70)
[ORDER] commander=ai team=Team_Alien unit=Hunter kind=move dst=(-136,51,-1238)
[ORDER] commander=ai team=Team_Alien unit=Hunter kind=move dst=(-136,51,-1238)
[ORDER] commander=ai team=Team_Alien unit=Crab kind=move dst=(-478,52,-352)
[ORDER] commander=ai team=Team_Alien unit=Horned Crab kind=move dst=(-478,52,-352)
[ORDER] commander=ai team=Team_Alien unit=Horned Crab kind=move dst=(-478,52,-352)
[ORDER] commander=ai team=Team_Alien unit=Shocker kind=move dst=(-478,52,-352)
[ORDER] commander=ai team=Team_Alien unit=Hunter kind=move dst=(-75,39,-766)
[ORDER] commander=ai team=Team_Alien unit=Shocker kind=attack tgt=Cent_Barracks(Clone) (Target)
[ORDER] commander=ai team=Team_Alien unit=Shocker kind=attack tgt=Cent_Barracks(Clone) (Target)
[ORDER] commander=ai team=Team_Alien unit=Shocker kind=attack tgt=Cent_Barracks(Clone) (Target)
[ORDER] commander=ai team=Team_Alien unit=Shocker kind=attack tgt=Cent_Barracks(Clone) (Target)
[ORDER] commander=ai team=Team_Alien unit=Hunter kind=attack tgt=Cent_Headquarters(Clone) (Target)
[ORDER] commander=ai team=Team_Alien unit=Hunter kind=attack tgt=Cent_Refinery(Clone) (Target)
[ORDER] commander=ai team=Team_Alien unit=Hunter kind=attack tgt=Cent_Refinery(Clone) (Target)
[ORDER] commander=ai team=Team_Alien unit=Hunter kind=attack tgt=Cent_Refinery(Clone) (Target)
[ORDER] commander=ai team=Team_Alien unit=Crab kind=attack tgt=Cent_Barracks(Clone) (Target)
[ORDER] commander=ai team=Team_Alien unit=Horned Crab kind=attack tgt=Cent_Barracks(Clone) (Target)
[ORDER] commander=ai team=Team_Alien unit=Horned Crab kind=attack tgt=Cent_Barracks(Clone) (Target)
[ORDER] commander=ai team=Team_Alien unit=Shocker kind=attack tgt=Cent_Barracks(Clone) (Target)
[P32] team=Team_Alien fire=Cyst phase=starter atBcAt=(-1220,-1195) cystOwned=2/3
[AI] [Team_Alien] tick=42 reqs=5 type={Construct:5} task={} prio(min/avg/max)=10/36.4/62 groups=0
[ORDER] commander=ai team=Team_Alien unit=Hunter kind=move dst=(-615,72,840)
[ORDER] commander=ai team=Team_Alien unit=Hunter kind=move dst=(-675,79,990)
[ORDER] commander=ai team=Team_Alien unit=Squid kind=move dst=(-1214,27,-1213)
[ORDER] commander=ai team=Team_Alien unit=Squid kind=move dst=(-1214,27,-1213)
[ORDER] commander=ai team=Team_Human_Sol unit=Scout kind=move dst=(1314,71,-845)
[ORDER] commander=ai team=Team_Human_Sol unit=Platoon Hauler kind=move dst=(654,110,434)
[ORDER] commander=ai team=Team_Human_Centauri unit=Squad Transport kind=move dst=(-1232,88,796)
[ORDER] commander=ai team=Team_Alien unit=Squid kind=move dst=(-1214,27,-1213)
[ORDER] commander=ai team=Team_Alien unit=Squid kind=move dst=(-1214,27,-1213)
[ORDER] commander=ai team=Team_Human_Sol unit=Scout kind=move dst=(1314,71,-845)
[ORDER] commander=ai team=Team_Human_Sol unit=Scout kind=move dst=(1314,71,-845)
[ORDER] commander=ai team=Team_Human_Centauri unit=Heavy Raider kind=move dst=(-884,57,-167)
[ORDER] commander=ai team=Team_Human_Centauri unit=Assault Car kind=attack tgt=Shocker(Clone) (Target)
[ORDER] commander=ai team=Team_Human_Centauri unit=Heavy Raider kind=attack tgt=Shocker(Clone) (Target)
[ORDER] commander=ai team=Team_Human_Centauri unit=Heavy Raider kind=attack tgt=Shocker(Clone) (Target)
[ORDER] commander=ai team=Team_Human_Centauri unit=Trooper kind=move dst=(-633,61,914)
[ORDER] commander=ai team=Team_Human_Centauri unit=Light Raider kind=attack tgt=Shocker(Clone) (Target)
[ORDER] commander=ai team=Team_Human_Centauri unit=Light Raider kind=attack tgt=Shocker(Clone) (Target)
[ORDER] commander=ai team=Team_Human_Centauri unit=Trooper kind=attack tgt=Shocker(Clone) (Target)
[H1] team=Team_Human_Centauri fire=Refinery atBalterium=(-793,689) refCount=4
[H2] team=Team_Human_Centauri fire=Headquarters argmaxCell=(25,37) val=126 atWorld=(-480,0) hqCount=2
[AI] [Team_Human_Centauri] tick=43 reqs=3 type={Construct:3} task={} prio(min/avg/max)=10/47.0/81 groups=0
[ORDER] commander=ai team=Team_Human_Centauri unit=Light Raider kind=move dst=(-977,61,-267)
[ORDER] commander=ai team=Team_Human_Centauri unit=Light Raider kind=move dst=(-977,61,-267)
[ORDER] commander=ai team=Team_Human_Sol unit=Platoon Hauler kind=move dst=(654,110,434)
[ORDER] commander=ai team=Team_Human_Centauri unit=Squad Transport kind=move dst=(-1232,88,796)
[ORDER] commander=ai team=Team_Alien unit=Squid kind=move dst=(-1214,27,-1213)
[ORDER] commander=ai team=Team_Alien unit=Squid kind=move dst=(-1214,27,-1213)
[ORDER] commander=ai team=Team_Human_Sol unit=Scout kind=stop
[ORDER] commander=ai team=Team_Human_Sol unit=Scout kind=move dst=(1236,81,-410)
[ORDER] commander=ai team=Team_Human_Sol unit=Scout kind=move dst=(1236,81,-410)
[ORDER] commander=ai team=Team_Human_Sol unit=Rifleman kind=move dst=(1236,81,-410)
[ORDER] commander=ai team=Team_Human_Sol unit=Light Striker kind=move dst=(763,99,14)
[ORDER] commander=ai team=Team_Human_Sol unit=Heavy Quad kind=move dst=(1209,68,-1073)
[ORDER] commander=ai team=Team_Human_Sol unit=Heavy Quad kind=move dst=(1209,68,-1073)
[ORDER] commander=ai team=Team_Human_Sol unit=Platoon Hauler kind=move dst=(52,60,995)
[H1] team=Team_Human_Sol fire=Refinery atBalterium=(949,247) refCount=2
[H1] team=Team_Human_Sol fire=Refinery atBalterium=(858,-143) refCount=3
[H1] team=Team_Human_Sol fire=Refinery atBalterium=(1261,169) refCount=4
[H2] team=Team_Human_Sol fire=Headquarters argmaxCell=(60,59) val=105 atWorld=(920,880) hqCount=2
[AI] [Team_Human_Sol] tick=43 reqs=2 type={Construct:2} task={} prio(min/avg/max)=7/8.5/10 groups=0
[ORDER] commander=ai team=Team_Human_Sol unit=Platoon Hauler kind=move dst=(654,110,434)
[ORDER] commander=ai team=Team_Human_Centauri unit=Squad Transport kind=move dst=(-1232,88,796)
[P31] team=Team_Alien preset=Combat stock=Crab ours=Crab agree=True rationale=swarm floor (have 7/16)
[P31] team=Team_Alien preset=Harvest stock=Shrimp ours=Shrimp agree=True rationale=biotic cap (have 15/70)
[ORDER] commander=ai team=Team_Alien unit=Crab kind=move dst=(-478,52,-352)
[ORDER] commander=ai team=Team_Alien unit=Horned Crab kind=move dst=(-478,52,-352)
[ORDER] commander=ai team=Team_Alien unit=Horned Crab kind=move dst=(-478,52,-352)
[ORDER] commander=ai team=Team_Alien unit=Shocker kind=move dst=(-478,52,-352)
[ORDER] commander=ai team=Team_Alien unit=Hunter kind=move dst=(-75,39,-766)
[ORDER] commander=ai team=Team_Alien unit=Hunter kind=attack tgt=Cent_Headquarters(Clone) (Target)
[ORDER] commander=ai team=Team_Alien unit=Crab kind=attack tgt=Cent_Barracks(Clone) (Target)
[ORDER] commander=ai team=Team_Alien unit=Horned Crab kind=attack tgt=Cent_Barracks(Clone) (Target)
[ORDER] commander=ai team=Team_Alien unit=Horned Crab kind=attack tgt=Cent_Barracks(Clone) (Target)
[ORDER] commander=ai team=Team_Alien unit=Shocker kind=attack tgt=Cent_Barracks(Clone) (Target)
[P32] team=Team_Alien fire=Node towardPatchAt=(-773,-192) distToOwned=315m nodesOwned=12 anchorAt=(-1110,-1170)
[AI] [Team_Alien] tick=43 reqs=5 type={Construct:5} task={} prio(min/avg/max)=10/36.4/62 groups=0
[ORDER] commander=ai team=Team_Alien unit=Hunter kind=move dst=(-615,72,840)
[ORDER] commander=ai team=Team_Alien unit=Squid kind=move dst=(-1214,27,-1213)
[ORDER] commander=ai team=Team_Alien unit=Squid kind=move dst=(-1214,27,-1213)
[ORDER] commander=ai team=Team_Human_Sol unit=Scout kind=move dst=(1314,71,-845)
[ORDER] commander=ai team=Team_Human_Sol unit=Platoon Hauler kind=move dst=(654,110,434)
[ORDER] commander=ai team=Team_Human_Centauri unit=Squad Transport kind=move dst=(-1232,88,796)
[ORDER] commander=ai team=Team_Alien unit=Squid kind=move dst=(-927,82,-586)
[ORDER] commander=ai team=Team_Alien unit=Squid kind=move dst=(-927,82,-586)
[ORDER] commander=ai team=Team_Alien unit=Wasp kind=stop
[ORDER] commander=ai team=Team_Alien unit=Squid kind=move dst=(-927,82,-586)
[ORDER] commander=ai team=Team_Alien unit=Squid kind=stop
[ORDER] commander=ai team=Team_Alien unit=Squid kind=move dst=(-1214,27,-1213)
[ORDER] commander=ai team=Team_Alien unit=Squid kind=move dst=(-1214,27,-1213)
[ORDER] commander=ai team=Team_Human_Sol unit=Light Raider kind=move dst=(1034,82,-663)
[ORDER] commander=ai team=Team_Human_Sol unit=Light Raider kind=move dst=(1034,82,-663)
[ORDER] commander=ai team=Team_Human_Sol unit=Heavy Quad kind=stop
[ORDER] commander=ai team=Team_Human_Sol unit=Scout kind=move dst=(1314,71,-845)
[ORDER] commander=ai team=Team_Human_Sol unit=Heavy Quad kind=move dst=(763,99,14)
[ORDER] commander=ai team=Team_Human_Centauri unit=Heavy Raider kind=move dst=(-884,57,-167)
[ORDER] commander=ai team=Team_Human_Centauri unit=Squad Transport kind=move dst=(457,105,257)
[ORDER] commander=ai team=Team_Human_Centauri unit=Squad Transport kind=attack tgt=SpecialContainer_Long_01_Large(Clone) (Target)
[ORDER] commander=ai team=Team_Human_Centauri unit=Assault Car kind=move dst=(-1261,67,-20)
[ORDER] commander=ai team=Team_Human_Centauri unit=Squad Transport kind=attack tgt=Shocker(Clone) (Target)
[H1] team=Team_Human_Centauri fire=Refinery atBalterium=(-803,1260) refCount=4
[H1] team=Team_Human_Centauri fire=Refinery atBalterium=(-143,1183) refCount=5
[H1] team=Team_Human_Centauri fire=Refinery atBalterium=(-156,449) refCount=6
[H2] team=Team_Human_Centauri fire=Headquarters argmaxCell=(25,37) val=126 atWorld=(-480,0) hqCount=2
[AI] [Team_Human_Centauri] tick=44 reqs=3 type={Construct:3} task={} prio(min/avg/max)=10/47.0/81 groups=0
[ORDER] commander=ai team=Team_Human_Sol unit=Platoon Hauler kind=move dst=(654,110,434)
[ORDER] commander=ai team=Team_Human_Centauri unit=Squad Transport kind=move dst=(-1232,88,796)
[ORDER] commander=ai team=Team_Alien unit=Squid kind=move dst=(-923,84,-569)
[ORDER] commander=ai team=Team_Alien unit=Squid kind=move dst=(-923,84,-569)
[ORDER] commander=ai team=Team_Alien unit=Squid kind=move dst=(-923,84,-569)
[ORDER] commander=ai team=Team_Alien unit=Squid kind=move dst=(-1214,27,-1213)
[ORDER] commander=ai team=Team_Alien unit=Squid kind=move dst=(-1214,27,-1213)
[ORDER] commander=ai team=Team_Human_Sol unit=Light Raider kind=move dst=(1030,82,-666)
[ORDER] commander=ai team=Team_Human_Sol unit=Light Raider kind=move dst=(1030,82,-666)
[ORDER] commander=ai team=Team_Human_Sol unit=Scout kind=stop
[ORDER] commander=ai team=Team_Human_Sol unit=Scout kind=move dst=(1238,81,-427)
[ORDER] commander=ai team=Team_Human_Sol unit=Scout kind=move dst=(1238,81,-427)
[ORDER] commander=ai team=Team_Human_Sol unit=Rifleman kind=move dst=(1238,81,-427)
[ORDER] commander=ai team=Team_Human_Sol unit=Light Striker kind=move dst=(763,99,14)
[ORDER] commander=ai team=Team_Human_Sol unit=Heavy Quad kind=move dst=(1209,68,-1073)
[ORDER] commander=ai team=Team_Human_Sol unit=Heavy Quad kind=move dst=(1209,68,-1073)
[H1] team=Team_Human_Sol fire=Refinery atBalterium=(780,475) refCount=2
[H2] team=Team_Human_Sol fire=Headquarters argmaxCell=(60,59) val=126 atWorld=(920,880) hqCount=2
[H3] team=Team_Human_Sol fire=Barracks nearHq=(1035,30)
[H3] team=Team_Human_Sol fire=Research Facility nearHq=(1035,30)
[AI] [Team_Human_Sol] tick=44 reqs=2 type={Construct:2} task={} prio(min/avg/max)=7/8.5/10 groups=0
[ORDER] commander=ai team=Team_Human_Sol unit=Platoon Hauler kind=move dst=(654,110,434)
[H1] team=Team_Human_Centauri constructed=Refinery atBalterium=(-793,689) landedAt=(-750,555) yaw=360 result=InsufficientResource
[ORDER] commander=ai team=Team_Human_Centauri unit=Squad Transport kind=move dst=(-1232,88,796)
[P31] team=Team_Alien preset=Combat stock=Crab ours=Crab agree=True rationale=swarm floor (have 7/16)
[P31] team=Team_Alien preset=Harvest stock=Shrimp ours=Shrimp agree=True rationale=biotic cap (have 15/70)
[ORDER] commander=ai team=Team_Alien unit=Crab kind=move dst=(-478,52,-352)
[ORDER] commander=ai team=Team_Alien unit=Horned Crab kind=move dst=(-478,52,-352)
[ORDER] commander=ai team=Team_Alien unit=Horned Crab kind=move dst=(-478,52,-352)
[ORDER] commander=ai team=Team_Alien unit=Shocker kind=move dst=(-478,52,-352)
[ORDER] commander=ai team=Team_Alien unit=Hunter kind=move dst=(-75,39,-766)
[ORDER] commander=ai team=Team_Alien unit=Hunter kind=attack tgt=Cent_Headquarters(Clone) (Target)
[ORDER] commander=ai team=Team_Alien unit=Crab kind=attack tgt=Cent_Barracks(Clone) (Target)
[ORDER] commander=ai team=Team_Alien unit=Horned Crab kind=attack tgt=Cent_Barracks(Clone) (Target)
[ORDER] commander=ai team=Team_Alien unit=Horned Crab kind=attack tgt=Cent_Barracks(Clone) (Target)
[ORDER] commander=ai team=Team_Alien unit=Shocker kind=attack tgt=Cent_Barracks(Clone) (Target)
[AI] [Team_Alien] tick=44 reqs=5 type={Construct:5} task={} prio(min/avg/max)=10/36.4/62 groups=0
[ORDER] commander=ai team=Team_Alien unit=Hunter kind=move dst=(-615,72,840)
[ORDER] commander=ai team=Team_Alien unit=Squid kind=move dst=(-1214,27,-1213)
[ORDER] commander=ai team=Team_Alien unit=Squid kind=move dst=(-1214,27,-1213)
[ORDER] commander=ai team=Team_Human_Sol unit=Scout kind=move dst=(1314,71,-845)
[ORDER] commander=ai team=Team_Human_Sol unit=Platoon Hauler kind=move dst=(654,110,434)
[ORDER] commander=ai team=Team_Human_Centauri unit=Squad Transport kind=move dst=(-1232,88,796)
[ORDER] commander=ai team=Team_Alien unit=Squid kind=move dst=(-675,79,990)
[ORDER] commander=ai team=Team_Alien unit=Squid kind=move dst=(-675,79,990)
[ORDER] commander=ai team=Team_Alien unit=Wasp kind=move dst=(-675,79,990)
[ORDER] commander=ai team=Team_Alien unit=Squid kind=move dst=(-675,79,990)
[ORDER] commander=ai team=Team_Alien unit=Squid kind=move dst=(-675,79,990)
[ORDER] commander=ai team=Team_Alien unit=Squid kind=move dst=(-1214,27,-1213)
[ORDER] commander=ai team=Team_Alien unit=Squid kind=move dst=(-1214,27,-1213)
[ORDER] commander=ai team=Team_Human_Sol unit=Scout kind=move dst=(1314,71,-845)
[ORDER] commander=ai team=Team_Human_Centauri unit=Militia kind=move dst=(-884,57,-167)
[ORDER] commander=ai team=Team_Human_Centauri unit=Militia kind=move dst=(-884,57,-167)
[ORDER] commander=ai team=Team_Human_Centauri unit=Militia kind=move dst=(-884,57,-167)
[ORDER] commander=ai team=Team_Human_Centauri unit=Trooper kind=move dst=(-884,57,-167)
[ORDER] commander=ai team=Team_Human_Centauri unit=Light Raider kind=move dst=(260,85,910)
[ORDER] commander=ai team=Team_Human_Centauri unit=Light Raider kind=move dst=(260,85,910)
[ORDER] commander=ai team=Team_Human_Centauri unit=Squad Transport kind=move dst=(-399,133,1400)
[ORDER] commander=ai team=Team_Human_Centauri unit=Light Raider kind=attack tgt=Shocker(Clone) (Target)
[ORDER] commander=ai team=Team_Human_Centauri unit=Light Raider kind=attack tgt=Shocker(Clone) (Target)
[H2] team=Team_Human_Centauri fire=Headquarters argmaxCell=(25,37) val=147 atWorld=(-480,0) hqCount=2
[H3] team=Team_Human_Centauri fire=Research Facility nearHq=(-615,840)
[AI] [Team_Human_Centauri] tick=45 reqs=3 type={Construct:3} task={} prio(min/avg/max)=10/47.0/81 groups=0
[ORDER] commander=ai team=Team_Human_Centauri unit=Light Raider kind=move dst=(-952,58,-211)
[ORDER] commander=ai team=Team_Human_Centauri unit=Light Raider kind=move dst=(-952,58,-211)
[ORDER] commander=ai team=Team_Human_Sol unit=Platoon Hauler kind=move dst=(654,110,434)
[H1] team=Team_Human_Centauri constructed=Refinery atBalterium=(-803,1260) landedAt=(-810,1140) yaw=0 result=InsufficientResource
[ORDER] commander=ai team=Team_Human_Centauri unit=Squad Transport kind=move dst=(-399,133,1400)
[ORDER] commander=ai team=Team_Human_Centauri unit=Squad Transport kind=move dst=(-1232,88,796)
[ORDER] commander=ai team=Team_Alien unit=Squid kind=move dst=(-920,84,-559)
[ORDER] commander=ai team=Team_Alien unit=Squid kind=move dst=(-920,84,-559)
[ORDER] commander=ai team=Team_Alien unit=Wasp kind=stop
[ORDER] commander=ai team=Team_Alien unit=Squid kind=move dst=(-920,84,-559)
[ORDER] commander=ai team=Team_Alien unit=Squid kind=move dst=(-920,84,-559)
[SPAWN_U] team=Team_Alien unit=Shrimp
[ORDER] commander=ai team=Team_Alien unit=Squid kind=move dst=(-1214,27,-1213)
[ORDER] commander=ai team=Team_Alien unit=Squid kind=move dst=(-1214,27,-1213)
[ORDER] commander=ai team=Team_Human_Sol unit=Scout kind=stop
[ORDER] commander=ai team=Team_Human_Sol unit=Scout kind=move dst=(1242,84,-445)
[ORDER] commander=ai team=Team_Human_Sol unit=Scout kind=move dst=(1242,84,-445)
[ORDER] commander=ai team=Team_Human_Sol unit=Rifleman kind=move dst=(1242,84,-445)
[ORDER] commander=ai team=Team_Human_Sol unit=Heavy Quad kind=move dst=(763,99,14)
[ORDER] commander=ai team=Team_Human_Sol unit=Platoon Hauler kind=move dst=(128,57,-280)
[ORDER] commander=ai team=Team_Human_Sol unit=Platoon Hauler kind=move dst=(566,111,683)
[ORDER] commander=ai team=Team_Human_Sol unit=Heavy Quad kind=move dst=(1400,92,-1044)
[ORDER] commander=ai team=Team_Human_Sol unit=Heavy Quad kind=move dst=(1400,92,-1044)
[H1] team=Team_Human_Sol fire=Refinery atBalterium=(949,247) refCount=2
[H1] team=Team_Human_Sol fire=Refinery atBalterium=(858,-143) refCount=3
[H1] team=Team_Human_Sol fire=Refinery atBalterium=(1261,169) refCount=4
[H2] team=Team_Human_Sol fire=Headquarters argmaxCell=(60,59) val=126 atWorld=(920,880) hqCount=2
[AI] [Team_Human_Sol] tick=45 reqs=2 type={Construct:2} task={} prio(min/avg/max)=7/8.5/10 groups=0
[ORDER] commander=ai team=Team_Human_Sol unit=Platoon Hauler kind=move dst=(654,110,434)
[ORDER] commander=ai team=Team_Human_Centauri unit=Squad Transport kind=move dst=(-399,133,1400)
[ORDER] commander=ai team=Team_Human_Centauri unit=Squad Transport kind=move dst=(-1232,88,796)
[ORDER] commander=ai team=Team_Alien unit=Squid kind=stop
[ORDER] commander=ai team=Team_Alien unit=Squid kind=move dst=(-919,87,-548)
[ORDER] commander=ai team=Team_Alien unit=Squid kind=move dst=(-919,87,-548)
[ORDER] commander=ai team=Team_Alien unit=Squid kind=move dst=(-919,87,-548)
[P31] team=Team_Alien preset=Combat stock=Crab ours=Crab agree=True rationale=swarm floor (have 7/16)
[P31] team=Team_Alien preset=Combat stock=Crab ours=Crab agree=True rationale=swarm floor (have 7/16)
[ORDER] commander=ai team=Team_Alien unit=Crab kind=move dst=(-478,52,-352)
[ORDER] commander=ai team=Team_Alien unit=Horned Crab kind=move dst=(-478,52,-352)
[ORDER] commander=ai team=Team_Alien unit=Horned Crab kind=move dst=(-478,52,-352)
[ORDER] commander=ai team=Team_Alien unit=Shocker kind=move dst=(-478,52,-352)
[ORDER] commander=ai team=Team_Alien unit=Hunter kind=move dst=(-75,39,-766)
[ORDER] commander=ai team=Team_Alien unit=Hunter kind=attack tgt=Cent_Headquarters(Clone) (Target)
[ORDER] commander=ai team=Team_Alien unit=Crab kind=attack tgt=Cent_Barracks(Clone) (Target)
[ORDER] commander=ai team=Team_Alien unit=Horned Crab kind=attack tgt=Cent_Barracks(Clone) (Target)
[ORDER] commander=ai team=Team_Alien unit=Horned Crab kind=attack tgt=Cent_Barracks(Clone) (Target)
[ORDER] commander=ai team=Team_Alien unit=Shocker kind=attack tgt=Cent_Barracks(Clone) (Target)
[AI] [Team_Alien] tick=45 reqs=4 type={Construct:4} task={} prio(min/avg/max)=10/41.3/62 groups=0
[ORDER] commander=ai team=Team_Alien unit=Hunter kind=move dst=(-615,72,840)
[SPAWN_U] team=Team_Alien unit=Shrimp
[ORDER] commander=ai team=Team_Alien unit=Squid kind=move dst=(-1214,27,-1213)
[ORDER] commander=ai team=Team_Alien unit=Squid kind=move dst=(-1214,27,-1213)
[ORDER] commander=ai team=Team_Human_Sol unit=Scout kind=move dst=(1314,71,-845)
[ORDER] commander=ai team=Team_Human_Sol unit=Platoon Hauler kind=move dst=(654,110,434)
[ORDER] commander=ai team=Team_Human_Centauri unit=Squad Transport kind=move dst=(-399,133,1400)
[ORDER] commander=ai team=Team_Human_Centauri unit=Squad Transport kind=move dst=(-1232,88,796)
[ORDER] commander=ai team=Team_Alien unit=Squid kind=move dst=(-675,79,990)
[ORDER] commander=ai team=Team_Alien unit=Wasp kind=move dst=(-675,79,990)
[ORDER] commander=ai team=Team_Alien unit=Squid kind=move dst=(-675,79,990)
[ORDER] commander=ai team=Team_Alien unit=Squid kind=move dst=(-675,79,990)
[ORDER] commander=ai team=Team_Human_Centauri unit=Assault Car kind=stop
[ORDER] commander=ai team=Team_Human_Centauri unit=Heavy Raider kind=move dst=(-599,59,925)
[ORDER] commander=ai team=Team_Human_Centauri unit=Heavy Raider kind=move dst=(-599,59,925)
[ORDER] commander=ai team=Team_Alien unit=Squid kind=move dst=(-1214,27,-1213)
[ORDER] commander=ai team=Team_Alien unit=Squid kind=move dst=(-1214,27,-1213)
[ORDER] commander=ai team=Team_Human_Sol unit=Scout kind=move dst=(1314,71,-845)
[ORDER] commander=ai team=Team_Human_Centauri unit=Militia kind=move dst=(-695,84,-428)
[ORDER] commander=ai team=Team_Human_Centauri unit=Militia kind=move dst=(-695,84,-428)
[ORDER] commander=ai team=Team_Human_Centauri unit=Militia kind=move dst=(-695,84,-428)
[ORDER] commander=ai team=Team_Human_Centauri unit=Trooper kind=move dst=(-695,84,-428)
[ORDER] commander=ai team=Team_Human_Centauri unit=Squad Transport kind=move dst=(260,85,910)
[ORDER] commander=ai team=Team_Human_Centauri unit=Squad Transport kind=attack tgt=Shocker(Clone) (Target)
[H1] team=Team_Human_Centauri fire=Refinery atBalterium=(-143,1183) refCount=4
[H1] team=Team_Human_Centauri fire=Refinery atBalterium=(-156,449) refCount=5
[H2] team=Team_Human_Centauri fire=Headquarters argmaxCell=(25,37) val=147 atWorld=(-480,0) hqCount=2
[AI] [Team_Human_Centauri] tick=46 reqs=3 type={Construct:3} task={} prio(min/avg/max)=10/47.0/81 groups=0
[ORDER] commander=ai team=Team_Human_Sol unit=Platoon Hauler kind=move dst=(654,110,434)
[ORDER] commander=ai team=Team_Human_Centauri unit=Squad Transport kind=move dst=(-1232,88,796)
[ORDER] commander=ai team=Team_Alien unit=Squid kind=move dst=(-675,79,990)
[ORDER] commander=ai team=Team_Alien unit=Squid kind=move dst=(-1214,27,-1213)
[ORDER] commander=ai team=Team_Alien unit=Squid kind=move dst=(-1214,27,-1213)
[ORDER] commander=ai team=Team_Human_Sol unit=Light Raider kind=move dst=(429,113,-975)
[ORDER] commander=ai team=Team_Human_Sol unit=Light Raider kind=move dst=(429,113,-975)
[ORDER] commander=ai team=Team_Human_Sol unit=Heavy Quad kind=move dst=(429,113,-975)
[ORDER] commander=ai team=Team_Human_Sol unit=Scout kind=move dst=(1314,71,-845)
[ORDER] commander=ai team=Team_Human_Sol unit=Light Striker kind=move dst=(763,99,14)
[ORDER] commander=ai team=Team_Human_Sol unit=Platoon Hauler kind=move dst=(783,96,1084)
[ORDER] commander=ai team=Team_Human_Sol unit=Platoon Hauler kind=move dst=(566,111,683)
[H1] team=Team_Human_Sol fire=Refinery atBalterium=(780,475) refCount=2
[H2] team=Team_Human_Sol fire=Headquarters argmaxCell=(60,59) val=126 atWorld=(920,880) hqCount=2
[H3] team=Team_Human_Sol fire=Barracks nearHq=(1035,30)
[H3] team=Team_Human_Sol fire=Research Facility nearHq=(1035,30)
[AI] [Team_Human_Sol] tick=46 reqs=2 type={Construct:2} task={} prio(min/avg/max)=7/8.5/10 groups=0
[ORDER] commander=ai team=Team_Human_Sol unit=Platoon Hauler kind=move dst=(654,110,434)
[ORDER] commander=ai team=Team_Human_Centauri unit=Squad Transport kind=move dst=(-1232,88,796)
[P31] team=Team_Alien preset=Combat stock=Crab ours=Crab agree=True rationale=swarm floor (have 7/16)
[P31] team=Team_Alien preset=Combat stock=Crab ours=Crab agree=True rationale=swarm floor (have 7/16)
[P31] team=Team_Alien preset=Harvest stock=Shrimp ours=Shrimp agree=True rationale=biotic cap (have 17/70)
[ORDER] commander=ai team=Team_Alien unit=Shrimp kind=move dst=(-798,50,-1144)
[ORDER] commander=ai team=Team_Alien unit=Hunter kind=move dst=(-478,52,-352)
[ORDER] commander=ai team=Team_Alien unit=Shocker kind=move dst=(-75,39,-766)
[ORDER] commander=ai team=Team_Alien unit=Shocker kind=move dst=(-75,39,-766)
[ORDER] commander=ai team=Team_Alien unit=Shocker kind=move dst=(-75,39,-766)
[ORDER] commander=ai team=Team_Alien unit=Crab kind=move dst=(-75,39,-766)
[ORDER] commander=ai team=Team_Alien unit=Crab kind=attack tgt=Sol_Headquarters(Clone) (Target)
[ORDER] commander=ai team=Team_Alien unit=Horned Crab kind=attack tgt=Sol_Headquarters(Clone) (Target)
[ORDER] commander=ai team=Team_Alien unit=Horned Crab kind=attack tgt=Sol_Headquarters(Clone) (Target)
[ORDER] commander=ai team=Team_Alien unit=Shocker kind=attack tgt=Sol_Headquarters(Clone) (Target)
[ORDER] commander=ai team=Team_Alien unit=Shocker kind=attack tgt=Cent_Headquarters(Clone) (Target)
[ORDER] commander=ai team=Team_Alien unit=Shocker kind=attack tgt=Cent_Headquarters(Clone) (Target)
[ORDER] commander=ai team=Team_Alien unit=Shocker kind=attack tgt=Cent_Headquarters(Clone) (Target)
[ORDER] commander=ai team=Team_Alien unit=Crab kind=attack tgt=Cent_Headquarters(Clone) (Target)
[ORDER] commander=ai team=Team_Alien unit=Hunter kind=attack tgt=Cent_Barracks(Clone) (Target)
[ORDER] commander=ai team=Team_Alien unit=Hunter kind=attack tgt=Cent_Barracks(Clone) (Target)
[ORDER] commander=ai team=Team_Alien unit=Crab kind=attack tgt=Sol_Headquarters(Clone) (Target)
[ORDER] commander=ai team=Team_Alien unit=Crab kind=attack tgt=Sol_Headquarters(Clone) (Target)
[ORDER] commander=ai team=Team_Alien unit=Crab kind=attack tgt=Sol_Headquarters(Clone) (Target)
[ORDER] commander=ai team=Team_Alien unit=Crab kind=attack tgt=Sol_Headquarters(Clone) (Target)
[AI] [Team_Alien] tick=46 reqs=5 type={Construct:5} task={} prio(min/avg/max)=10/49.2/81 groups=0
[ORDER] commander=ai team=Team_Human_Centauri unit=Assault Car kind=move dst=(-952,53,-164)
[ORDER] commander=ai team=Team_Human_Centauri unit=Heavy Raider kind=move dst=(-952,53,-164)
[ORDER] commander=ai team=Team_Alien unit=Squid kind=move dst=(-1214,27,-1213)
[ORDER] commander=ai team=Team_Alien unit=Squid kind=move dst=(-1214,27,-1213)
[ORDER] commander=ai team=Team_Human_Sol unit=Rifleman kind=move dst=(1314,71,-845)
[ORDER] commander=ai team=Team_Human_Sol unit=Platoon Hauler kind=move dst=(654,110,434)
[ORDER] commander=ai team=Team_Human_Centauri unit=Squad Transport kind=move dst=(-1232,88,796)
[SPAWN_S] team=Team_Alien structure=Node at=(-970,-835)
[ORDER] commander=ai team=Team_Alien unit=Squid kind=move dst=(-1214,27,-1213)
[ORDER] commander=ai team=Team_Alien unit=Squid kind=move dst=(-1214,27,-1213)
[ORDER] commander=ai team=Team_Human_Sol unit=Light Striker kind=move dst=(763,99,14)
[ORDER] commander=ai team=Team_Human_Centauri unit=Squad Transport kind=attack tgt=Shocker(Clone) (Target)
[H2] team=Team_Human_Centauri fire=Headquarters argmaxCell=(25,37) val=147 atWorld=(-480,0) hqCount=2
[AI] [Team_Human_Centauri] tick=47 reqs=3 type={Construct:3} task={} prio(min/avg/max)=10/47.0/81 groups=0
[ORDER] commander=ai team=Team_Human_Sol unit=Platoon Hauler kind=move dst=(654,110,434)
[ORDER] commander=ai team=Team_Human_Centauri unit=Squad Transport kind=move dst=(-1232,88,796)
[ORDER] commander=ai team=Team_Alien unit=Squid kind=move dst=(-1214,27,-1213)
[ORDER] commander=ai team=Team_Alien unit=Squid kind=move dst=(-1214,27,-1213)
[ORDER] commander=ai team=Team_Human_Sol unit=Platoon Hauler kind=move dst=(566,111,683)
[H1] team=Team_Human_Sol fire=Refinery atBalterium=(949,247) refCount=2
[H1] team=Team_Human_Sol fire=Refinery atBalterium=(858,-143) refCount=3
[H1] team=Team_Human_Sol fire=Refinery atBalterium=(1261,169) refCount=4
[H2] team=Team_Human_Sol fire=Headquarters argmaxCell=(60,59) val=126 atWorld=(920,880) hqCount=2
[AI] [Team_Human_Sol] tick=47 reqs=2 type={Construct:2} task={} prio(min/avg/max)=7/8.5/10 groups=0
[H1] team=Team_Human_Centauri constructed=Refinery atBalterium=(-156,449) landedAt=(-285,315) yaw=0 result=InsufficientResource
[ORDER] commander=ai team=Team_Human_Sol unit=Platoon Hauler kind=move dst=(654,110,434)
[ORDER] commander=ai team=Team_Human_Centauri unit=Squad Transport kind=move dst=(-1232,88,796)
[P31] team=Team_Alien preset=Combat stock=Crab ours=Crab agree=True rationale=swarm floor (have 7/16)
[P31] team=Team_Alien preset=Combat stock=Crab ours=Crab agree=True rationale=swarm floor (have 7/16)
[P31] team=Team_Alien preset=Harvest stock=Shrimp ours=Shrimp agree=True rationale=biotic cap (have 17/70)
[ORDER] commander=ai team=Team_Alien unit=Hunter kind=move dst=(-136,51,-1238)
[ORDER] commander=ai team=Team_Alien unit=Crab kind=move dst=(-478,52,-352)
[ORDER] commander=ai team=Team_Alien unit=Crab kind=move dst=(-478,52,-352)
[ORDER] commander=ai team=Team_Alien unit=Crab kind=move dst=(-478,52,-352)
[ORDER] commander=ai team=Team_Alien unit=Crab kind=move dst=(-478,52,-352)
[ORDER] commander=ai team=Team_Alien unit=Hunter kind=move dst=(-75,39,-766)
[ORDER] commander=ai team=Team_Alien unit=Hunter kind=move dst=(-75,39,-766)
[ORDER] commander=ai team=Team_Alien unit=Hunter kind=attack tgt=Cent_Headquarters(Clone) (Target)
[ORDER] commander=ai team=Team_Alien unit=Hunter kind=attack tgt=Cent_Barracks(Clone) (Target)
[ORDER] commander=ai team=Team_Alien unit=Hunter kind=attack tgt=Cent_Barracks(Clone) (Target)
[ORDER] commander=ai team=Team_Alien unit=Crab kind=attack tgt=Sol_Headquarters(Clone) (Target)
[ORDER] commander=ai team=Team_Alien unit=Crab kind=attack tgt=Sol_Headquarters(Clone) (Target)
[ORDER] commander=ai team=Team_Alien unit=Crab kind=attack tgt=Sol_Headquarters(Clone) (Target)
[ORDER] commander=ai team=Team_Alien unit=Crab kind=attack tgt=Sol_Headquarters(Clone) (Target)
[AI] [Team_Alien] tick=47 reqs=5 type={Construct:5} task={} prio(min/avg/max)=10/49.2/81 groups=0
[ORDER] commander=ai team=Team_Alien unit=Hunter kind=move dst=(-615,72,840)
[ORDER] commander=ai team=Team_Alien unit=Squid kind=move dst=(-1214,27,-1213)
[ORDER] commander=ai team=Team_Alien unit=Squid kind=move dst=(-1214,27,-1213)
[ORDER] commander=ai team=Team_Alien unit=Crab kind=move dst=(1035,94,30)
[ORDER] commander=ai team=Team_Alien unit=Crab kind=move dst=(1035,94,30)
[ORDER] commander=ai team=Team_Human_Sol unit=Platoon Hauler kind=move dst=(654,110,434)
[ORDER] commander=ai team=Team_Human_Centauri unit=Squad Transport kind=move dst=(-1232,88,796)
[ORDER] commander=ai team=Team_Human_Centauri unit=Heavy Raider kind=move dst=(-935,52,-115)
[ORDER] commander=ai team=Team_Alien unit=Squid kind=move dst=(-1214,27,-1213)
[ORDER] commander=ai team=Team_Alien unit=Squid kind=move dst=(-1214,27,-1213)
[H1] team=Team_Human_Centauri fire=Refinery atBalterium=(-143,1183) refCount=4
[H2] team=Team_Human_Centauri fire=Headquarters argmaxCell=(25,37) val=147 atWorld=(-480,0) hqCount=2
[AI] [Team_Human_Centauri] tick=48 reqs=3 type={Construct:3} task={} prio(min/avg/max)=10/47.0/81 groups=0
[ORDER] commander=ai team=Team_Alien unit=Crab kind=move dst=(-803,106,-367)
[ORDER] commander=ai team=Team_Alien unit=Horned Crab kind=move dst=(-803,106,-367)
[ORDER] commander=ai team=Team_Alien unit=Horned Crab kind=move dst=(-803,106,-367)
[ORDER] commander=ai team=Team_Alien unit=Shocker kind=stop
[ORDER] commander=ai team=Team_Human_Sol unit=Platoon Hauler kind=move dst=(654,110,434)
[ORDER] commander=ai team=Team_Human_Centauri unit=Squad Transport kind=move dst=(-1232,88,796)
[ORDER] commander=ai team=Team_Alien unit=Squid kind=move dst=(-891,101,-364)
[ORDER] commander=ai team=Team_Alien unit=Squid kind=stop
[ORDER] commander=ai team=Team_Alien unit=Wasp kind=stop
[ORDER] commander=ai team=Team_Alien unit=Squid kind=move dst=(-891,101,-364)
[ORDER] commander=ai team=Team_Alien unit=Squid kind=move dst=(-891,101,-364)
[ORDER] commander=ai team=Team_Human_Centauri unit=Assault Car kind=stop
[ORDER] commander=ai team=Team_Human_Centauri unit=Heavy Raider kind=move dst=(-636,62,900)
[ORDER] commander=ai team=Team_Human_Centauri unit=Heavy Raider kind=move dst=(-636,62,900)
[ORDER] commander=ai team=Team_Alien unit=Squid kind=move dst=(-1214,27,-1213)
[ORDER] commander=ai team=Team_Alien unit=Squid kind=move dst=(-1214,27,-1213)
[ORDER] commander=ai team=Team_Alien unit=Crab kind=move dst=(-797,110,-364)
[ORDER] commander=ai team=Team_Alien unit=Horned Crab kind=move dst=(-797,110,-364)
[ORDER] commander=ai team=Team_Alien unit=Horned Crab kind=move dst=(-797,110,-364)
[ORDER] commander=ai team=Team_Human_Sol unit=Scout kind=move dst=(1290,91,1198)
[ORDER] commander=ai team=Team_Human_Sol unit=Scout kind=move dst=(1290,91,1198)
[ORDER] commander=ai team=Team_Human_Sol unit=Scout kind=move dst=(1290,91,1198)
[ORDER] commander=ai team=Team_Human_Sol unit=Rifleman kind=move dst=(1290,91,1198)
[ORDER] commander=ai team=Team_Human_Sol unit=Platoon Hauler kind=attack tgt=SpecialContainer_Short_01_Small(Clone) (Target)
[ORDER] commander=ai team=Team_Human_Sol unit=Heavy Quad kind=move dst=(26,53,-462)
[ORDER] commander=ai team=Team_Human_Sol unit=Heavy Quad kind=move dst=(26,53,-462)
[H1] team=Team_Human_Sol fire=Refinery atBalterium=(780,475) refCount=2
[H2] team=Team_Human_Sol fire=Headquarters argmaxCell=(60,59) val=126 atWorld=(920,880) hqCount=2
[H3] team=Team_Human_Sol fire=Barracks nearHq=(1035,30)
[H3] team=Team_Human_Sol fire=Research Facility nearHq=(1035,30)
[AI] [Team_Human_Sol] tick=48 reqs=2 type={Construct:2} task={} prio(min/avg/max)=7/8.5/10 groups=0
[ORDER] commander=ai team=Team_Human_Sol unit=Platoon Hauler kind=move dst=(654,110,434)
[ORDER] commander=ai team=Team_Human_Sol unit=Platoon Hauler kind=move dst=(604,104,710)
[ORDER] commander=ai team=Team_Human_Centauri unit=Squad Transport kind=move dst=(-1232,88,796)
[ORDER] commander=ai team=Team_Alien unit=Squid kind=move dst=(-888,100,-348)
[ORDER] commander=ai team=Team_Alien unit=Squid kind=move dst=(-888,100,-348)
[ORDER] commander=ai team=Team_Alien unit=Squid kind=move dst=(-888,100,-348)
[P31] team=Team_Alien preset=Combat stock=Crab ours=Crab agree=True rationale=swarm floor (have 7/16)
[P31] team=Team_Alien preset=Combat stock=Crab ours=Crab agree=True rationale=swarm floor (have 7/16)
[P31] team=Team_Alien preset=Harvest stock=Shrimp ours=Shrimp agree=True rationale=biotic cap (have 17/70)
[ORDER] commander=ai team=Team_Alien unit=Hunter kind=move dst=(-136,51,-1238)
[ORDER] commander=ai team=Team_Alien unit=Hunter kind=move dst=(-136,51,-1238)
[ORDER] commander=ai team=Team_Alien unit=Crab kind=move dst=(-478,52,-352)
[ORDER] commander=ai team=Team_Alien unit=Crab kind=move dst=(-478,52,-352)
[ORDER] commander=ai team=Team_Alien unit=Crab kind=move dst=(-478,52,-352)
[ORDER] commander=ai team=Team_Alien unit=Crab kind=move dst=(-478,52,-352)
[ORDER] commander=ai team=Team_Alien unit=Hunter kind=move dst=(-75,39,-766)
[ORDER] commander=ai team=Team_Alien unit=Hunter kind=attack tgt=Cent_Headquarters(Clone) (Target)
[ORDER] commander=ai team=Team_Alien unit=Hunter kind=attack tgt=Cent_Barracks(Clone) (Target)
[ORDER] commander=ai team=Team_Alien unit=Hunter kind=attack tgt=Cent_Barracks(Clone) (Target)
[ORDER] commander=ai team=Team_Alien unit=Crab kind=attack tgt=Sol_Headquarters(Clone) (Target)
[ORDER] commander=ai team=Team_Alien unit=Crab kind=attack tgt=Sol_Headquarters(Clone) (Target)
[ORDER] commander=ai team=Team_Alien unit=Crab kind=attack tgt=Sol_Headquarters(Clone) (Target)
[ORDER] commander=ai team=Team_Alien unit=Crab kind=attack tgt=Sol_Headquarters(Clone) (Target)
[AI] [Team_Alien] tick=48 reqs=5 type={Construct:5} task={} prio(min/avg/max)=10/49.2/81 groups=0
[ORDER] commander=ai team=Team_Alien unit=Hunter kind=move dst=(-615,72,840)
[ORDER] commander=ai team=Team_Alien unit=Squid kind=move dst=(-1214,27,-1213)
[ORDER] commander=ai team=Team_Alien unit=Squid kind=move dst=(-1214,27,-1213)
[ORDER] commander=ai team=Team_Alien unit=Crab kind=move dst=(1035,94,30)
[ORDER] commander=ai team=Team_Alien unit=Crab kind=move dst=(1035,94,30)
[ORDER] commander=ai team=Team_Human_Sol unit=Platoon Hauler kind=move dst=(654,110,434)
[ORDER] commander=ai team=Team_Human_Centauri unit=Squad Transport kind=move dst=(-1232,88,796)
[ORDER] commander=ai team=Team_Alien unit=Squid kind=move dst=(-888,100,-348)
[ORDER] commander=ai team=Team_Alien unit=Squid kind=move dst=(-888,100,-348)
[ORDER] commander=ai team=Team_Alien unit=Squid kind=move dst=(-888,100,-348)
[ORDER] commander=ai team=Team_Human_Centauri unit=Assault Car kind=move dst=(-910,51,-79)
[ORDER] commander=ai team=Team_Human_Centauri unit=Heavy Raider kind=move dst=(-910,51,-79)
[ORDER] commander=ai team=Team_Alien unit=Squid kind=move dst=(-1214,27,-1213)
[ORDER] commander=ai team=Team_Alien unit=Squid kind=move dst=(-1214,27,-1213)
[H1] team=Team_Human_Centauri fire=Refinery atBalterium=(-803,1271) refCount=4
[H2] team=Team_Human_Centauri fire=Headquarters argmaxCell=(25,37) val=147 atWorld=(-480,0) hqCount=2
[AI] [Team_Human_Centauri] tick=49 reqs=3 type={Construct:3} task={} prio(min/avg/max)=10/47.0/81 groups=0
[ORDER] commander=ai team=Team_Alien unit=Shocker kind=move dst=(1035,94,30)
[ORDER] commander=ai team=Team_Human_Sol unit=Platoon Hauler kind=move dst=(654,110,434)
[ORDER] commander=ai team=Team_Human_Centauri unit=Squad Transport kind=move dst=(-1232,88,796)
[ORDER] commander=ai team=Team_Alien unit=Squid kind=move dst=(-675,79,990)
[ORDER] commander=ai team=Team_Alien unit=Squid kind=move dst=(-675,79,990)
[ORDER] commander=ai team=Team_Alien unit=Wasp kind=move dst=(-675,79,990)
[ORDER] commander=ai team=Team_Alien unit=Squid kind=move dst=(-675,79,990)
[ORDER] commander=ai team=Team_Alien unit=Squid kind=move dst=(-675,79,990)
[ORDER] commander=ai team=Team_Alien unit=Squid kind=move dst=(-1214,27,-1213)
[ORDER] commander=ai team=Team_Alien unit=Squid kind=move dst=(-1214,27,-1213)
[ORDER] commander=ai team=Team_Human_Sol unit=Light Striker kind=move dst=(763,99,14)
[ORDER] commander=ai team=Team_Human_Sol unit=Heavy Quad kind=move dst=(26,53,-462)
[ORDER] commander=ai team=Team_Human_Sol unit=Heavy Quad kind=move dst=(26,53,-462)
[H1] team=Team_Human_Sol fire=Refinery atBalterium=(949,247) refCount=2
[H1] team=Team_Human_Sol fire=Refinery atBalterium=(858,-143) refCount=3
[H1] team=Team_Human_Sol fire=Refinery atBalterium=(1261,169) refCount=4
[H2] team=Team_Human_Sol fire=Headquarters argmaxCell=(60,59) val=147 atWorld=(920,880) hqCount=2
[AI] [Team_Human_Sol] tick=49 reqs=2 type={Construct:2} task={} prio(min/avg/max)=7/8.5/10 groups=0
[ORDER] commander=ai team=Team_Human_Sol unit=Platoon Hauler kind=move dst=(654,110,434)
[ORDER] commander=ai team=Team_Human_Centauri unit=Squad Transport kind=move dst=(-1232,88,796)
[ORDER] commander=ai team=Team_Alien unit=Squid kind=move dst=(-888,99,-340)
[ORDER] commander=ai team=Team_Alien unit=Squid kind=move dst=(-888,99,-340)
[ORDER] commander=ai team=Team_Alien unit=Wasp kind=stop
[ORDER] commander=ai team=Team_Alien unit=Squid kind=move dst=(-888,99,-340)
[ORDER] commander=ai team=Team_Alien unit=Squid kind=move dst=(-888,99,-340)
[P31] team=Team_Alien preset=Combat stock=Crab ours=Crab agree=True rationale=swarm floor (have 7/16)
[P31] team=Team_Alien preset=Combat stock=Crab ours=Crab agree=True rationale=swarm floor (have 7/16)
[P31] team=Team_Alien preset=Harvest stock=Shrimp ours=Shrimp agree=True rationale=biotic cap (have 17/70)
[ORDER] commander=ai team=Team_Alien unit=Hunter kind=move dst=(-136,51,-1238)
[ORDER] commander=ai team=Team_Alien unit=Hunter kind=move dst=(-136,51,-1238)
[ORDER] commander=ai team=Team_Alien unit=Crab kind=move dst=(-478,52,-352)
[ORDER] commander=ai team=Team_Alien unit=Crab kind=move dst=(-478,52,-352)
[ORDER] commander=ai team=Team_Alien unit=Crab kind=move dst=(-478,52,-352)
[ORDER] commander=ai team=Team_Alien unit=Crab kind=move dst=(-478,52,-352)
[ORDER] commander=ai team=Team_Alien unit=Hunter kind=move dst=(-75,39,-766)
[ORDER] commander=ai team=Team_Alien unit=Hunter kind=attack tgt=Cent_Headquarters(Clone) (Target)
[ORDER] commander=ai team=Team_Alien unit=Hunter kind=attack tgt=Cent_Barracks(Clone) (Target)
[ORDER] commander=ai team=Team_Alien unit=Hunter kind=attack tgt=Cent_Barracks(Clone) (Target)
[ORDER] commander=ai team=Team_Alien unit=Crab kind=attack tgt=Sol_Headquarters(Clone) (Target)
[ORDER] commander=ai team=Team_Alien unit=Crab kind=attack tgt=Sol_Headquarters(Clone) (Target)
[ORDER] commander=ai team=Team_Alien unit=Crab kind=attack tgt=Sol_Headquarters(Clone) (Target)
[ORDER] commander=ai team=Team_Alien unit=Crab kind=attack tgt=Sol_Headquarters(Clone) (Target)
[P32] team=Team_Alien fire=Cyst phase=starter atBcAt=(-1090,-1350) cystOwned=2/3
[AI] [Team_Alien] tick=49 reqs=5 type={Construct:5} task={} prio(min/avg/max)=10/49.2/81 groups=0
[ORDER] commander=ai team=Team_Alien unit=Hunter kind=move dst=(-615,72,840)
[ORDER] commander=ai team=Team_Alien unit=Squid kind=move dst=(-1214,27,-1213)
[ORDER] commander=ai team=Team_Alien unit=Squid kind=move dst=(-1214,27,-1213)
[ORDER] commander=ai team=Team_Alien unit=Crab kind=move dst=(1035,94,30)
[ORDER] commander=ai team=Team_Alien unit=Crab kind=move dst=(1035,94,30)
[ORDER] commander=ai team=Team_Human_Sol unit=Platoon Hauler kind=move dst=(654,110,434)
[ORDER] commander=ai team=Team_Human_Centauri unit=Squad Transport kind=move dst=(-1232,88,796)
[ORDER] commander=ai team=Team_Alien unit=Squid kind=move dst=(-887,93,-332)
[ORDER] commander=ai team=Team_Alien unit=Squid kind=move dst=(-887,93,-332)
[ORDER] commander=ai team=Team_Alien unit=Squid kind=move dst=(-887,93,-332)
[ORDER] commander=ai team=Team_Alien unit=Squid kind=move dst=(-887,93,-332)
[ORDER] commander=ai team=Team_Alien unit=Squid kind=move dst=(-1214,27,-1213)
[ORDER] commander=ai team=Team_Alien unit=Squid kind=move dst=(-1214,27,-1213)
[H1] team=Team_Human_Centauri fire=Refinery atBalterium=(-143,1183) refCount=4
[H2] team=Team_Human_Centauri fire=Headquarters argmaxCell=(25,37) val=147 atWorld=(-480,0) hqCount=2
[AI] [Team_Human_Centauri] tick=50 reqs=3 type={Construct:3} task={} prio(min/avg/max)=10/47.0/81 groups=0
[ORDER] commander=ai team=Team_Alien unit=Horned Crab kind=move dst=(1035,94,30)
[ORDER] commander=ai team=Team_Human_Sol unit=Platoon Hauler kind=move dst=(654,110,434)
[ORDER] commander=ai team=Team_Human_Centauri unit=Squad Transport kind=move dst=(-1232,88,796)
[ORDER] commander=ai team=Team_Alien unit=Squid kind=move dst=(-675,79,990)
[ORDER] commander=ai team=Team_Alien unit=Squid kind=move dst=(-675,79,990)
[ORDER] commander=ai team=Team_Alien unit=Wasp kind=move dst=(-675,79,990)
[ORDER] commander=ai team=Team_Alien unit=Squid kind=move dst=(-675,79,990)
[ORDER] commander=ai team=Team_Alien unit=Squid kind=move dst=(-675,79,990)
[ORDER] commander=ai team=Team_Human_Centauri unit=Heavy Raider kind=move dst=(-894,52,-50)
[ORDER] commander=ai team=Team_Alien unit=Squid kind=move dst=(-1214,27,-1213)
[ORDER] commander=ai team=Team_Alien unit=Squid kind=move dst=(-1214,27,-1213)
[H1] team=Team_Human_Centauri constructed=Refinery atBalterium=(-803,1271) landedAt=(-930,1275) yaw=90 result=InsufficientResource
[ORDER] commander=ai team=Team_Human_Sol unit=Platoon Hauler kind=move dst=(73,64,745)
[ORDER] commander=ai team=Team_Human_Sol unit=Heavy Quad kind=attack tgt=SpecialContainer_Long_01_Large(Clone) (Target)
[ORDER] commander=ai team=Team_Human_Sol unit=Heavy Quad kind=attack tgt=SpecialContainer_Long_01_Large(Clone) (Target)
[ORDER] commander=ai team=Team_Human_Sol unit=Light Raider kind=attack tgt=SpecialContainer_Long_01_Small(Clone) (Target)
[ORDER] commander=ai team=Team_Human_Sol unit=Light Raider kind=attack tgt=SpecialContainer_Long_01_Small(Clone) (Target)
[ORDER] commander=ai team=Team_Human_Sol unit=Heavy Quad kind=attack tgt=SpecialContainer_Long_01_Small(Clone) (Target)
[H1] team=Team_Human_Sol fire=Refinery atBalterium=(780,475) refCount=2
[H2] team=Team_Human_Sol fire=Headquarters argmaxCell=(60,59) val=147 atWorld=(920,880) hqCount=2
[H3] team=Team_Human_Sol fire=Barracks nearHq=(1035,30)
[H3] team=Team_Human_Sol fire=Research Facility nearHq=(1035,30)
[AI] [Team_Human_Sol] tick=50 reqs=2 type={Construct:2} task={} prio(min/avg/max)=7/8.5/10 groups=0
[SPAWN_U] team=Team_Alien unit=Shrimp
[ORDER] commander=ai team=Team_Human_Centauri unit=Squad Transport kind=move dst=(-1232,88,796)
[P31] team=Team_Alien preset=Combat stock=Crab ours=Crab agree=True rationale=swarm floor (have 7/16)
[P31] team=Team_Alien preset=Combat stock=Crab ours=Crab agree=True rationale=swarm floor (have 7/16)
[P31] team=Team_Alien preset=Harvest stock=Shrimp ours=Shrimp agree=True rationale=biotic cap (have 18/70)
[ORDER] commander=ai team=Team_Alien unit=Crab kind=move dst=(-136,51,-1238)
[ORDER] commander=ai team=Team_Alien unit=Crab kind=move dst=(-136,51,-1238)
[ORDER] commander=ai team=Team_Alien unit=Crab kind=move dst=(-136,51,-1238)
[ORDER] commander=ai team=Team_Alien unit=Crab kind=move dst=(-136,51,-1238)
[ORDER] commander=ai team=Team_Alien unit=Hunter kind=move dst=(-478,52,-352)
[ORDER] commander=ai team=Team_Alien unit=Hunter kind=move dst=(-478,52,-352)
[ORDER] commander=ai team=Team_Alien unit=Hunter kind=move dst=(-75,39,-766)
[ORDER] commander=ai team=Team_Alien unit=Hunter kind=attack tgt=Cent_Headquarters(Clone) (Target)
[ORDER] commander=ai team=Team_Alien unit=Hunter kind=attack tgt=Cent_Barracks(Clone) (Target)
[ORDER] commander=ai team=Team_Alien unit=Hunter kind=attack tgt=Cent_Barracks(Clone) (Target)
[ORDER] commander=ai team=Team_Alien unit=Crab kind=attack tgt=Sol_Headquarters(Clone) (Target)
[ORDER] commander=ai team=Team_Alien unit=Crab kind=attack tgt=Sol_Headquarters(Clone) (Target)
[ORDER] commander=ai team=Team_Alien unit=Crab kind=attack tgt=Sol_Headquarters(Clone) (Target)
[ORDER] commander=ai team=Team_Alien unit=Crab kind=attack tgt=Sol_Headquarters(Clone) (Target)
[P32] team=Team_Alien fire=Node towardPatchAt=(-345,995) distToOwned=1368m nodesOwned=13 anchorAt=(-1110,-1170)
[AI] [Team_Alien] tick=50 reqs=6 type={Construct:6} task={} prio(min/avg/max)=8/39.2/62 groups=0
[ORDER] commander=ai team=Team_Alien unit=Hunter kind=move dst=(-615,72,840)
[SPAWN_U] team=Team_Alien unit=Shrimp
[ORDER] commander=ai team=Team_Alien unit=Squid kind=move dst=(-1214,27,-1213)
[ORDER] commander=ai team=Team_Alien unit=Squid kind=move dst=(-1214,27,-1213)
[ORDER] commander=ai team=Team_Alien unit=Crab kind=move dst=(1035,94,30)
[ORDER] commander=ai team=Team_Alien unit=Crab kind=move dst=(1035,94,30)
[ORDER] commander=ai team=Team_Human_Centauri unit=Squad Transport kind=move dst=(-1232,88,796)
[ORDER] commander=ai team=Team_Human_Centauri unit=Assault Car kind=stop
[ORDER] commander=ai team=Team_Human_Centauri unit=Heavy Raider kind=move dst=(-685,67,907)
[ORDER] commander=ai team=Team_Human_Centauri unit=Heavy Raider kind=move dst=(-685,67,907)
[ORDER] commander=ai team=Team_Alien unit=Squid kind=move dst=(-1214,27,-1213)
[ORDER] commander=ai team=Team_Alien unit=Squid kind=move dst=(-1214,27,-1213)
[ORDER] commander=ai team=Team_Human_Sol unit=Light Striker kind=move dst=(763,99,14)
[H2] team=Team_Human_Centauri fire=Headquarters argmaxCell=(25,37) val=147 atWorld=(-480,0) hqCount=2
[AI] [Team_Human_Centauri] tick=51 reqs=3 type={Construct:3} task={} prio(min/avg/max)=10/47.0/81 groups=0
[ORDER] commander=ai team=Team_Human_Centauri unit=Squad Transport kind=move dst=(-1232,88,796)
[ORDER] commander=ai team=Team_Alien unit=Squid kind=move dst=(-1214,27,-1213)
[ORDER] commander=ai team=Team_Alien unit=Squid kind=move dst=(-1214,27,-1213)
[H1] team=Team_Human_Sol fire=Refinery atBalterium=(949,247) refCount=2
[H1] team=Team_Human_Sol fire=Refinery atBalterium=(858,-143) refCount=3
[H1] team=Team_Human_Sol fire=Refinery atBalterium=(1261,169) refCount=4
[H2] team=Team_Human_Sol fire=Headquarters argmaxCell=(60,59) val=147 atWorld=(920,880) hqCount=2
[AI] [Team_Human_Sol] tick=51 reqs=2 type={Construct:2} task={} prio(min/avg/max)=7/8.5/10 groups=0
[ORDER] commander=ai team=Team_Human_Centauri unit=Squad Transport kind=move dst=(-1232,88,796)
[P31] team=Team_Alien preset=Combat stock=Crab ours=Crab agree=True rationale=swarm floor (have 7/16)
[P31] team=Team_Alien preset=Combat stock=Crab ours=Crab agree=True rationale=swarm floor (have 7/16)
[P31] team=Team_Alien preset=Harvest stock=Shrimp ours=Shrimp agree=True rationale=biotic cap (have 19/70)
[ORDER] commander=ai team=Team_Alien unit=Crab kind=move dst=(-136,51,-1238)
[ORDER] commander=ai team=Team_Alien unit=Crab kind=move dst=(-136,51,-1238)
[ORDER] commander=ai team=Team_Alien unit=Crab kind=move dst=(-136,51,-1238)
[ORDER] commander=ai team=Team_Alien unit=Crab kind=move dst=(-136,51,-1238)
[ORDER] commander=ai team=Team_Alien unit=Hunter kind=move dst=(-478,52,-352)
[ORDER] commander=ai team=Team_Alien unit=Hunter kind=move dst=(-478,52,-352)
[ORDER] commander=ai team=Team_Alien unit=Hunter kind=move dst=(-75,39,-766)
[ORDER] commander=ai team=Team_Alien unit=Hunter kind=attack tgt=Cent_Headquarters(Clone) (Target)
[ORDER] commander=ai team=Team_Alien unit=Hunter kind=attack tgt=Cent_Barracks(Clone) (Target)
[ORDER] commander=ai team=Team_Alien unit=Hunter kind=attack tgt=Cent_Barracks(Clone) (Target)
[ORDER] commander=ai team=Team_Alien unit=Crab kind=attack tgt=Sol_Headquarters(Clone) (Target)
[ORDER] commander=ai team=Team_Alien unit=Crab kind=attack tgt=Sol_Headquarters(Clone) (Target)
[ORDER] commander=ai team=Team_Alien unit=Crab kind=attack tgt=Sol_Headquarters(Clone) (Target)
[ORDER] commander=ai team=Team_Alien unit=Crab kind=attack tgt=Sol_Headquarters(Clone) (Target)
[AI] [Team_Alien] tick=51 reqs=6 type={Construct:6} task={} prio(min/avg/max)=6/35.7/62 groups=0
[ORDER] commander=ai team=Team_Alien unit=Hunter kind=move dst=(-615,72,840)
[ORDER] commander=ai team=Team_Alien unit=Squid kind=move dst=(-1214,27,-1213)
[ORDER] commander=ai team=Team_Alien unit=Squid kind=move dst=(-1214,27,-1213)
[ORDER] commander=ai team=Team_Alien unit=Crab kind=move dst=(1035,94,30)
[ORDER] commander=ai team=Team_Alien unit=Crab kind=move dst=(1035,94,30)
[ORDER] commander=ai team=Team_Human_Sol unit=Light Striker kind=move dst=(763,99,14)
[ORDER] commander=ai team=Team_Human_Centauri unit=Squad Transport kind=move dst=(-1232,88,796)
[ORDER] commander=ai team=Team_Alien unit=Squid kind=move dst=(-1214,27,-1213)
[ORDER] commander=ai team=Team_Alien unit=Squid kind=move dst=(-1214,27,-1213)
[ORDER] commander=ai team=Team_Human_Sol unit=Light Striker kind=move dst=(763,99,14)
[ORDER] commander=ai team=Team_Human_Centauri unit=Assault Car kind=attack tgt=Shocker(Clone) (Target)
[ORDER] commander=ai team=Team_Human_Centauri unit=Heavy Raider kind=attack tgt=Shocker(Clone) (Target)
[ORDER] commander=ai team=Team_Human_Centauri unit=Heavy Raider kind=attack tgt=Shocker(Clone) (Target)
[ORDER] commander=ai team=Team_Human_Centauri unit=Militia kind=attack tgt=Shocker(Clone) (Target)
[ORDER] commander=ai team=Team_Human_Centauri unit=Militia kind=attack tgt=Shocker(Clone) (Target)
[ORDER] commander=ai team=Team_Human_Centauri unit=Militia kind=attack tgt=Shocker(Clone) (Target)
[ORDER] commander=ai team=Team_Human_Centauri unit=Trooper kind=attack tgt=Shocker(Clone) (Target)
[ORDER] commander=ai team=Team_Human_Centauri unit=Squad Transport kind=attack tgt=Shocker(Clone) (Target)
[H1] team=Team_Human_Centauri fire=Refinery atBalterium=(-143,1183) refCount=4
[H2] team=Team_Human_Centauri fire=Headquarters argmaxCell=(25,37) val=147 atWorld=(-480,0) hqCount=2
[AI] [Team_Human_Centauri] tick=52 reqs=3 type={Construct:3} task={} prio(min/avg/max)=10/47.0/81 groups=0
[ORDER] commander=ai team=Team_Human_Centauri unit=Squad Transport kind=move dst=(-1232,88,796)
[ORDER] commander=ai team=Team_Alien unit=Squid kind=move dst=(-862,79,-162)
[ORDER] commander=ai team=Team_Alien unit=Squid kind=stop
[ORDER] commander=ai team=Team_Alien unit=Wasp kind=stop
[ORDER] commander=ai team=Team_Alien unit=Squid kind=move dst=(-862,79,-162)
[ORDER] commander=ai team=Team_Alien unit=Squid kind=move dst=(-862,79,-162)
[ORDER] commander=ai team=Team_Human_Centauri unit=Assault Car kind=stop
[ORDER] commander=ai team=Team_Human_Centauri unit=Heavy Raider kind=move dst=(-693,68,907)
[ORDER] commander=ai team=Team_Human_Centauri unit=Heavy Raider kind=move dst=(-693,68,907)
[ORDER] commander=ai team=Team_Alien unit=Squid kind=move dst=(-1214,27,-1213)
[ORDER] commander=ai team=Team_Alien unit=Squid kind=move dst=(-1214,27,-1213)
[ORDER] commander=ai team=Team_Human_Sol unit=Light Striker kind=move dst=(763,99,14)
[ORDER] commander=ai team=Team_Alien unit=Crab kind=move dst=(-753,120,-360)
[ORDER] commander=ai team=Team_Alien unit=Horned Crab kind=move dst=(-753,120,-360)
[ORDER] commander=ai team=Team_Alien unit=Horned Crab kind=move dst=(-753,120,-360)
[ORDER] commander=ai team=Team_Alien unit=Shocker kind=stop
[ORDER] commander=ai team=Team_Human_Sol unit=Rifleman kind=move dst=(429,113,-975)
[H1] team=Team_Human_Sol fire=Refinery atBalterium=(780,475) refCount=2
[H2] team=Team_Human_Sol fire=Headquarters argmaxCell=(60,59) val=147 atWorld=(920,880) hqCount=2
[H3] team=Team_Human_Sol fire=Barracks nearHq=(1035,30)
[H3] team=Team_Human_Sol fire=Research Facility nearHq=(1035,30)
[AI] [Team_Human_Sol] tick=52 reqs=2 type={Construct:2} task={} prio(min/avg/max)=7/8.5/10 groups=0
[ORDER] commander=ai team=Team_Human_Centauri unit=Squad Transport kind=move dst=(-1232,88,796)
[ORDER] commander=ai team=Team_Alien unit=Squid kind=move dst=(-862,85,-154)
[ORDER] commander=ai team=Team_Alien unit=Squid kind=move dst=(-862,85,-154)
[ORDER] commander=ai team=Team_Alien unit=Squid kind=move dst=(-862,85,-154)
[P31] team=Team_Alien preset=Combat stock=Crab ours=Crab agree=True rationale=swarm floor (have 7/16)
[P31] team=Team_Alien preset=Combat stock=Crab ours=Crab agree=True rationale=swarm floor (have 7/16)
[P31] team=Team_Alien preset=Harvest stock=Shrimp ours=Shrimp agree=True rationale=biotic cap (have 19/70)
[ORDER] commander=ai team=Team_Alien unit=Crab kind=move dst=(-136,51,-1238)
[ORDER] commander=ai team=Team_Alien unit=Crab kind=move dst=(-136,51,-1238)
[ORDER] commander=ai team=Team_Alien unit=Crab kind=move dst=(-136,51,-1238)
[ORDER] commander=ai team=Team_Alien unit=Crab kind=move dst=(-136,51,-1238)
[ORDER] commander=ai team=Team_Alien unit=Crab kind=move dst=(-478,52,-352)
[ORDER] commander=ai team=Team_Alien unit=Horned Crab kind=move dst=(-478,52,-352)
[ORDER] commander=ai team=Team_Alien unit=Horned Crab kind=move dst=(-478,52,-352)
[ORDER] commander=ai team=Team_Alien unit=Shocker kind=move dst=(-478,52,-352)
[ORDER] commander=ai team=Team_Alien unit=Hunter kind=move dst=(-75,39,-766)
[ORDER] commander=ai team=Team_Alien unit=Hunter kind=move dst=(-75,39,-766)
[ORDER] commander=ai team=Team_Alien unit=Shocker kind=attack tgt=Sol_Headquarters(Clone) (Target)
[ORDER] commander=ai team=Team_Alien unit=Shocker kind=attack tgt=Sol_Headquarters(Clone) (Target)
[ORDER] commander=ai team=Team_Alien unit=Shocker kind=attack tgt=Sol_Headquarters(Clone) (Target)
[ORDER] commander=ai team=Team_Alien unit=Crab kind=attack tgt=Sol_Headquarters(Clone) (Target)
[ORDER] commander=ai team=Team_Alien unit=Horned Crab kind=attack tgt=Sol_Headquarters(Clone) (Target)
[ORDER] commander=ai team=Team_Alien unit=Horned Crab kind=attack tgt=Sol_Headquarters(Clone) (Target)
[ORDER] commander=ai team=Team_Alien unit=Shocker kind=attack tgt=Sol_Headquarters(Clone) (Target)
[AI] [Team_Alien] tick=52 reqs=6 type={Construct:6} task={} prio(min/avg/max)=6/35.7/62 groups=0
[ORDER] commander=ai team=Team_Alien unit=Squid kind=move dst=(-1214,27,-1213)
[ORDER] commander=ai team=Team_Alien unit=Squid kind=move dst=(-1214,27,-1213)
[ORDER] commander=ai team=Team_Human_Sol unit=Light Raider kind=move dst=(938,82,-762)
[ORDER] commander=ai team=Team_Human_Sol unit=Light Raider kind=move dst=(938,82,-762)
[ORDER] commander=ai team=Team_Human_Sol unit=Heavy Quad kind=stop
[ORDER] commander=ai team=Team_Human_Sol unit=Light Striker kind=move dst=(763,99,14)
[ORDER] commander=ai team=Team_Alien unit=Crab kind=move dst=(-752,120,-360)
[ORDER] commander=ai team=Team_Alien unit=Horned Crab kind=move dst=(-752,120,-360)
[ORDER] commander=ai team=Team_Alien unit=Horned Crab kind=move dst=(-752,120,-360)
[ORDER] commander=ai team=Team_Alien unit=Shocker kind=stop
[ORDER] commander=ai team=Team_Human_Centauri unit=Squad Transport kind=move dst=(-1232,88,796)
[ORDER] commander=ai team=Team_Alien unit=Squid kind=move dst=(-1214,27,-1213)
[ORDER] commander=ai team=Team_Alien unit=Squid kind=move dst=(-1214,27,-1213)
[ORDER] commander=ai team=Team_Human_Sol unit=Light Striker kind=move dst=(763,99,14)
[ORDER] commander=ai team=Team_Human_Centauri unit=Squad Transport kind=move dst=(457,105,257)
[ORDER] commander=ai team=Team_Human_Centauri unit=Militia kind=move dst=(-695,84,-428)
[ORDER] commander=ai team=Team_Human_Centauri unit=Militia kind=move dst=(-695,84,-428)
[ORDER] commander=ai team=Team_Human_Centauri unit=Militia kind=move dst=(-695,84,-428)
[ORDER] commander=ai team=Team_Human_Centauri unit=Trooper kind=move dst=(-695,84,-428)
[ORDER] commander=ai team=Team_Human_Centauri unit=Militia kind=attack tgt=Shocker(Clone) (Target)
[ORDER] commander=ai team=Team_Human_Centauri unit=Militia kind=attack tgt=Shocker(Clone) (Target)
[ORDER] commander=ai team=Team_Human_Centauri unit=Militia kind=attack tgt=Shocker(Clone) (Target)
[ORDER] commander=ai team=Team_Human_Centauri unit=Trooper kind=attack tgt=Shocker(Clone) (Target)
[ORDER] commander=ai team=Team_Human_Centauri unit=Squad Transport kind=attack tgt=Shocker(Clone) (Target)
[H2] team=Team_Human_Centauri fire=Headquarters argmaxCell=(25,37) val=147 atWorld=(-480,0) hqCount=2
[AI] [Team_Human_Centauri] tick=53 reqs=3 type={Construct:3} task={} prio(min/avg/max)=10/47.0/81 groups=0
[ORDER] commander=ai team=Team_Human_Centauri unit=Squad Transport kind=move dst=(-1232,88,796)
[ORDER] commander=ai team=Team_Alien unit=Squid kind=move dst=(-675,79,990)
[ORDER] commander=ai team=Team_Alien unit=Squid kind=move dst=(-675,79,990)
[ORDER] commander=ai team=Team_Alien unit=Wasp kind=move dst=(-675,79,990)
[ORDER] commander=ai team=Team_Alien unit=Squid kind=move dst=(-675,79,990)
[ORDER] commander=ai team=Team_Alien unit=Squid kind=move dst=(-675,79,990)
[ORDER] commander=ai team=Team_Alien unit=Squid kind=move dst=(-1214,27,-1213)
[ORDER] commander=ai team=Team_Alien unit=Squid kind=move dst=(-1214,27,-1213)
[ORDER] commander=ai team=Team_Human_Sol unit=Light Striker kind=move dst=(763,99,14)
[H1] team=Team_Human_Sol fire=Refinery atBalterium=(949,247) refCount=2
[H1] team=Team_Human_Sol fire=Refinery atBalterium=(858,-143) refCount=3
[H1] team=Team_Human_Sol fire=Refinery atBalterium=(1261,169) refCount=4
[H2] team=Team_Human_Sol fire=Headquarters argmaxCell=(60,59) val=147 atWorld=(920,880) hqCount=2
[AI] [Team_Human_Sol] tick=53 reqs=2 type={Construct:2} task={} prio(min/avg/max)=7/8.5/10 groups=0
[ORDER] commander=ai team=Team_Human_Centauri unit=Squad Transport kind=move dst=(-1232,88,796)
[ORDER] commander=ai team=Team_Alien unit=Squid kind=move dst=(-862,84,-146)
[ORDER] commander=ai team=Team_Alien unit=Squid kind=move dst=(-862,84,-146)
[ORDER] commander=ai team=Team_Alien unit=Wasp kind=stop
[ORDER] commander=ai team=Team_Alien unit=Squid kind=move dst=(-862,84,-146)
[ORDER] commander=ai team=Team_Alien unit=Squid kind=stop
[P31] team=Team_Alien preset=Combat stock=Crab ours=Crab agree=True rationale=swarm floor (have 7/16)
[P31] team=Team_Alien preset=Combat stock=Crab ours=Crab agree=True rationale=swarm floor (have 7/16)
[P31] team=Team_Alien preset=Harvest stock=Shrimp ours=Shrimp agree=True rationale=biotic cap (have 19/70)
[ORDER] commander=ai team=Team_Alien unit=Crab kind=move dst=(-478,52,-352)
[ORDER] commander=ai team=Team_Alien unit=Horned Crab kind=move dst=(-478,52,-352)
[ORDER] commander=ai team=Team_Alien unit=Horned Crab kind=move dst=(-478,52,-352)
[ORDER] commander=ai team=Team_Alien unit=Shocker kind=move dst=(-478,52,-352)
[ORDER] commander=ai team=Team_Alien unit=Crab kind=attack tgt=Sol_Headquarters(Clone) (Target)
[ORDER] commander=ai team=Team_Alien unit=Horned Crab kind=attack tgt=Sol_Headquarters(Clone) (Target)
[ORDER] commander=ai team=Team_Alien unit=Horned Crab kind=attack tgt=Sol_Headquarters(Clone) (Target)
[ORDER] commander=ai team=Team_Alien unit=Shocker kind=attack tgt=Sol_Headquarters(Clone) (Target)
[AI] [Team_Alien] tick=53 reqs=5 type={Construct:5} task={} prio(min/avg/max)=10/41.6/62 groups=0
[ORDER] commander=ai team=Team_Human_Centauri unit=Assault Car kind=move dst=(-898,55,-96)
[ORDER] commander=ai team=Team_Human_Centauri unit=Heavy Raider kind=move dst=(-898,55,-96)
[SPAWN_S] team=Team_Alien structure=Node at=(-1115,-840)
[SPAWN_S] team=Team_Alien structure=Node at=(-830,-830)
[ORDER] commander=ai team=Team_Alien unit=Squid kind=move dst=(-1214,27,-1213)
[ORDER] commander=ai team=Team_Alien unit=Squid kind=move dst=(-1214,27,-1213)
[ORDER] commander=ai team=Team_Human_Sol unit=Light Striker kind=move dst=(763,99,14)
[ORDER] commander=ai team=Team_Alien unit=Crab kind=move dst=(-752,120,-360)
[ORDER] commander=ai team=Team_Alien unit=Horned Crab kind=move dst=(-752,120,-360)
[ORDER] commander=ai team=Team_Alien unit=Horned Crab kind=move dst=(-752,120,-360)
[ORDER] commander=ai team=Team_Alien unit=Shocker kind=stop
[ORDER] commander=ai team=Team_Human_Centauri unit=Squad Transport kind=move dst=(-1232,88,796)
[ORDER] commander=ai team=Team_Alien unit=Squid kind=move dst=(-862,85,-140)
[ORDER] commander=ai team=Team_Alien unit=Squid kind=move dst=(-862,85,-140)
[ORDER] commander=ai team=Team_Alien unit=Squid kind=stop
[ORDER] commander=ai team=Team_Alien unit=Squid kind=move dst=(-862,85,-140)
[ORDER] commander=ai team=Team_Alien unit=Squid kind=move dst=(-1214,27,-1213)
[ORDER] commander=ai team=Team_Alien unit=Squid kind=move dst=(-1214,27,-1213)
[ORDER] commander=ai team=Team_Human_Sol unit=Light Striker kind=move dst=(763,99,14)
[ORDER] commander=ai team=Team_Human_Centauri unit=Assault Car kind=attack tgt=Hunter(Clone) (Target)
[ORDER] commander=ai team=Team_Human_Centauri unit=Heavy Raider kind=attack tgt=Hunter(Clone) (Target)
[ORDER] commander=ai team=Team_Human_Centauri unit=Heavy Raider kind=attack tgt=Hunter(Clone) (Target)
[ORDER] commander=ai team=Team_Human_Centauri unit=Squad Transport kind=move dst=(457,105,257)
[ORDER] commander=ai team=Team_Human_Centauri unit=Militia kind=move dst=(-695,84,-428)
[ORDER] commander=ai team=Team_Human_Centauri unit=Militia kind=move dst=(-695,84,-428)
[ORDER] commander=ai team=Team_Human_Centauri unit=Militia kind=move dst=(-695,84,-428)
[ORDER] commander=ai team=Team_Human_Centauri unit=Trooper kind=move dst=(-695,84,-428)
[ORDER] commander=ai team=Team_Human_Centauri unit=Militia kind=attack tgt=Shocker(Clone) (Target)
[ORDER] commander=ai team=Team_Human_Centauri unit=Militia kind=attack tgt=Shocker(Clone) (Target)
[ORDER] commander=ai team=Team_Human_Centauri unit=Militia kind=attack tgt=Shocker(Clone) (Target)
[ORDER] commander=ai team=Team_Human_Centauri unit=Trooper kind=attack tgt=Shocker(Clone) (Target)
[ORDER] commander=ai team=Team_Human_Centauri unit=Squad Transport kind=attack tgt=Hunter(Clone) (Target)
[H1] team=Team_Human_Centauri fire=Refinery atBalterium=(-143,1183) refCount=4
[H2] team=Team_Human_Centauri fire=Headquarters argmaxCell=(25,37) val=147 atWorld=(-480,0) hqCount=2
[AI] [Team_Human_Centauri] tick=54 reqs=4 type={Construct:4} task={} prio(min/avg/max)=10/42.8/81 groups=0
[ORDER] commander=ai team=Team_Alien unit=Shocker kind=move dst=(1035,94,30)
[ORDER] commander=ai team=Team_Human_Centauri unit=Squad Transport kind=move dst=(-1232,88,796)
[ORDER] commander=ai team=Team_Alien unit=Squid kind=move dst=(-675,79,990)
[ORDER] commander=ai team=Team_Alien unit=Squid kind=move dst=(-675,79,990)
[ORDER] commander=ai team=Team_Alien unit=Wasp kind=move dst=(-675,79,990)
[ORDER] commander=ai team=Team_Alien unit=Squid kind=move dst=(-675,79,990)
[ORDER] commander=ai team=Team_Alien unit=Squid kind=move dst=(-1214,27,-1213)
[ORDER] commander=ai team=Team_Alien unit=Squid kind=move dst=(-1214,27,-1213)
[ORDER] commander=ai team=Team_Alien unit=Crab kind=stop
[ORDER] commander=ai team=Team_Alien unit=Crab kind=move dst=(-586,94,-414)
[ORDER] commander=ai team=Team_Alien unit=Crab kind=move dst=(-586,94,-414)
[ORDER] commander=ai team=Team_Alien unit=Crab kind=move dst=(-586,94,-414)
[ORDER] commander=ai team=Team_Human_Sol unit=Light Striker kind=move dst=(763,99,14)
[ORDER] commander=ai team=Team_Human_Sol unit=Light Striker kind=move dst=(763,99,14)
[H1] team=Team_Human_Sol fire=Refinery atBalterium=(780,475) refCount=2
[H2] team=Team_Human_Sol fire=Headquarters argmaxCell=(60,59) val=147 atWorld=(920,880) hqCount=2
[H3] team=Team_Human_Sol fire=Barracks nearHq=(1035,30)
[H3] team=Team_Human_Sol fire=Research Facility nearHq=(1035,30)
[AI] [Team_Human_Sol] tick=54 reqs=2 type={Construct:2} task={} prio(min/avg/max)=7/8.5/10 groups=0
[ORDER] commander=ai team=Team_Human_Centauri unit=Squad Transport kind=move dst=(-1232,88,796)
[ORDER] commander=ai team=Team_Alien unit=Squid kind=move dst=(-675,79,990)
[P31] team=Team_Alien preset=Combat stock=Crab ours=Crab agree=True rationale=swarm floor (have 7/16)
[P31] team=Team_Alien preset=Combat stock=Crab ours=Crab agree=True rationale=swarm floor (have 7/16)
[P31] team=Team_Alien preset=Harvest stock=Shrimp ours=Shrimp agree=True rationale=biotic cap (have 19/70)
[ORDER] commander=ai team=Team_Alien unit=Crab kind=move dst=(202,50,-568)
[ORDER] commander=ai team=Team_Alien unit=Horned Crab kind=move dst=(202,50,-568)
[ORDER] commander=ai team=Team_Alien unit=Horned Crab kind=move dst=(202,50,-568)
[ORDER] commander=ai team=Team_Alien unit=Shocker kind=move dst=(202,50,-568)
[ORDER] commander=ai team=Team_Alien unit=Crab kind=attack tgt=Sol_Headquarters(Clone) (Target)
[ORDER] commander=ai team=Team_Alien unit=Horned Crab kind=attack tgt=Sol_Headquarters(Clone) (Target)
[ORDER] commander=ai team=Team_Alien unit=Horned Crab kind=attack tgt=Sol_Headquarters(Clone) (Target)
[ORDER] commander=ai team=Team_Alien unit=Shocker kind=attack tgt=Sol_Headquarters(Clone) (Target)
[AI] [Team_Alien] tick=54 reqs=6 type={Construct:6} task={} prio(min/avg/max)=6/35.7/62 groups=0
[ORDER] commander=ai team=Team_Alien unit=Squid kind=move dst=(-1214,27,-1213)
[ORDER] commander=ai team=Team_Alien unit=Squid kind=move dst=(-1214,27,-1213)
[ORDER] commander=ai team=Team_Alien unit=Crab kind=move dst=(-581,94,-418)
[ORDER] commander=ai team=Team_Alien unit=Crab kind=move dst=(-581,94,-418)
[ORDER] commander=ai team=Team_Alien unit=Crab kind=move dst=(-581,94,-418)
[ORDER] commander=ai team=Team_Human_Sol unit=Light Striker kind=move dst=(763,99,14)
[ORDER] commander=ai team=Team_Human_Centauri unit=Squad Transport kind=move dst=(-1232,88,796)
[ORDER] commander=ai team=Team_Alien unit=Squid kind=move dst=(-1214,27,-1213)
[ORDER] commander=ai team=Team_Alien unit=Squid kind=move dst=(-1214,27,-1213)
[ORDER] commander=ai team=Team_Alien unit=Crab kind=move dst=(-136,51,-1238)
[ORDER] commander=ai team=Team_Alien unit=Crab kind=move dst=(-136,51,-1238)
[ORDER] commander=ai team=Team_Human_Sol unit=Light Striker kind=move dst=(763,99,14)
[ORDER] commander=ai team=Team_Human_Centauri unit=Assault Car kind=attack tgt=Hunter(Clone) (Target)
[ORDER] commander=ai team=Team_Human_Centauri unit=Assault Car kind=attack tgt=Hunter(Clone) (Target)
[ORDER] commander=ai team=Team_Human_Centauri unit=Harvester kind=move dst=(-390,66,637)
[ORDER] commander=ai team=Team_Human_Centauri unit=Harvester kind=move dst=(-520,77,416)
[ORDER] commander=ai team=Team_Human_Centauri unit=Harvester kind=move dst=(-156,56,449)
[ORDER] commander=ai team=Team_Human_Centauri unit=Squad Transport kind=move dst=(457,105,257)
[ORDER] commander=ai team=Team_Human_Centauri unit=Militia kind=move dst=(-695,84,-428)
[ORDER] commander=ai team=Team_Human_Centauri unit=Militia kind=move dst=(-695,84,-428)
[ORDER] commander=ai team=Team_Human_Centauri unit=Militia kind=move dst=(-695,84,-428)
[ORDER] commander=ai team=Team_Human_Centauri unit=Trooper kind=move dst=(-695,84,-428)
[ORDER] commander=ai team=Team_Human_Centauri unit=Militia kind=attack tgt=Shocker(Clone) (Target)
[ORDER] commander=ai team=Team_Human_Centauri unit=Militia kind=attack tgt=Shocker(Clone) (Target)
[ORDER] commander=ai team=Team_Human_Centauri unit=Militia kind=attack tgt=Shocker(Clone) (Target)
[ORDER] commander=ai team=Team_Human_Centauri unit=Trooper kind=attack tgt=Shocker(Clone) (Target)
[ORDER] commander=ai team=Team_Human_Centauri unit=Militia kind=attack tgt=Hunter(Clone) (Target)
[ORDER] commander=ai team=Team_Human_Centauri unit=Militia kind=attack tgt=Hunter(Clone) (Target)
[ORDER] commander=ai team=Team_Human_Centauri unit=Militia kind=attack tgt=Hunter(Clone) (Target)
[ORDER] commander=ai team=Team_Human_Centauri unit=Trooper kind=attack tgt=Hunter(Clone) (Target)
[H2] team=Team_Human_Centauri fire=Headquarters argmaxCell=(25,37) val=147 atWorld=(-480,0) hqCount=2
[AI] [Team_Human_Centauri] tick=55 reqs=4 type={Construct:4} task={} prio(min/avg/max)=10/43.3/81 groups=0
[ORDER] commander=ai team=Team_Human_Centauri unit=Squad Transport kind=move dst=(-1232,88,796)
[ORDER] commander=ai team=Team_Alien unit=Squid kind=move dst=(-1214,27,-1213)
[ORDER] commander=ai team=Team_Alien unit=Squid kind=move dst=(-1214,27,-1213)
[ORDER] commander=ai team=Team_Human_Sol unit=Light Striker kind=move dst=(763,99,14)
[ORDER] commander=ai team=Team_Human_Sol unit=Light Quad kind=move dst=(13,57,65)
[ORDER] commander=ai team=Team_Human_Sol unit=Light Quad kind=move dst=(13,57,65)
[H1] team=Team_Human_Sol fire=Refinery atBalterium=(949,247) refCount=2
[H1] team=Team_Human_Sol fire=Refinery atBalterium=(858,-143) refCount=3
[H1] team=Team_Human_Sol fire=Refinery atBalterium=(1261,169) refCount=4
[H2] team=Team_Human_Sol fire=Headquarters argmaxCell=(60,59) val=147 atWorld=(920,880) hqCount=2
[AI] [Team_Human_Sol] tick=55 reqs=2 type={Construct:2} task={} prio(min/avg/max)=7/8.5/10 groups=0
[ORDER] commander=ai team=Team_Human_Centauri unit=Squad Transport kind=move dst=(-1232,88,796)
[P31] team=Team_Alien preset=Combat stock=Crab ours=Crab agree=True rationale=swarm floor (have 7/16)
[P31] team=Team_Alien preset=Combat stock=Crab ours=Crab agree=True rationale=swarm floor (have 7/16)
[P31] team=Team_Alien preset=Harvest stock=Shrimp ours=Shrimp agree=True rationale=biotic cap (have 19/70)
[ORDER] commander=ai team=Team_Alien unit=Crab kind=move dst=(202,50,-568)
[ORDER] commander=ai team=Team_Alien unit=Horned Crab kind=move dst=(202,50,-568)
[ORDER] commander=ai team=Team_Alien unit=Horned Crab kind=move dst=(202,50,-568)
[ORDER] commander=ai team=Team_Alien unit=Shocker kind=move dst=(202,50,-568)
[ORDER] commander=ai team=Team_Alien unit=Squid kind=attack tgt=Cent_HeavyHarvester(Clone) (Target)
[ORDER] commander=ai team=Team_Alien unit=Squid kind=attack tgt=Cent_HeavyHarvester(Clone) (Target)
[ORDER] commander=ai team=Team_Alien unit=Wasp kind=attack tgt=Cent_HeavyHarvester(Clone) (Target)
[ORDER] commander=ai team=Team_Alien unit=Squid kind=attack tgt=Cent_HeavyHarvester(Clone) (Target)
[ORDER] commander=ai team=Team_Alien unit=Squid kind=attack tgt=Cent_HeavyHarvester(Clone) (Target)
[ORDER] commander=ai team=Team_Alien unit=Crab kind=attack tgt=Cent_Refinery(Clone) (Target)
[ORDER] commander=ai team=Team_Alien unit=Horned Crab kind=attack tgt=Cent_Refinery(Clone) (Target)
[ORDER] commander=ai team=Team_Alien unit=Horned Crab kind=attack tgt=Cent_Refinery(Clone) (Target)
[ORDER] commander=ai team=Team_Alien unit=Shocker kind=attack tgt=Cent_Refinery(Clone) (Target)
[ORDER] commander=ai team=Team_Alien unit=Hunter kind=attack tgt=Sol_Headquarters(Clone) (Target)
[ORDER] commander=ai team=Team_Alien unit=Hunter kind=attack tgt=Sol_Headquarters(Clone) (Target)
[AI] [Team_Alien] tick=55 reqs=6 type={Construct:6} task={} prio(min/avg/max)=6/35.7/62 groups=0
[SPAWN_U] team=Team_Alien unit=Shrimp
[ORDER] commander=ai team=Team_Alien unit=Squid kind=move dst=(-1214,27,-1213)
[ORDER] commander=ai team=Team_Alien unit=Squid kind=move dst=(-1214,27,-1213)
[ORDER] commander=ai team=Team_Alien unit=Hunter kind=move dst=(1035,94,30)
[ORDER] commander=ai team=Team_Alien unit=Hunter kind=move dst=(1035,94,30)
[SPAWN_U] team=Team_Alien unit=Shrimp
[ORDER] commander=ai team=Team_Alien unit=Crab kind=move dst=(-136,51,-1238)
[ORDER] commander=ai team=Team_Human_Sol unit=Light Striker kind=move dst=(763,99,14)
[ORDER] commander=ai team=Team_Human_Centauri unit=Squad Transport kind=move dst=(-1232,88,796)
[ORDER] commander=ai team=Team_Alien unit=Squid kind=move dst=(-1214,27,-1213)
[ORDER] commander=ai team=Team_Alien unit=Squid kind=move dst=(-1214,27,-1213)
[ORDER] commander=ai team=Team_Human_Centauri unit=Assault Car kind=move dst=(-778,95,-245)
[ORDER] commander=ai team=Team_Human_Sol unit=Light Striker kind=move dst=(763,99,14)
[ORDER] commander=ai team=Team_Human_Centauri unit=Harvester kind=move dst=(-561,64,1111)
[ORDER] commander=ai team=Team_Human_Centauri unit=Harvester kind=move dst=(-347,60,1117)
[ORDER] commander=ai team=Team_Human_Centauri unit=Squad Transport kind=move dst=(-695,84,-428)
[ORDER] commander=ai team=Team_Human_Centauri unit=Squad Transport kind=attack tgt=Shocker(Clone) (Target)
[ORDER] commander=ai team=Team_Human_Centauri unit=Light Raider kind=attack tgt=Hunter(Clone) (Target)
[ORDER] commander=ai team=Team_Human_Centauri unit=Light Raider kind=attack tgt=Hunter(Clone) (Target)
[ORDER] commander=ai team=Team_Human_Centauri unit=Heavy Raider kind=attack tgt=Hunter(Clone) (Target)
[H1] team=Team_Human_Centauri fire=Refinery atBalterium=(-143,1183) refCount=4
[H2] team=Team_Human_Centauri fire=Headquarters argmaxCell=(25,37) val=147 atWorld=(-480,0) hqCount=2
[AI] [Team_Human_Centauri] tick=56 reqs=4 type={Construct:4} task={} prio(min/avg/max)=10/43.3/81 groups=0
[ORDER] commander=ai team=Team_Human_Centauri unit=Squad Transport kind=move dst=(-1232,88,796)
[ORDER] commander=ai team=Team_Alien unit=Squid kind=move dst=(-1214,27,-1213)
[ORDER] commander=ai team=Team_Alien unit=Squid kind=move dst=(-1214,27,-1213)
[ORDER] commander=ai team=Team_Human_Sol unit=Light Raider kind=move dst=(654,110,434)
[ORDER] commander=ai team=Team_Human_Sol unit=Heavy Quad kind=move dst=(654,110,434)
[ORDER] commander=ai team=Team_Human_Centauri unit=Assault Car kind=move dst=(-777,97,-237)
[ORDER] commander=ai team=Team_Human_Sol unit=Light Striker kind=move dst=(763,99,14)
[H1] team=Team_Human_Sol fire=Refinery atBalterium=(780,475) refCount=2
[H2] team=Team_Human_Sol fire=Headquarters argmaxCell=(60,59) val=147 atWorld=(920,880) hqCount=2
[H3] team=Team_Human_Sol fire=Barracks nearHq=(1035,30)
[H3] team=Team_Human_Sol fire=Research Facility nearHq=(1035,30)
[AI] [Team_Human_Sol] tick=56 reqs=2 type={Construct:2} task={} prio(min/avg/max)=7/8.5/10 groups=0
[ORDER] commander=ai team=Team_Human_Centauri unit=Squad Transport kind=move dst=(-1232,88,796)
[ORDER] commander=ai team=Team_Alien unit=Squid kind=move dst=(-821,84,36)
[ORDER] commander=ai team=Team_Alien unit=Squid kind=move dst=(-821,84,36)
[ORDER] commander=ai team=Team_Alien unit=Wasp kind=stop
[ORDER] commander=ai team=Team_Alien unit=Squid kind=move dst=(-821,84,36)
[ORDER] commander=ai team=Team_Alien unit=Squid kind=stop
[P31] team=Team_Alien preset=Combat stock=Crab ours=Crab agree=True rationale=swarm floor (have 7/16)
[P31] team=Team_Alien preset=Combat stock=Crab ours=Crab agree=True rationale=swarm floor (have 7/16)
[P31] team=Team_Alien preset=Harvest stock=Shrimp ours=Shrimp agree=True rationale=biotic cap (have 21/70)
[ORDER] commander=ai team=Team_Alien unit=Shrimp kind=move dst=(-1266,48,-692)
[ORDER] commander=ai team=Team_Alien unit=Hunter kind=move dst=(-75,39,-766)
[ORDER] commander=ai team=Team_Alien unit=Hunter kind=move dst=(-75,39,-766)
[ORDER] commander=ai team=Team_Alien unit=Crab kind=move dst=(202,50,-568)
[ORDER] commander=ai team=Team_Alien unit=Horned Crab kind=move dst=(202,50,-568)
[ORDER] commander=ai team=Team_Alien unit=Horned Crab kind=move dst=(202,50,-568)
[ORDER] commander=ai team=Team_Alien unit=Shocker kind=move dst=(202,50,-568)
[ORDER] commander=ai team=Team_Alien unit=Hunter kind=attack tgt=Cent_Headquarters(Clone) (Target)
[ORDER] commander=ai team=Team_Alien unit=Hunter kind=attack tgt=Cent_Headquarters(Clone) (Target)
[ORDER] commander=ai team=Team_Alien unit=Crab kind=attack tgt=Cent_Refinery(Clone) (Target)
[ORDER] commander=ai team=Team_Alien unit=Horned Crab kind=attack tgt=Cent_Refinery(Clone) (Target)
[ORDER] commander=ai team=Team_Alien unit=Horned Crab kind=attack tgt=Cent_Refinery(Clone) (Target)
[ORDER] commander=ai team=Team_Alien unit=Shocker kind=attack tgt=Cent_Refinery(Clone) (Target)
[ORDER] commander=ai team=Team_Alien unit=Crab kind=attack tgt=Sol_Headquarters(Clone) (Target)
[ORDER] commander=ai team=Team_Alien unit=Crab kind=attack tgt=Sol_Headquarters(Clone) (Target)
[ORDER] commander=ai team=Team_Alien unit=Crab kind=attack tgt=Sol_Headquarters(Clone) (Target)
[ORDER] commander=ai team=Team_Alien unit=Crab kind=attack tgt=Sol_Headquarters(Clone) (Target)
[AI] [Team_Alien] tick=56 reqs=6 type={Construct:6} task={} prio(min/avg/max)=3/41.5/81 groups=0
[ORDER] commander=ai team=Team_Alien unit=Squid kind=move dst=(-1214,27,-1213)
[ORDER] commander=ai team=Team_Alien unit=Squid kind=move dst=(-1214,27,-1213)
[ORDER] commander=ai team=Team_Alien unit=Hunter kind=move dst=(-615,72,840)
[ORDER] commander=ai team=Team_Alien unit=Hunter kind=move dst=(-615,72,840)
[ORDER] commander=ai team=Team_Alien unit=Crab kind=move dst=(1035,94,30)
[ORDER] commander=ai team=Team_Alien unit=Crab kind=move dst=(1035,94,30)
[ORDER] commander=ai team=Team_Human_Sol unit=Light Striker kind=move dst=(763,99,14)
[ORDER] commander=ai team=Team_Human_Centauri unit=Squad Transport kind=move dst=(-1232,88,796)
[ORDER] commander=ai team=Team_Alien unit=Squid kind=move dst=(-818,85,52)
[ORDER] commander=ai team=Team_Alien unit=Squid kind=move dst=(-818,85,52)
[ORDER] commander=ai team=Team_Alien unit=Squid kind=move dst=(-818,85,52)
[ORDER] commander=ai team=Team_Alien unit=Squid kind=move dst=(-1214,27,-1213)
[ORDER] commander=ai team=Team_Alien unit=Squid kind=move dst=(-1214,27,-1213)
[ORDER] commander=ai team=Team_Human_Sol unit=Light Striker kind=move dst=(763,99,14)
[ORDER] commander=ai team=Team_Human_Centauri unit=Harvester kind=move dst=(-520,77,416)
[ORDER] commander=ai team=Team_Human_Centauri unit=Squad Transport kind=move dst=(-478,52,-352)
[ORDER] commander=ai team=Team_Human_Centauri unit=Squad Transport kind=move dst=(457,105,257)
[ORDER] commander=ai team=Team_Human_Centauri unit=Militia kind=move dst=(-695,84,-428)
[ORDER] commander=ai team=Team_Human_Centauri unit=Militia kind=move dst=(-695,84,-428)
[ORDER] commander=ai team=Team_Human_Centauri unit=Militia kind=move dst=(-695,84,-428)
[ORDER] commander=ai team=Team_Human_Centauri unit=Trooper kind=move dst=(-695,84,-428)
[ORDER] commander=ai team=Team_Human_Centauri unit=Assault Car kind=attack tgt=Crab(Clone) (Target)
[ORDER] commander=ai team=Team_Human_Centauri unit=Light Raider kind=attack tgt=Crab(Clone) (Target)
[ORDER] commander=ai team=Team_Human_Centauri unit=Light Raider kind=attack tgt=Crab(Clone) (Target)
[ORDER] commander=ai team=Team_Human_Centauri unit=Militia kind=attack tgt=Shocker(Clone) (Target)
[ORDER] commander=ai team=Team_Human_Centauri unit=Militia kind=attack tgt=Shocker(Clone) (Target)
[ORDER] commander=ai team=Team_Human_Centauri unit=Militia kind=attack tgt=Shocker(Clone) (Target)
[ORDER] commander=ai team=Team_Human_Centauri unit=Trooper kind=attack tgt=Shocker(Clone) (Target)
[ORDER] commander=ai team=Team_Human_Centauri unit=Squad Transport kind=attack tgt=Hunter(Clone) (Target)
[ORDER] commander=ai team=Team_Human_Centauri unit=Squad Transport kind=attack tgt=Hunter(Clone) (Target)
[H2] team=Team_Human_Centauri fire=Headquarters argmaxCell=(25,37) val=147 atWorld=(-480,0) hqCount=2
[AI] [Team_Human_Centauri] tick=57 reqs=4 type={Construct:4} task={} prio(min/avg/max)=10/44.5/81 groups=0
[ORDER] commander=ai team=Team_Human_Centauri unit=Assault Car kind=move dst=(-821,85,-282)
[ORDER] commander=ai team=Team_Human_Centauri unit=Light Raider kind=move dst=(-821,85,-282)
[ORDER] commander=ai team=Team_Human_Centauri unit=Light Raider kind=move dst=(-821,85,-282)
[ORDER] commander=ai team=Team_Human_Centauri unit=Squad Transport kind=move dst=(-1232,88,796)
[ORDER] commander=ai team=Team_Alien unit=Wasp kind=stop
[ORDER] commander=ai team=Team_Alien unit=Squid kind=move dst=(-817,83,50)
[ORDER] commander=ai team=Team_Alien unit=Squid kind=move dst=(-1214,27,-1213)
[ORDER] commander=ai team=Team_Alien unit=Squid kind=move dst=(-1214,27,-1213)
[ORDER] commander=ai team=Team_Human_Centauri unit=Assault Car kind=move dst=(-794,58,-108)
[ORDER] commander=ai team=Team_Human_Centauri unit=Assault Car kind=move dst=(-794,58,-108)
[ORDER] commander=ai team=Team_Human_Sol unit=Light Striker kind=move dst=(763,99,14)
[H1] team=Team_Human_Sol fire=Refinery atBalterium=(949,247) refCount=2
[H1] team=Team_Human_Sol fire=Refinery atBalterium=(858,-143) refCount=3
[H1] team=Team_Human_Sol fire=Refinery atBalterium=(1261,169) refCount=4
[H2] team=Team_Human_Sol fire=Headquarters argmaxCell=(60,59) val=147 atWorld=(920,880) hqCount=2
[AI] [Team_Human_Sol] tick=57 reqs=2 type={Construct:2} task={} prio(min/avg/max)=7/8.5/10 groups=0
[ORDER] commander=ai team=Team_Human_Centauri unit=Squad Transport kind=move dst=(-1232,88,796)
[ORDER] commander=ai team=Team_Alien unit=Squid kind=move dst=(-505,63,1026)
[ORDER] commander=ai team=Team_Alien unit=Squid kind=move dst=(-505,63,1026)
[ORDER] commander=ai team=Team_Alien unit=Wasp kind=move dst=(-505,63,1026)
[ORDER] commander=ai team=Team_Alien unit=Squid kind=move dst=(-505,63,1026)
[ORDER] commander=ai team=Team_Alien unit=Squid kind=move dst=(-505,63,1026)
[P31] team=Team_Alien preset=Combat stock=Crab ours=Crab agree=True rationale=swarm floor (have 7/16)
[P31] team=Team_Alien preset=Combat stock=Crab ours=Crab agree=True rationale=swarm floor (have 7/16)
[P31] team=Team_Alien preset=Combat stock=Crab ours=Crab agree=True rationale=swarm floor (have 7/16)
[P31] team=Team_Alien preset=Harvest stock=Shrimp ours=Shrimp agree=True rationale=biotic cap (have 21/70)
[ORDER] commander=ai team=Team_Alien unit=Crab kind=move dst=(-136,51,-1238)
[ORDER] commander=ai team=Team_Alien unit=Crab kind=move dst=(-136,51,-1238)
[ORDER] commander=ai team=Team_Alien unit=Crab kind=move dst=(-136,51,-1238)
[ORDER] commander=ai team=Team_Alien unit=Crab kind=move dst=(-136,51,-1238)
[ORDER] commander=ai team=Team_Alien unit=Hunter kind=move dst=(-75,39,-766)
[ORDER] commander=ai team=Team_Alien unit=Hunter kind=move dst=(-75,39,-766)
[ORDER] commander=ai team=Team_Alien unit=Crab kind=move dst=(202,50,-568)
[ORDER] commander=ai team=Team_Alien unit=Horned Crab kind=move dst=(202,50,-568)
[ORDER] commander=ai team=Team_Alien unit=Horned Crab kind=move dst=(202,50,-568)
[ORDER] commander=ai team=Team_Alien unit=Shocker kind=move dst=(202,50,-568)
[ORDER] commander=ai team=Team_Alien unit=Shocker kind=attack tgt=Cent_Soldier_Militia(Clone) (Target)
[ORDER] commander=ai team=Team_Alien unit=Shocker kind=attack tgt=Cent_Soldier_Militia(Clone) (Target)
[ORDER] commander=ai team=Team_Alien unit=Shocker kind=attack tgt=Cent_Soldier_Militia(Clone) (Target)
[ORDER] commander=ai team=Team_Alien unit=Shocker kind=attack tgt=Cent_Soldier_Militia(Clone) (Target)
[ORDER] commander=ai team=Team_Alien unit=Crab kind=attack tgt=Cent_Headquarters(Clone) (Target)
[ORDER] commander=ai team=Team_Alien unit=Horned Crab kind=attack tgt=Cent_Headquarters(Clone) (Target)
[ORDER] commander=ai team=Team_Alien unit=Horned Crab kind=attack tgt=Cent_Headquarters(Clone) (Target)
[ORDER] commander=ai team=Team_Alien unit=Shocker kind=attack tgt=Cent_Headquarters(Clone) (Target)
[ORDER] commander=ai team=Team_Alien unit=Hunter kind=attack tgt=Cent_Refinery(Clone) (Target)
[ORDER] commander=ai team=Team_Alien unit=Hunter kind=attack tgt=Cent_Refinery(Clone) (Target)
[ORDER] commander=ai team=Team_Alien unit=Crab kind=attack tgt=Cent_HeavyHarvester(Clone) (Target)
[ORDER] commander=ai team=Team_Alien unit=Crab kind=attack tgt=Cent_HeavyHarvester(Clone) (Target)
[ORDER] commander=ai team=Team_Alien unit=Crab kind=attack tgt=Cent_HeavyHarvester(Clone) (Target)
[ORDER] commander=ai team=Team_Alien unit=Crab kind=attack tgt=Cent_HeavyHarvester(Clone) (Target)
[AI] [Team_Alien] tick=57 reqs=7 type={Construct:7} task={} prio(min/avg/max)=3/44.4/81 groups=0
[ORDER] commander=ai team=Team_Alien unit=Squid kind=move dst=(-1214,27,-1213)
[ORDER] commander=ai team=Team_Alien unit=Squid kind=move dst=(-1214,27,-1213)
[ORDER] commander=ai team=Team_Human_Sol unit=Light Raider kind=move dst=(654,110,434)
[ORDER] commander=ai team=Team_Alien unit=Hunter kind=move dst=(-675,79,990)
[ORDER] commander=ai team=Team_Alien unit=Hunter kind=move dst=(-675,79,990)
[ORDER] commander=ai team=Team_Alien unit=Crab kind=move dst=(-504,63,1024)
[ORDER] commander=ai team=Team_Alien unit=Crab kind=move dst=(-504,63,1024)
[ORDER] commander=ai team=Team_Human_Sol unit=Light Striker kind=move dst=(763,99,14)
[ORDER] commander=ai team=Team_Human_Centauri unit=Squad Transport kind=move dst=(-1232,88,796)
[ORDER] commander=ai team=Team_Alien unit=Squid kind=move dst=(-1214,27,-1213)
[ORDER] commander=ai team=Team_Alien unit=Squid kind=move dst=(-1214,27,-1213)
[ORDER] commander=ai team=Team_Human_Sol unit=Light Striker kind=move dst=(763,99,14)
[ORDER] commander=ai team=Team_Human_Centauri unit=Militia kind=move dst=(-478,52,-352)
[ORDER] commander=ai team=Team_Human_Centauri unit=Militia kind=move dst=(-478,52,-352)
[ORDER] commander=ai team=Team_Human_Centauri unit=Militia kind=move dst=(-478,52,-352)
[ORDER] commander=ai team=Team_Human_Centauri unit=Trooper kind=move dst=(-478,52,-352)
[ORDER] commander=ai team=Team_Human_Centauri unit=Trooper kind=move dst=(457,105,257)
[ORDER] commander=ai team=Team_Human_Centauri unit=Assault Car kind=move dst=(-695,84,-428)
[ORDER] commander=ai team=Team_Human_Centauri unit=Light Raider kind=move dst=(-695,84,-428)
[ORDER] commander=ai team=Team_Human_Centauri unit=Light Raider kind=move dst=(-695,84,-428)
[ORDER] commander=ai team=Team_Human_Centauri unit=Militia kind=attack tgt=Shocker(Clone) (Target)
[ORDER] commander=ai team=Team_Human_Centauri unit=Militia kind=attack tgt=Shocker(Clone) (Target)
[ORDER] commander=ai team=Team_Human_Centauri unit=Militia kind=attack tgt=Shocker(Clone) (Target)
[ORDER] commander=ai team=Team_Human_Centauri unit=Trooper kind=attack tgt=Shocker(Clone) (Target)
[ORDER] commander=ai team=Team_Human_Centauri unit=Trooper kind=attack tgt=Shocker(Clone) (Target)
[H1] team=Team_Human_Centauri fire=Refinery atBalterium=(-143,1183) refCount=4
[H2] team=Team_Human_Centauri fire=Headquarters argmaxCell=(25,37) val=147 atWorld=(-480,0) hqCount=2
[AI] [Team_Human_Centauri] tick=58 reqs=4 type={Construct:4} task={} prio(min/avg/max)=10/43.0/81 groups=0
[ORDER] commander=ai team=Team_Human_Centauri unit=Trooper kind=move dst=(-790,57,-101)
[ORDER] commander=ai team=Team_Human_Centauri unit=Squad Transport kind=move dst=(-1232,88,796)
[ORDER] commander=ai team=Team_Alien unit=Squid kind=move dst=(-1214,27,-1213)
[ORDER] commander=ai team=Team_Alien unit=Squid kind=move dst=(-1214,27,-1213)
[ORDER] commander=ai team=Team_Human_Sol unit=Light Striker kind=move dst=(763,99,14)
[H1] team=Team_Human_Sol fire=Refinery atBalterium=(780,475) refCount=2
[H2] team=Team_Human_Sol fire=Headquarters argmaxCell=(60,59) val=147 atWorld=(920,880) hqCount=2
[H3] team=Team_Human_Sol fire=Barracks nearHq=(1035,30)
[H3] team=Team_Human_Sol fire=Research Facility nearHq=(1035,30)
[AI] [Team_Human_Sol] tick=58 reqs=2 type={Construct:2} task={} prio(min/avg/max)=7/8.5/10 groups=0
[ORDER] commander=ai team=Team_Human_Centauri unit=Squad Transport kind=move dst=(-1232,88,796)
[ORDER] commander=ai team=Team_Human_Centauri unit=Militia kind=stop
[ORDER] commander=ai team=Team_Human_Centauri unit=Militia kind=move dst=(-438,69,-26)
[ORDER] commander=ai team=Team_Human_Centauri unit=Militia kind=move dst=(-438,69,-26)
[ORDER] commander=ai team=Team_Human_Centauri unit=Trooper kind=move dst=(-438,69,-26)
[P31] team=Team_Alien preset=Combat stock=Crab ours=Crab agree=True rationale=swarm floor (have 7/16)
[P31] team=Team_Alien preset=Combat stock=Crab ours=Crab agree=True rationale=swarm floor (have 7/16)
[P31] team=Team_Alien preset=Harvest stock=Shrimp ours=Shrimp agree=True rationale=biotic cap (have 21/70)
[ORDER] commander=ai team=Team_Alien unit=Crab kind=move dst=(-136,51,-1238)
[ORDER] commander=ai team=Team_Alien unit=Crab kind=move dst=(-136,51,-1238)
[ORDER] commander=ai team=Team_Alien unit=Crab kind=move dst=(-136,51,-1238)
[ORDER] commander=ai team=Team_Alien unit=Crab kind=move dst=(-136,51,-1238)
[ORDER] commander=ai team=Team_Alien unit=Hunter kind=move dst=(-75,39,-766)
[ORDER] commander=ai team=Team_Alien unit=Hunter kind=move dst=(-75,39,-766)
[ORDER] commander=ai team=Team_Alien unit=Crab kind=move dst=(202,50,-568)
[ORDER] commander=ai team=Team_Alien unit=Horned Crab kind=move dst=(202,50,-568)
[ORDER] commander=ai team=Team_Alien unit=Horned Crab kind=move dst=(202,50,-568)
[ORDER] commander=ai team=Team_Alien unit=Shocker kind=move dst=(202,50,-568)
[ORDER] commander=ai team=Team_Alien unit=Crab kind=attack tgt=Cent_Headquarters(Clone) (Target)
[ORDER] commander=ai team=Team_Alien unit=Horned Crab kind=attack tgt=Cent_Headquarters(Clone) (Target)
[ORDER] commander=ai team=Team_Alien unit=Horned Crab kind=attack tgt=Cent_Headquarters(Clone) (Target)
[ORDER] commander=ai team=Team_Alien unit=Shocker kind=attack tgt=Cent_Headquarters(Clone) (Target)
[ORDER] commander=ai team=Team_Alien unit=Hunter kind=attack tgt=Cent_Refinery(Clone) (Target)
[ORDER] commander=ai team=Team_Alien unit=Hunter kind=attack tgt=Cent_Refinery(Clone) (Target)
[ORDER] commander=ai team=Team_Alien unit=Crab kind=attack tgt=Cent_HeavyHarvester(Clone) (Target)
[ORDER] commander=ai team=Team_Alien unit=Crab kind=attack tgt=Cent_HeavyHarvester(Clone) (Target)
[ORDER] commander=ai team=Team_Alien unit=Crab kind=attack tgt=Cent_HeavyHarvester(Clone) (Target)
[ORDER] commander=ai team=Team_Alien unit=Crab kind=attack tgt=Cent_HeavyHarvester(Clone) (Target)
[AI] [Team_Alien] tick=58 reqs=6 type={Construct:6} task={} prio(min/avg/max)=3/47.8/81 groups=0
[ORDER] commander=ai team=Team_Alien unit=Squid kind=move dst=(-1214,27,-1213)
[ORDER] commander=ai team=Team_Alien unit=Squid kind=move dst=(-1214,27,-1213)
[ORDER] commander=ai team=Team_Human_Sol unit=Light Raider kind=move dst=(954,84,-770)
[ORDER] commander=ai team=Team_Human_Sol unit=Light Raider kind=move dst=(954,84,-770)
[ORDER] commander=ai team=Team_Human_Sol unit=Heavy Quad kind=stop
[ORDER] commander=ai team=Team_Alien unit=Hunter kind=move dst=(-675,79,990)
[ORDER] commander=ai team=Team_Alien unit=Hunter kind=move dst=(-675,79,990)
[ORDER] commander=ai team=Team_Alien unit=Crab kind=move dst=(-501,64,1015)
[ORDER] commander=ai team=Team_Alien unit=Crab kind=move dst=(-501,64,1015)
[ORDER] commander=ai team=Team_Alien unit=Crab kind=move dst=(-501,64,1015)
[ORDER] commander=ai team=Team_Human_Sol unit=Light Striker kind=move dst=(763,99,14)
[ORDER] commander=ai team=Team_Human_Centauri unit=Squad Transport kind=move dst=(-1232,88,796)
[ORDER] commander=ai team=Team_Human_Centauri unit=Militia kind=move dst=(-837,59,120)
[ORDER] commander=ai team=Team_Human_Centauri unit=Trooper kind=move dst=(-837,59,120)
[ORDER] commander=ai team=Team_Alien unit=Squid kind=move dst=(-1214,27,-1213)
[ORDER] commander=ai team=Team_Alien unit=Squid kind=move dst=(-1214,27,-1213)
[ORDER] commander=ai team=Team_Human_Sol unit=Light Raider kind=move dst=(958,84,-769)
[ORDER] commander=ai team=Team_Human_Sol unit=Light Raider kind=move dst=(958,84,-769)
[ORDER] commander=ai team=Team_Human_Sol unit=Light Striker kind=move dst=(763,99,14)
[ORDER] commander=ai team=Team_Human_Centauri unit=Assault Car kind=attack tgt=Hunter(Clone) (Target)
[ORDER] commander=ai team=Team_Human_Centauri unit=Light Raider kind=attack tgt=Hunter(Clone) (Target)
[ORDER] commander=ai team=Team_Human_Centauri unit=Light Raider kind=attack tgt=Hunter(Clone) (Target)
[ORDER] commander=ai team=Team_Human_Centauri unit=Militia kind=move dst=(-478,52,-352)
[ORDER] commander=ai team=Team_Human_Centauri unit=Militia kind=move dst=(-478,52,-352)
[ORDER] commander=ai team=Team_Human_Centauri unit=Militia kind=move dst=(-478,52,-352)
[ORDER] commander=ai team=Team_Human_Centauri unit=Trooper kind=move dst=(-478,52,-352)
[ORDER] commander=ai team=Team_Human_Centauri unit=Squad Transport kind=move dst=(457,105,257)
[ORDER] commander=ai team=Team_Human_Centauri unit=Squad Transport kind=move dst=(-695,84,-428)
[ORDER] commander=ai team=Team_Human_Centauri unit=Squad Transport kind=attack tgt=Shocker(Clone) (Target)
[ORDER] commander=ai team=Team_Human_Centauri unit=Militia kind=attack tgt=Hunter(Clone) (Target)
[ORDER] commander=ai team=Team_Human_Centauri unit=Militia kind=attack tgt=Hunter(Clone) (Target)
[ORDER] commander=ai team=Team_Human_Centauri unit=Militia kind=attack tgt=Hunter(Clone) (Target)
[ORDER] commander=ai team=Team_Human_Centauri unit=Trooper kind=attack tgt=Hunter(Clone) (Target)
[H2] team=Team_Human_Centauri fire=Headquarters argmaxCell=(25,37) val=147 atWorld=(-480,0) hqCount=2
[AI] [Team_Human_Centauri] tick=59 reqs=4 type={Construct:4} task={} prio(min/avg/max)=10/42.5/81 groups=0
[ORDER] commander=ai team=Team_Human_Centauri unit=Assault Car kind=move dst=(-919,51,1)
[ORDER] commander=ai team=Team_Alien unit=Squid kind=move dst=(-1214,27,-1213)
[ORDER] commander=ai team=Team_Alien unit=Squid kind=move dst=(-1214,27,-1213)
[ORDER] commander=ai team=Team_Human_Sol unit=Light Striker kind=move dst=(763,99,14)
[H1] team=Team_Human_Sol fire=Refinery atBalterium=(949,247) refCount=2
[H1] team=Team_Human_Sol fire=Refinery atBalterium=(858,-143) refCount=3
[H1] team=Team_Human_Sol fire=Refinery atBalterium=(1261,169) refCount=4
[H2] team=Team_Human_Sol fire=Headquarters argmaxCell=(60,59) val=147 atWorld=(920,880) hqCount=2
[AI] [Team_Human_Sol] tick=59 reqs=2 type={Construct:2} task={} prio(min/avg/max)=7/8.5/10 groups=0
[ORDER] commander=ai team=Team_Human_Centauri unit=Militia kind=stop
[ORDER] commander=ai team=Team_Human_Centauri unit=Militia kind=move dst=(-447,65,-24)
[ORDER] commander=ai team=Team_Human_Centauri unit=Militia kind=move dst=(-447,65,-24)
[ORDER] commander=ai team=Team_Human_Centauri unit=Trooper kind=move dst=(-447,65,-24)
[P31] team=Team_Alien preset=Combat stock=Crab ours=Crab agree=True rationale=swarm floor (have 7/16)
[P31] team=Team_Alien preset=Combat stock=Crab ours=Crab agree=True rationale=swarm floor (have 7/16)
[P31] team=Team_Alien preset=Harvest stock=Shrimp ours=Shrimp agree=True rationale=biotic cap (have 21/70)
[P31] team=Team_Alien preset=Combat stock=Crab ours=Crab agree=True rationale=swarm floor (have 7/16)
[ORDER] commander=ai team=Team_Alien unit=Crab kind=move dst=(-136,51,-1238)
[ORDER] commander=ai team=Team_Alien unit=Crab kind=move dst=(-136,51,-1238)
[ORDER] commander=ai team=Team_Alien unit=Crab kind=move dst=(-136,51,-1238)
[ORDER] commander=ai team=Team_Alien unit=Crab kind=move dst=(-136,51,-1238)
[ORDER] commander=ai team=Team_Alien unit=Hunter kind=move dst=(-75,39,-766)
[ORDER] commander=ai team=Team_Alien unit=Hunter kind=move dst=(-75,39,-766)
[ORDER] commander=ai team=Team_Alien unit=Crab kind=move dst=(202,50,-568)
[ORDER] commander=ai team=Team_Alien unit=Horned Crab kind=move dst=(202,50,-568)
[ORDER] commander=ai team=Team_Alien unit=Horned Crab kind=move dst=(202,50,-568)
[ORDER] commander=ai team=Team_Alien unit=Shocker kind=move dst=(202,50,-568)
[ORDER] commander=ai team=Team_Alien unit=Shocker kind=attack tgt=Sol_Headquarters(Clone) (Target)
[ORDER] commander=ai team=Team_Alien unit=Shocker kind=attack tgt=Sol_Headquarters(Clone) (Target)
[ORDER] commander=ai team=Team_Alien unit=Crab kind=attack tgt=Cent_Headquarters(Clone) (Target)
[ORDER] commander=ai team=Team_Alien unit=Horned Crab kind=attack tgt=Cent_Headquarters(Clone) (Target)
[ORDER] commander=ai team=Team_Alien unit=Horned Crab kind=attack tgt=Cent_Headquarters(Clone) (Target)
[ORDER] commander=ai team=Team_Alien unit=Shocker kind=attack tgt=Cent_Headquarters(Clone) (Target)
[ORDER] commander=ai team=Team_Alien unit=Hunter kind=attack tgt=Cent_Refinery(Clone) (Target)
[ORDER] commander=ai team=Team_Alien unit=Hunter kind=attack tgt=Cent_Refinery(Clone) (Target)
[ORDER] commander=ai team=Team_Alien unit=Crab kind=attack tgt=Cent_HeavyHarvester(Clone) (Target)
[ORDER] commander=ai team=Team_Alien unit=Crab kind=attack tgt=Cent_HeavyHarvester(Clone) (Target)
[ORDER] commander=ai team=Team_Alien unit=Crab kind=attack tgt=Cent_HeavyHarvester(Clone) (Target)
[ORDER] commander=ai team=Team_Alien unit=Crab kind=attack tgt=Cent_HeavyHarvester(Clone) (Target)
[AI] [Team_Alien] tick=59 reqs=8 type={Construct:8} task={} prio(min/avg/max)=3/47.3/81 groups=0
[ORDER] commander=ai team=Team_Human_Centauri unit=Militia kind=move dst=(-918,53,16)
[ORDER] commander=ai team=Team_Alien unit=Squid kind=move dst=(-1214,27,-1213)
[ORDER] commander=ai team=Team_Alien unit=Squid kind=move dst=(-1214,27,-1213)
[ORDER] commander=ai team=Team_Alien unit=Hunter kind=move dst=(-675,79,990)
[ORDER] commander=ai team=Team_Alien unit=Hunter kind=move dst=(-675,79,990)
[ORDER] commander=ai team=Team_Alien unit=Crab kind=stop
[ORDER] commander=ai team=Team_Alien unit=Crab kind=move dst=(-522,86,-414)
[ORDER] commander=ai team=Team_Alien unit=Crab kind=move dst=(-522,86,-414)
[ORDER] commander=ai team=Team_Alien unit=Crab kind=move dst=(-522,86,-414)
[ORDER] commander=ai team=Team_Human_Sol unit=Light Striker kind=move dst=(763,99,14)
[ORDER] commander=ai team=Team_Human_Centauri unit=Squad Transport kind=move dst=(-732,57,-96)
[ORDER] commander=ai team=Team_Human_Centauri unit=Militia kind=move dst=(-918,53,28)
[ORDER] commander=ai team=Team_Human_Centauri unit=Militia kind=move dst=(-918,53,28)
[ORDER] commander=ai team=Team_Alien unit=Squid kind=move dst=(-1214,27,-1213)
[ORDER] commander=ai team=Team_Alien unit=Squid kind=move dst=(-1214,27,-1213)
[ORDER] commander=ai team=Team_Alien unit=Crab kind=move dst=(-500,66,997)
[ORDER] commander=ai team=Team_Alien unit=Crab kind=move dst=(-500,66,997)
[ORDER] commander=ai team=Team_Alien unit=Crab kind=move dst=(-500,66,997)
[ORDER] commander=ai team=Team_Alien unit=Crab kind=move dst=(-500,66,997)
[ORDER] commander=ai team=Team_Human_Centauri unit=Squad Transport kind=move dst=(-478,52,-352)
[ORDER] commander=ai team=Team_Human_Centauri unit=Squad Transport kind=attack tgt=Shocker(Clone) (Target)
[H1] team=Team_Human_Centauri fire=Refinery atBalterium=(-143,1183) refCount=4
[H2] team=Team_Human_Centauri fire=Headquarters argmaxCell=(25,37) val=147 atWorld=(-480,0) hqCount=2
[AI] [Team_Human_Centauri] tick=60 reqs=3 type={Construct:3} task={} prio(min/avg/max)=10/47.0/81 groups=0
[ORDER] commander=ai team=Team_Alien unit=Squid kind=move dst=(-754,94,244)
[ORDER] commander=ai team=Team_Alien unit=Wasp kind=stop
[ORDER] commander=ai team=Team_Alien unit=Squid kind=move dst=(-754,94,244)
[ORDER] commander=ai team=Team_Alien unit=Squid kind=move dst=(-754,94,244)
[ORDER] commander=ai team=Team_Human_Centauri unit=Militia kind=move dst=(-920,54,37)
[ORDER] commander=ai team=Team_Human_Centauri unit=Trooper kind=move dst=(-920,54,37)
[ORDER] commander=ai team=Team_Human_Centauri unit=Trooper kind=move dst=(-920,54,38)
[SPAWN_S] team=Team_Alien structure=Node at=(-725,-730)
[ORDER] commander=ai team=Team_Alien unit=Squid kind=move dst=(-1214,27,-1213)
[ORDER] commander=ai team=Team_Alien unit=Squid kind=move dst=(-1214,27,-1213)
[ORDER] commander=ai team=Team_Alien unit=Crab kind=move dst=(-499,66,991)
[H1] team=Team_Human_Sol fire=Refinery atBalterium=(780,475) refCount=2
[H2] team=Team_Human_Sol fire=Headquarters argmaxCell=(60,59) val=147 atWorld=(920,880) hqCount=2
[H3] team=Team_Human_Sol fire=Barracks nearHq=(1035,30)
[H3] team=Team_Human_Sol fire=Research Facility nearHq=(1035,30)
[AI] [Team_Human_Sol] tick=60 reqs=2 type={Construct:2} task={} prio(min/avg/max)=7/8.5/10 groups=0
[ORDER] commander=ai team=Team_Alien unit=Squid kind=move dst=(-748,85,257)
[ORDER] commander=ai team=Team_Alien unit=Squid kind=move dst=(-748,85,257)
[ORDER] commander=ai team=Team_Alien unit=Squid kind=move dst=(-748,85,257)
[P31] team=Team_Alien preset=Combat stock=Crab ours=Crab agree=True rationale=swarm floor (have 7/16)
[P31] team=Team_Alien preset=Combat stock=Crab ours=Crab agree=True rationale=swarm floor (have 7/16)
[P31] team=Team_Alien preset=Harvest stock=Shrimp ours=Shrimp agree=True rationale=biotic cap (have 21/70)
[ORDER] commander=ai team=Team_Alien unit=Crab kind=move dst=(-136,51,-1238)
[ORDER] commander=ai team=Team_Alien unit=Crab kind=move dst=(-136,51,-1238)
[ORDER] commander=ai team=Team_Alien unit=Crab kind=move dst=(-136,51,-1238)
[ORDER] commander=ai team=Team_Alien unit=Crab kind=move dst=(-136,51,-1238)
[ORDER] commander=ai team=Team_Alien unit=Hunter kind=move dst=(-75,39,-766)
[ORDER] commander=ai team=Team_Alien unit=Hunter kind=move dst=(-75,39,-766)
[ORDER] commander=ai team=Team_Alien unit=Crab kind=move dst=(202,50,-568)
[ORDER] commander=ai team=Team_Alien unit=Horned Crab kind=move dst=(202,50,-568)
[ORDER] commander=ai team=Team_Alien unit=Horned Crab kind=move dst=(202,50,-568)
[ORDER] commander=ai team=Team_Alien unit=Shocker kind=move dst=(202,50,-568)
[ORDER] commander=ai team=Team_Alien unit=Crab kind=attack tgt=Cent_Headquarters(Clone) (Target)
[ORDER] commander=ai team=Team_Alien unit=Horned Crab kind=attack tgt=Cent_Headquarters(Clone) (Target)
[ORDER] commander=ai team=Team_Alien unit=Horned Crab kind=attack tgt=Cent_Headquarters(Clone) (Target)
[ORDER] commander=ai team=Team_Alien unit=Shocker kind=attack tgt=Cent_Headquarters(Clone) (Target)
[ORDER] commander=ai team=Team_Alien unit=Hunter kind=attack tgt=Cent_Refinery(Clone) (Target)
[ORDER] commander=ai team=Team_Alien unit=Hunter kind=attack tgt=Cent_Refinery(Clone) (Target)
[ORDER] commander=ai team=Team_Alien unit=Crab kind=attack tgt=Cent_HeavyHarvester(Clone) (Target)
[ORDER] commander=ai team=Team_Alien unit=Crab kind=attack tgt=Cent_HeavyHarvester(Clone) (Target)
[ORDER] commander=ai team=Team_Alien unit=Crab kind=attack tgt=Cent_HeavyHarvester(Clone) (Target)
[ORDER] commander=ai team=Team_Alien unit=Crab kind=attack tgt=Cent_HeavyHarvester(Clone) (Target)
[AI] [Team_Alien] tick=60 reqs=7 type={Construct:7} task={} prio(min/avg/max)=3/46.6/81 groups=0
[SPAWN_U] team=Team_Alien unit=Shrimp
[ORDER] commander=ai team=Team_Alien unit=Squid kind=move dst=(-1214,27,-1213)
[ORDER] commander=ai team=Team_Alien unit=Squid kind=move dst=(-1214,27,-1213)
[ORDER] commander=ai team=Team_Alien unit=Hunter kind=move dst=(-675,79,990)
[ORDER] commander=ai team=Team_Alien unit=Hunter kind=move dst=(-675,79,990)
[ORDER] commander=ai team=Team_Alien unit=Crab kind=move dst=(-499,66,988)
[ORDER] commander=ai team=Team_Alien unit=Crab kind=move dst=(-499,66,988)
[ORDER] commander=ai team=Team_Human_Sol unit=Light Striker kind=move dst=(763,99,14)
[ORDER] commander=ai team=Team_Human_Centauri unit=Militia kind=stop
[ORDER] commander=ai team=Team_Human_Centauri unit=Militia kind=move dst=(-460,63,-19)
[ORDER] commander=ai team=Team_Human_Centauri unit=Militia kind=move dst=(-460,63,-19)
[ORDER] commander=ai team=Team_Human_Centauri unit=Trooper kind=move dst=(-460,63,-19)
[SPAWN_U] team=Team_Alien unit=Shrimp
[ORDER] commander=ai team=Team_Alien unit=Squid kind=move dst=(-1214,27,-1213)
[ORDER] commander=ai team=Team_Alien unit=Squid kind=move dst=(-1214,27,-1213)
[ORDER] commander=ai team=Team_Alien unit=Crab kind=move dst=(-499,66,988)
[ORDER] commander=ai team=Team_Human_Sol unit=Light Striker kind=move dst=(763,99,14)
[ORDER] commander=ai team=Team_Human_Centauri unit=Assault Car kind=attack tgt=Hunter(Clone) (Target)
[ORDER] commander=ai team=Team_Human_Centauri unit=Assault Car kind=attack tgt=Hunter(Clone) (Target)
[ORDER] commander=ai team=Team_Human_Centauri unit=Squad Transport kind=move dst=(-478,52,-352)
[ORDER] commander=ai team=Team_Human_Centauri unit=Trooper kind=move dst=(457,105,257)
[ORDER] commander=ai team=Team_Human_Centauri unit=Squad Transport kind=move dst=(-695,84,-428)
[ORDER] commander=ai team=Team_Human_Centauri unit=Squad Transport kind=attack tgt=SpecialContainer_Long_01_Small(Clone) (Target)
[ORDER] commander=ai team=Team_Human_Centauri unit=Trooper kind=attack tgt=Hunter(Clone) (Target)
[ORDER] commander=ai team=Team_Human_Centauri unit=Squad Transport kind=attack tgt=Hunter(Clone) (Target)
[H2] team=Team_Human_Centauri fire=Headquarters argmaxCell=(25,37) val=147 atWorld=(-480,0) hqCount=2
[AI] [Team_Human_Centauri] tick=61 reqs=3 type={Construct:3} task={} prio(min/avg/max)=10/47.0/81 groups=0
[ORDER] commander=ai team=Team_Human_Centauri unit=Assault Car kind=move dst=(-912,58,74)
[ORDER] commander=ai team=Team_Human_Centauri unit=Trooper kind=move dst=(-912,58,74)
[ORDER] commander=ai team=Team_Human_Centauri unit=Militia kind=move dst=(-910,59,82)
[ORDER] commander=ai team=Team_Human_Centauri unit=Trooper kind=move dst=(-910,59,82)
[ORDER] commander=ai team=Team_Alien unit=Squid kind=move dst=(-1214,27,-1213)
[ORDER] commander=ai team=Team_Alien unit=Squid kind=move dst=(-1214,27,-1213)
[ORDER] commander=ai team=Team_Alien unit=Crab kind=move dst=(-499,66,988)
[ORDER] commander=ai team=Team_Human_Sol unit=Light Striker kind=move dst=(763,99,14)
[H1] team=Team_Human_Sol fire=Refinery atBalterium=(949,247) refCount=2
[H1] team=Team_Human_Sol fire=Refinery atBalterium=(858,-143) refCount=3
[H1] team=Team_Human_Sol fire=Refinery atBalterium=(1261,169) refCount=4
[H2] team=Team_Human_Sol fire=Headquarters argmaxCell=(60,59) val=147 atWorld=(920,880) hqCount=2
[AI] [Team_Human_Sol] tick=61 reqs=2 type={Construct:2} task={} prio(min/avg/max)=7/8.5/10 groups=0
[ORDER] commander=ai team=Team_Human_Centauri unit=Squad Transport kind=move dst=(-1232,88,796)
[ORDER] commander=ai team=Team_Alien unit=Squid kind=move dst=(-499,66,988)
[ORDER] commander=ai team=Team_Alien unit=Wasp kind=move dst=(-499,66,988)
[ORDER] commander=ai team=Team_Alien unit=Squid kind=move dst=(-499,66,988)
[ORDER] commander=ai team=Team_Alien unit=Squid kind=move dst=(-499,66,988)
[P31] team=Team_Alien preset=Combat stock=Crab ours=Crab agree=True rationale=swarm floor (have 7/16)
[P31] team=Team_Alien preset=Combat stock=Crab ours=Crab agree=True rationale=swarm floor (have 7/16)
[P31] team=Team_Alien preset=Harvest stock=Shrimp ours=Shrimp agree=True rationale=biotic cap (have 23/70)
[ORDER] commander=ai team=Team_Alien unit=Crab kind=move dst=(-136,51,-1238)
[ORDER] commander=ai team=Team_Alien unit=Crab kind=move dst=(-136,51,-1238)
[ORDER] commander=ai team=Team_Alien unit=Crab kind=move dst=(-136,51,-1238)
[ORDER] commander=ai team=Team_Alien unit=Crab kind=move dst=(-136,51,-1238)
[ORDER] commander=ai team=Team_Alien unit=Hunter kind=move dst=(-75,39,-766)
[ORDER] commander=ai team=Team_Alien unit=Hunter kind=move dst=(-75,39,-766)
[ORDER] commander=ai team=Team_Alien unit=Crab kind=move dst=(202,50,-568)
[ORDER] commander=ai team=Team_Alien unit=Horned Crab kind=move dst=(202,50,-568)
[ORDER] commander=ai team=Team_Alien unit=Horned Crab kind=move dst=(202,50,-568)
[ORDER] commander=ai team=Team_Alien unit=Shocker kind=move dst=(202,50,-568)
[ORDER] commander=ai team=Team_Alien unit=Squid kind=attack tgt=Cent_Light_HeavyRaider(Clone) (Target)
[ORDER] commander=ai team=Team_Alien unit=Wasp kind=attack tgt=Cent_Light_HeavyRaider(Clone) (Target)
[ORDER] commander=ai team=Team_Alien unit=Squid kind=attack tgt=Cent_Light_HeavyRaider(Clone) (Target)
[ORDER] commander=ai team=Team_Alien unit=Squid kind=attack tgt=Cent_Light_HeavyRaider(Clone) (Target)
[ORDER] commander=ai team=Team_Alien unit=Squid kind=attack tgt=Cent_Light_HeavyRaider(Clone) (Target)
[ORDER] commander=ai team=Team_Alien unit=Crab kind=attack tgt=Cent_Headquarters(Clone) (Target)
[ORDER] commander=ai team=Team_Alien unit=Horned Crab kind=attack tgt=Cent_Headquarters(Clone) (Target)
[ORDER] commander=ai team=Team_Alien unit=Horned Crab kind=attack tgt=Cent_Headquarters(Clone) (Target)
[ORDER] commander=ai team=Team_Alien unit=Shocker kind=attack tgt=Cent_Headquarters(Clone) (Target)
[ORDER] commander=ai team=Team_Alien unit=Hunter kind=attack tgt=Cent_Refinery(Clone) (Target)
[ORDER] commander=ai team=Team_Alien unit=Hunter kind=attack tgt=Cent_Refinery(Clone) (Target)
[ORDER] commander=ai team=Team_Alien unit=Crab kind=attack tgt=Cent_Light_HeavyRaider(Clone) (Target)
[ORDER] commander=ai team=Team_Alien unit=Crab kind=attack tgt=Cent_Light_HeavyRaider(Clone) (Target)
[ORDER] commander=ai team=Team_Alien unit=Crab kind=attack tgt=Cent_Light_HeavyRaider(Clone) (Target)
[ORDER] commander=ai team=Team_Alien unit=Crab kind=attack tgt=Cent_Light_HeavyRaider(Clone) (Target)
[AI] [Team_Alien] tick=61 reqs=7 type={Construct:7} task={} prio(min/avg/max)=1/41.0/81 groups=0
[ORDER] commander=ai team=Team_Alien unit=Squid kind=move dst=(-800,90,757)
[ORDER] commander=ai team=Team_Alien unit=Wasp kind=move dst=(-800,90,757)
[ORDER] commander=ai team=Team_Alien unit=Squid kind=move dst=(-800,90,757)
[ORDER] commander=ai team=Team_Alien unit=Squid kind=move dst=(-800,90,757)
[ORDER] commander=ai team=Team_Alien unit=Squid kind=move dst=(-800,90,757)
[ORDER] commander=ai team=Team_Alien unit=Squid kind=move dst=(-675,79,990)
[ORDER] commander=ai team=Team_Alien unit=Squid kind=move dst=(-675,79,990)
[ORDER] commander=ai team=Team_Alien unit=Hunter kind=move dst=(-675,79,990)
[ORDER] commander=ai team=Team_Alien unit=Hunter kind=move dst=(-675,79,990)
[ORDER] commander=ai team=Team_Alien unit=Crab kind=move dst=(-802,90,754)
[ORDER] commander=ai team=Team_Alien unit=Crab kind=move dst=(-802,90,754)
[ORDER] commander=ai team=Team_Human_Sol unit=Light Striker kind=move dst=(763,99,14)
[ORDER] commander=ai team=Team_Alien unit=Crab kind=move dst=(-730,118,-271)
[ORDER] commander=ai team=Team_Alien unit=Horned Crab kind=move dst=(-730,118,-271)
[ORDER] commander=ai team=Team_Alien unit=Horned Crab kind=move dst=(-730,118,-271)
[ORDER] commander=ai team=Team_Human_Centauri unit=Squad Transport kind=move dst=(-1232,88,796)
[ORDER] commander=ai team=Team_Human_Centauri unit=Militia kind=move dst=(-899,61,110)
[ORDER] commander=ai team=Team_Human_Sol unit=Light Raider kind=move dst=(654,110,434)
[ORDER] commander=ai team=Team_Human_Sol unit=Light Raider kind=move dst=(654,110,434)
[ORDER] commander=ai team=Team_Human_Sol unit=Heavy Quad kind=move dst=(654,110,434)
[ORDER] commander=ai team=Team_Human_Sol unit=Rifleman kind=move dst=(0,0,0)
[ORDER] commander=ai team=Team_Alien unit=Crab kind=move dst=(-809,92,742)
[ORDER] commander=ai team=Team_Human_Sol unit=Light Striker kind=move dst=(763,99,14)
[ORDER] commander=ai team=Team_Human_Centauri unit=Squad Transport kind=move dst=(457,105,257)
[ORDER] commander=ai team=Team_Human_Centauri unit=Squad Transport kind=attack tgt=Hunter(Clone) (Target)
[ORDER] commander=ai team=Team_Human_Centauri unit=Squad Transport kind=attack tgt=Hunter(Clone) (Target)
[H1] team=Team_Human_Centauri fire=Refinery atBalterium=(-143,1183) refCount=4
[H2] team=Team_Human_Centauri fire=Headquarters argmaxCell=(25,37) val=147 atWorld=(-480,0) hqCount=2
[AI] [Team_Human_Centauri] tick=62 reqs=3 type={Construct:3} task={} prio(min/avg/max)=10/47.0/81 groups=0
[ORDER] commander=ai team=Team_Alien unit=Crab kind=move dst=(-730,118,-266)
[ORDER] commander=ai team=Team_Alien unit=Horned Crab kind=move dst=(-730,118,-266)
[ORDER] commander=ai team=Team_Alien unit=Horned Crab kind=move dst=(-730,118,-266)
[ORDER] commander=ai team=Team_Alien unit=Shocker kind=stop
[ORDER] commander=ai team=Team_Human_Centauri unit=Militia kind=stop
[ORDER] commander=ai team=Team_Human_Centauri unit=Militia kind=move dst=(-477,57,-12)
[ORDER] commander=ai team=Team_Human_Centauri unit=Militia kind=move dst=(-477,57,-12)
[ORDER] commander=ai team=Team_Human_Centauri unit=Trooper kind=move dst=(-477,57,-12)
[ORDER] commander=ai team=Team_Human_Centauri unit=Militia kind=stop
[ORDER] commander=ai team=Team_Human_Centauri unit=Militia kind=move dst=(-785,58,7)
[ORDER] commander=ai team=Team_Human_Centauri unit=Militia kind=move dst=(-785,58,7)
[ORDER] commander=ai team=Team_Human_Centauri unit=Trooper kind=move dst=(-785,58,7)
[ORDER] commander=ai team=Team_Alien unit=Crab kind=stop
[ORDER] commander=ai team=Team_Alien unit=Crab kind=move dst=(-521,62,-343)
[ORDER] commander=ai team=Team_Alien unit=Crab kind=move dst=(-521,62,-343)
[ORDER] commander=ai team=Team_Alien unit=Crab kind=move dst=(-521,62,-343)
[ORDER] commander=ai team=Team_Human_Sol unit=Platoon Hauler kind=move dst=(-283,62,90)
[ORDER] commander=ai team=Team_Human_Sol unit=Scout kind=move dst=(1400,93,-1096)
[ORDER] commander=ai team=Team_Human_Sol unit=Scout kind=move dst=(1400,93,-1096)
[ORDER] commander=ai team=Team_Human_Sol unit=Scout kind=move dst=(1400,93,-1096)
[ORDER] commander=ai team=Team_Human_Sol unit=Rifleman kind=move dst=(1400,93,-1096)
[H1] team=Team_Human_Sol fire=Refinery atBalterium=(780,475) refCount=2
[H2] team=Team_Human_Sol fire=Headquarters argmaxCell=(60,59) val=168 atWorld=(920,880) hqCount=2
[H3] team=Team_Human_Sol fire=Barracks nearHq=(1035,30)
[H3] team=Team_Human_Sol fire=Research Facility nearHq=(1035,30)
[AI] [Team_Human_Sol] tick=62 reqs=2 type={Construct:2} task={} prio(min/avg/max)=7/8.5/10 groups=0
[ORDER] commander=ai team=Team_Human_Centauri unit=Militia kind=move dst=(-889,60,129)
[ORDER] commander=ai team=Team_Human_Centauri unit=Trooper kind=move dst=(-889,60,129)
[P31] team=Team_Alien preset=Combat stock=Crab ours=Crab agree=True rationale=swarm floor (have 7/16)
[P31] team=Team_Alien preset=Combat stock=Crab ours=Crab agree=True rationale=swarm floor (have 7/16)
[P31] team=Team_Alien preset=Harvest stock=Shrimp ours=Shrimp agree=True rationale=biotic cap (have 23/70)
[ORDER] commander=ai team=Team_Alien unit=Crab kind=move dst=(-136,51,-1238)
[ORDER] commander=ai team=Team_Alien unit=Crab kind=move dst=(-136,51,-1238)
[ORDER] commander=ai team=Team_Alien unit=Crab kind=move dst=(-136,51,-1238)
[ORDER] commander=ai team=Team_Alien unit=Crab kind=move dst=(-136,51,-1238)
[ORDER] commander=ai team=Team_Alien unit=Hunter kind=move dst=(-75,39,-766)
[ORDER] commander=ai team=Team_Alien unit=Hunter kind=move dst=(-75,39,-766)
[ORDER] commander=ai team=Team_Alien unit=Crab kind=move dst=(202,50,-568)
[ORDER] commander=ai team=Team_Alien unit=Horned Crab kind=move dst=(202,50,-568)
[ORDER] commander=ai team=Team_Alien unit=Horned Crab kind=move dst=(202,50,-568)
[ORDER] commander=ai team=Team_Alien unit=Shocker kind=move dst=(202,50,-568)
[ORDER] commander=ai team=Team_Alien unit=Crab kind=attack tgt=Cent_Headquarters(Clone) (Target)
[ORDER] commander=ai team=Team_Alien unit=Horned Crab kind=attack tgt=Cent_Headquarters(Clone) (Target)
[ORDER] commander=ai team=Team_Alien unit=Horned Crab kind=attack tgt=Cent_Headquarters(Clone) (Target)
[ORDER] commander=ai team=Team_Alien unit=Shocker kind=attack tgt=Cent_Headquarters(Clone) (Target)
[ORDER] commander=ai team=Team_Alien unit=Hunter kind=attack tgt=Cent_Refinery(Clone) (Target)
[ORDER] commander=ai team=Team_Alien unit=Hunter kind=attack tgt=Cent_Refinery(Clone) (Target)
[ORDER] commander=ai team=Team_Alien unit=Crab kind=attack tgt=Cent_Light_HeavyRaider(Clone) (Target)
[ORDER] commander=ai team=Team_Alien unit=Crab kind=attack tgt=Cent_Light_HeavyRaider(Clone) (Target)
[ORDER] commander=ai team=Team_Alien unit=Crab kind=attack tgt=Cent_Light_HeavyRaider(Clone) (Target)
[ORDER] commander=ai team=Team_Alien unit=Crab kind=attack tgt=Cent_Light_HeavyRaider(Clone) (Target)
[AI] [Team_Alien] tick=62 reqs=6 type={Construct:6} task={} prio(min/avg/max)=10/48.3/81 groups=0
[ORDER] commander=ai team=Team_Human_Centauri unit=Light Raider kind=move dst=(-888,60,131)
[ORDER] commander=ai team=Team_Human_Centauri unit=Heavy Raider kind=move dst=(-888,60,131)
[ORDER] commander=ai team=Team_Human_Centauri unit=Militia kind=move dst=(-888,60,132)
[ORDER] commander=ai team=Team_Human_Centauri unit=Militia kind=move dst=(-888,60,132)
[ORDER] commander=ai team=Team_Human_Centauri unit=Militia kind=move dst=(-888,60,132)
[ORDER] commander=ai team=Team_Alien unit=Hunter kind=move dst=(-675,79,990)
[ORDER] commander=ai team=Team_Alien unit=Hunter kind=move dst=(-675,79,990)
[ORDER] commander=ai team=Team_Alien unit=Crab kind=stop
[ORDER] commander=ai team=Team_Alien unit=Crab kind=move dst=(-522,60,-341)
[ORDER] commander=ai team=Team_Alien unit=Crab kind=move dst=(-522,60,-341)
[ORDER] commander=ai team=Team_Human_Sol unit=Light Striker kind=move dst=(763,99,14)
[ORDER] commander=ai team=Team_Alien unit=Crab kind=move dst=(-730,118,-265)
[ORDER] commander=ai team=Team_Alien unit=Horned Crab kind=move dst=(-730,118,-265)
[ORDER] commander=ai team=Team_Human_Sol unit=Platoon Hauler kind=move dst=(340,46,-367)
[ORDER] commander=ai team=Team_Human_Centauri unit=Light Raider kind=move dst=(-885,61,141)
[ORDER] commander=ai team=Team_Alien unit=Crab kind=move dst=(-831,95,708)
[ORDER] commander=ai team=Team_Human_Sol unit=Light Striker kind=move dst=(763,99,14)
[H2] team=Team_Human_Centauri fire=Headquarters argmaxCell=(25,37) val=147 atWorld=(-480,0) hqCount=2
[AI] [Team_Human_Centauri] tick=63 reqs=3 type={Construct:3} task={} prio(min/avg/max)=10/47.0/81 groups=0
[ORDER] commander=ai team=Team_Alien unit=Crab kind=move dst=(-729,119,-261)
[ORDER] commander=ai team=Team_Alien unit=Horned Crab kind=move dst=(-729,119,-261)
[ORDER] commander=ai team=Team_Alien unit=Horned Crab kind=move dst=(-729,119,-261)
[ORDER] commander=ai team=Team_Alien unit=Shocker kind=stop
[ORDER] commander=ai team=Team_Human_Centauri unit=Militia kind=stop
[ORDER] commander=ai team=Team_Human_Centauri unit=Militia kind=move dst=(-492,55,-8)
[ORDER] commander=ai team=Team_Human_Centauri unit=Militia kind=move dst=(-492,55,-8)
[ORDER] commander=ai team=Team_Human_Centauri unit=Trooper kind=move dst=(-492,55,-8)
[ORDER] commander=ai team=Team_Human_Sol unit=Heavy Quad kind=move dst=(1410,68,-673)
[ORDER] commander=ai team=Team_Alien unit=Crab kind=move dst=(-730,120,-259)
[ORDER] commander=ai team=Team_Alien unit=Horned Crab kind=move dst=(-730,120,-259)
[ORDER] commander=ai team=Team_Alien unit=Horned Crab kind=move dst=(-730,120,-259)
[H1] team=Team_Human_Sol fire=Refinery atBalterium=(949,247) refCount=2
[H1] team=Team_Human_Sol fire=Refinery atBalterium=(858,-143) refCount=3
[H1] team=Team_Human_Sol fire=Refinery atBalterium=(1261,169) refCount=4
[H2] team=Team_Human_Sol fire=Headquarters argmaxCell=(57,60) val=184 atWorld=(800,920) hqCount=2
[AI] [Team_Human_Sol] tick=63 reqs=2 type={Construct:2} task={} prio(min/avg/max)=7/8.5/10 groups=0
[ORDER] commander=ai team=Team_Human_Centauri unit=Assault Car kind=move dst=(-883,62,150)
[P31] team=Team_Alien preset=Combat stock=Crab ours=Crab agree=True rationale=swarm floor (have 7/16)
[P31] team=Team_Alien preset=Combat stock=Crab ours=Crab agree=True rationale=swarm floor (have 7/16)
[P31] team=Team_Alien preset=Harvest stock=Shrimp ours=Shrimp agree=True rationale=biotic cap (have 23/70)
[ORDER] commander=ai team=Team_Alien unit=Hunter kind=move dst=(-136,51,-1238)
[ORDER] commander=ai team=Team_Alien unit=Hunter kind=move dst=(-136,51,-1238)
[ORDER] commander=ai team=Team_Alien unit=Crab kind=move dst=(-75,39,-766)
[ORDER] commander=ai team=Team_Alien unit=Crab kind=move dst=(-75,39,-766)
[ORDER] commander=ai team=Team_Alien unit=Crab kind=move dst=(-75,39,-766)
[ORDER] commander=ai team=Team_Alien unit=Crab kind=move dst=(-75,39,-766)
[ORDER] commander=ai team=Team_Alien unit=Crab kind=move dst=(202,50,-568)
[ORDER] commander=ai team=Team_Alien unit=Horned Crab kind=move dst=(202,50,-568)
[ORDER] commander=ai team=Team_Alien unit=Horned Crab kind=move dst=(202,50,-568)
[ORDER] commander=ai team=Team_Alien unit=Shocker kind=move dst=(202,50,-568)
[ORDER] commander=ai team=Team_Alien unit=Squid kind=attack tgt=Sol_Headquarters(Clone) (Target)
[ORDER] commander=ai team=Team_Alien unit=Wasp kind=attack tgt=Sol_Headquarters(Clone) (Target)
[ORDER] commander=ai team=Team_Alien unit=Squid kind=attack tgt=Sol_Headquarters(Clone) (Target)
[ORDER] commander=ai team=Team_Alien unit=Squid kind=attack tgt=Sol_Headquarters(Clone) (Target)
[ORDER] commander=ai team=Team_Alien unit=Squid kind=attack tgt=Sol_Headquarters(Clone) (Target)
[ORDER] commander=ai team=Team_Alien unit=Crab kind=attack tgt=Cent_Headquarters(Clone) (Target)
[ORDER] commander=ai team=Team_Alien unit=Horned Crab kind=attack tgt=Cent_Headquarters(Clone) (Target)
[ORDER] commander=ai team=Team_Alien unit=Horned Crab kind=attack tgt=Cent_Headquarters(Clone) (Target)
[ORDER] commander=ai team=Team_Alien unit=Shocker kind=attack tgt=Cent_Headquarters(Clone) (Target)
[ORDER] commander=ai team=Team_Alien unit=Hunter kind=attack tgt=Cent_Refinery(Clone) (Target)
[ORDER] commander=ai team=Team_Alien unit=Hunter kind=attack tgt=Cent_Refinery(Clone) (Target)
[ORDER] commander=ai team=Team_Alien unit=Crab kind=attack tgt=Sol_Headquarters(Clone) (Target)
[ORDER] commander=ai team=Team_Alien unit=Crab kind=attack tgt=Sol_Headquarters(Clone) (Target)
[ORDER] commander=ai team=Team_Alien unit=Crab kind=attack tgt=Sol_Headquarters(Clone) (Target)
[ORDER] commander=ai team=Team_Alien unit=Crab kind=attack tgt=Sol_Headquarters(Clone) (Target)
[AI] [Team_Alien] tick=63 reqs=7 type={Construct:7} task={} prio(min/avg/max)=1/42.3/81 groups=0
[ORDER] commander=ai team=Team_Alien unit=Squid kind=move dst=(1035,94,30)
[ORDER] commander=ai team=Team_Alien unit=Wasp kind=move dst=(1035,94,30)
[ORDER] commander=ai team=Team_Alien unit=Squid kind=move dst=(1035,94,30)
[ORDER] commander=ai team=Team_Alien unit=Squid kind=move dst=(1035,94,30)
[ORDER] commander=ai team=Team_Alien unit=Squid kind=move dst=(1035,94,30)
[ORDER] commander=ai team=Team_Human_Centauri unit=Trooper kind=move dst=(-864,77,289)
[ORDER] commander=ai team=Team_Human_Centauri unit=Assault Car kind=move dst=(-864,77,289)
[ORDER] commander=ai team=Team_Human_Centauri unit=Heavy Raider kind=move dst=(-864,77,289)
[ORDER] commander=ai team=Team_Human_Centauri unit=Heavy Raider kind=move dst=(-864,77,289)
[ORDER] commander=ai team=Team_Alien unit=Hunter kind=move dst=(-675,79,990)
[ORDER] commander=ai team=Team_Alien unit=Hunter kind=move dst=(-675,79,990)
[ORDER] commander=ai team=Team_Alien unit=Crab kind=move dst=(1035,94,30)
[ORDER] commander=ai team=Team_Human_Sol unit=Light Striker kind=move dst=(763,99,14)
[ORDER] commander=ai team=Team_Alien unit=Crab kind=move dst=(-730,120,-259)
[ORDER] commander=ai team=Team_Alien unit=Horned Crab kind=move dst=(-730,120,-259)
[ORDER] commander=ai team=Team_Human_Centauri unit=Militia kind=move dst=(-881,66,188)
[ORDER] commander=ai team=Team_Human_Centauri unit=Trooper kind=move dst=(-881,66,188)
[ORDER] commander=ai team=Team_Alien unit=Squid kind=move dst=(-763,109,426)
[ORDER] commander=ai team=Team_Alien unit=Wasp kind=stop
[ORDER] commander=ai team=Team_Alien unit=Squid kind=move dst=(-763,109,426)
[ORDER] commander=ai team=Team_Alien unit=Squid kind=move dst=(-763,109,426)
[ORDER] commander=ai team=Team_Alien unit=Squid kind=stop
[ORDER] commander=ai team=Team_Alien unit=Crab kind=stop
[ORDER] commander=ai team=Team_Alien unit=Crab kind=move dst=(-512,54,-319)
[ORDER] commander=ai team=Team_Alien unit=Crab kind=move dst=(-512,54,-319)
[ORDER] commander=ai team=Team_Alien unit=Crab kind=move dst=(-512,54,-319)
[ORDER] commander=ai team=Team_Human_Sol unit=Light Striker kind=move dst=(763,99,14)
[H1] team=Team_Human_Centauri fire=Refinery atBalterium=(-793,689) refCount=4
[H1] team=Team_Human_Centauri fire=Refinery atBalterium=(-143,1183) refCount=5
[H2] team=Team_Human_Centauri fire=Headquarters argmaxCell=(25,37) val=147 atWorld=(-480,0) hqCount=2
[AI] [Team_Human_Centauri] tick=64 reqs=3 type={Construct:3} task={} prio(min/avg/max)=10/47.0/81 groups=0
[ORDER] commander=ai team=Team_Alien unit=Crab kind=move dst=(-732,121,-254)
[ORDER] commander=ai team=Team_Alien unit=Horned Crab kind=move dst=(-732,121,-254)
[ORDER] commander=ai team=Team_Alien unit=Horned Crab kind=move dst=(-732,121,-254)
[ORDER] commander=ai team=Team_Alien unit=Shocker kind=stop
[ORDER] commander=ai team=Team_Human_Centauri unit=Militia kind=move dst=(-881,68,201)
[ORDER] commander=ai team=Team_Alien unit=Squid kind=move dst=(-760,107,428)
[ORDER] commander=ai team=Team_Alien unit=Squid kind=move dst=(-760,107,428)
[ORDER] commander=ai team=Team_Alien unit=Squid kind=move dst=(-760,107,428)
[ORDER] commander=ai team=Team_Human_Sol unit=Light Striker kind=move dst=(763,99,14)
[ORDER] commander=ai team=Team_Human_Sol unit=Light Striker kind=move dst=(763,99,14)
[ORDER] commander=ai team=Team_Alien unit=Crab kind=move dst=(-733,118,-251)
[ORDER] commander=ai team=Team_Alien unit=Horned Crab kind=move dst=(-733,118,-251)
[ORDER] commander=ai team=Team_Alien unit=Horned Crab kind=move dst=(-733,118,-251)
[H1] team=Team_Human_Sol fire=Refinery atBalterium=(780,475) refCount=2
[H2] team=Team_Human_Sol fire=Headquarters argmaxCell=(60,17) val=120 atWorld=(920,-800) hqCount=2
[H3] team=Team_Human_Sol fire=Barracks nearHq=(1035,30)
[H3] team=Team_Human_Sol fire=Research Facility nearHq=(1035,30)
[AI] [Team_Human_Sol] tick=64 reqs=2 type={Construct:2} task={} prio(min/avg/max)=7/8.5/10 groups=0
[ORDER] commander=ai team=Team_Human_Centauri unit=Militia kind=move dst=(-881,69,212)
[P31] team=Team_Alien preset=Combat stock=Crab ours=Crab agree=True rationale=swarm floor (have 7/16)
[P31] team=Team_Alien preset=Combat stock=Crab ours=Crab agree=True rationale=swarm floor (have 7/16)
[P31] team=Team_Alien preset=Combat stock=Crab ours=Crab agree=True rationale=swarm floor (have 7/16)
[P31] team=Team_Alien preset=Harvest stock=Shrimp ours=Shrimp agree=True rationale=biotic cap (have 23/70)
[ORDER] commander=ai team=Team_Alien unit=Crab kind=move dst=(-136,51,-1238)
[ORDER] commander=ai team=Team_Alien unit=Crab kind=move dst=(-136,51,-1238)
[ORDER] commander=ai team=Team_Alien unit=Crab kind=move dst=(-136,51,-1238)
[ORDER] commander=ai team=Team_Alien unit=Crab kind=move dst=(-136,51,-1238)
[ORDER] commander=ai team=Team_Alien unit=Hunter kind=move dst=(-75,39,-766)
[ORDER] commander=ai team=Team_Alien unit=Hunter kind=move dst=(-75,39,-766)
[ORDER] commander=ai team=Team_Alien unit=Crab kind=move dst=(202,50,-568)
[ORDER] commander=ai team=Team_Alien unit=Horned Crab kind=move dst=(202,50,-568)
[ORDER] commander=ai team=Team_Alien unit=Shocker kind=move dst=(202,50,-568)
[ORDER] commander=ai team=Team_Alien unit=Squid kind=attack tgt=Cent_Light_SquadTransport(Clone) (Target)
[ORDER] commander=ai team=Team_Alien unit=Wasp kind=attack tgt=Cent_Light_SquadTransport(Clone) (Target)
[ORDER] commander=ai team=Team_Alien unit=Squid kind=attack tgt=Cent_Light_SquadTransport(Clone) (Target)
[ORDER] commander=ai team=Team_Alien unit=Squid kind=attack tgt=Cent_Light_SquadTransport(Clone) (Target)
[ORDER] commander=ai team=Team_Alien unit=Squid kind=attack tgt=Cent_Light_SquadTransport(Clone) (Target)
[ORDER] commander=ai team=Team_Alien unit=Crab kind=attack tgt=Cent_Headquarters(Clone) (Target)
[ORDER] commander=ai team=Team_Alien unit=Horned Crab kind=attack tgt=Cent_Headquarters(Clone) (Target)
[ORDER] commander=ai team=Team_Alien unit=Shocker kind=attack tgt=Cent_Headquarters(Clone) (Target)
[ORDER] commander=ai team=Team_Alien unit=Hunter kind=attack tgt=Cent_Refinery(Clone) (Target)
[ORDER] commander=ai team=Team_Alien unit=Hunter kind=attack tgt=Cent_Refinery(Clone) (Target)
[ORDER] commander=ai team=Team_Alien unit=Crab kind=attack tgt=Cent_Light_SquadTransport(Clone) (Target)
[ORDER] commander=ai team=Team_Alien unit=Crab kind=attack tgt=Cent_Light_SquadTransport(Clone) (Target)
[ORDER] commander=ai team=Team_Alien unit=Crab kind=attack tgt=Cent_Light_SquadTransport(Clone) (Target)
[ORDER] commander=ai team=Team_Alien unit=Crab kind=attack tgt=Cent_Light_SquadTransport(Clone) (Target)
[P32] team=Team_Alien fire=Node towardPatchAt=(-345,995) distToOwned=1368m nodesOwned=13 anchorAt=(-1110,-1170)
[AI] [Team_Alien] tick=64 reqs=8 type={Construct:8} task={} prio(min/avg/max)=1/42.9/81 groups=0
[ORDER] commander=ai team=Team_Alien unit=Squid kind=move dst=(-762,84,772)
[ORDER] commander=ai team=Team_Alien unit=Wasp kind=move dst=(-762,84,772)
[ORDER] commander=ai team=Team_Alien unit=Squid kind=move dst=(-762,84,772)
[ORDER] commander=ai team=Team_Alien unit=Squid kind=move dst=(-762,84,772)
[ORDER] commander=ai team=Team_Alien unit=Squid kind=move dst=(-762,84,772)
[ORDER] commander=ai team=Team_Human_Centauri unit=Assault Car kind=move dst=(-590,55,-214)
[ORDER] commander=ai team=Team_Alien unit=Hunter kind=move dst=(-675,79,990)
[ORDER] commander=ai team=Team_Alien unit=Hunter kind=move dst=(-675,79,990)
[ORDER] commander=ai team=Team_Alien unit=Crab kind=move dst=(-763,84,768)
[ORDER] commander=ai team=Team_Alien unit=Crab kind=move dst=(-763,84,768)
[ORDER] commander=ai team=Team_Human_Sol unit=Light Striker kind=move dst=(763,99,14)
[ORDER] commander=ai team=Team_Alien unit=Crab kind=move dst=(-733,116,-250)
[ORDER] commander=ai team=Team_Alien unit=Horned Crab kind=move dst=(-733,116,-250)
[ORDER] commander=ai team=Team_Human_Centauri unit=Squad Transport kind=move dst=(-589,55,-210)
[ORDER] commander=ai team=Team_Human_Sol unit=Light Striker kind=move dst=(763,99,14)
[H2] team=Team_Human_Centauri fire=Headquarters argmaxCell=(25,37) val=147 atWorld=(-480,0) hqCount=2
[AI] [Team_Human_Centauri] tick=65 reqs=3 type={Construct:3} task={} prio(min/avg/max)=10/47.0/81 groups=0
[ORDER] commander=ai team=Team_Alien unit=Crab kind=move dst=(-734,113,-247)
[ORDER] commander=ai team=Team_Alien unit=Horned Crab kind=move dst=(-734,113,-247)
[ORDER] commander=ai team=Team_Alien unit=Shocker kind=stop
[ORDER] commander=ai team=Team_Human_Sol unit=Light Striker kind=move dst=(763,99,14)
[ORDER] commander=ai team=Team_Alien unit=Crab kind=move dst=(-728,103,-245)
[ORDER] commander=ai team=Team_Alien unit=Horned Crab kind=move dst=(-728,103,-245)
[ORDER] commander=ai team=Team_Alien unit=Shocker kind=stop
[ORDER] commander=ai team=Team_Human_Sol unit=Platoon Hauler kind=move dst=(1400,75,-1287)
[H1] team=Team_Human_Sol fire=Refinery atBalterium=(949,247) refCount=2
[H1] team=Team_Human_Sol fire=Refinery atBalterium=(858,-143) refCount=3
[H1] team=Team_Human_Sol fire=Refinery atBalterium=(1261,169) refCount=4
[H2] team=Team_Human_Sol fire=Headquarters argmaxCell=(66,51) val=91 atWorld=(1160,560) hqCount=2
[AI] [Team_Human_Sol] tick=65 reqs=2 type={Construct:2} task={} prio(min/avg/max)=7/8.5/10 groups=0
[H2] team=Team_Human_Sol reject=HQ-too-close targetCell=(1160,560) landedAt=(1155,555) distToExistingHq=539m
[P31] team=Team_Alien preset=Combat stock=Crab ours=Crab agree=True rationale=swarm floor (have 7/16)
[P31] team=Team_Alien preset=Combat stock=Crab ours=Crab agree=True rationale=swarm floor (have 7/16)
[P31] team=Team_Alien preset=Combat stock=Crab ours=Crab agree=True rationale=swarm floor (have 7/16)
[P31] team=Team_Alien preset=Harvest stock=Shrimp ours=Shrimp agree=True rationale=biotic cap (have 23/70)
[ORDER] commander=ai team=Team_Alien unit=Crab kind=move dst=(-136,51,-1238)
[ORDER] commander=ai team=Team_Alien unit=Crab kind=move dst=(-136,51,-1238)
[ORDER] commander=ai team=Team_Alien unit=Crab kind=move dst=(-136,51,-1238)
[ORDER] commander=ai team=Team_Alien unit=Crab kind=move dst=(-136,51,-1238)
[ORDER] commander=ai team=Team_Alien unit=Hunter kind=move dst=(-75,39,-766)
[ORDER] commander=ai team=Team_Alien unit=Hunter kind=move dst=(-75,39,-766)
[ORDER] commander=ai team=Team_Alien unit=Crab kind=move dst=(202,50,-568)
[ORDER] commander=ai team=Team_Alien unit=Horned Crab kind=move dst=(202,50,-568)
[ORDER] commander=ai team=Team_Alien unit=Shocker kind=move dst=(202,50,-568)
[ORDER] commander=ai team=Team_Alien unit=Crab kind=attack tgt=Cent_Headquarters(Clone) (Target)
[ORDER] commander=ai team=Team_Alien unit=Horned Crab kind=attack tgt=Cent_Headquarters(Clone) (Target)
[ORDER] commander=ai team=Team_Alien unit=Shocker kind=attack tgt=Cent_Headquarters(Clone) (Target)
[ORDER] commander=ai team=Team_Alien unit=Hunter kind=attack tgt=Cent_Refinery(Clone) (Target)
[ORDER] commander=ai team=Team_Alien unit=Hunter kind=attack tgt=Cent_Refinery(Clone) (Target)
[ORDER] commander=ai team=Team_Alien unit=Crab kind=attack tgt=Cent_Light_SquadTransport(Clone) (Target)
[ORDER] commander=ai team=Team_Alien unit=Crab kind=attack tgt=Cent_Light_SquadTransport(Clone) (Target)
[ORDER] commander=ai team=Team_Alien unit=Crab kind=attack tgt=Cent_Light_SquadTransport(Clone) (Target)
[ORDER] commander=ai team=Team_Alien unit=Crab kind=attack tgt=Cent_Light_SquadTransport(Clone) (Target)
[AI] [Team_Alien] tick=65 reqs=8 type={Construct:8} task={} prio(min/avg/max)=1/42.9/81 groups=0
[SPAWN_U] team=Team_Alien unit=Shrimp
[ORDER] commander=ai team=Team_Alien unit=Hunter kind=move dst=(-675,79,990)
[ORDER] commander=ai team=Team_Alien unit=Hunter kind=move dst=(-675,79,990)
[ORDER] commander=ai team=Team_Alien unit=Crab kind=move dst=(-765,86,730)
[ORDER] commander=ai team=Team_Alien unit=Crab kind=move dst=(-765,86,730)
[ORDER] commander=ai team=Team_Human_Sol unit=Light Striker kind=move dst=(763,99,14)
[ORDER] commander=ai team=Team_Alien unit=Crab kind=move dst=(-726,96,-241)
[ORDER] commander=ai team=Team_Alien unit=Horned Crab kind=move dst=(-726,96,-241)
[ORDER] commander=ai team=Team_Human_Sol unit=Platoon Hauler kind=move dst=(1400,75,-1287)
[ORDER] commander=ai team=Team_Human_Centauri unit=Squad Transport kind=move dst=(-590,52,-186)
[ORDER] commander=ai team=Team_Human_Centauri unit=Assault Car kind=move dst=(-591,52,-183)
[ORDER] commander=ai team=Team_Human_Sol unit=Light Striker kind=move dst=(763,99,14)
[H1] team=Team_Human_Centauri fire=Refinery atBalterium=(-793,689) refCount=4
[H1] team=Team_Human_Centauri fire=Refinery atBalterium=(-143,1183) refCount=5
[H2] team=Team_Human_Centauri fire=Headquarters argmaxCell=(25,37) val=147 atWorld=(-480,0) hqCount=2
[H3] team=Team_Human_Centauri fire=Research Facility nearHq=(-615,840)
[AI] [Team_Human_Centauri] tick=66 reqs=3 type={Construct:3} task={} prio(min/avg/max)=10/47.0/81 groups=0
[ORDER] commander=ai team=Team_Alien unit=Crab kind=move dst=(-728,94,-238)
[ORDER] commander=ai team=Team_Alien unit=Horned Crab kind=move dst=(-728,94,-238)
[ORDER] commander=ai team=Team_Alien unit=Shocker kind=stop
[ORDER] commander=ai team=Team_Human_Sol unit=Platoon Hauler kind=move dst=(1400,75,-1287)
[SPAWN_U] team=Team_Alien unit=Shrimp
[ORDER] commander=ai team=Team_Human_Centauri unit=Light Raider kind=move dst=(-870,76,262)
[ORDER] commander=ai team=Team_Human_Centauri unit=Light Raider kind=move dst=(-870,76,262)
[ORDER] commander=ai team=Team_Human_Sol unit=Light Striker kind=move dst=(763,99,14)
[ORDER] commander=ai team=Team_Human_Sol unit=Light Quad kind=move dst=(-75,39,-766)
[ORDER] commander=ai team=Team_Human_Sol unit=Light Quad kind=move dst=(-75,39,-766)
[ORDER] commander=ai team=Team_Human_Sol unit=Platoon Hauler kind=move dst=(13,57,65)
[H1] team=Team_Human_Sol fire=Refinery atBalterium=(780,475) refCount=2
[H2] team=Team_Human_Sol fire=Headquarters argmaxCell=(66,51) val=91 atWorld=(1160,560) hqCount=2
[H3] team=Team_Human_Sol fire=Barracks nearHq=(1035,30)
[H3] team=Team_Human_Sol fire=Research Facility nearHq=(1035,30)
[AI] [Team_Human_Sol] tick=66 reqs=2 type={Construct:2} task={} prio(min/avg/max)=7/8.5/10 groups=0
[H2] team=Team_Human_Sol reject=HQ-too-close targetCell=(1160,560) landedAt=(1155,555) distToExistingHq=539m
[P31] team=Team_Alien preset=Combat stock=Crab ours=Crab agree=True rationale=swarm floor (have 7/16)
[P31] team=Team_Alien preset=Combat stock=Crab ours=Crab agree=True rationale=swarm floor (have 7/16)
[P31] team=Team_Alien preset=Combat stock=Crab ours=Crab agree=True rationale=swarm floor (have 7/16)
[P31] team=Team_Alien preset=Harvest stock=Shrimp ours=Shrimp agree=True rationale=biotic cap (have 25/70)
[ORDER] commander=ai team=Team_Alien unit=Shrimp kind=move dst=(-696,102,-1222)
[ORDER] commander=ai team=Team_Alien unit=Crab kind=move dst=(-136,51,-1238)
[ORDER] commander=ai team=Team_Alien unit=Crab kind=move dst=(-136,51,-1238)
[ORDER] commander=ai team=Team_Alien unit=Crab kind=move dst=(-136,51,-1238)
[ORDER] commander=ai team=Team_Alien unit=Crab kind=move dst=(-136,51,-1238)
[ORDER] commander=ai team=Team_Alien unit=Hunter kind=move dst=(-75,39,-766)
[ORDER] commander=ai team=Team_Alien unit=Crab kind=move dst=(202,50,-568)
[ORDER] commander=ai team=Team_Alien unit=Horned Crab kind=move dst=(202,50,-568)
[ORDER] commander=ai team=Team_Alien unit=Shocker kind=move dst=(202,50,-568)
[ORDER] commander=ai team=Team_Alien unit=Crab kind=attack tgt=Cent_Headquarters(Clone) (Target)
[ORDER] commander=ai team=Team_Alien unit=Horned Crab kind=attack tgt=Cent_Headquarters(Clone) (Target)
[ORDER] commander=ai team=Team_Alien unit=Shocker kind=attack tgt=Cent_Headquarters(Clone) (Target)
[ORDER] commander=ai team=Team_Alien unit=Crab kind=attack tgt=Cent_Refinery(Clone) (Target)
[ORDER] commander=ai team=Team_Alien unit=Crab kind=attack tgt=Cent_Refinery(Clone) (Target)
[ORDER] commander=ai team=Team_Alien unit=Crab kind=attack tgt=Cent_Refinery(Clone) (Target)
[ORDER] commander=ai team=Team_Alien unit=Crab kind=attack tgt=Cent_Refinery(Clone) (Target)
[ORDER] commander=ai team=Team_Alien unit=Hunter kind=attack tgt=Cent_Light_SquadTransport(Clone) (Target)
[P32] team=Team_Alien fire=Node towardPatchAt=(-864,600) distToOwned=956m nodesOwned=13 anchorAt=(-1110,-1170)
[P32] team=Team_Alien fire=Node towardPatchAt=(-820,862) distToOwned=1207m nodesOwned=14 anchorAt=(-1110,-1170)
[AI] [Team_Alien] tick=66 reqs=7 type={Construct:7} task={} prio(min/avg/max)=10/54.9/81 groups=0
[ORDER] commander=ai team=Team_Alien unit=Hunter kind=move dst=(-750,84,717)
[ORDER] commander=ai team=Team_Alien unit=Crab kind=move dst=(-675,79,990)
[ORDER] commander=ai team=Team_Alien unit=Crab kind=move dst=(-675,79,990)
[ORDER] commander=ai team=Team_Human_Sol unit=Light Striker kind=move dst=(763,99,14)
[ORDER] commander=ai team=Team_Alien unit=Crab kind=move dst=(-728,93,-235)
[ORDER] commander=ai team=Team_Alien unit=Horned Crab kind=move dst=(-728,93,-235)
[ORDER] commander=ai team=Team_Human_Centauri unit=Light Raider kind=move dst=(-883,62,150)
[ORDER] commander=ai team=Team_Human_Centauri unit=Light Raider kind=move dst=(-883,62,150)
[ORDER] commander=ai team=Team_Alien unit=Squid kind=move dst=(-744,84,715)
[ORDER] commander=ai team=Team_Human_Sol unit=Platoon Hauler kind=move dst=(340,46,-367)
[SPAWN_S] team=Team_Alien structure=Node at=(-625,-625)
[ORDER] commander=ai team=Team_Human_Sol unit=Light Striker kind=move dst=(763,99,14)
[ORDER] commander=ai team=Team_Human_Centauri unit=Assault Car kind=attack tgt=Hunter(Clone) (Target)
[ORDER] commander=ai team=Team_Human_Centauri unit=Squad Transport kind=move dst=(-478,52,-352)
[ORDER] commander=ai team=Team_Human_Centauri unit=Squad Transport kind=move dst=(457,105,257)
[ORDER] commander=ai team=Team_Human_Centauri unit=Squad Transport kind=attack tgt=Hunter(Clone) (Target)
[ORDER] commander=ai team=Team_Human_Centauri unit=Squad Transport kind=attack tgt=Hunter(Clone) (Target)
[H1] team=Team_Human_Centauri fire=Refinery atBalterium=(-156,449) refCount=4
[H2] team=Team_Human_Centauri fire=Headquarters argmaxCell=(25,37) val=147 atWorld=(-480,0) hqCount=2
[AI] [Team_Human_Centauri] tick=67 reqs=3 type={Construct:3} task={} prio(min/avg/max)=10/47.0/81 groups=0
[ORDER] commander=ai team=Team_Alien unit=Crab kind=move dst=(-727,91,-232)
[ORDER] commander=ai team=Team_Alien unit=Horned Crab kind=move dst=(-727,91,-232)
[ORDER] commander=ai team=Team_Alien unit=Shocker kind=stop
[ORDER] commander=ai team=Team_Alien unit=Squid kind=move dst=(-736,84,712)
[ORDER] commander=ai team=Team_Alien unit=Squid kind=move dst=(-736,84,712)
[ORDER] commander=ai team=Team_Human_Sol unit=Platoon Hauler kind=move dst=(340,46,-367)
[ORDER] commander=ai team=Team_Human_Sol unit=Light Striker kind=move dst=(763,99,14)
[H1] team=Team_Human_Sol fire=Refinery atBalterium=(949,247) refCount=2
[H1] team=Team_Human_Sol fire=Refinery atBalterium=(858,-143) refCount=3
[H1] team=Team_Human_Sol fire=Refinery atBalterium=(1261,169) refCount=4
[H2] team=Team_Human_Sol fire=Headquarters argmaxCell=(41,23) val=104 atWorld=(160,-560) hqCount=2
[AI] [Team_Human_Sol] tick=67 reqs=2 type={Construct:2} task={} prio(min/avg/max)=7/8.5/10 groups=0
[P31] team=Team_Alien preset=Combat stock=Crab ours=Crab agree=True rationale=swarm floor (have 6/16)
[P31] team=Team_Alien preset=Combat stock=Crab ours=Crab agree=True rationale=swarm floor (have 6/16)
[P31] team=Team_Alien preset=Combat stock=Crab ours=Crab agree=True rationale=swarm floor (have 6/16)
[P31] team=Team_Alien preset=Harvest stock=Shrimp ours=Shrimp agree=True rationale=biotic cap (have 25/70)
[ORDER] commander=ai team=Team_Alien unit=Hunter kind=move dst=(-136,51,-1238)
[ORDER] commander=ai team=Team_Alien unit=Crab kind=move dst=(-75,39,-766)
[ORDER] commander=ai team=Team_Alien unit=Crab kind=move dst=(-75,39,-766)
[ORDER] commander=ai team=Team_Alien unit=Crab kind=move dst=(-75,39,-766)
[ORDER] commander=ai team=Team_Alien unit=Crab kind=move dst=(-75,39,-766)
[ORDER] commander=ai team=Team_Alien unit=Crab kind=move dst=(202,50,-568)
[ORDER] commander=ai team=Team_Alien unit=Horned Crab kind=move dst=(202,50,-568)
[ORDER] commander=ai team=Team_Alien unit=Shocker kind=move dst=(202,50,-568)
[ORDER] commander=ai team=Team_Alien unit=Crab kind=attack tgt=Cent_Headquarters(Clone) (Target)
[ORDER] commander=ai team=Team_Alien unit=Horned Crab kind=attack tgt=Cent_Headquarters(Clone) (Target)
[ORDER] commander=ai team=Team_Alien unit=Shocker kind=attack tgt=Cent_Headquarters(Clone) (Target)
[ORDER] commander=ai team=Team_Alien unit=Crab kind=attack tgt=Cent_Refinery(Clone) (Target)
[ORDER] commander=ai team=Team_Alien unit=Crab kind=attack tgt=Cent_Refinery(Clone) (Target)
[ORDER] commander=ai team=Team_Alien unit=Crab kind=attack tgt=Cent_Refinery(Clone) (Target)
[ORDER] commander=ai team=Team_Alien unit=Crab kind=attack tgt=Cent_Refinery(Clone) (Target)
[ORDER] commander=ai team=Team_Alien unit=Hunter kind=attack tgt=Cent_Light_SquadTransport(Clone) (Target)
[AI] [Team_Alien] tick=67 reqs=7 type={Construct:7} task={} prio(min/avg/max)=10/57.7/81 groups=0
[ORDER] commander=ai team=Team_Alien unit=Wasp kind=move dst=(-730,85,707)
[ORDER] commander=ai team=Team_Alien unit=Squid kind=move dst=(-730,85,707)
[ORDER] commander=ai team=Team_Human_Sol unit=Platoon Hauler kind=move dst=(340,46,-367)
[ORDER] commander=ai team=Team_Alien unit=Hunter kind=move dst=(-728,85,705)
[ORDER] commander=ai team=Team_Alien unit=Crab kind=move dst=(-675,79,990)
[ORDER] commander=ai team=Team_Alien unit=Crab kind=move dst=(-675,79,990)
[ORDER] commander=ai team=Team_Human_Sol unit=Light Striker kind=move dst=(763,99,14)
[ORDER] commander=ai team=Team_Alien unit=Crab kind=move dst=(-727,90,-230)
[ORDER] commander=ai team=Team_Alien unit=Horned Crab kind=move dst=(-727,90,-230)
[ORDER] commander=ai team=Team_Alien unit=Squid kind=move dst=(-724,86,699)
[ORDER] commander=ai team=Team_Human_Sol unit=Platoon Hauler kind=move dst=(340,46,-367)
[ORDER] commander=ai team=Team_Human_Sol unit=Light Striker kind=move dst=(763,99,14)
[H1] team=Team_Human_Centauri fire=Refinery atBalterium=(-793,689) refCount=4
[H1] team=Team_Human_Centauri fire=Refinery atBalterium=(-143,1183) refCount=5
[H2] team=Team_Human_Centauri fire=Headquarters argmaxCell=(25,37) val=147 atWorld=(-480,0) hqCount=2
[AI] [Team_Human_Centauri] tick=68 reqs=3 type={Construct:3} task={} prio(min/avg/max)=10/47.0/81 groups=0
[ORDER] commander=ai team=Team_Alien unit=Wasp kind=move dst=(-721,87,689)
[ORDER] commander=ai team=Team_Alien unit=Squid kind=move dst=(-721,87,689)
[ORDER] commander=ai team=Team_Human_Sol unit=Platoon Hauler kind=move dst=(340,46,-367)
[ORDER] commander=ai team=Team_Human_Centauri unit=Assault Car kind=move dst=(-844,79,410)
[ORDER] commander=ai team=Team_Human_Centauri unit=Heavy Raider kind=move dst=(-844,79,410)
[ORDER] commander=ai team=Team_Human_Sol unit=Light Raider kind=move dst=(971,84,-561)
[ORDER] commander=ai team=Team_Human_Sol unit=Light Raider kind=move dst=(971,84,-561)
[ORDER] commander=ai team=Team_Human_Sol unit=Heavy Quad kind=stop
[H1] team=Team_Human_Sol fire=Refinery atBalterium=(780,475) refCount=2
[H2] team=Team_Human_Sol fire=Headquarters argmaxCell=(41,23) val=104 atWorld=(160,-560) hqCount=2
[H3] team=Team_Human_Sol fire=Barracks nearHq=(1035,30)
[H3] team=Team_Human_Sol fire=Research Facility nearHq=(1035,30)
[AI] [Team_Human_Sol] tick=68 reqs=2 type={Construct:2} task={} prio(min/avg/max)=7/8.5/10 groups=0
[H1] team=Team_Human_Centauri constructed=Refinery atBalterium=(-156,449) landedAt=(-285,315) yaw=90 result=Success
[P31] team=Team_Alien preset=Combat stock=Crab ours=Crab agree=True rationale=swarm floor (have 6/16)
[P31] team=Team_Alien preset=Combat stock=Crab ours=Crab agree=True rationale=swarm floor (have 6/16)
[P31] team=Team_Alien preset=Combat stock=Crab ours=Crab agree=True rationale=swarm floor (have 6/16)
[P31] team=Team_Alien preset=Harvest stock=Shrimp ours=Shrimp agree=True rationale=biotic cap (have 25/70)
[ORDER] commander=ai team=Team_Alien unit=Hunter kind=move dst=(-136,51,-1238)
[ORDER] commander=ai team=Team_Alien unit=Crab kind=move dst=(-75,39,-766)
[ORDER] commander=ai team=Team_Alien unit=Crab kind=move dst=(-75,39,-766)
[ORDER] commander=ai team=Team_Alien unit=Crab kind=move dst=(-75,39,-766)
[ORDER] commander=ai team=Team_Alien unit=Crab kind=move dst=(-75,39,-766)
[ORDER] commander=ai team=Team_Alien unit=Crab kind=move dst=(202,50,-568)
[ORDER] commander=ai team=Team_Alien unit=Horned Crab kind=move dst=(202,50,-568)
[ORDER] commander=ai team=Team_Alien unit=Crab kind=attack tgt=Cent_Headquarters(Clone) (Target)
[ORDER] commander=ai team=Team_Alien unit=Horned Crab kind=attack tgt=Cent_Headquarters(Clone) (Target)
[ORDER] commander=ai team=Team_Alien unit=Crab kind=attack tgt=Cent_Refinery(Clone) (Target)
[ORDER] commander=ai team=Team_Alien unit=Crab kind=attack tgt=Cent_Refinery(Clone) (Target)
[ORDER] commander=ai team=Team_Alien unit=Crab kind=attack tgt=Cent_Refinery(Clone) (Target)
[ORDER] commander=ai team=Team_Alien unit=Crab kind=attack tgt=Cent_Refinery(Clone) (Target)
[ORDER] commander=ai team=Team_Alien unit=Hunter kind=attack tgt=Cent_Light_SquadTransport(Clone) (Target)
[AI] [Team_Alien] tick=68 reqs=7 type={Construct:7} task={} prio(min/avg/max)=10/61.0/81 groups=0
[ORDER] commander=ai team=Team_Human_Sol unit=Platoon Hauler kind=move dst=(340,46,-367)
[ORDER] commander=ai team=Team_Human_Centauri unit=Light Raider kind=move dst=(-842,79,420)
[ORDER] commander=ai team=Team_Human_Sol unit=Light Raider kind=move dst=(971,84,-552)
[ORDER] commander=ai team=Team_Human_Sol unit=Light Raider kind=move dst=(971,84,-552)
[ORDER] commander=ai team=Team_Alien unit=Hunter kind=move dst=(-719,89,677)
[ORDER] commander=ai team=Team_Alien unit=Crab kind=move dst=(-675,79,990)
[ORDER] commander=ai team=Team_Alien unit=Crab kind=move dst=(-675,79,990)
[ORDER] commander=ai team=Team_Alien unit=Crab kind=move dst=(-615,72,840)
[ORDER] commander=ai team=Team_Alien unit=Horned Crab kind=move dst=(-615,72,840)
[ORDER] commander=ai team=Team_Alien unit=Wasp kind=move dst=(-719,85,672)
[ORDER] commander=ai team=Team_Human_Sol unit=Platoon Hauler kind=move dst=(340,46,-367)
[ORDER] commander=ai team=Team_Human_Centauri unit=Heavy Raider kind=move dst=(-835,78,433)
[ORDER] commander=ai team=Team_Human_Sol unit=Light Striker kind=move dst=(763,99,14)
[ORDER] commander=ai team=Team_Human_Sol unit=Light Striker kind=move dst=(763,99,14)
[ORDER] commander=ai team=Team_Human_Sol unit=Rifleman kind=move dst=(0,0,0)
